id,Address,Response_Address,Response_X,Response_Y
RPROMLOKKHIGFAU56DA,花蓮縣花蓮市國民七街５１號九樓之十八,花蓮縣花蓮市國盛里3鄰國民七街51號,121.60583,23.991358
RPQNMLSJKHIGFAU66DA,花蓮縣花蓮市國民十二街５３號五樓之二,花蓮縣花蓮市國盛里17鄰國民十二街53號,121.60628,23.995823
RPPNMLQKKHIGFAU09DA,花蓮縣花蓮市國聯五路３號五樓之九,花蓮縣花蓮市國聯里20鄰國聯五路3號,121.605902,23.988443
RPUNMLRKKHIGFAU07DA,花蓮縣花蓮市和平路３６２號四樓之一,花蓮縣花蓮市主睦里13鄰和平路362號,121.603492,23.974121
RPQOMLRKKHIGFAU76DA,花蓮縣吉安鄉北昌一街１５巷１１１之３號,花蓮縣吉安鄉吉昌村8鄰北昌一街15巷111之3號,121.592642,23.985012
RPRNMLKLKHIGFAU78DA,花蓮縣吉安鄉吉祥七街５０號,花蓮縣吉安鄉宜昌村23鄰吉祥七街50號,121.58156,23.974755
RPQNMLLLKHIGFAU78DA,花蓮縣花蓮市國聯二路２１之１５號,花蓮縣花蓮市國聯里26鄰國聯二路21之15號,121.604456,23.990943
RPRNMLSKKHIGFAU86DA,花蓮縣花蓮市富裕五街３６號三樓之五,花蓮縣花蓮市國裕里11鄰富裕五街36號,121.597976,23.994479
RPTNMLLLKHIGFAU09DA,花蓮縣花蓮市球崙二路６０號,花蓮縣花蓮市民享里4鄰球崙二路60號,121.622297,24.002153
RPTOMLKLKHIGFAU09DA,花蓮縣花蓮市中央路三段７３０號六樓之二,花蓮縣花蓮市國富里35鄰中央路三段730號,121.590858,23.991491
RPOOMLNLKHIGFAU88DA,花蓮縣花蓮市民德一街７１號二樓之二,花蓮縣花蓮市民德里10鄰民德一街71號,121.622288,23.986211
RPSNMLQKKHIGFAU76DA,花蓮縣花蓮市和平路３２０之１５號五樓,花蓮縣花蓮市主睦里5鄰和平路320之15號,121.60414,23.973343
RPWNMLLJLHIGFAU66DA,花蓮縣吉安鄉東海十一街２１巷８號,花蓮縣吉安鄉東昌村27鄰東海十一街21巷8號,121.59289,23.965019
RPTNMLLJLHIGFAU98DA,花蓮縣吉安鄉太昌路４６８巷９號,花蓮縣吉安鄉太昌村9鄰太昌路468巷9號,121.565872,23.993883
RPOOMLLJLHIGFAU58DA,花蓮縣吉安鄉明義七街９９巷６１號,花蓮縣吉安鄉太昌村22鄰明義七街99巷61號,121.556424,23.989884
RPUNMLSKKHIGFAU17DA,花蓮縣花蓮市國興一街９３號,花蓮縣花蓮市國聯里34鄰國興一街93號,121.603838,23.995524
RPXOMLRJKHIGFAU37DA,花蓮縣花蓮市延平街１８９號五樓,花蓮縣花蓮市國魂里19鄰延平街189號,121.599261,23.985571
RPQNMLMJLHIGFAU78DA,花蓮縣吉安鄉東海三街８號四樓,花蓮縣吉安鄉東昌村8鄰東海三街8號,121.596034,23.966376
RPPNMLLJLHIGFAU58DA,花蓮縣吉安鄉昌隆三街７４號六樓之二,花蓮縣吉安鄉南昌村25鄰昌隆三街74號,121.580382,23.969812
RPPOMLMJLHIGFAU78DA,花蓮縣花蓮市富安路１４７號三樓之十一,花蓮縣花蓮市國裕里19鄰富安路147號,121.600004,23.996302
RPVOMLNJLHIGFAU86DA,花蓮縣花蓮市球崙二路２２１號,花蓮縣花蓮市民享里8鄰球崙二路216號,121.621234,24.005113
RPSNMLMJLHIGFAU98DA,花蓮縣花蓮市公正街３７號五樓之八,花蓮縣花蓮市民生里8鄰公正街37號,121.610068,23.978
RPXOMLMJLHIGFAU96DA,花蓮縣花蓮市國民七街５１號五樓之二十,花蓮縣花蓮市國盛里3鄰國民七街51號,121.60583,23.991358
RPXNMLOLKHIGFAU17DA,花蓮縣吉安鄉舊村四街１２巷８弄１號,花蓮縣吉安鄉福興村15鄰舊村四街12巷8弄1號,121.563596,23.968079
RPSOMLQJKHIGFAU76DA,花蓮縣花蓮市林政街４７號,花蓮縣花蓮市國風里11鄰林政街47號,121.596852,23.979564
RPWNMLRJLHIGFAU27DA,花蓮縣吉安鄉明仁一街１８３巷１６號,花蓮縣吉安鄉永安村31鄰明仁一街183巷16號,121.573807,23.992353
RPQNMLRJLHIGFAU66DA,花蓮縣花蓮市德安四街２號三樓,花蓮縣花蓮市主權里27鄰德安四街2號,121.594877,23.973426
RPPNMLOLKHIGFAU98DA,花蓮縣吉安鄉吉安路六段４０３巷３弄１１號,花蓮縣吉安鄉干城村9鄰吉安路六段403巷3弄11號,121.543167,23.941991
RPPNMLTJLHIGFAU76DA,花蓮縣花蓮市國聯二路７１號五樓之六,花蓮縣花蓮市國聯里16鄰國聯二路71號,121.603375,23.989803
RPRNMLRJLHIGFAU76DA,花蓮縣花蓮市華廈街１６號五樓之二,花蓮縣花蓮市民享里14鄰華廈街16號,121.619817,24.005049
RPRNMLSJLHIGFAU86DA,花蓮縣吉安鄉東里一街３２號五樓之六,花蓮縣吉安鄉仁里村1鄰東里一街32號,121.594058,23.967737
RPOOMLSJLHIGFAU66DA,花蓮縣花蓮市美工路５８號,花蓮縣花蓮市民心里3鄰美工路58號,121.622735,24.0132
RPXNMLRJLHIGFAU37DA,花蓮縣吉安鄉中華路二段１８３號七樓之一,花蓮縣吉安鄉宜昌村20鄰中華路二段183號,121.581406,23.973358
RPOOMLRJLHIGFAU56DA,花蓮縣花蓮市東興二街３５號九樓之二,花蓮縣花蓮市民孝里9鄰東興二街35號,121.629805,24.000105
RPROMLKKJHIGFAU68DA,花蓮縣花蓮市中正路２６４號十一樓之五,花蓮縣花蓮市主學里13鄰中正路264號,121.601091,23.972716
RPROMLOJJHIGFAU98DA,花蓮縣吉安鄉吉興一街３４４巷５號二樓之一,花蓮縣吉安鄉吉安村6鄰吉興一街344巷5號,121.577081,23.973033
RPWQMLMKJHIGFAU96DA,花蓮縣吉安鄉中正路一段１２２之３號,花蓮縣吉安鄉仁里村17鄰中正路一段122號之3,121.591444,23.965966
RPXNMLRKJHIGFAU27DA,花蓮縣花蓮市德安二街６２之１號八樓,花蓮縣花蓮市主權里19鄰德安二街62之1號,121.59258,23.973481
RPXPMLOJJHIGFAU07DA,花蓮縣花蓮市國富二十一街２２號六樓之二,花蓮縣花蓮市國富里42鄰國富二十一街22號,121.595868,23.993634
RPQNMLSKJHIGFAU66DA,花蓮縣吉安鄉吉豐路三段６４１號,花蓮縣吉安鄉永興村11鄰吉豐路三段641號,121.552462,23.94661
RPRNMLKMJHIGFAU78DA,花蓮縣花蓮市中山路４５５巷２２號五樓之一,花蓮縣花蓮市國華里9鄰中山路455巷22號,121.603808,23.982713
RPWNMLPJJHIGFAU86DA,花蓮縣花蓮市重慶路２２３巷６號,花蓮縣花蓮市主和里21鄰重慶路223巷6號,121.604383,23.969828
RPTOMLLJKHIGFAU98DA,花蓮縣花蓮市中原路５３３巷３２之２號,花蓮縣花蓮市主權里12鄰中原路533巷32之2號,121.595412,23.972128
RPPNMLMJKHIGFAU58DA,花蓮縣花蓮市中美路２７５之２３號,花蓮縣花蓮市民孝里1鄰中美路275之23號,121.630469,23.99809
RPRNMLMJKHIGFAU78DA,花蓮縣吉安鄉東海十街１５６巷２１之２號一樓之二,花蓮縣吉安鄉東昌村42鄰東海十街156巷21之2號,121.596787,23.961175
RPSNMLMJKHIGFAU88DA,花蓮縣花蓮市林森路５３巷２６號,花蓮縣花蓮市主力里15鄰林森路53巷26號,121.596446,23.976036
RPOOMLKKJHIGFAU38DA,花蓮縣花蓮市延平街１４８巷３弄８號四樓之五,花蓮縣花蓮市國魂里18鄰延平街148巷3弄8號,121.598575,23.986145
RPTNMLRKJHIGFAU86DA,花蓮縣花蓮市國盛一街７６號五樓之六,花蓮縣花蓮市國盛里14鄰國盛一街76號,121.606299,23.99106
RPRNMLTKJHIGFAU86DA,花蓮縣吉安鄉東里一街３２號二樓之二,花蓮縣吉安鄉仁里村1鄰東里一街32號,121.594058,23.967737
RPRNMLMKJHIGFAU78DA,花蓮縣吉安鄉慶北一街２６０之２號,花蓮縣吉安鄉慶豐村39鄰慶北一街260之2號,121.563385,23.982776
RPOOMLOJKHIGFAU78DA,花蓮縣花蓮市中興路１７８之４號,花蓮縣花蓮市民政里15鄰中興路178之4號,121.625283,23.996407
RPPPMLOJKHIGFAU98DA,花蓮縣花蓮市中美路２６２號五樓,花蓮縣花蓮市民運里1鄰中美路262號,121.629547,23.995384
RPVNMLOJKHIGFAU76DA,花蓮縣花蓮市中央路三段７３０號四樓之七,花蓮縣花蓮市國富里35鄰中央路三段730號,121.590858,23.991491
RPWNMLOJKHIGFAU86DA,花蓮縣花蓮市國盛六街４５號五樓之二,花蓮縣花蓮市國盛里27鄰國盛六街45號,121.6086,23.994408
RPXNMLKMJHIGFAU76DA,花蓮縣花蓮市國盛二街２１３號八樓之九,花蓮縣花蓮市國盛里11鄰國盛二街213號,121.606033,23.99434
RPUNMLSJKHIGFAU07DA,花蓮縣花蓮市軒轅路２號六樓之十二,花蓮縣花蓮市民族里11鄰軒轅路2號,121.61175,23.97456
RPQOMLSJKHIGFAU76DA,花蓮縣花蓮市國富二十一街２２號五樓之三,花蓮縣花蓮市國富里42鄰國富二十一街22號,121.595868,23.993634
RPROMLQJKHIGFAU66DA,花蓮縣花蓮市國民一街２０號四樓之一,花蓮縣花蓮市國聯里2鄰國民一街20號,121.601198,23.988567
RPXNMLSJKHIGFAU47EA,花蓮縣花蓮市中福路９３號,花蓮縣花蓮市主和里26鄰中福路93號,121.602543,23.971243
RPRNMLKKKHIGFAU68DA,花蓮縣花蓮市中美十一街５９號,花蓮縣花蓮市民政里36鄰中美十一街59號,121.624042,23.99677
RPSOMLSJKHIGFAU96DA,花蓮縣花蓮市球崙一路２２５號七樓,花蓮縣花蓮市民享里6鄰球崙一路225號,121.622919,24.003874
RPXNMLNJKHIGFAU86DA,花蓮縣吉安鄉中山路一段２２２號三樓之三,花蓮縣吉安鄉仁里村32鄰中山路一段222號,121.586352,23.969221
RPTOMLSJKHIGFAU07DA,花蓮縣花蓮市和平路４００號,花蓮縣花蓮市主睦里18鄰和平路400號,121.602836,23.974967
RPUOMLOKKHIGFAU86DA,花蓮縣花蓮市長安街２７號十三樓之三,花蓮縣花蓮市主農里8鄰長安街27號,121.597191,23.967067
RPUPMLOKKHIGFAU96DA,花蓮縣花蓮市國風街２０號二樓之一,花蓮縣花蓮市國風里9鄰國風街20號,121.597851,23.977416
RPWNMLPKKHIGFAU07DA,花蓮縣花蓮市國盛八街８９號二樓之八,花蓮縣花蓮市國盛里22鄰國盛八街89號,121.606834,23.995885
RPVNMLNJKHIGFAU66DA,花蓮縣花蓮市華興街２之８號,花蓮縣花蓮市民享里20鄰華興街2之8號,121.621369,24.002006
RPOOMLPKKHIGFAU98DA,花蓮縣吉安鄉吉昌二街３００巷９號,花蓮縣吉安鄉吉安村26鄰吉昌二街300巷9號,121.56094,23.971893
RPXNMLQKKHIGFAU27DA,花蓮縣花蓮市國富十街２０７號,花蓮縣花蓮市國富里30鄰國富十街207號,121.594706,23.993539
RPPNMLPKKHIGFAU98DA,花蓮縣花蓮市化道路１３７號,花蓮縣花蓮市民意里48鄰化道路137號,121.620525,24.001411
RPSPMLOKKHIGFAU76DA,花蓮縣花蓮市國聯二路７１號四樓之八,花蓮縣花蓮市國聯里16鄰國聯二路71號,121.603375,23.989803
RPWNMLQKKHIGFAU17DA,花蓮縣吉安鄉勝安二街５８巷１２號,花蓮縣吉安鄉勝安村3鄰勝安二街58巷12號,121.588503,23.976046
RPVNMLRKKHIGFAU17DA,花蓮縣花蓮市府前路５０４之２號三樓,花蓮縣花蓮市民意里49鄰府前路504之2號,121.620361,24.000588
RPPNMLOJKHIGFAU78DA,花蓮縣吉安鄉中華路二段１８３號二樓之一,花蓮縣吉安鄉宜昌村20鄰中華路二段183號,121.581406,23.973358
RPSNMLRKJHIGFAU76DA,花蓮縣花蓮市化道路５７號四樓之五號,花蓮縣花蓮市民政里24鄰化道路57號,121.623437,23.999337
RPTOMLQKKHIGFAU96DA,花蓮縣花蓮市順興路９５之５號,花蓮縣花蓮市民政里1鄰順興路95之5號,121.625383,23.994252
RPOOMLSKKHIGFAU66DA,花蓮縣花蓮市福建二街４號,花蓮縣花蓮市主和里13鄰福建二街4號,121.604108,23.971437
RPXNMLRKKHIGFAU37DA,花蓮縣吉安鄉仁里七街４號,花蓮縣吉安鄉仁里村15鄰仁里七街4號,121.591078,23.967416
RPOOMLRKKHIGFAU56DA,花蓮縣花蓮市東興二街３３號八樓之二,花蓮縣花蓮市民孝里9鄰東興二街33號,121.629769,23.999789
RPOOMLRJKHIGFAU09DA,花蓮縣花蓮市國盛六街５３號五樓之十六,花蓮縣花蓮市國盛里27鄰國盛六街53號,121.608667,23.994657
RPTNMLNJKHIGFAU09DA,花蓮縣花蓮市國富十街１９１號六樓之七,花蓮縣花蓮市國富里30鄰國富十街191號,121.594853,23.993373
RPPNMLNJKHIGFAU68DA,花蓮縣吉安鄉南海八街２１２巷２８號,花蓮縣吉安鄉仁和村23鄰南海八街212巷28號,121.585239,23.947588
RPQOMLMJKHIGFAU78DA,花蓮縣花蓮市順興路１２８號,花蓮縣花蓮市民政里25鄰順興路128號,121.622585,23.996538
RPUNMLPKKHIGFAU86DA,花蓮縣吉安鄉南埔十三街２０１號,花蓮縣吉安鄉仁里村24鄰南埔十三街201號,121.588075,23.970469
RPSOMLRKKHIGFAU96DA,花蓮縣花蓮市文光街８６號,花蓮縣花蓮市主和里45鄰文光街86號,121.603998,23.967549
RPWNMLSKKHIGFAU37DA,花蓮縣花蓮市富陽路３８號十樓之七,花蓮縣花蓮市國裕里20鄰富陽路38號,121.599031,23.995871
RPUOMLKLKHIGFAU56DA,花蓮縣花蓮市北濱街２號三樓之四,花蓮縣花蓮市民主里9鄰北濱街2號,121.613084,23.972473
RPROMLRJKHIGFAU76DA,花蓮縣吉安鄉南海一街１２３巷１６號,花蓮縣吉安鄉仁安村2鄰南海一街123巷16號,121.595288,23.956569
RPSNMLMLKHIGFAU09DA,花蓮縣花蓮市中正路６３巷２０號,花蓮縣花蓮市主農里22鄰中正路63巷20號,121.595338,23.969982
RPROMLKLKHIGFAU88DA,花蓮縣花蓮市東興二街１４９號七樓之三,花蓮縣花蓮市民孝里21鄰東興二街149號,121.629946,24.004169
RPSOMLNKJHIGFAU09DA,花蓮縣吉安鄉東海十五街６２巷５弄８號,花蓮縣吉安鄉東昌村43鄰東海十五街62巷5弄8號,121.593571,23.962233
RPUNMLNLKHIGFAU76DA,花蓮縣花蓮市國聯二路２１之２０號,花蓮縣花蓮市國聯里26鄰國聯二路21之20號,121.604456,23.990943
RPSNMLOLKHIGFAU66DA,花蓮縣吉安鄉華工六路７２巷１２號,花蓮縣吉安鄉光華村14鄰華工六路72巷12號,121.590871,23.938628
RPQPMLOKKHIGFAU56DA,花蓮縣花蓮市國聯五路２８０之５號,花蓮縣花蓮市國盛里8鄰國聯五路280之5號,121.604371,23.99603
RPUNMLLLKHIGFAU56DA,花蓮縣花蓮市球崙二路２１７號二樓之二,花蓮縣花蓮市民享里15鄰球崙二路217號,121.620874,24.005275
RPTNMLNLKHIGFAU66DA,花蓮縣花蓮市中山路５３５巷２３號,花蓮縣花蓮市國魂里3鄰中山路535巷23號,121.601468,23.985721
RPPOMLOLKHIGFAU09DA,花蓮縣花蓮市府前路３９６號四樓之一,花蓮縣花蓮市民意里1鄰府前路396號,121.621153,23.998131
RPQOMLLJLHIGFAU78DA,花蓮縣吉安鄉南海二街２０３號,花蓮縣吉安鄉仁和村37鄰南海二街203號,121.592476,23.956033
RPROMLLJLHIGFAU88DA,花蓮縣花蓮市國盛八街１２１號四樓之十,花蓮縣花蓮市國盛里9鄰國盛八街121號,121.605503,23.996614
RPWNMLOKKHIGFAU96DA,花蓮縣吉安鄉東海五街４１號,花蓮縣吉安鄉東昌村13鄰東海五街41號,121.598749,23.964486
RPUNMLRJKHIGFAU96DA,花蓮縣花蓮市菁華街３５巷１弄４之１號,花蓮縣花蓮市民權里9鄰菁華街35巷1弄4之1號,121.615431,23.980626
RPTOMLLJLHIGFAU09DA,花蓮縣吉安鄉吉興一街３４４巷５號四樓之二,花蓮縣吉安鄉吉安村6鄰吉興一街344巷5號,121.577081,23.973033
RPSOMLMJLHIGFAU09DA,花蓮縣吉安鄉稻香六街３巷１２號,花蓮縣吉安鄉稻香村2鄰稻香六街3巷12號,121.56925,23.964652
RPWNMLNJLHIGFAU86DA,花蓮縣吉安鄉南山五街４５巷２弄３號,花蓮縣吉安鄉吉安村1鄰南山五街45巷2弄3號,121.57977,23.975186
RPXNMLNJLHIGFAU96DA,花蓮縣花蓮市軒轅路２號八樓之六,花蓮縣花蓮市民族里11鄰軒轅路2號,121.61175,23.97456
RPQOMLNJLHIGFAU98DA,花蓮縣花蓮市富裕十七街２５號六樓之三,花蓮縣花蓮市國裕里4鄰富裕十七街25號,121.595181,23.996189
RPSOMLNJLHIGFAU56DA,花蓮縣花蓮市林森路２８５號五樓之一,花蓮縣花蓮市國風里24鄰林森路285號,121.602386,23.979607
RPROMLNJKHIGFAU98DA,花蓮縣吉安鄉仁里五街２１８巷７號,花蓮縣吉安鄉仁里村28鄰仁里五街218巷7號,121.586383,23.970064
RPUOMLMJLHIGFAU66DA,花蓮縣花蓮市國民一街１０之１號,花蓮縣花蓮市國聯里3鄰國民一街10之1號,121.600785,23.988699
RSPMLMJLHIGFAU98DA,花蓮縣花蓮市中美路９３巷１２號三樓之五,花蓮縣花蓮市民勤里12鄰中美路93巷12號,121.624387,23.990362
RPXNMLNLKHIGFAU07DA,花蓮縣花蓮市民德四街２之１１號十樓,花蓮縣花蓮市民德里2鄰民德四街2之11號,121.620255,23.982469
RPVOMLMJLHIGFAU76DA,花蓮縣花蓮市富陽路３８號十樓之六,花蓮縣花蓮市國裕里20鄰富陽路38號,121.599031,23.995871
RPUNMLLMJHIGFAU56DA,花蓮縣花蓮市新港街７３號二樓之三,花蓮縣花蓮市國威里3鄰新港街73號,121.606219,23.979621
RPROMLQJLHIGFAU76DA,花蓮縣花蓮市國聯二路８３號五樓之三,花蓮縣花蓮市國聯里16鄰國聯二路83號,121.603223,23.989657
RPTOMLQJLHIGFAU96DA,花蓮縣花蓮市建國路一段３０號,花蓮縣花蓮市國安里10鄰建國路30號,121.606532,23.982984
RPPPMLQJLHIGFAU66DA,花蓮縣花蓮市華廈街３８號三樓之二,花蓮縣花蓮市民享里15鄰華廈街38號,121.620555,24.005262
RPSOMLSJKIHGFAU96DA,花蓮縣花蓮市公正街３７號二樓之四十六,花蓮縣花蓮市民生里8鄰公正街37號,121.610068,23.978
RPWOMLMKKIHGFAU86DA,花蓮縣花蓮市國興一街９５號四樓之七,花蓮縣花蓮市國聯里34鄰國興一街95號,121.603854,23.99555
RPROMLNKKIHGFAU09DA,花蓮縣花蓮市國民八街５號十二樓之七,花蓮縣花蓮市國聯里30鄰國民八街5號,121.604243,23.993234
RPRNMLOKKIHGFAU09DA,花蓮縣花蓮市中美路２６２號二樓,花蓮縣花蓮市民運里1鄰中美路262號,121.629547,23.995384
RPSNMLOKKIHGFAU56DA,花蓮縣吉安鄉中華路二段９３號八樓之一,花蓮縣吉安鄉宜昌村7鄰中華路二段93號,121.584878,23.973593
RPUNMLOKKIHGFAU76DA,花蓮縣花蓮市國富十七街１０號四樓之八,花蓮縣花蓮市國富里22鄰國富十七街10號,121.59386,23.990258
RPTOMLLJKIHGFAU98DA,花蓮縣吉安鄉慶豐十一街２４５巷７弄１６號,花蓮縣吉安鄉慶豐村42鄰慶豐十一街245巷7弄16號,121.565776,23.98428
RPPOMLPKKIHGFAU09DA,花蓮縣花蓮市林森路３１５巷１７號五樓之一,花蓮縣花蓮市國華里20鄰林森路315巷17號,121.602639,23.980674
RPUOMLPKKIHGFAU96DA,花蓮縣花蓮市國富二十一街２２號六樓之二,花蓮縣花蓮市國富里42鄰國富二十一街22號,121.595868,23.993634
RPXOMLPKKIHGFAU27DA,花蓮縣花蓮市國民八街５號九樓之五,花蓮縣花蓮市國聯里30鄰國民八街5號,121.604243,23.993234
RPROMLKLKIHGFAU88DA,花蓮縣吉安鄉稻香路３１巷１５號,花蓮縣吉安鄉稻香村15鄰稻香路31巷15號,121.570768,23.961431
RPTOMLKLKIHGFAU09DA,花蓮縣花蓮市中和街１８９巷３號五樓,花蓮縣花蓮市主力里21鄰中和街189巷3號,121.598329,23.974204
RPTNMLLLKIHGFAU09DA,花蓮縣花蓮市民國路９７號四樓,花蓮縣花蓮市國威里32鄰民國路97號,121.604964,23.978555
RPXPMLLLKIHGFAU17EA,花蓮縣花蓮市民光１６０號,花蓮縣花蓮市民意里15鄰民光160號,121.617608,24.004182
RPOOMLMLKIHGFAU78DA,花蓮縣花蓮市國盛一街１６１號六樓之一,花蓮縣花蓮市國盛里5鄰國盛一街161號,121.605518,23.992671
RPQPMLPKKIHGFAU66DA,花蓮縣吉安鄉明仁一街１４３巷１８號,花蓮縣吉安鄉永安村12鄰明仁一街143巷18號,121.575436,23.9909
RPSOMLKLKIHGFAU98DA,花蓮縣花蓮市國民八街５號十一樓之二,花蓮縣花蓮市國聯里30鄰國民八街5號,121.604243,23.993234
RPSNMLMLKIHGFAU09DA,花蓮縣花蓮市中和街２１７號九樓之三,花蓮縣花蓮市主力里21鄰中和街217號,121.597691,23.974049
RPVPMLNLKIHGFAU07DA,花蓮縣花蓮市榮正街１２５巷１之２６號,花蓮縣花蓮市主安里18鄰榮正街125巷1之26號,121.597292,23.973538
RPRPMLNLKIHGFAU76EA,花蓮縣花蓮市鎮國街１３４號,花蓮縣花蓮市主力里26鄰鎮國街134號,121.598646,23.976648
RPWPMLNLKIHGFAU17DA,花蓮縣花蓮市大同街３０之２號,花蓮縣花蓮市國威里21鄰大同街35之3號,121.606263,23.980706
RPXPMLNLKIHGFAU27DA,花蓮縣花蓮市大同街３０之１號,花蓮縣花蓮市國威里4鄰大同街34之2號,121.606206,23.980419
RPPNMLQLKIHGFAU56DA,花蓮縣花蓮市國盛五街６８號四樓之二,花蓮縣花蓮市國盛里27鄰國盛五街68號,121.608255,23.994675
RPRNMLQLKIHGFAU76DA,花蓮縣吉安鄉中山路一段２２２號二樓之三,花蓮縣吉安鄉仁里村32鄰中山路一段222號,121.586352,23.969221
RPOOMLRLKIHGFAU66DA,花蓮縣花蓮市和平路４９３巷３４號,花蓮縣花蓮市主力里14鄰和平路493巷34號,121.600358,23.976834
RPUQMLNLKIHGFAU07DA,花蓮縣花蓮市林森路２４９巷３弄７號,花蓮縣花蓮市國風里25鄰林森路249巷3弄7號,121.599259,23.980024
RPSNMLRLKIHGFAU96DA,花蓮縣花蓮市中山路５３５巷２３號,花蓮縣花蓮市國魂里3鄰中山路535巷23號,121.601468,23.985721
RPUNMLSLKIHGFAU27DA,花蓮縣吉安鄉華工六路７２巷８２號,花蓮縣吉安鄉光華村16鄰華工六路72巷82號,121.592472,23.938676
RPTNMLSLKIHGFAU17DA,花蓮縣花蓮市華興街３３號二樓之三,花蓮縣花蓮市民享里19鄰華興街33號,121.619964,24.003143
RPROMLSLKIHGFAU07DA,花蓮縣吉安鄉慶北一街１５８巷６號,花蓮縣吉安鄉慶豐村17鄰慶北一街158巷6號,121.569778,23.979172
RPSOMLSLKIHGFAU17DA,花蓮縣花蓮市富裕十五街５７號,花蓮縣花蓮市國裕里25鄰富裕十五街57號,121.596817,23.997648
RPRNMLKLKIHGFAU78DA,花蓮縣花蓮市莊敬路３７號,花蓮縣花蓮市國富里2鄰莊敬路32號,121.597257,23.987577
RPSNMLKMKIHGFAU98DA,花蓮縣花蓮市中順街４５巷１６號六樓之十一,花蓮縣花蓮市主農里12鄰中順街45巷16號,121.596896,23.967663
RPOOMLMKKIHGFAU68DA,花蓮縣吉安鄉海岸路２４７號,花蓮縣吉安鄉仁安村7鄰海岸路247號,121.593003,23.95559
RPQNMLRLKIHGFAU76DA,花蓮縣花蓮市豐村２１之４６號四樓之一,花蓮縣花蓮市國強里5鄰豐村21之46號,121.602642,24.001947
RPSNMLPKKIHGFAU66DA,花蓮縣花蓮市豐村１９之２號,花蓮縣花蓮市國強里1鄰豐村19之2號,121.602808,24.001148
RPVOMLTKKIHGFAU47DA,花蓮縣花蓮市國盛一街１９０號五樓之五,花蓮縣花蓮市國盛里11鄰國盛一街190號,121.60567,23.993649
RPOOMLNJJHIGFAU68EA,花蓮縣花蓮市民德四街２之１３號四樓,花蓮縣花蓮市民德里2鄰民德四街2之13號,121.62033,23.982537
RPPNMLOJJHIGFAU68DA,花蓮縣吉安鄉民治路２７０之１１號二樓之二,花蓮縣吉安鄉勝安村13鄰民治路270之11號,121.588761,23.981629
RPSOMLOJJHIGFAU09DA,花蓮縣吉安鄉中華路二段９３號七樓之二,花蓮縣吉安鄉宜昌村7鄰中華路二段93號,121.584878,23.973593
RPWOMLOJJHIGFAU86DA,花蓮縣花蓮市建興街７０號,花蓮縣花蓮市國興里9鄰建興街70號,121.575036,23.994833
RPXNMLPJJHIGFAU96DA,花蓮縣花蓮市建林街８８號,花蓮縣花蓮市國風里25鄰建林街88號,121.599441,23.979671
RPOOMLPJJHIGFAU78DA,花蓮縣花蓮市國盛八街１２１號二樓之二,花蓮縣花蓮市國盛里9鄰國盛八街121號,121.605503,23.996614
RPROMLPJJHIGFAU09DA,花蓮縣花蓮市林園１１之５２號,花蓮縣花蓮市民孝里8鄰林園11之52號,121.630695,24.000119
RPQPMLPJJHIGFAU09DA,花蓮縣吉安鄉昌隆二街１０１號五樓,花蓮縣吉安鄉南昌村15鄰昌隆二街101號,121.58087,23.97059
RPVNMLRLKIHGFAU27DA,花蓮縣花蓮市中福路１４５巷８號,花蓮縣花蓮市主學里18鄰中福路145巷8號,121.601544,23.972049
RPSPMLNLKIHGFAU76DA,花蓮縣花蓮市明禮路５號八樓之二,花蓮縣花蓮市民生里12鄰明禮路5號,121.611403,23.978345
RPRQMLNLKIHGFAU76DA,花蓮縣花蓮市公正街３７號六樓之八,花蓮縣花蓮市民生里8鄰公正街37號,121.610068,23.978
RPTQMLNLKIHGFAU96DA,花蓮縣吉安鄉太昌路４９０號二樓,花蓮縣吉安鄉太昌村11鄰太昌路490號,121.563773,23.993639
RPQNMLNLKIHGFAU98DA,花蓮縣花蓮市建昌路１７巷１號二樓之六,花蓮縣花蓮市國慶里12鄰建昌路252巷12號,121.589665,23.990787
RPSNMLRKKIHGFAU86DA,花蓮縣花蓮市華興街２之１０號,花蓮縣花蓮市民享里20鄰華興街2之10號,121.621453,24.001963
RPVOMLMKKIHGFAU76DA,花蓮縣花蓮市華興街２之９號,花蓮縣花蓮市民享里20鄰華興街2之9號,121.621412,24.001984
RPSOMLMKKIHGFAU09DA,花蓮縣花蓮市中美十街７８巷５號,花蓮縣花蓮市民政里33鄰中美十街78巷5號,121.624759,23.995988
RPSOMLOKKIHGFAU66DA,花蓮縣花蓮市華興街２之１１號,花蓮縣花蓮市民享里20鄰華興街2之11號,121.621497,24.001933
RPPNMLQJJHIGFAU88DA,花蓮縣吉安鄉南海一街１６９號,花蓮縣吉安鄉仁安村1鄰南海一街169號,121.59452,23.957263
RPTNMLQJJHIGFAU66DA,花蓮縣花蓮市自強路５９４巷７號四樓之五,找不到指定的門牌地址。,,
RPQNMLQJJHIGFAU98DA,花蓮縣花蓮市林森路２１７巷１弄２６號,花蓮縣花蓮市國風里17鄰林森路217巷1弄26號,121.599565,23.979472
RPTPMLNLKIHGFAU86DA,花蓮縣花蓮市民德四街５５之１號,花蓮縣花蓮市民德里8鄰民德四街55之1號,121.622713,23.985558
RPSPMLLLKIHGFAU56DA,花蓮縣花蓮市林森路３１５巷１７號五樓之二,花蓮縣花蓮市國華里20鄰林森路315巷17號,121.602639,23.980674
RPUNMLOJJHIGFAU56DA,花蓮縣吉安鄉東海六街８４之１號,花蓮縣吉安鄉東昌村7鄰東海六街84之1號,121.596011,23.965657
RPTOMLKMKIHGFAU56DA,花蓮縣吉安鄉南海六街３０５號,花蓮縣吉安鄉仁和村20鄰南海六街305號,121.585385,23.950572
RPROMLTJJHIGFAU86DA,花蓮縣花蓮市博愛街２６２號,花蓮縣花蓮市國華里17鄰博愛街262號,121.602366,23.98176
RPPPMLPJJHIGFAU98DA,花蓮縣花蓮市國民一街２０號五樓之三,花蓮縣花蓮市國聯里2鄰國民一街20號,121.601198,23.988567
RPUNMLQJJHIGFAU76DA,花蓮縣花蓮市德安二街６８巷４８號,花蓮縣花蓮市主權里20鄰德安二街68巷48號,121.59174,23.973589
RPXNMLTJJHIGFAU37DA,花蓮縣花蓮市北昌四街１６號,找不到指定的門牌地址。,,
RPQNMLTJJHIGFAU66DA,花蓮縣吉安鄉吉祥三街３號,花蓮縣吉安鄉宜昌村12鄰吉祥三街3號,121.584551,23.974114
RPPOMLTLKIHGFAU96DA,花蓮縣花蓮市中山路一段１０９巷３６號,花蓮縣花蓮市國慶里7鄰中山路一段109巷36號,121.590151,23.998472
RPWNMLKKJHIGFAU09DA,花蓮縣花蓮市華德街８１號,花蓮縣花蓮市民心里14鄰華德街81號,121.619223,24.011133
RPPOMLQJJHIGFAU98DA,花蓮縣花蓮市國興三街３５之２號,花蓮縣花蓮市國聯里19鄰國興三街35之2號,121.604065,23.98965
RPXNMLQJJHIGFAU07DA,花蓮縣花蓮市中山路５３５巷２２號,花蓮縣花蓮市國魂里3鄰中山路535巷22號,121.601403,23.985773
RPPNMLTJJHIGFAU56DA,花蓮縣花蓮市建昌路１７巷１號五樓之四,花蓮縣花蓮市國慶里12鄰建昌路252巷12號,121.589665,23.990787
RPTNMLTJJHIGFAU96DA,花蓮縣花蓮市福光街３５３巷７號,花蓮縣花蓮市國福里13鄰福光街353巷7號,121.587203,24.012308
RPUNMLTLKIHGFAU37DA,花蓮縣吉安鄉明義六街５２號,花蓮縣吉安鄉太昌村17鄰明義六街52號,121.558318,23.995418
RPUPMLOKKIHGFAU96DA,花蓮縣花蓮市建興街１１１號,花蓮縣花蓮市國興里10鄰建興街111號,121.574753,23.995289
RPUPMLMKJHIGFAU66DA,花蓮縣花蓮市民生路２３號四樓之二,花蓮縣花蓮市民運里7鄰民生路23號,121.633432,23.993504
RPWNMLQJJHIGFAU96DA,花蓮縣花蓮市中山路５３５巷２２之１號,花蓮縣花蓮市國魂里3鄰中山路535巷22之2號,121.601403,23.985773
RPTNMLNKJHIGFAU09DA,花蓮縣花蓮市國盛四街５５號五樓之一,花蓮縣花蓮市國盛里22鄰國盛四街55號,121.607277,23.995179
RPWNMLQKJHIGFAU07DA,花蓮縣花蓮市中美十三街５２號五樓之七,花蓮縣花蓮市民政里35鄰中美十三街52號,121.623687,23.998049
RPPOMLQKJHIGFAU09DA,花蓮縣吉安鄉東海三街２號二樓,花蓮縣吉安鄉東昌村8鄰東海三街2號,121.595844,23.966519
RPTOMLQKJHIGFAU86DA,花蓮縣吉安鄉吉興路三段１５８號,花蓮縣吉安鄉永興村5鄰吉興路三段158號,121.566059,23.953448
RPPNMLNKJHIGFAU68DA,花蓮縣花蓮市中原路５３３巷３２之５號,花蓮縣花蓮市主權里12鄰中原路533巷32之5號,121.595353,23.972187
RPQNMLNKJHIGFAU78DA,花蓮縣花蓮市中原路５３３巷３２之６號,花蓮縣花蓮市主權里12鄰中原路533巷32之6號,121.595314,23.972218
RPRNMLNKJHIGFAU88DA,花蓮縣花蓮市中原路５３３巷３２之７號,花蓮縣花蓮市主權里12鄰中原路533巷32之7號,121.595284,23.972245
RPQNMLQKJHIGFAU09DA,花蓮縣花蓮市國富九街１６號,花蓮縣花蓮市國富里47鄰國富九街16號,121.598187,23.990231
RPROMLRLKIHGFAU96DA,花蓮縣花蓮市華民街８巷５號,花蓮縣花蓮市民享里16鄰華民街8巷5號,121.620428,24.003594
RPTNMLQKJHIGFAU76DA,花蓮縣花蓮市國民七街５３號十樓之一,花蓮縣花蓮市國盛里4鄰國民七街53號,121.605877,23.991365
RPQPMLKKJHIGFAU68DA,花蓮縣花蓮市中美路９３巷１號六樓之三,花蓮縣花蓮市民勤里13鄰中美路93巷1號,121.624467,23.990074
RPSNMLPJJHIGFAU09DA,花蓮縣吉安鄉慶北二街３５８號,花蓮縣吉安鄉慶豐村52鄰慶北二街358號,121.568844,23.980259
RPPNMLSKJHIGFAU56DA,花蓮縣花蓮市北濱街７３號,花蓮縣花蓮市民有里18鄰北濱街73號,121.615347,23.975645
RPPOMLRKJHIGFAU56DA,花蓮縣花蓮市莊敬路１８６之２號二樓,花蓮縣花蓮市國富里21鄰莊敬路186之3號,121.593716,23.989674
RPQNMLKMJHIGFAU68DA,花蓮縣吉安鄉北昌一街１５巷１１３之２號,花蓮縣吉安鄉吉昌村8鄰北昌一街15巷113之2號,121.592644,23.985157
RPSNMLKMJHIGFAU88DA,花蓮縣花蓮市德安二街６８巷３０號二樓,花蓮縣花蓮市主權里20鄰德安二街68巷30號,121.592028,23.973783
RPTOMLLKJHIGFAU98DA,花蓮縣吉安鄉明義四街６４巷２１號,花蓮縣吉安鄉太昌村8鄰明義四街64巷21號,121.565235,23.99179
RPUNMLKMJHIGFAU09DA,花蓮縣吉安鄉慶北二街３９５號,花蓮縣吉安鄉慶豐村39鄰慶北二街395號,121.563516,23.982932
RPWNMLSKJHIGFAU27DA,花蓮縣吉安鄉明義五街４０之７號,花蓮縣吉安鄉太昌村12鄰明義五街40之7號,121.564273,23.994852
RPPOMLOKKIHGFAU98DA,花蓮縣花蓮市中興路４３巷６號五樓之六,花蓮縣花蓮市民立里9鄰中興路43巷6號,121.630056,23.991555
RPTOMLMKKIHGFAU56DA,花蓮縣花蓮市建昌路９３巷１號,找不到指定的門牌地址。,,
RPQOMLNJJHIGFAU78DA,花蓮縣花蓮市府前路３５８巷１弄１４號,花蓮縣花蓮市民意里1鄰府前路358巷1弄14號,121.621405,23.9979
RPPNMLLMJHIGFAU68DA,花蓮縣花蓮市中正路２４９巷３８號五樓,花蓮縣花蓮市主學里14鄰中正路249巷38號,121.600091,23.973213
RPVOMLLJKHIGFAU56DA,花蓮縣花蓮市中原路５３３巷３２之３號,花蓮縣花蓮市主權里12鄰中原路533巷32之3號,121.595384,23.972163
RPSOMLLJKHIGFAU88DA,花蓮縣花蓮市中原路５３３巷３２之１號,花蓮縣花蓮市主權里12鄰中原路533巷32之1號,121.595445,23.972097
RPWNMLKMJHIGFAU66DA,花蓮縣吉安鄉南埔七街１２號,花蓮縣吉安鄉仁里村9鄰南埔七街12號,121.591781,23.96921
RPXNMLMJKHIGFAU76DA,花蓮縣吉安鄉福興四街１９號,花蓮縣吉安鄉福興村12鄰福興四街19號,121.559535,23.966964
RPUNMLMJKHIGFAU09DA,花蓮縣花蓮市中原路５７６巷３號,花蓮縣花蓮市主權里27鄰中原路576巷3號,121.595896,23.973385
RPQNMLMJKHIGFAU68DA,花蓮縣吉安鄉建國路一段８３號,花蓮縣吉安鄉吉昌村7鄰建國路一段83號,121.593782,23.985153
RPOOMLLMJHIGFAU68DA,花蓮縣花蓮市中美九街１８號,花蓮縣花蓮市民政里32鄰中美九街18號,121.624039,23.994064
RPPNMLKMKIHGFAU68DA,花蓮縣花蓮市福建街２０８號,花蓮縣花蓮市主和里30鄰福建街208號,121.602709,23.970102
RPUOMLOJJHIGFAU66DA,花蓮縣吉安鄉吉昌三街２５９號,花蓮縣吉安鄉福興村13鄰吉昌三街259號,121.563345,23.9688
RPPNMLLJKHIGFAU48DA,花蓮縣吉安鄉北安街１６０巷１２弄１２號,花蓮縣吉安鄉永安村29鄰北安街160巷12弄12號,121.577175,23.979825
RPWOMLLJKHIGFAU66DA,花蓮縣吉安鄉太昌路９６號,花蓮縣吉安鄉永安村23鄰太昌路96號,121.575339,23.987331
RPUNMLNJKHIGFAU56DA,花蓮縣吉安鄉海岸路２６０號,花蓮縣吉安鄉仁和村10鄰海岸路260號,121.591888,23.954073
RPSNMLNJKHIGFAU98DA,花蓮縣花蓮市國富二十三街１９號,花蓮縣花蓮市國富里28鄰國富二十三街19號,121.594279,23.992076
RPRNMLRLKIHGFAU86DA,花蓮縣吉安鄉吉興一街４０８號,花蓮縣吉安鄉吉安村3鄰吉興一街408號,121.578384,23.975379
RPQNMLLMJHIGFAU78DA,花蓮縣花蓮市國民八街５號十一樓之一,花蓮縣花蓮市國聯里30鄰國民八街5號,121.604243,23.993234
RPSNMLQJKHIGFAU66DA,花蓮縣花蓮市中美十二街８４號,花蓮縣花蓮市民政里6鄰中美十二街84號,121.624674,23.998291
RPPOMLQJKHIGFAU09DA,花蓮縣花蓮市中和街２１５號四樓之二,花蓮縣花蓮市主力里21鄰中和街215號,121.597773,23.974126
RPOOMLQJKHIGFAU98DA,花蓮縣吉安鄉太昌路２１７巷１８號,花蓮縣吉安鄉永安村25鄰太昌路217巷18號,121.572243,23.988278
RPSOMLLKJHIGFAU88DA,花蓮縣吉安鄉慶北二街３６７號,花蓮縣吉安鄉慶豐村40鄰慶北二街367號,121.564466,23.982423
RPSPMLLJKHIGFAU98DA,花蓮縣吉安鄉勝安二街２２號,花蓮縣吉安鄉勝安村2鄰勝安二街22號,121.588007,23.975438
RPWPMLOJJHIGFAU96DA,花蓮縣吉安鄉南海二街２１４巷３號,花蓮縣吉安鄉仁和村4鄰南海二街214巷3號,121.592097,23.956603
RPRNMLQJJHIGFAU09DA,花蓮縣吉安鄉南海三街１６０號,花蓮縣吉安鄉仁安村8鄰南海三街160號,121.593529,23.953831
RPSNMLRJJHIGFAU66DA,花蓮縣吉安鄉東里十五街８８巷８號,花蓮縣吉安鄉東昌村18鄰東里十五街88巷8號,121.597413,23.962211
RPVNMLSJKHIGFAU17DA,花蓮縣花蓮市中央路三段６３５號,花蓮縣花蓮市國慶里12鄰中央路三段635號,121.589868,23.990722
RPOOMLSJKHIGFAU56DA,花蓮縣吉安鄉中山路三段１０９號,花蓮縣吉安鄉慶豐村2鄰中山路三段109號,121.57406,23.975883
RPPNMLRJKHIGFAU09DA,花蓮縣花蓮市國民七街５１號七樓之十八,花蓮縣花蓮市國盛里3鄰國民七街51號,121.60583,23.991358
RPQOMLQJKHIGFAU56DA,花蓮縣花蓮市富裕三街４８號十樓之一,花蓮縣花蓮市國裕里11鄰富裕三街48號,121.598119,23.99408
RPXNMLTJKHIGFAU47DA,花蓮縣花蓮市德安六街１０５巷１號二樓之二,花蓮縣花蓮市主權里1鄰德安六街105巷1號,121.589552,23.973607
RPWNMLNJKHIGFAU76DA,花蓮縣花蓮市德安二街６８巷２６號六樓,花蓮縣花蓮市主權里20鄰德安二街68巷26號,121.592097,23.973824
RPRPMLNJJHIGFAU98DA,花蓮縣吉安鄉東里一街３２號五樓之五,花蓮縣吉安鄉仁里村1鄰東里一街32號,121.594058,23.967737
RPROMLSJKHIGFAU86DA,花蓮縣花蓮市國富十街１０７號,花蓮縣花蓮市國富里15鄰國富十街107號,121.596549,23.991001
RPXNMLRJKHIGFAU27DA,花蓮縣吉安鄉慶豐四街１５６號,花蓮縣吉安鄉慶豐村7鄰慶豐四街156號,121.572605,23.977739
RPTNMLLMJHIGFAU09DA,花蓮縣花蓮市南京街２０３號六樓之十三,花蓮縣花蓮市主信里5鄰南京街203號,121.606539,23.974793
RPROMLLKJHIGFAU78DA,花蓮縣吉安鄉南海八街２１０巷１號,花蓮縣吉安鄉仁和村23鄰南海八街210巷1號,121.585026,23.946839
RPPOMLKKKHIGFAU58DA,花蓮縣花蓮市國盛四街５３號七樓之五,花蓮縣花蓮市國盛里22鄰國盛四街53號,121.607349,23.995044
RPQOMLKKKHIGFAU68DA,花蓮縣花蓮市國盛四街５１號二樓之三,花蓮縣花蓮市國盛里23鄰國盛四街51號,121.607395,23.994675
RPQNMLOKKHIGFAU98DA,花蓮縣花蓮市明心街２１號七樓之一,花蓮縣花蓮市國防里2鄰明心街21號,121.607438,23.9858
RPQNMLQKKHIGFAU66EA,花蓮縣花蓮市中山路二段７８號,花蓮縣花蓮市國福里5鄰中山路二段78號,121.58229,24.012081
RPWOMLOKKHIGFAU07DA,花蓮縣花蓮市延平街５２號,花蓮縣花蓮市國魂里2鄰延平街52號,121.602189,23.984673
RPOPMLOKKHIGFAU98DA,花蓮縣花蓮市延平街４８巷２號,花蓮縣花蓮市國魂里2鄰延平街48巷1號,121.602318,23.984835
RPSNMLOKKHIGFAU56DA,花蓮縣吉安鄉明仁二街１７５巷２０號,花蓮縣吉安鄉永安村33鄰明仁二街175巷20號,121.575148,23.988928
RPXNMLOKKHIGFAU07DA,花蓮縣吉安鄉海岸路１５號六樓之二,花蓮縣吉安鄉東昌村33鄰海岸路15號,121.590504,23.963722
RPOOMLKKKHIGFAU48DA,花蓮縣花蓮市富陽路６８號,花蓮縣花蓮市國裕里22鄰富陽路68號,121.598035,23.996238
RPQNMLPKKHIGFAU09DA,花蓮縣吉安鄉北昌一街１５巷１１３之３號,花蓮縣吉安鄉吉昌村8鄰北昌一街15巷113之3號,121.592602,23.985104
RPOPMLNJJHIGFAU68DA,花蓮縣花蓮市富強路２２號四樓之三,花蓮縣花蓮市國裕里3鄰富強路22號,121.5962,23.995263
RPTNMLKMJHIGFAU98DA,花蓮縣花蓮市國富二十二街３３號,花蓮縣花蓮市國富里29鄰國富二十二街33號,121.594295,23.992871
RPSNMLTKJHIGFAU96DA,花蓮縣花蓮市明智街８８號,花蓮縣花蓮市國防里8鄰明智街88號,121.605024,23.985319
RPQOMLPKKHIGFAU56DA,花蓮縣花蓮市東興一街７９巷１８號六樓之一,花蓮縣花蓮市民孝里16鄰東興一街79巷18號,121.630917,24.003056
RPPNMLNKKHIGFAU78DA,花蓮縣吉安鄉南埔十三街３１號二樓之一,花蓮縣吉安鄉仁里村42鄰南埔十三街31號,121.590688,23.97042
RPRNMLQKKHIGFAU66DA,花蓮縣吉安鄉永昌街２２１號,花蓮縣吉安鄉永安村26鄰永昌街221號,121.573645,23.986651
RPRNMLQJKHIGFAU56DA,花蓮縣吉安鄉海岸路１０３巷２７號,花蓮縣吉安鄉東昌村34鄰海岸路103巷27號,121.592577,23.961836
RPSOMLKLKHIGFAU98DA,花蓮縣花蓮市富裕十四街９巷６號,花蓮縣花蓮市國裕里33鄰富裕十四街9巷6號,121.599198,23.998825
RPSNMLQJJHIGFAU56DA,花蓮縣吉安鄉南海三街１５８巷１９號,花蓮縣吉安鄉仁安村8鄰南海三街158巷19號,121.593746,23.954516
RPVNMLSKKHIGFAU27DA,花蓮縣花蓮市南京街２４２號,花蓮縣花蓮市主義里2鄰南京街242號,121.606388,23.974504
RPUNMLLKJHIGFAU98DA,花蓮縣花蓮市尚志路３５之１２號,花蓮縣花蓮市民意里47鄰尚志路35之12號,121.613927,24.001427
RPXOMLQKJHIGFAU27DA,花蓮縣吉安鄉廣豐路１５號,花蓮縣吉安鄉稻香村29鄰廣豐路15號,121.577907,23.953759
RPXNMLMLKHIGFAU96DA,花蓮縣吉安鄉東海一街１２８號,花蓮縣吉安鄉東昌村11鄰東海一街128號,121.59795,23.965491
RROMLPKKHIGFAU09DA,花蓮縣吉安鄉東海三街２號六樓,花蓮縣吉安鄉東昌村8鄰東海三街2號,121.595844,23.966519
RPVNMLLJLHIGFAU56DA,花蓮縣吉安鄉舊村六街１５６巷１８弄１號,花蓮縣吉安鄉福興村20鄰舊村六街156巷18弄1號,121.56097,23.966353
RPVPMLMKJHIGFAU76DA,花蓮縣吉安鄉南海九街２０２巷２４號,花蓮縣吉安鄉仁和村25鄰南海九街202巷24號,121.586641,23.944862
RPPNMLNJLHIGFAU78DA,花蓮縣花蓮市富陽路３８號七樓之九,花蓮縣花蓮市國裕里20鄰富陽路38號,121.599031,23.995871
RPQOMLNLJIHGFAU98DA,花蓮縣花蓮市府前路３００之７號,花蓮縣花蓮市民政里16鄰府前路300之7號,121.622121,23.995555
RPWNMLSJKIHGFAU27DA,花蓮縣花蓮市中順街４５巷１６號二樓之七,花蓮縣花蓮市主農里12鄰中順街45巷16號,121.596896,23.967663
RPPOMLTJKIHGFAU76DA,花蓮縣花蓮市中順街４５巷１５弄９號三樓之一,花蓮縣花蓮市主農里12鄰中順街45巷15弄9號,121.597382,23.967441
RPPNMLMKKIHGFAU68DA,花蓮縣花蓮市民國路３８號二樓之三,花蓮縣花蓮市國治里16鄰民國路38號,121.606195,23.979071
RPOPMLPLJIHGFAU09DA,花蓮縣花蓮市球崙二路９６巷２號,花蓮縣花蓮市民享里4鄰球崙二路96巷2號,121.622179,24.002775
RPQOMLLJKIHGFAU68DA,花蓮縣吉安鄉仁里九街２３之４號五樓,花蓮縣吉安鄉仁里村17鄰仁里九街23號之4,121.591171,23.966009
RPWNMLNLJIHGFAU86DA,花蓮縣花蓮市北昌五街５２號二樓之二,找不到指定的門牌地址。,,
RPOQMLOJJIHGFAU88DA,花蓮縣花蓮市富裕十六街４７號七樓之二,花蓮縣花蓮市國裕里5鄰富裕十六街47號,121.59576,23.996362
RPVNMLNLJIHGFAU76DA,花蓮縣花蓮市林森路５７號,花蓮縣花蓮市主力里17鄰林森路57號,121.597162,23.975984
RPUNMLSJKIHGFAU07DA,花蓮縣花蓮市德安六街１０５巷９號,花蓮縣花蓮市主權里1鄰德安六街105巷9號,121.589659,23.973611
RPSNMLNKKIHGFAU09DA,花蓮縣花蓮市南京街２０３號四樓之五,花蓮縣花蓮市主信里5鄰南京街203號,121.606539,23.974793
RPUOMLMKKIHGFAU66DA,花蓮縣花蓮市建昌路１９７巷３４號五樓,花蓮縣花蓮市國富里32鄰建昌路202號,121.590999,23.989858
RPXNMLNKKIHGFAU96DA,花蓮縣吉安鄉南埔十六街５１巷２２號四樓,花蓮縣吉安鄉仁里村25鄰南埔十六街51巷22號,121.588729,23.971228
RPSOMLNKKIHGFAU56DA,花蓮縣花蓮市國民八街５號十樓之八,花蓮縣花蓮市國聯里30鄰國民八街5號,121.604243,23.993234
RPQPMLNKKIHGFAU09DA,花蓮縣花蓮市豐村１３６之１９號,花蓮縣花蓮市國強里11鄰豐村136之19號,121.600258,24.010016
RPOOMLNKKIHGFAU78DA,花蓮縣吉安鄉太昌路４９２號三樓,花蓮縣吉安鄉太昌村11鄰太昌路492號,121.563689,23.993677
RPPNMLLKKIHGFAU58DA,花蓮縣花蓮市裕民路５９號,花蓮縣花蓮市國裕里30鄰裕民路59號,121.600931,23.998926
RPQOMLMLJIHGFAU88DA,花蓮縣花蓮市國盛一街２０２號,花蓮縣花蓮市國盛里11鄰國盛一街202號,121.605588,23.994009
RPTNMLPKKIHGFAU76DA,花蓮縣花蓮市公正街３７號三樓等４戶,花蓮縣花蓮市民生里8鄰公正街37號,121.610068,23.978
RPUOMLOKKIHGFAU86DA,花蓮縣花蓮市中美三街２３巷１０號五樓,花蓮縣花蓮市民勤里30鄰中美三街23巷10號,121.624559,23.991627
RPQOMLPKKIHGFAU56DA,花蓮縣花蓮市國聯五路１２７號五樓之五,花蓮縣花蓮市國聯里28鄰國聯五路127號,121.604926,23.992531
RPPOMLSKJIHGFAU66DA,花蓮縣花蓮市中美路１１１號三樓之三,花蓮縣花蓮市民政里31鄰中美路111號,121.626374,23.992393
RPVNMLMKKIHGFAU66DA,花蓮縣吉安鄉中山路一段２２２號十五樓之三,花蓮縣吉安鄉仁里村32鄰中山路一段222號,121.586352,23.969221
RPVNMLMJKIHGFAU56DA,花蓮縣吉安鄉東里九街８５號,花蓮縣吉安鄉東昌村23鄰東里九街85號,121.594159,23.963602
RPQNMLLKKIHGFAU68DA,花蓮縣吉安鄉吉祥六街２５號,花蓮縣吉安鄉宜昌村23鄰吉祥六街25號,121.581928,23.97453
RPRPMLNKKIHGFAU56DA,花蓮縣花蓮市國盛八街８９號三樓之十二,花蓮縣花蓮市國盛里22鄰國盛八街89號,121.606834,23.995885
RPOOMLOKKIHGFAU88DA,花蓮縣花蓮市中華路５３４巷２號二樓,花蓮縣花蓮市主權里3鄰中華路534巷2號,121.589648,23.974706
RPXNMLPLJIHGFAU17DA,花蓮縣花蓮市德安六街６５號十樓,花蓮縣花蓮市主權里16鄰德安六街65號,121.592001,23.971575
RPTOMLPKKIHGFAU86DA,花蓮縣花蓮市海濱街８號三樓之三,花蓮縣花蓮市民主里13鄰海濱街8號,121.613765,23.971648
RPPNMLQKKIHGFAU09DA,花蓮縣吉安鄉南海二街２０３號,花蓮縣吉安鄉仁和村37鄰南海二街203號,121.592476,23.956033
RPUNMLQKKIHGFAU96DA,花蓮縣花蓮市東興一街８２號四樓之二,花蓮縣花蓮市民孝里11鄰東興一街82號,121.631958,24.001373
RPXOMLOKKIHGFAU17DA,花蓮縣花蓮市國富二十街５８號四樓之五,花蓮縣花蓮市國富里28鄰國富二十街58號,121.594303,23.991982
RPQOMLTKKIHGFAU96DA,花蓮縣花蓮市民族路２８號,花蓮縣花蓮市民運里31鄰民族路28號,121.632401,23.99521
RPPOMLLJKIHGFAU58DA,花蓮縣花蓮市中美十三街７８號四樓之二號,花蓮縣花蓮市民政里35鄰中美十三街78號,121.624202,23.99869
RPSOMLOKJIHGFAU56DA,花蓮縣花蓮市仁愛街３巷１號,花蓮縣花蓮市主計里10鄰仁愛街3巷1號,121.606998,23.97171
RPRNMLTKKIHGFAU96DA,花蓮縣花蓮市華西１２１之８號,花蓮縣花蓮市民心里14鄰華西121之8號,121.618893,24.011399
RPSNMLTKKIHGFAU07DA,花蓮縣吉安鄉勝安三街６２號,花蓮縣吉安鄉勝安村28鄰勝安三街62號,121.584847,23.979042
RPTNMLKLKIHGFAU98DA,花蓮縣吉安鄉文化一街３１號,花蓮縣吉安鄉南昌村19鄰文化一街31號,121.583815,23.969192
RPVNMLTKKIHGFAU37DA,花蓮縣吉安鄉文化八街１９號,花蓮縣吉安鄉南昌村14鄰文化八街19號,121.579224,23.969434
RPUNMLLLKIHGFAU56DA,花蓮縣花蓮市建國路二段７２２號,花蓮縣花蓮市國興里25鄰建國路二段722號,121.568957,23.995017
RPUNMLTKKIHGFAU27DA,花蓮縣花蓮市和平路３３６號十樓之一,花蓮縣花蓮市主睦里6鄰和平路336號,121.60381,23.973769
RPQNMLTKKIHGFAU86DA,花蓮縣花蓮市南京街２０３之３號,花蓮縣花蓮市主信里5鄰南京街203之3號,121.6065,23.974895
RPSPMLNKKIHGFAU66DA,花蓮縣花蓮市北濱街６號五樓,花蓮縣花蓮市民主里9鄰北濱街6號,121.61365,23.973137
RPROMLRJKIHGFAU76DA,花蓮縣花蓮市德安二街６８巷６號四樓,花蓮縣花蓮市主權里20鄰德安二街68巷6號,121.592337,23.973578
RPTNMLPLJIHGFAU76DA,花蓮縣吉安鄉昌隆二街１０７號六樓,花蓮縣吉安鄉南昌村15鄰昌隆二街107號,121.580781,23.970642
RPWPMLKMJIHGFAU86DA,花蓮縣花蓮市國盛一街７６號六樓之一,花蓮縣花蓮市國盛里14鄰國盛一街76號,121.606299,23.99106
RPRNMLMKKIHGFAU88DA,花蓮縣花蓮市仁和街８號,花蓮縣花蓮市主權里5鄰仁和街8號,121.591977,23.975175
RPPNMLKLKIHGFAU58DA,花蓮縣吉安鄉中山路一段２２２號十二樓之二,花蓮縣吉安鄉仁里村32鄰中山路一段222號,121.586352,23.969221
RPXNMLKLKIHGFAU76DA,花蓮縣花蓮市仁愛街３巷５號,花蓮縣花蓮市主計里10鄰仁愛街3巷5號,121.606924,23.971658
RPPPMLKLKIHGFAU78DA,花蓮縣吉安鄉吉安路二段３１１號,花蓮縣吉安鄉慶豐村28鄰吉安路二段311號,121.566674,23.978981
RPRPMLKLKIHGFAU98DA,花蓮縣花蓮市國民八街１０號,花蓮縣花蓮市國聯里29鄰國民八街10號,121.604221,23.993078
RPQNMLMLKIHGFAU88DA,花蓮縣吉安鄉中原路一段２７９巷５號,花蓮縣吉安鄉勝安村30鄰中原路一段279巷5號,121.584784,23.980398
RPQOMLMLKIHGFAU98DA,花蓮縣花蓮市福建街３２３號四樓,花蓮縣花蓮市主計里11鄰福建街323號,121.605918,23.97248
RPQPMLLLKIHGFAU98DA,花蓮縣吉安鄉吉安路二段７７巷５５弄２號,花蓮縣吉安鄉吉安村26鄰吉安路二段77巷55弄2號,121.561573,23.972
RPUQMLLLKIHGFAU86DA,花蓮縣花蓮市華廈街５４巷１號,花蓮縣花蓮市民享里8鄰華廈街54巷1號,121.621499,24.00541
RPVOMLOKKIHGFAU96DA,花蓮縣吉安鄉華工六路７２巷２５弄１２號,花蓮縣吉安鄉光華村14鄰華工六路72巷25弄12號,121.591123,23.939046
RPUOMLOJJIHGFAU66DA,花蓮縣吉安鄉福昌一街９１號,花蓮縣吉安鄉福興村9鄰福昌一街91號,121.558409,23.968613
RPOOMLTJKIHGFAU66DA,花蓮縣吉安鄉明仁二街１７６巷５號,花蓮縣吉安鄉永安村13鄰明仁二街176巷5號,121.575579,23.989957
RPXNMLRLKIHGFAU47DA,花蓮縣花蓮市富裕二街１６３巷６號,花蓮縣花蓮市國裕里28鄰富裕二街163巷6號,121.600782,23.996597
RPSPMLKLKIHGFAU09DA,花蓮縣花蓮市福光街３５９巷１６號,花蓮縣花蓮市國福里13鄰福光街359巷16號,121.58777,24.012658
RPXOMLLJKIHGFAU76DA,花蓮縣吉安鄉東海三街１８號一樓,花蓮縣吉安鄉東昌村8鄰東海三街18號,121.596345,23.966137
RPPNMLLKJIHGFAU48DA,花蓮縣花蓮市北昌三街１８巷１弄２號,找不到指定的門牌地址。,,
RPOOMLKLKIHGFAU58DA,花蓮縣花蓮市介林五街２２３號,花蓮縣花蓮市國興里19鄰介林五街223號,121.571811,23.99541
RPSOMLTKKIHGFAU17DA,花蓮縣花蓮市國盛四街１１６號五樓之二,花蓮縣花蓮市國盛里24鄰國盛四街116號,121.607495,23.995089
RPUOMLTKKIHGFAU37DA,花蓮縣吉安鄉全民街６６號二樓,花蓮縣吉安鄉永興村16鄰全民街66號,121.570139,23.93882
RPPOMLRLKIHGFAU76DA,花蓮縣吉安鄉中山路三段６８２巷５號,花蓮縣吉安鄉慶豐村46鄰中山路三段682巷5號,121.559861,23.984304
RPUNMLRLKIHGFAU17DA,花蓮縣花蓮市府前路６６０號,花蓮縣花蓮市民享里13鄰府前路660號,121.618733,24.005624
RPPNMLSLKIHGFAU76DA,花蓮縣花蓮市德安六街９６巷２號,花蓮縣花蓮市主權里21鄰德安六街96巷2號,121.590611,23.972705
RPQNMLQLKIHGFAU66DA,花蓮縣花蓮市國富十街６７號,花蓮縣花蓮市國富里10鄰國富十街67號,121.596982,23.989982
RPSQMLNLKIHGFAU86DA,花蓮縣花蓮市國民八街５號七樓之二,花蓮縣花蓮市國聯里30鄰國民八街5號,121.604243,23.993234
RPOOMLSJKIHGFAU56DA,花蓮縣花蓮市光復街３０之３號,花蓮縣花蓮市主商里2鄰光復街30之3號,121.608548,23.975753
RPWNMLTLKIHGFAU57DA,花蓮縣花蓮市林森路２８７號二樓之三,花蓮縣花蓮市國風里24鄰林森路287號,121.60244,23.979647
RPTOMLNJJHIGFAU09DA,花蓮縣花蓮市建安街１２巷２號,花蓮縣花蓮市國興里3鄰建安街12巷2號,121.576358,23.992822
RPTQMLLLKIHGFAU76DA,花蓮縣花蓮市重慶路２０５巷１３號,花蓮縣花蓮市主和里37鄰重慶路205巷13號,121.603581,23.96942
RPQNMLLLJIHGFAU68DA,花蓮縣花蓮市民權四街３６號五樓,花蓮縣花蓮市民德里10鄰民權四街36號,121.620169,23.9842
RPUOMLKMKIHGFAU66DA,花蓮縣吉安鄉太昌路２５４巷３號,花蓮縣吉安鄉永安村20鄰太昌路254巷3號,121.571783,23.989321
RPROMLKMKIHGFAU98DA,花蓮縣吉安鄉自強路２０１巷３１弄８號,花蓮縣吉安鄉勝安村32鄰自強路201巷31弄8號,121.586281,23.98095
RPQNMLOJJHIGFAU78DA,花蓮縣吉安鄉慈惠二街５５號,花蓮縣吉安鄉勝安村23鄰慈惠二街55號,121.586349,23.975885
RPRNMLOJJHIGFAU88DA,花蓮縣吉安鄉慈惠二街４９號,花蓮縣吉安鄉勝安村23鄰慈惠二街49號,121.586496,23.975809
RPPNMLTLKIHGFAU86DA,花蓮縣花蓮市中興路３２號十二樓之一,花蓮縣花蓮市民運里5鄰中興路32號,121.632298,23.992605
RPTPMLPJJHIGFAU76DA,花蓮縣吉安鄉仁里十四街４號,花蓮縣吉安鄉仁里村32鄰仁里十四街4號,121.586898,23.969276
RPTOMLPJJHIGFAU66DA,花蓮縣吉安鄉南埔八街５２號之１六樓之一,花蓮縣吉安鄉仁里村26鄰南埔八街52號之1,121.590932,23.969339
RPUOMLKKJHIGFAU98DA,花蓮縣花蓮市國盛五街２３號,花蓮縣花蓮市國盛里26鄰國盛五街23號,121.608272,23.993786
RPQNMLRJKIHGFAU56DA,花蓮縣吉安鄉南海一街２０１之１號,花蓮縣吉安鄉仁和村2鄰南海一街201之1號,121.592015,23.958273
RPXNMLLKJHIGFAU66DA,花蓮縣花蓮市德安五街６８號,花蓮縣花蓮市主權里20鄰德安五街65之1號,121.591558,23.973116
RPVNMLLKJHIGFAU09DA,花蓮縣花蓮市國盛六街５３號四樓之十三,花蓮縣花蓮市國盛里27鄰國盛六街53號,121.608667,23.994657
RPSPMLMKJHIGFAU09DA,花蓮縣吉安鄉中央路一段４４０號,花蓮縣吉安鄉永興村7鄰中央路一段440號,121.563315,23.958397
RPTNMLMJKIHGFAU98DA,花蓮縣花蓮市延平街７４巷２９號,花蓮縣花蓮市國魂里6鄰延平街74巷29號,121.601628,23.985348
RPTOMLQJJHIGFAU76DA,花蓮縣吉安鄉慶豐十三街５３號,花蓮縣吉安鄉慶豐村45鄰慶豐十三街53號,121.561567,23.980888
RPXNMLKKJHIGFAU56DA,花蓮縣花蓮市華興街１２０巷９弄８號,花蓮縣花蓮市民享里11鄰華興街120巷9弄8號,121.619829,24.006021
RPTPMLKKJHIGFAU98DA,花蓮縣吉安鄉昌隆三街７９號,花蓮縣吉安鄉南昌村24鄰昌隆三街79號,121.580513,23.969916
RPXPMLKMJIHGFAU96DA,花蓮縣花蓮市國盛二街２５９號,花蓮縣花蓮市國盛里9鄰國盛二街259號,121.605438,23.995899
RPVNMLLMJHIGFAU66DA,花蓮縣花蓮市福建街４０６號五樓之二,花蓮縣花蓮市主計里1鄰福建街406號,121.607769,23.973483
RPPPMLOKKHIGFAU09DA,花蓮縣花蓮市延平街５０號,花蓮縣花蓮市國魂里2鄰延平街50之1號,121.602275,23.984656
RPOQMLKMJIHGFAU78DA,花蓮縣花蓮市建昌路４０號,找不到指定的門牌地址。,,
RPXOMLOJJHIGFAU96DA,花蓮縣花蓮市中美路８９巷２號六樓之三,花蓮縣花蓮市民勤里14鄰中美路89巷2號,121.624354,23.98994
RPPNMLKKJHIGFAU38DA,花蓮縣花蓮市建安街１２巷１８號三樓之三,花蓮縣花蓮市國興里3鄰建安街12巷18號,121.576755,23.992827
RPSOMLMJKHIGFAU98DA,花蓮縣吉安鄉北安街１６０巷６弄１６號,花蓮縣吉安鄉永安村29鄰北安街160巷6弄16號,121.577522,23.979856
RPOOMLMLJIHGFAU68DA,花蓮縣花蓮市國富十街２１１號,花蓮縣花蓮市國富里30鄰國富十街211號,121.59465,23.993603
RPXOMLPJKIHGFAU17DA,花蓮縣花蓮市國民八街５號二樓之六,花蓮縣花蓮市國聯里30鄰國民八街5號,121.604243,23.993234
RPTOMLSJKIHGFAU07DA,花蓮縣吉安鄉東海六街１２０號,花蓮縣吉安鄉東昌村10鄰東海六街120號,121.597191,23.964466
RPTNMLTJKIHGFAU07DA,花蓮縣花蓮市國聯二路７３號,花蓮縣花蓮市國聯里16鄰國聯二路73號,121.60335,23.989782
RPPOMLMLJIHGFAU78DA,花蓮縣花蓮市國民七街５１號八樓之十八,花蓮縣花蓮市國盛里3鄰國民七街51號,121.60583,23.991358
RPPOMLPKJIHGFAU98DA,花蓮縣花蓮市國興一街９５號七樓之十二,花蓮縣花蓮市國聯里34鄰國興一街95號,121.603854,23.99555
RPTQMLSLIIHGFAU27DA,花蓮縣花蓮市建國路一段３６號二樓,花蓮縣花蓮市國安里10鄰建國路32號,121.606376,23.98307
RPOPMLQJIIHGFAU88DA,花蓮縣花蓮市國盛三街７８巷１１號,花蓮縣花蓮市國盛里22鄰國盛三街78巷11號,121.606894,23.995391
RPQOMLMKKIHGFAU88DA,花蓮縣花蓮市豐村１４６之１號,花蓮縣花蓮市國強里11鄰豐村146之1號,121.604787,24.01087
RPPNMLNKKIHGFAU78DA,花蓮縣吉安鄉太昌路１０８號,花蓮縣吉安鄉永安村23鄰太昌路108號,121.575031,23.987472
RPPOMLNKKIHGFAU88DA,花蓮縣吉安鄉南海五街８１巷１０號,花蓮縣吉安鄉仁安村18鄰南海五街81巷10號,121.594533,23.948684
RPXNMLMKKIHGFAU86DA,花蓮縣花蓮市中美路２３４號,花蓮縣花蓮市民運里1鄰中美路234號,121.628896,23.994572
RPPNMLRJJIHGFAU98DA,花蓮縣花蓮市國民七街５１號十一樓之九,花蓮縣花蓮市國盛里3鄰國民七街51號,121.60583,23.991358
RPWOMLLLKIHGFAU86DA,花蓮縣吉安鄉東海十一街１號七樓之六,花蓮縣吉安鄉東昌村27鄰東海十一街1號,121.592419,23.965087
RPTPMLKLKIHGFAU56DA,花蓮縣吉安鄉明義七街１４５巷７４弄３號,花蓮縣吉安鄉太昌村23鄰明義七街145巷74弄3號,121.556804,23.989142
RPPOMLMKKIHGFAU78DA,花蓮縣花蓮市重慶路２２３巷６號,花蓮縣花蓮市主和里21鄰重慶路223巷6號,121.604383,23.969828
RPUOMLKMJIHGFAU56DA,花蓮縣花蓮市國富十三街４９號,花蓮縣花蓮市國富里11鄰國富十三街49號,121.596025,23.990186
RPVOMLLJKIHGFAU56DA,花蓮縣花蓮市華興街３３號三樓之一,花蓮縣花蓮市民享里19鄰華興街33號,121.619964,24.003143
RPVQMLNLKIHGFAU17DA,花蓮縣吉安鄉中山路三段１１６號三樓之三,花蓮縣吉安鄉慶豐村5鄰中山路三段116號,121.574119,23.97623
RPWQMLNLKIHGFAU27DA,花蓮縣吉安鄉中山路三段１１６號五樓之一,花蓮縣吉安鄉慶豐村5鄰中山路三段116號,121.574119,23.97623
RPXQMLNLKIHGFAU37DA,花蓮縣吉安鄉中山路三段１１６號五樓之二,花蓮縣吉安鄉慶豐村5鄰中山路三段116號,121.574119,23.97623
RPRNMLLLJIHGFAU78DA,花蓮縣吉安鄉建國路一段１５５巷３號,花蓮縣吉安鄉吉昌村11鄰建國路一段155巷3號,121.590616,23.985813
RPVOMLNJJHIGFAU66DA,花蓮縣花蓮市國富二十一街２２號六樓之五,花蓮縣花蓮市國富里42鄰國富二十一街22號,121.595868,23.993634
RPSOMLQJJHIGFAU66DA,花蓮縣吉安鄉明義七街９９巷１６弄４５號,花蓮縣吉安鄉太昌村21鄰明義七街99巷16弄45號,121.55651,23.991236
RPSNMLQKJHIGFAU66DA,花蓮縣吉安鄉稻香路１２７號,花蓮縣吉安鄉稻香村14鄰稻香路127號,121.567954,23.963909
RPPNMLQJKHIGFAU98DA,花蓮縣吉安鄉海岸路３２巷３５號,花蓮縣吉安鄉仁和村1鄰海岸路32巷35號,121.590671,23.961583
RPVNMLMJKHIGFAU56DA,花蓮縣吉安鄉建國路二段１５１號,花蓮縣吉安鄉永安村3鄰建國路二段151號,121.57807,23.991685
RPRNMLQKKHIGFAU76EA,花蓮縣吉安鄉慶豐五街１３５號,花蓮縣吉安鄉慶豐村14鄰慶豐五街135號,121.570727,23.977139
RPXOMLOJKHIGFAU07DA,花蓮縣花蓮市國盛四街１１６號四樓之二十,花蓮縣花蓮市國盛里24鄰國盛四街116號,121.607495,23.995089
RPORMLNLKIHGFAU56DA,花蓮縣吉安鄉中山路三段１１６號四樓之二,花蓮縣吉安鄉慶豐村5鄰中山路三段116號,121.574119,23.97623
RPTNMLRLKIHGFAU07DA,花蓮縣花蓮市民國路１６１號三樓之二,花蓮縣花蓮市國威里10鄰民國路161號,121.607974,23.98082
RPOOMLKMKIHGFAU68DA,花蓮縣吉安鄉中山路三段１１６號四樓之三,花蓮縣吉安鄉慶豐村5鄰中山路三段116號,121.574119,23.97623
RPTOMLOJJHIGFAU56DA,花蓮縣花蓮市中華路１４５號,花蓮縣花蓮市主信里2鄰中華路145號,121.605754,23.975688
RPSOMLNJKHIGFAU09DA,花蓮縣花蓮市林森路２７３巷３弄４５號,花蓮縣花蓮市國華里24鄰林森路273巷3弄45號,121.599582,23.98119
RPVOMLQKJHIGFAU07DA,花蓮縣花蓮市球崙一路２２９號三樓,花蓮縣花蓮市民享里6鄰球崙一路229號,121.62287,24.003985
RPVNMLTLKIHGFAU47DA,花蓮縣吉安鄉中山路三段１１６號三樓之二,花蓮縣吉安鄉慶豐村5鄰中山路三段116號,121.574119,23.97623
RPSPMLNLRHHGFAU37DA,花蓮縣吉安鄉慶北一街２３８之２號,花蓮縣吉安鄉慶豐村40鄰慶北一街238之2號,121.564331,23.982246
RPWNMLRJJHIGFAU07DA,花蓮縣吉安鄉慶北二街３７１號,花蓮縣吉安鄉慶豐村40鄰慶北二街371號,121.564404,23.98245
RPXOMLNLKIHGFAU17DA,花蓮縣花蓮市富裕三街４８號九樓之三,花蓮縣花蓮市國裕里11鄰富裕三街48號,121.598119,23.99408
RPROMLLLKIHGFAU98DA,花蓮縣花蓮市明禮路２６巷１之２號四樓之一,花蓮縣花蓮市國光里4鄰明禮路26巷1之2號,121.608526,23.982961
RPVOMLNLKIHGFAU96DA,花蓮縣花蓮市富裕三街４８號八樓之五,花蓮縣花蓮市國裕里11鄰富裕三街48號,121.598119,23.99408
RPOOMLLJKHIGFAU48DA,花蓮縣花蓮市富裕三街４８號九樓之一,花蓮縣花蓮市國裕里11鄰富裕三街48號,121.598119,23.99408
RPWNMLNLKIHGFAU96DA,花蓮縣花蓮市富裕三街４８號三樓之二,花蓮縣花蓮市國裕里11鄰富裕三街48號,121.598119,23.99408
RPPOMLMLKIHGFAU88DA,花蓮縣吉安鄉永興八街８０號,花蓮縣吉安鄉永興村6鄰永興八街80號,121.567735,23.956384
RPPOMLLLKIHGFAU78DA,花蓮縣花蓮市富裕五街３６號三樓之七,花蓮縣花蓮市國裕里11鄰富裕五街36號,121.597976,23.994479
RPROMLLJKHIGFAU78DA,花蓮縣花蓮市富裕三街４８號十樓之二,花蓮縣花蓮市國裕里11鄰富裕三街48號,121.598119,23.99408
RPQNMLQKKHIGFAU56DA,花蓮縣花蓮市富裕十六街３７號八樓之二,花蓮縣花蓮市國裕里5鄰富裕十六街37號,121.596214,23.996369
RPOPMLOKKIHGFAU98DA,花蓮縣花蓮市華興街２之７號,花蓮縣花蓮市民享里20鄰華興街2之7號,121.621339,24.002033
RPTNMLOJJHIGFAU09DA,花蓮縣花蓮市華興街２之８號,花蓮縣花蓮市民享里20鄰華興街2之8號,121.621369,24.002006
RPSOMLNLKIHGFAU66DA,花蓮縣花蓮市富裕三街４８號六樓之二,花蓮縣花蓮市國裕里11鄰富裕三街48號,121.598119,23.99408
RPWNMLOJJHIGFAU76DA,花蓮縣花蓮市華興街２之５號,花蓮縣花蓮市民享里20鄰華興街2之5號,121.621261,24.002085
RPQOMLKKJHIGFAU58DA,花蓮縣花蓮市華興街２之６號,花蓮縣花蓮市民享里20鄰華興街2之6號,121.6213,24.002058
RPROMLQLKIHGFAU86DA,花蓮縣花蓮市中正路１８４巷１３號,花蓮縣花蓮市主安里11鄰中正路184巷13號,121.598988,23.970801
RPPOMLSKKHIGFAU76DA,花蓮縣花蓮市國興三街７９號六樓之二,花蓮縣花蓮市國聯里17鄰國興三街79號,121.603126,23.988727
RPPOMLLJKHIGFAU58DA,花蓮縣花蓮市富裕三街４８號九樓之二,花蓮縣花蓮市國裕里11鄰富裕三街48號,121.598119,23.99408
RPQOMLLJKHIGFAU68DA,花蓮縣花蓮市富裕三街４８號九樓之五,花蓮縣花蓮市國裕里11鄰富裕三街48號,121.598119,23.99408
RPQOMLSKKHIGFAU86DA,花蓮縣花蓮市國興三街７９號六樓之三,花蓮縣花蓮市國聯里17鄰國興三街79號,121.603126,23.988727
RPOOMLQKKIHGFAU09DA,花蓮縣花蓮市富裕五街３６號九樓之五,花蓮縣花蓮市國裕里11鄰富裕五街36號,121.597976,23.994479
RPUOMLNLKIHGFAU86DA,花蓮縣花蓮市富裕三街４８號七樓之五,花蓮縣花蓮市國裕里11鄰富裕三街48號,121.598119,23.99408
RPOPMLNLKIHGFAU98DA,花蓮縣花蓮市富裕三街４８號八樓之一,花蓮縣花蓮市國裕里11鄰富裕三街48號,121.598119,23.99408
RPPPMLMLRHHGFAU96DA,花蓮縣吉安鄉慶北二街３６５號,花蓮縣吉安鄉慶豐村40鄰慶北二街365號,121.564494,23.982409
RPQNMLSJKIHGFAU66DA,花蓮縣花蓮市富裕五街３６號四樓之五,花蓮縣花蓮市國裕里11鄰富裕五街36號,121.597976,23.994479
RPPOMLNLKIHGFAU98DA,花蓮縣花蓮市富裕三街４８號四樓之二,花蓮縣花蓮市國裕里11鄰富裕三街48號,121.598119,23.99408
RPWOMLSLIIHGFAU37DA,花蓮縣花蓮市富裕五街３６號五樓之七,花蓮縣花蓮市國裕里11鄰富裕五街36號,121.597976,23.994479
RPOQMLSLIIHGFAU76DA,花蓮縣花蓮市富裕五街３６號十樓之六,花蓮縣花蓮市國裕里11鄰富裕五街36號,121.597976,23.994479
RPRNMLQKJIHGFAU56DA,花蓮縣吉安鄉慶北一街２３８之１號,花蓮縣吉安鄉慶豐村40鄰慶北一街238之1號,121.564374,23.982229
RPROMLSKKHIGFAU96DA,花蓮縣花蓮市國興三街７９號六樓之五,花蓮縣花蓮市國聯里17鄰國興三街79號,121.603126,23.988727
RPSOMLSKKHIGFAU07DA,花蓮縣花蓮市國興三街７９號五樓之三,花蓮縣花蓮市國聯里17鄰國興三街79號,121.603126,23.988727
RPTOMLSKKHIGFAU17DA,花蓮縣花蓮市國興三街７９號七樓之三,花蓮縣花蓮市國聯里17鄰國興三街79號,121.603126,23.988727
RPUOMLSKKHIGFAU27DA,花蓮縣花蓮市國興三街７９號五樓之五,花蓮縣花蓮市國聯里17鄰國興三街79號,121.603126,23.988727
RPQOMLNLKIHGFAU09DA,花蓮縣花蓮市富裕三街４８號四樓之五,花蓮縣花蓮市國裕里11鄰富裕三街48號,121.598119,23.99408
RPUNMLQJLHIGFAU96DA,花蓮縣花蓮市國興三街７９號二樓之三,花蓮縣花蓮市國聯里17鄰國興三街79號,121.603126,23.988727
RPUNMLNLKIHGFAU76DA,花蓮縣花蓮市富裕三街４８號二樓之三,花蓮縣花蓮市國裕里11鄰富裕三街48號,121.598119,23.99408
RPROMLNLKIHGFAU56DA,花蓮縣花蓮市富裕三街４８號五樓之五,花蓮縣花蓮市國裕里11鄰富裕三街48號,121.598119,23.99408
RPPPMLOJJHIGFAU88DA,花蓮縣花蓮市富裕三街４８號二樓之二,花蓮縣花蓮市國裕里11鄰富裕三街48號,121.598119,23.99408
RPQPMLOJJHIGFAU98DA,花蓮縣花蓮市富裕三街４８號三樓之五,花蓮縣花蓮市國裕里11鄰富裕三街48號,121.598119,23.99408
RPXNMLLJKHIGFAU66DA,花蓮縣花蓮市富裕三街４８號八樓之三,花蓮縣花蓮市國裕里11鄰富裕三街48號,121.598119,23.99408
RPTOMLNLKIHGFAU76DA,花蓮縣花蓮市富裕三街４８號六樓之五,花蓮縣花蓮市國裕里11鄰富裕三街48號,121.598119,23.99408
RPTNMLNLKIHGFAU66DA,花蓮縣花蓮市富裕三街４８號二樓之一,花蓮縣花蓮市國裕里11鄰富裕三街48號,121.598119,23.99408
RPVNMLNLKIHGFAU86DA,花蓮縣花蓮市富裕三街４８號三樓之一,花蓮縣花蓮市國裕里11鄰富裕三街48號,121.598119,23.99408
RPSNMLLJKHIGFAU78DA,花蓮縣花蓮市富裕三街４８號四樓之一,花蓮縣花蓮市國裕里11鄰富裕三街48號,121.598119,23.99408
RPTNMLLJKHIGFAU88DA,花蓮縣花蓮市富裕三街４８號五樓之一,花蓮縣花蓮市國裕里11鄰富裕三街48號,121.598119,23.99408
RPVNMLLJKHIGFAU09DA,花蓮縣花蓮市富裕三街４８號六樓之一,花蓮縣花蓮市國裕里11鄰富裕三街48號,121.598119,23.99408
RPOOMLNLKIHGFAU88DA,花蓮縣花蓮市富裕三街４８號三樓之三,花蓮縣花蓮市國裕里11鄰富裕三街48號,121.598119,23.99408
RPSPMLOJJHIGFAU56DA,花蓮縣花蓮市富裕三街４８號七樓之一,花蓮縣花蓮市國裕里11鄰富裕三街48號,121.598119,23.99408
RPTPMLOJJHIGFAU66DA,花蓮縣花蓮市富裕三街４８號七樓之三,花蓮縣花蓮市國裕里11鄰富裕三街48號,121.598119,23.99408
RPWNMLLJKHIGFAU56DA,花蓮縣花蓮市富裕三街４８號七樓之二,花蓮縣花蓮市國裕里11鄰富裕三街48號,121.598119,23.99408
RPTNMLQJLHIGFAU86DA,花蓮縣花蓮市國興三街７９號二樓之二,花蓮縣花蓮市國聯里17鄰國興三街79號,121.603126,23.988727
RPWOMLNLKIHGFAU07DA,花蓮縣花蓮市富裕三街４８號六樓之三,花蓮縣花蓮市國裕里11鄰富裕三街48號,121.598119,23.99408
RPRPMLOJJHIGFAU09DA,花蓮縣花蓮市富裕三街４８號四樓之三,花蓮縣花蓮市國裕里11鄰富裕三街48號,121.598119,23.99408
RPUPMLOJJHIGFAU76DA,花蓮縣花蓮市富裕三街４８號八樓之二,花蓮縣花蓮市國裕里11鄰富裕三街48號,121.598119,23.99408
RPUNMLLJKHIGFAU98DA,花蓮縣花蓮市富裕三街４８號五樓之三,花蓮縣花蓮市國裕里11鄰富裕三街48號,121.598119,23.99408
RPSNMLKKJHIGFAU68DA,花蓮縣花蓮市富裕五街３６號三樓之五,花蓮縣花蓮市國裕里11鄰富裕五街36號,121.597976,23.994479
RPWNMLLKNHIGFAU96DA,花蓮縣花蓮市中央路三段７２０巷５號八樓之六,花蓮縣花蓮市國富里35鄰中央路三段720巷5號,121.591137,23.99133
RPUNMLSKNHIGFAU47DA,花蓮縣花蓮市民權路９巷２弄１３號四樓,花蓮縣花蓮市民德里13鄰民權路9巷2弄13號,121.620848,23.982609
RPPOMLQKNHIGFAU86DA,花蓮縣花蓮市民權路１１７號,花蓮縣花蓮市民立里5鄰民權路117號,121.626195,23.988636
RPQNMLQKNHIGFAU86DA,花蓮縣花蓮市南京街１９１號六樓之十六,花蓮縣花蓮市主信里5鄰南京街191號,121.606202,23.974713
RPPOMLSKNHIGFAU07DA,花蓮縣花蓮市華泰街１號四樓之二,花蓮縣花蓮市民享里14鄰華泰街1號,121.619823,24.004617
RPSOMLRKNHIGFAU27DA,花蓮縣花蓮市延平街１４８巷３弄８號五樓之一,花蓮縣花蓮市國魂里18鄰延平街148巷3弄8號,121.598575,23.986145
RPROMLLKNHIGFAU56DA,花蓮縣吉安鄉勝安二街３０巷９弄２９號,花蓮縣吉安鄉勝安村3鄰勝安二街30巷9弄29號,121.589078,23.975432
RPPNMLLKNHIGFAU88DA,花蓮縣吉安鄉仁里十三街１７號,花蓮縣吉安鄉仁里村24鄰仁里十三街17號,121.587674,23.970184
RPOOMLNLNHIGFAU56DA,花蓮縣花蓮市德安一街９４巷６號,花蓮縣花蓮市主權里12鄰德安一街94巷6號,121.594123,23.973101
RPPNMLOLNHIGFAU66DA,花蓮縣花蓮市國民八街８號三樓之二,花蓮縣花蓮市國聯里29鄰國民八街8號,121.60415,23.993065
RPXNMLOLNHIGFAU47DA,花蓮縣吉安鄉中央路二段１７１巷１３之１號,花蓮縣吉安鄉吉安村17鄰中央路二段171巷13之1號,121.57047,23.973112
RPPNMLPLNHIGFAU76DA,花蓮縣吉安鄉慶豐十一街１８８號之１７,花蓮縣吉安鄉慶豐村33鄰慶豐十一街188號之17,121.565858,23.982267
RPXNMLQLNHIGFAU67DA,花蓮縣花蓮市睦和街４１巷５號,花蓮縣花蓮市主權里26鄰睦和街41巷5號,121.591309,23.97532
RPSPMLQLNHIGFAU37DA,花蓮縣花蓮市國興三街４７號,花蓮縣花蓮市國聯里19鄰國興三街47號,121.603782,23.989356
RPPNMLQLNHIGFAU96EA,花蓮縣吉安鄉仁里五街６５巷１之２號,花蓮縣吉安鄉仁里村29鄰仁里五街65巷1號之2,121.590157,23.968989
RPPNMLTLNHIGFAU27EA,花蓮縣花蓮市國聯二路８３號八樓之六,花蓮縣花蓮市國聯里16鄰國聯二路83號,121.603223,23.989657
RPVNMLKMNHIGFAU96DA,花蓮縣花蓮市中央路三段７３０號八樓之十六,花蓮縣花蓮市國富里35鄰中央路三段730號,121.590858,23.991491
RPSNMLLMNHIGFAU76DA,花蓮縣花蓮市中央路三段７３０號十樓之十二,花蓮縣花蓮市國富里35鄰中央路三段730號,121.590858,23.991491
RPQOMLOLNHIGFAU86DA,花蓮縣吉安鄉太昌路６２１之２號,花蓮縣吉安鄉太昌村14鄰太昌路621之2號,121.558126,23.995663
RPOOMLLJOHIGFAU88DA,花蓮縣吉安鄉全民街６７號五樓,花蓮縣吉安鄉永興村16鄰全民街67號,121.570246,23.938803
RPUPMLPLNHIGFAU47DA,花蓮縣花蓮市國盛六街５３號三樓之六,花蓮縣花蓮市國盛里27鄰國盛六街53號,121.608667,23.994657
RPQNMLPJOHIGFAU86EA,花蓮縣花蓮市建中街２８巷２號二樓之五,花蓮縣花蓮市國魂里21鄰建中街28巷2號,121.600434,23.984708
RPTOMLKKNHIGFAU66DA,花蓮縣吉安鄉宜昌二街３３號,花蓮縣吉安鄉宜昌村4鄰宜昌二街33號,121.586152,23.972722
RPTNMLPLNHIGFAU17DA,花蓮縣花蓮市國興二街９３號,花蓮縣花蓮市國聯里15鄰國興二街93號,121.602654,23.990096
RPPNMLTKNHIGFAU07DA,花蓮縣花蓮市中美路７１之６號,花蓮縣花蓮市民勤里37鄰中美路71之6號,121.622465,23.987635
RPQOMLLJOHIGFAU09DA,花蓮縣花蓮市富強路４８號三樓之二,花蓮縣花蓮市國裕里6鄰富強路48號,121.596538,23.995974
RPUOMLLJOHIGFAU86DA,花蓮縣花蓮市德安五街２１號,花蓮縣花蓮市主權里14鄰德安五街21號,121.592866,23.972161
RPTNMLPJOHIGFAU07DA,花蓮縣吉安鄉昌隆三街７０號八樓,花蓮縣吉安鄉南昌村25鄰昌隆三街70號,121.580177,23.969799
RPPNMLNJOHIGFAU09DA,花蓮縣花蓮市東興一街８０之１號,花蓮縣花蓮市民孝里11鄰東興一街80之1號,121.63198,24.001245
RPPNMLPJOHIGFAU76EA,花蓮縣花蓮市東興一街７９巷２０號十二樓之二,花蓮縣花蓮市民孝里16鄰東興一街79巷20號,121.630584,24.003021
RPUOMLLMNHIGFAU07DA,花蓮縣花蓮市福建街４０６號五樓之六,花蓮縣花蓮市主計里1鄰福建街406號,121.607769,23.973483
RPSNMLRJOHIGFAU17DA,花蓮縣吉安鄉民治路３３６巷２８弄２號,花蓮縣吉安鄉勝安村34鄰民治路336巷28弄2號,121.587125,23.982858
RPPNMLQJOHIGFAU76DA,花蓮縣花蓮市商校街９４號三樓,花蓮縣花蓮市國聯里17鄰商校街94號,121.603466,23.987857
RPROMLSJOHIGFAU27DA,花蓮縣吉安鄉南海五街２３０巷１８號,花蓮縣吉安鄉仁和村15鄰南海五街230巷18號,121.589757,23.951574
RPXOMLQJOHIGFAU67DA,花蓮縣花蓮市中和街１６３號六樓之二,花蓮縣花蓮市主力里5鄰中和街163號,121.598698,23.9734
RPOOMLQJOHIGFAU76DA,花蓮縣吉安鄉海岸路６０４號,花蓮縣吉安鄉仁和村22鄰海岸路604號,121.588415,23.946528
RPROMLLJOHIGFAU56DA,花蓮縣花蓮市國民五街５３號三樓之一,花蓮縣花蓮市國聯里19鄰國民五街53號,121.604158,23.989484
RPWNMLLMNHIGFAU17DA,花蓮縣吉安鄉東海十五街８０巷１９弄４０號,花蓮縣吉安鄉東昌村22鄰東海十五街80巷19弄40號,121.594398,23.962138
RPSNMLOLNHIGFAU96DA,花蓮縣花蓮市自立路４５號,找不到指定的門牌地址。,,
RPPNMLOKMHIGFAU09DA,花蓮縣花蓮市富強路４８號七樓之八,花蓮縣花蓮市國裕里6鄰富強路48號,121.596538,23.995974
RPQPMLSKMHIGFAU17DA,花蓮縣吉安鄉南海五街２９９號,花蓮縣吉安鄉仁和村17鄰南海五街299號,121.587352,23.951809
RPQNMLOKMHIGFAU56DA,花蓮縣花蓮市長安街２６號十一樓之三,花蓮縣花蓮市主農里8鄰長安街26號,121.596978,23.96724
RPPOMLKLMHIGFAU88DA,花蓮縣花蓮市民德四街１０５號四樓,花蓮縣花蓮市民立里3鄰民德四街105號,121.624174,23.987328
RPROMLOLMHIGFAU86DA,花蓮縣花蓮市國民八街１０６號五樓之二,花蓮縣花蓮市國盛里28鄰國民八街106號,121.608701,23.993869
RPOOMLOLMHIGFAU56DA,花蓮縣花蓮市榮正街２５巷３弄７號,花蓮縣花蓮市主安里16鄰榮正街25巷3弄7號,121.598254,23.972227
RPSNMLOLMHIGFAU86DA,花蓮縣花蓮市中和街３６號,花蓮縣花蓮市主和里30鄰中和街36號,121.602519,23.969904
RPUNMLLKMHIGFAU66DA,花蓮縣花蓮市國民七街５３號八樓之一,花蓮縣花蓮市國盛里4鄰國民七街53號,121.605877,23.991365
RPTOMLPLMHIGFAU17DA,花蓮縣花蓮市中正路２６４號七樓之五,花蓮縣花蓮市主學里13鄰中正路264號,121.601091,23.972716
RPOOMLQLMHIGFAU76DA,花蓮縣花蓮市國盛一街７６號四樓之三,花蓮縣花蓮市國盛里14鄰國盛一街76號,121.606299,23.99106
RPQNMLRLMHIGFAU07EA,花蓮縣花蓮市國富二十街９６號三樓之三,花蓮縣花蓮市國富里26鄰國富二十街96號,121.593333,23.991313
RPTNMLPLMHIGFAU07DA,花蓮縣花蓮市中山路４５５巷２２號四樓之二,花蓮縣花蓮市國華里9鄰中山路455巷22號,121.603808,23.982713
RPQOMLQLMHIGFAU96DA,花蓮縣花蓮市國民八街５號十樓之五,花蓮縣花蓮市國聯里30鄰國民八街5號,121.604243,23.993234
RPWOMLQLMHIGFAU57DA,花蓮縣花蓮市中央路三段６８６號,花蓮縣花蓮市國富里34鄰中央路三段686號,121.590472,23.990853
RPQNMLNJNHIGFAU09DA,花蓮縣花蓮市國民七街５３號四樓之十三,花蓮縣花蓮市國盛里4鄰國民七街53號,121.605877,23.991365
RPRNMLNJNHIGFAU56DA,花蓮縣吉安鄉吉安路六段４０３巷１弄７號,花蓮縣吉安鄉干城村9鄰吉安路六段403巷1弄7號,121.543122,23.942256
RPXOMLQLMHIGFAU67DA,花蓮縣花蓮市國民八街５號十樓之七,花蓮縣花蓮市國聯里30鄰國民八街5號,121.604243,23.993234
RPQNMLOJNHIGFAU56DA,花蓮縣花蓮市中原路５３３巷３２之１１號,花蓮縣花蓮市主權里12鄰中原路533巷32之11號,121.595056,23.972239
RPSNMLOJNHIGFAU76DA,花蓮縣花蓮市中美十三街５２號三樓之十二,花蓮縣花蓮市民政里35鄰中美十三街52號,121.623687,23.998049
RPOOMLOJNHIGFAU09DA,花蓮縣花蓮市國盛六街５３號二樓之七,花蓮縣花蓮市國盛里27鄰國盛六街53號,121.608667,23.994657
RPQOMLOJNHIGFAU66DA,花蓮縣花蓮市國盛四街５１號六樓之十五,花蓮縣花蓮市國盛里23鄰國盛四街51號,121.607395,23.994675
RPSNMLPJNHIGFAU86DA,花蓮縣吉安鄉慶南一街２２７號,花蓮縣吉安鄉慶豐村28鄰慶南一街227號,121.565821,23.979661
RPPNMLOJNHIGFAU09DA,花蓮縣花蓮市公正街３７號九樓之九,花蓮縣花蓮市民生里8鄰公正街37號,121.610068,23.978
RPROMLNJNHIGFAU66DA,花蓮縣花蓮市國盛六街５３號四樓之十三,花蓮縣花蓮市國盛里27鄰國盛六街53號,121.608667,23.994657
RPSOMLSLMHIGFAU37DA,花蓮縣花蓮市中順街４５巷１６號六樓之三,花蓮縣花蓮市主農里12鄰中順街45巷16號,121.596896,23.967663
RPSPMLQLMHIGFAU27DA,花蓮縣花蓮市北濱街７３號,花蓮縣花蓮市民有里18鄰北濱街73號,121.615347,23.975645
RPVNMLSJNHIGFAU47DA,花蓮縣花蓮市福建街１２０巷６號,花蓮縣花蓮市主安里2鄰福建街120巷6號,121.600478,23.96835
RPVNMLPJNHIGFAU17DA,花蓮縣吉安鄉明義七街１４０巷８號,花蓮縣吉安鄉太昌村24鄰明義七街140巷8號,121.554844,23.990527
RPVOMLOJNHIGFAU17DA,花蓮縣花蓮市中央路三段７３０號十樓之二,花蓮縣花蓮市國富里35鄰中央路三段730號,121.590858,23.991491
RPPNMLSJNHIGFAU86DA,花蓮縣吉安鄉中興路１９０巷５號,花蓮縣吉安鄉吉安村14鄰中興路190巷5號,121.569063,23.97237
RPPNMLRLMHIGFAU86DA,花蓮縣花蓮市國民七街５３號十二樓之七,花蓮縣花蓮市國盛里4鄰國民七街53號,121.605877,23.991365
RPUOMLQLMHIGFAU37DA,花蓮縣花蓮市國民八街５號九樓之二,花蓮縣花蓮市國聯里30鄰國民八街5號,121.604243,23.993234
RPSNMLLJNHIGFAU09DA,花蓮縣花蓮市中央路三段７３０號六樓之十七,花蓮縣花蓮市國富里35鄰中央路三段730號,121.590858,23.991491
RPPOMLLKMHIGFAU88DA,花蓮縣花蓮市國聯五路１３１號四樓之一,花蓮縣花蓮市國聯里28鄰國聯五路131號,121.604895,23.99264
RPUNMLTJNHIGFAU47DA,花蓮縣花蓮市中美三街２３巷８號五樓,花蓮縣花蓮市民勤里30鄰中美三街23巷8號,121.624621,23.991582
RPTNMLKKNHIGFAU56DA,花蓮縣吉安鄉中山路一段６６號八樓之二,花蓮縣吉安鄉仁里村20鄰中山路一段66號,121.589065,23.965896
RPTOMLPJNHIGFAU07DA,花蓮縣花蓮市中興路１０１號十樓之五,花蓮縣花蓮市民立里8鄰中興路101號,121.628367,23.993779
RPROMLPJNHIGFAU86DA,花蓮縣花蓮市民族路１號二樓之三,花蓮縣花蓮市民運里4鄰民族路1號,121.631201,23.995093
RPOOMLTJNHIGFAU96DA,花蓮縣吉安鄉東里一街３２號三樓之六,花蓮縣吉安鄉仁里村1鄰東里一街32號,121.594058,23.967737
RPPNMLOJNHIGFAU56EA,花蓮縣花蓮市南京街２０３號八樓之十二,花蓮縣花蓮市主信里5鄰南京街203號,121.606539,23.974793
RPXNMLOLMHIGFAU37DA,花蓮縣花蓮市民樂三街２之１號十一樓之五,花蓮縣花蓮市民樂里11鄰民樂三街2之1號,121.633493,23.990753
RPPOMLLKNHIGFAU98DA,花蓮縣花蓮市中美十三街７８號五樓之九,花蓮縣花蓮市民政里35鄰中美十三街78號,121.624202,23.99869
RPSNMLMKNHIGFAU66DA,花蓮縣花蓮市中華路３２５之１６號,花蓮縣花蓮市主力里20鄰中華路325之16號,121.5982,23.974862
RPWNMLMKNHIGFAU07DA,花蓮縣花蓮市建興街１１０巷４弄２８號,花蓮縣花蓮市國興里9鄰建興街110巷4弄28號,121.576182,23.99532
RPUOMLKKNHIGFAU76DA,花蓮縣花蓮市中央路三段７３０號六樓之九,花蓮縣花蓮市國富里35鄰中央路三段730號,121.590858,23.991491
RPPOMLMKNHIGFAU09DA,花蓮縣吉安鄉南海四街２４６巷１弄９號,花蓮縣吉安鄉仁和村11鄰南海四街246巷1弄9號,121.589198,23.95361
RPPNMLPKNHIGFAU66DA,花蓮縣花蓮市德安二街６８巷６０號七樓,花蓮縣花蓮市主權里20鄰德安二街68巷60號,121.591544,23.973445
RPPNMLMKNHIGFAU98DA,花蓮縣花蓮市中和街１６３號四樓之三,花蓮縣花蓮市主力里5鄰中和街163號,121.598698,23.9734
RPSPMLLKNHIGFAU76DA,花蓮縣花蓮市豐村５４號五樓之二,花蓮縣花蓮市國強里4鄰豐村54號,121.601063,24.001515
RPQPMLQLMHIGFAU07DA,花蓮縣花蓮市延平街８６號,花蓮縣花蓮市國魂里9鄰延平街86號,121.600956,23.985043
RPVNMLRLMHIGFAU47DA,花蓮縣吉安鄉昌隆三街７１號,花蓮縣吉安鄉南昌村24鄰昌隆三街71號,121.580355,23.970009
RPRPMLLKNHIGFAU66DA,花蓮縣花蓮市豐村１０２之２２號,花蓮縣花蓮市國強里8鄰豐村102之22號,121.598496,24.005147
RPUPMLLKNHIGFAU96DA,花蓮縣花蓮市中正路１１０巷５弄５之８號,花蓮縣花蓮市主農里15鄰中正路110巷5弄5之8號,121.598299,23.96976
RPQNMLPKNHIGFAU76DA,花蓮縣花蓮市富安路１０６號七樓之九,花蓮縣花蓮市國裕里18鄰富安路106號,121.599829,23.99554
RPRNMLPKNHIGFAU86DA,花蓮縣花蓮市華興街３４號,花蓮縣花蓮市民享里18鄰華興街34號,121.620196,24.00314
RPUNMLPKNHIGFAU17DA,花蓮縣花蓮市國民七街５３號八樓之二,花蓮縣花蓮市國盛里4鄰國民七街53號,121.605877,23.991365
RPVNMLPKNHIGFAU27DA,花蓮縣吉安鄉永興七街１０８號,花蓮縣吉安鄉永興村4鄰永興七街108號,121.568713,23.955522
RPVNMLQKNHIGFAU37DA,花蓮縣花蓮市南京街１４７號四樓之九,花蓮縣花蓮市主睦里8鄰南京街147號,121.605103,23.973868
RPSNMLTJNHIGFAU27DA,花蓮縣花蓮市國民八街５號三樓之八,花蓮縣花蓮市國聯里30鄰國民八街5號,121.604243,23.993234
RPWOMLSJNHIGFAU67DA,花蓮縣花蓮市公正街３７號五樓之十四,花蓮縣花蓮市民生里8鄰公正街37號,121.610068,23.978
RPWOMLOJNHIGFAU27DA,花蓮縣花蓮市國民七街５１號十樓之二十五,花蓮縣花蓮市國盛里3鄰國民七街51號,121.60583,23.991358
RPUOMLNJNHIGFAU96DA,花蓮縣吉安鄉中山路一段７８號,花蓮縣吉安鄉仁里村37鄰中山路一段78號,121.588479,23.966729
RPVOMLNJNHIGFAU07DA,花蓮縣吉安鄉南埔八街１４８巷２弄１號,花蓮縣吉安鄉仁里村34鄰南埔八街148巷2弄1號,121.588781,23.96711
RPWOMLNJNHIGFAU17DA,花蓮縣吉安鄉南埔八街１４８巷２弄３號,花蓮縣吉安鄉仁里村34鄰南埔八街148巷2弄3號,121.58874,23.967136
RPXOMLNJNHIGFAU27DA,花蓮縣吉安鄉南埔八街１４８巷２弄５號,花蓮縣吉安鄉仁里村34鄰南埔八街148巷2弄5號,121.588696,23.967161
RPWNMLQKNHIGFAU47DA,花蓮縣花蓮市華泰街７號三樓,花蓮縣花蓮市民享里14鄰華泰街7號,121.619945,24.004653
RPTNMLRKNHIGFAU27DA,花蓮縣花蓮市東興二街３３號九樓之三,花蓮縣花蓮市民孝里9鄰東興二街33號,121.629769,23.999789
RPQNMLMKNHIGFAU09DA,花蓮縣花蓮市國富十三街２之１號,花蓮縣花蓮市國富里45鄰國富十三街2之1號,121.597432,23.99142
RPPNMLKLMHIGFAU78DA,花蓮縣花蓮市球崙二路９６巷２２號,花蓮縣花蓮市民享里4鄰球崙二路96巷22號,121.622621,24.002904
RPRNMLLJNHIGFAU98DA,花蓮縣花蓮市德安二街６８巷５６號三樓,花蓮縣花蓮市主權里20鄰德安二街68巷56號,121.591652,23.973502
RPPOMLRKNHIGFAU96DA,花蓮縣花蓮市民族路１號七樓之九,花蓮縣花蓮市民運里4鄰民族路1號,121.631201,23.995093
RPPNMLQKNHIGFAU76DA,花蓮縣吉安鄉永興七街１０６號,花蓮縣吉安鄉永興村4鄰永興七街106號,121.568646,23.955563
RPRNMLRKNHIGFAU07DA,花蓮縣花蓮市建國路７５巷２８弄２７號,花蓮縣花蓮市國華里12鄰建國路75巷28弄27號,121.603111,23.982275
RPOOMLQKNHIGFAU76DA,花蓮縣花蓮市民德四街１１７號二樓,花蓮縣花蓮市民立里3鄰民德四街117號,121.624657,23.987852
RPWOMLQKNHIGFAU57DA,花蓮縣花蓮市北昌五街５２號二樓之二,找不到指定的門牌地址。,,
RPXNMLPKNHIGFAU47DA,花蓮縣花蓮市國民七街５３號七樓之八,花蓮縣花蓮市國盛里4鄰國民七街53號,121.605877,23.991365
RPTNMLSKNHIGFAU37DA,花蓮縣吉安鄉明義七街９９巷１６弄５號,花蓮縣吉安鄉太昌村21鄰明義七街99巷16弄16號,121.556393,23.990746
RPPNMLSKNHIGFAU07EA,花蓮縣花蓮市東興一街７９巷１８號九樓之三,花蓮縣花蓮市民孝里16鄰東興一街79巷18號,121.630917,24.003056
RPQNMLLOJHIGFAU09EA,花蓮縣花蓮市國聯五路５７之４號,花蓮縣花蓮市國聯里26鄰國聯五路57之4號,121.60535,23.990677
RPQNMLTKNHIGFAU17DA,花蓮縣花蓮市中美五街１２２巷３號四樓,花蓮縣花蓮市民政里30鄰中美五街122巷3號,121.626788,23.994326
RPTNMLTKNHIGFAU47DA,花蓮縣花蓮市自強路５０７巷２７號五樓,找不到指定的門牌地址。,,
RPVNMLTKNHIGFAU67DA,花蓮縣吉安鄉永興五街６９之２號,花蓮縣吉安鄉永興村2鄰永興五街69之2號,121.569135,23.954415
RPSNMLPKNHIGFAU96DA,花蓮縣花蓮市中美路８１號,花蓮縣花蓮市民勤里17鄰中美路81號,121.62365,23.989065
RPUNMLSJNHIGFAU37DA,花蓮縣花蓮市國盛四街５１號七樓之二,花蓮縣花蓮市國盛里23鄰國盛四街51號,121.607395,23.994675
RPUNMLNLNHIGFAU07DA,花蓮縣花蓮市博愛街１３６號,花蓮縣花蓮市主商里23鄰博愛街136號,121.606534,23.977319
RPSOMLSKNHIGFAU37DA,花蓮縣花蓮市中原路３９４巷６號,花蓮縣花蓮市主安里7鄰中原路394巷6號,121.599287,23.969632
RPVOMLRKNHIGFAU57DA,花蓮縣吉安鄉稻香路３１巷８號,花蓮縣吉安鄉稻香村15鄰稻香路31巷8號,121.570882,23.961863
RPUOMLMLNHIGFAU07DA,花蓮縣花蓮市豐村１８之１２號,花蓮縣花蓮市國強里1鄰豐村18之12號,121.603641,24.001787
RPUNMLTKNHIGFAU57DA,花蓮縣花蓮市建昌路２２８號五樓之二,花蓮縣花蓮市國富里34鄰建昌路228號,121.590233,23.990295
RPQOMLMLNHIGFAU66DA,花蓮縣花蓮市富裕五街３６號八樓之一,花蓮縣花蓮市國裕里11鄰富裕五街36號,121.597976,23.994479
RPPOMLNLNHIGFAU66DA,花蓮縣花蓮市中央路四段２８８巷５弄１０號,花蓮縣花蓮市國裕里35鄰中央路四段288巷5弄10號,121.598185,23.99969
RPQOMLNLNHIGFAU76DA,花蓮縣花蓮市中央路四段２８８巷５弄８號,花蓮縣花蓮市國裕里35鄰中央路四段288巷5弄8號,121.598218,23.999659
RPTOMLNLNHIGFAU07DA,花蓮縣花蓮市德安二街７２號,花蓮縣花蓮市主權里20鄰德安二街72號,121.592277,23.973127
RPROMLPLNHIGFAU07DA,花蓮縣花蓮市福建街５８號,花蓮縣花蓮市主農里4鄰福建街58號,121.598832,23.967307
RPSOMLPLNHIGFAU17DA,花蓮縣吉安鄉舊村四街７號,花蓮縣吉安鄉吉安村13鄰舊村四街7號,121.565257,23.968128
RPTNMLNLNHIGFAU96DA,花蓮縣吉安鄉南海二街２０２巷１４號,花蓮縣吉安鄉仁和村2鄰南海二街202巷14號,121.592789,23.956402
RPROMLOLNHIGFAU96DA,花蓮縣花蓮市豐村１３之２號,花蓮縣花蓮市國強里2鄰豐村13之2號,121.604089,24.002015
RPQNMLLJNHIGFAU88DA,花蓮縣花蓮市中正路４２巷２號,花蓮縣花蓮市主農里17鄰中正路42巷2號,121.595535,23.969048
RPVNMLOLNHIGFAU27DA,花蓮縣花蓮市建興街３５號四樓之七,花蓮縣花蓮市國興里11鄰建興街35號,121.574826,23.993969
RPUNMLQLNHIGFAU37DA,花蓮縣花蓮市華廈街３８號四樓之三,花蓮縣花蓮市民享里15鄰華廈街38號,121.620555,24.005262
RPVOMLPJNHIGFAU27DA,花蓮縣花蓮市長春街１７號,花蓮縣花蓮市主農里18鄰長春街17號,121.596138,23.968571
RPQNMLPLNHIGFAU86DA,花蓮縣花蓮市富陽路３８號三樓之一,花蓮縣花蓮市國裕里20鄰富陽路38號,121.599031,23.995871
RPWNMLQLNHIGFAU57DA,花蓮縣花蓮市國盛一街１８０之４１號五樓,花蓮縣花蓮市國盛里12鄰國盛一街180之41號,121.605765,23.993224
RPQNMLQLNHIGFAU96DA,花蓮縣花蓮市富裕三街４８號三樓之三,花蓮縣花蓮市國裕里11鄰富裕三街48號,121.598119,23.99408
RPPNMLTLNHIGFAU17DA,花蓮縣花蓮市民族路１號四樓之十三,花蓮縣花蓮市民運里4鄰民族路1號,121.631201,23.995093
RPUOMLTLNHIGFAU77DA,花蓮縣吉安鄉永興七街１１０號,花蓮縣吉安鄉永興村4鄰永興七街110號,121.568779,23.955494
RPXPMLTLNHIGFAU18DA,花蓮縣吉安鄉慶豐四街１５２號,花蓮縣吉安鄉慶豐村7鄰慶豐四街152號,121.572582,23.977703
RPSOMLOLNHIGFAU07DA,花蓮縣花蓮市建國路二段８２８之３號,花蓮縣花蓮市國興里26鄰建國路二段828之3號,121.566819,23.996176
RPOPMLQLNHIGFAU96DA,花蓮縣花蓮市德安二街２１號,花蓮縣花蓮市主權里10鄰德安二街21號,121.593965,23.97416
RPPNMLOLMHIGFAU56DA,花蓮縣吉安鄉吉興路二段７０巷９號,花蓮縣吉安鄉稻香村13鄰吉興路二段70巷9號,121.571434,23.962674
RPTOMLLMNHIGFAU96DA,花蓮縣吉安鄉吉興路三段１５８號,花蓮縣吉安鄉永興村5鄰吉興路三段158號,121.566059,23.953448
RPXOMLQLNHIGFAU77DA,花蓮縣花蓮市國富二十街５８號二樓之五,花蓮縣花蓮市國富里28鄰國富二十街58號,121.594303,23.991982
RPQOMLQLNHIGFAU07DA,花蓮縣花蓮市國興六街２６號,花蓮縣花蓮市國聯里6鄰國興六街26號,121.598924,23.988178
RPRNMLLMNHIGFAU66DA,花蓮縣吉安鄉吉興一街３７９號,花蓮縣吉安鄉吉安村5鄰吉興一街379號,121.576818,23.973447
RPTPMLLKNHIGFAU86DA,花蓮縣吉安鄉東里十四街１０４號,花蓮縣吉安鄉東昌村18鄰東里十四街104號,121.59672,23.961949
RPTNMLKMNHIGFAU76DA,花蓮縣花蓮市榮正街１２１號,花蓮縣花蓮市主安里18鄰榮正街121號,121.597364,23.973701
RPUNMLKMNHIGFAU86DA,花蓮縣花蓮市德安二街６８巷２號九樓,花蓮縣花蓮市主權里20鄰德安二街68巷2號,121.592361,23.973551
RPXOMLLMNHIGFAU37DA,花蓮縣吉安鄉南海四街２６０號,花蓮縣吉安鄉仁和村11鄰南海四街260號,121.588939,23.953527
RPVPMLLKNHIGFAU07DA,花蓮縣花蓮市民權七街２巷１３號,花蓮縣花蓮市民立里2鄰民權七街2巷13號,121.624377,23.988039
RPVOMLLMNHIGFAU17DA,花蓮縣花蓮市林榮街７４巷３弄２之１號,花蓮縣花蓮市國風里12鄰林榮街74巷3弄2之1號,121.597824,23.978997
RPTNMLMJOHIGFAU76DA,花蓮縣吉安鄉吉昌二街１９４巷８號,花蓮縣吉安鄉吉安村29鄰吉昌二街194巷8號,121.563728,23.970286
RPUNMLMJOHIGFAU86DA,花蓮縣花蓮市順興路１６１巷３號二樓之一,花蓮縣花蓮市民政里25鄰順興路161巷3號,121.622783,23.995721
RPWNMLMJOHIGFAU07DA,花蓮縣吉安鄉慶南三街４５８巷１５號,花蓮縣吉安鄉慶豐村45鄰慶南三街458巷15號,121.561372,23.981086
RPPNMLPJOHIGFAU66DA,花蓮縣花蓮市國民八街６５號五樓之八,花蓮縣花蓮市國盛里19鄰國民八街65號,121.606613,23.993677
RPSNMLPJOHIGFAU96DA,花蓮縣花蓮市國富三街９號,花蓮縣花蓮市國富里1鄰國富三街9號,121.598783,23.989286
RPUNMLPJOHIGFAU17DA,花蓮縣花蓮市國富三街１１號,花蓮縣花蓮市國富里1鄰國富三街11號,121.598774,23.989246
RPVNMLPJOHIGFAU27DA,花蓮縣吉安鄉南濱路一段３９巷１號,花蓮縣吉安鄉東昌村38鄰南濱路一段39巷1號,121.602638,23.957352
RPTNMLQLNHIGFAU27DA,花蓮縣吉安鄉中華路二段９３號五樓之三,花蓮縣吉安鄉宜昌村7鄰中華路二段93號,121.584878,23.973593
RPPOMLMJOHIGFAU09DA,花蓮縣花蓮市富安路１４７號五樓之三,花蓮縣花蓮市國裕里19鄰富安路147號,121.600004,23.996302
RPQNMLSJOHIGFAU07DA,花蓮縣花蓮市延平街１４８巷２弄３３號,花蓮縣花蓮市國魂里11鄰延平街148巷2弄33號,121.600442,23.985807
RPOOMLSJOHIGFAU96DA,花蓮縣花蓮市國聯四路８３號三樓之六,花蓮縣花蓮市國盛里12鄰國聯四路83號,121.606352,23.99246
RPPOMLLJOHIGFAU98DA,花蓮縣吉安鄉中山路三段１１６號三樓之一,花蓮縣吉安鄉慶豐村5鄰中山路三段116號,121.574119,23.97623
RPQNMLMJOHIGFAU09DA,花蓮縣花蓮市莊敬路２６７巷２７號,花蓮縣花蓮市國富里25鄰莊敬路269號,121.592578,23.991116
RPSNMLPKLHIGFAU76DA,花蓮縣花蓮市國盛二街１１８號四樓之七,花蓮縣花蓮市國盛里17鄰國盛二街118號,121.605998,23.996006
RPPOMLOKLHIGFAU09DA,花蓮縣花蓮市國聯二路８３號五樓之一,花蓮縣花蓮市國聯里16鄰國聯二路83號,121.603223,23.989657
RPWNMLPKLHIGFAU17DA,花蓮縣花蓮市富裕一街１３２號五樓之六,花蓮縣花蓮市國裕里7鄰富裕一街132號,121.596699,23.99482
RPTNMLQKLHIGFAU96DA,花蓮縣吉安鄉南海八街２１０巷１號,花蓮縣吉安鄉仁和村23鄰南海八街210巷1號,121.585026,23.946839
RPUNMLRKLHIGFAU17DA,花蓮縣吉安鄉慶豐九街１０６巷１２號,花蓮縣吉安鄉慶豐村53鄰慶豐九街106巷12號,121.569486,23.979994
RPQOMLRJLHIGFAU76DA,花蓮縣花蓮市莊敬路２２９號五樓之二,花蓮縣花蓮市國富里21鄰莊敬路226號,121.593311,23.990497
RPVNMLMLLHIGFAU86DA,花蓮縣吉安鄉明仁二街１７７巷２３號,花蓮縣吉安鄉永安村33鄰明仁二街177巷23號,121.574993,23.988878
RPPPMLLLLHIGFAU98DA,花蓮縣花蓮市德安一街１０８巷２８號,花蓮縣花蓮市主權里12鄰德安一街108巷28號,121.593813,23.973134
RPOOMLOLLHIGFAU09DA,花蓮縣吉安鄉文化十一街１５號,花蓮縣吉安鄉南昌村2鄰文化十一街15號,121.579958,23.972002
RPWNMLOLLHIGFAU17DA,花蓮縣花蓮市國興二街１３６號四樓之七,花蓮縣花蓮市國聯里10鄰國興二街136號,121.601474,23.989318
RPPNMLKLLHIGFAU68DA,花蓮縣花蓮市國興一街９５號二樓之二,花蓮縣花蓮市國聯里34鄰國興一街95號,121.603854,23.99555
RPQNMLSLLHIGFAU96DA,花蓮縣花蓮市國盛一街１９０號二樓之三,花蓮縣花蓮市國盛里11鄰國盛一街190號,121.60567,23.993649
RPUNMLSLLHIGFAU37DA,花蓮縣花蓮市國聯二路８３號六樓之五,花蓮縣花蓮市國聯里16鄰國聯二路83號,121.603223,23.989657
RPSNMLRLLHIGFAU07DA,花蓮縣花蓮市中美十三街７８號五樓之八,花蓮縣花蓮市民政里35鄰中美十三街78號,121.624202,23.99869
RPPNMLPLLHIGFAU56DA,花蓮縣花蓮市國民七街５３號三樓之九,花蓮縣花蓮市國盛里4鄰國民七街53號,121.605877,23.991365
RPUOMLSLLHIGFAU47DA,花蓮縣花蓮市德安一街１２２巷１６號,花蓮縣花蓮市主權里12鄰德安一街122巷16號,121.593554,23.972781
RPTOMLRLLHIGFAU27DA,花蓮縣吉安鄉南埔八街１８７巷２號,花蓮縣吉安鄉仁里村19鄰南埔八街187巷2號,121.589196,23.966774
RPSNMLTLLHIGFAU27DA,花蓮縣花蓮市重慶路２５０巷５３號,花蓮縣花蓮市主和里40鄰重慶路250巷53號,121.604746,23.968592
RPTNMLTLLHIGFAU37DA,花蓮縣花蓮市豐村１３６之１６號,花蓮縣花蓮市國強里11鄰豐村136之16號,121.600001,24.00973
RPWOMLSLLHIGFAU67DA,花蓮縣吉安鄉仁里四街１３８號,花蓮縣吉安鄉仁里村24鄰仁里四街138號,121.588741,23.970074
RPXNMLSLLHIGFAU67DA,花蓮縣花蓮市國盛一街１９０號五樓之６,花蓮縣花蓮市國盛里11鄰國盛一街190號,121.60567,23.993649
RPQOMLPKLHIGFAU66DA,花蓮縣吉安鄉東海六街１０７號,花蓮縣吉安鄉東昌村8鄰東海六街107號,121.59643,23.965554
RPPNMLTLLHIGFAU07EA,花蓮縣花蓮市中華路４１０號,花蓮縣花蓮市主權里8鄰中華路410號,121.59492,23.97482
RPOOMLSLLHIGFAU86DA,花蓮縣花蓮市府前路４４６號,花蓮縣花蓮市民意里44鄰府前路446號,121.620831,23.999189
RPQNMLQJMHIGFAU66DA,花蓮縣吉安鄉福昌二街９號,花蓮縣吉安鄉福興村24鄰福昌二街9號,121.559239,23.970742
RPSOMLMLLHIGFAU66DA,花蓮縣吉安鄉慶北二街３６３號,花蓮縣吉安鄉慶豐村40鄰慶北二街363號,121.564528,23.982393
RPPOMLKLLHIGFAU78DA,花蓮縣花蓮市國盛二街２１３號四樓之一,花蓮縣花蓮市國盛里11鄰國盛二街213號,121.606033,23.99434
RPTNMLMLLHIGFAU66DA,花蓮縣花蓮市中和街６１號,花蓮縣花蓮市主和里33鄰中和街61號,121.602097,23.970153
RPTNMLLMLHIGFAU66DA,花蓮縣花蓮市國盛一街６６巷４之１１號,花蓮縣花蓮市國盛里14鄰國盛一街66巷4之11號,121.606542,23.990684
RPTNMLQJMHIGFAU96DA,花蓮縣花蓮市國民七街５３號四樓之十八,花蓮縣花蓮市國盛里4鄰國民七街53號,121.605877,23.991365
RPOOMLQJMHIGFAU56DA,花蓮縣花蓮市國聯四路３６號九樓之六,花蓮縣花蓮市國聯里25鄰國聯四路36號,121.604084,23.991838
RPPNMLRJMHIGFAU66DA,花蓮縣花蓮市東興二街１２巷１１號,花蓮縣花蓮市民孝里8鄰東興二街12巷11號,121.630767,23.999189
RPOOMLKKMHIGFAU68DA,花蓮縣花蓮市建昌路１７巷１號四樓之五,花蓮縣花蓮市國慶里12鄰建昌路252巷12號,121.589665,23.990787
RPSNMLKMLHIGFAU09DA,花蓮縣花蓮市國民八街５號十一樓之五,花蓮縣花蓮市國聯里30鄰國民八街5號,121.604243,23.993234
RPSOMLRLLHIGFAU17DA,花蓮縣花蓮市化道路２００之２號,花蓮縣花蓮市民享里2鄰化道路200之2號,121.620767,24.00165
RPSNMLPLLHIGFAU86DA,花蓮縣花蓮市中和街２１７號八樓之一,花蓮縣花蓮市主力里21鄰中和街217號,121.597691,23.974049
RPQNMLOLLHIGFAU56DA,花蓮縣花蓮市中美十三街５６號二樓之七,花蓮縣花蓮市民政里35鄰中美十三街56號,121.623858,23.99822
RPPOMLRJMHIGFAU76DA,花蓮縣花蓮市進豐街５７巷８號五樓之一,花蓮縣花蓮市國防里6鄰進豐街57巷8號,121.60632,23.986031
RPQOMLRJMHIGFAU86DA,花蓮縣花蓮市進豐街５７巷８號四樓之一,花蓮縣花蓮市國防里6鄰進豐街57巷8號,121.60632,23.986031
RPXOMLKKMHIGFAU96DA,花蓮縣吉安鄉福興一街１５號,花蓮縣吉安鄉福興村6鄰福興一街15號,121.561319,23.968964
RPPPMLKKMHIGFAU88DA,花蓮縣花蓮市明心街２３號五樓之一,花蓮縣花蓮市國防里2鄰明心街23號,121.607573,23.985882
RPVOMLKKMHIGFAU76DA,花蓮縣花蓮市康樂街５號之１,花蓮縣花蓮市民主里1鄰康樂街5之1號,121.614731,23.973983
RPROMLLKMHIGFAU09DA,花蓮縣花蓮市國盛一街１６８號四樓之二,花蓮縣花蓮市國盛里12鄰國盛一街168號,121.605838,23.992956
RPSOMLLKMHIGFAU56DA,花蓮縣花蓮市國盛一街１６８號七樓之二,花蓮縣花蓮市國盛里12鄰國盛一街168號,121.605838,23.992956
RPRNMLMKMHIGFAU09DA,花蓮縣吉安鄉東海三街１６號三樓,花蓮縣吉安鄉東昌村8鄰東海三街16號,121.596279,23.966183
RPVNMLMKMHIGFAU86DA,花蓮縣吉安鄉全民街１３３號,花蓮縣吉安鄉永興村19鄰全民街133號,121.571437,23.937743
RPWNMLKKMHIGFAU76DA,花蓮縣花蓮市榮正街８６之１號三樓,花蓮縣花蓮市主力里21鄰榮正街86之1號,121.597695,23.973655
RPXNMLKKMHIGFAU86DA,花蓮縣吉安鄉慈惠二街１７３號,花蓮縣吉安鄉勝安村24鄰慈惠二街173號,121.582884,23.977487
RPQOMLMKMHIGFAU09DA,花蓮縣吉安鄉荳蘭三街６３號三樓,花蓮縣吉安鄉宜昌村15鄰荳蘭三街63號,121.583494,23.973063
RPROMLOKLHIGFAU66DA,花蓮縣花蓮市富裕七街１９號二樓之三,花蓮縣花蓮市國裕里14鄰富裕七街19號,121.598772,23.994976
RPUNMLTLLHIGFAU47DA,花蓮縣花蓮市長安街２６號十一樓之七,花蓮縣花蓮市主農里8鄰長安街26號,121.596978,23.96724
RPPOMLTLLHIGFAU07DA,花蓮縣吉安鄉中山路二段１１８號,花蓮縣吉安鄉宜昌村19鄰中山路二段118號,121.580253,23.972833
RPPOMLMKMHIGFAU98DA,花蓮縣花蓮市富安路９７號二樓之一,花蓮縣花蓮市國裕里15鄰富安路97號,121.599293,23.994973
RPSNMLMKMHIGFAU56DA,花蓮縣吉安鄉東里十五街１１９號,花蓮縣吉安鄉東昌村17鄰東里十五街119號,121.597153,23.960936
RPUNMLMKMHIGFAU76DA,花蓮縣吉安鄉南華五街３１號,花蓮縣吉安鄉南華村13鄰南華五街31號,121.547781,23.9553
RPWOMLKKMHIGFAU86DA,花蓮縣花蓮市自立路３４巷８號四樓之四,找不到指定的門牌地址。,,
RPQNMLNKMHIGFAU09DA,花蓮縣花蓮市中正路１４３巷６號,花蓮縣花蓮市主安里13鄰中正路143巷6號,121.597658,23.971302
RPUNMLKKLHIGFAU09DA,花蓮縣吉安鄉福興三街１０號,花蓮縣吉安鄉福興村10鄰福興三街10號,121.560713,23.967307
RPSNMLNKMHIGFAU76EA,花蓮縣吉安鄉東里四街６號,花蓮縣吉安鄉東昌村1鄰東里四街6號,121.595448,23.967177
RPTOMLNKMHIGFAU86DA,花蓮縣花蓮市中原路５３３巷３２之８號,花蓮縣花蓮市主權里12鄰中原路533巷32之8號,121.595167,23.972341
RPQOMLOKMHIGFAU66DA,花蓮縣花蓮市國民一街２０號三樓之二,花蓮縣花蓮市國聯里2鄰國民一街20號,121.601198,23.988567
RPTOMLLKMHIGFAU66DA,花蓮縣花蓮市國盛五街６８號五樓之十,花蓮縣花蓮市國盛里27鄰國盛五街68號,121.608255,23.994675
RPWNMLRKMHIGFAU47DA,花蓮縣花蓮市富裕五街３６號九樓之一,花蓮縣花蓮市國裕里11鄰富裕五街36號,121.597976,23.994479
RPOOMLOKMHIGFAU09DA,花蓮縣吉安鄉自強路９１巷２２號,花蓮縣吉安鄉勝安村28鄰自強路91巷22號,121.585185,23.978753
RPPOMLOKMHIGFAU56DA,花蓮縣吉安鄉自強路９１巷２２號,花蓮縣吉安鄉勝安村28鄰自強路91巷22號,121.585185,23.978753
RPXNMLNKMHIGFAU17DA,花蓮縣花蓮市國富二街２３之３號三樓,花蓮縣花蓮市國富里3鄰國富二街23之3號,121.597331,23.988215
RPPPMLMLLHIGFAU09DA,花蓮縣花蓮市富裕七街２１號五樓之二,花蓮縣花蓮市國裕里14鄰富裕七街21號,121.598741,23.99499
RPRNMLTLLHIGFAU17DA,花蓮縣花蓮市球崙街３２號,花蓮縣花蓮市民享里20鄰球崙街32號,121.621167,24.002431
RPUOMLMKMHIGFAU86DA,花蓮縣花蓮市長安街２６號九樓之九,花蓮縣花蓮市主農里8鄰長安街26號,121.596978,23.96724
RPXOMLMKMHIGFAU17DA,花蓮縣花蓮市國興三街６４號,花蓮縣花蓮市國聯里16鄰國興三街64號,121.603357,23.98927
RPPOMLNKMHIGFAU09DA,花蓮縣花蓮市進豐街５７巷８號二樓之一,花蓮縣花蓮市國防里6鄰進豐街57巷8號,121.60632,23.986031
RPSPMLOKMHIGFAU96DA,花蓮縣花蓮市建國路７５巷２８弄５０號,花蓮縣花蓮市國華里12鄰建國路75巷28弄50號,121.602804,23.982111
RPRNMLRKMHIGFAU96DA,花蓮縣花蓮市進豐街５７巷８號五樓之二,花蓮縣花蓮市國防里6鄰進豐街57巷8號,121.60632,23.986031
RPSNMLNKMHIGFAU66DA,花蓮縣花蓮市成功街４１號六樓之三,花蓮縣花蓮市主和里27鄰成功街41號,121.601983,23.970913
RPXNMLSKMHIGFAU67DA,花蓮縣花蓮市北昌一街９７巷２號四樓,找不到指定的門牌地址。,,
RPRPMLKKMHIGFAU09DA,花蓮縣花蓮市上海街１５２巷２號,花蓮縣花蓮市主睦里10鄰上海街152巷2號,121.604634,23.974181
RPVOMLSKMHIGFAU57DA,花蓮縣吉安鄉東海十街２２號之２,花蓮縣吉安鄉東昌村27鄰東海十街22號之2,121.592577,23.965323
RPWOMLMKMHIGFAU07DA,花蓮縣吉安鄉仁里三街７８號,花蓮縣吉安鄉仁里村7鄰仁里三街78號,121.592406,23.969403
RPTNMLKLMHIGFAU56DA,花蓮縣吉安鄉慶北三街２４８巷１５號,花蓮縣吉安鄉慶豐村9鄰慶北三街248巷15號,121.571278,23.980349
RPVNMLKLMHIGFAU76DA,花蓮縣吉安鄉昌隆三街７０號二樓,花蓮縣吉安鄉南昌村25鄰昌隆三街70號,121.580177,23.969799
RPPPMLTKMHIGFAU17DA,花蓮縣花蓮市林政街３１之１號二樓之五,花蓮縣花蓮市國風里11鄰林政街31之1號,121.596555,23.979215
RPXNMLTKMHIGFAU77DA,花蓮縣花蓮市美崙市場２４號,花蓮縣花蓮市民運里48鄰美崙市場24號,121.630337,23.994064
RPVNMLLKMHIGFAU76DA,花蓮縣吉安鄉中正路二段１７６之１號三樓之一,花蓮縣吉安鄉仁和村35鄰中正路二段176之1號,121.586608,23.959879
RPUOMLKKMHIGFAU66DA,花蓮縣吉安鄉中山路三段１１６號二樓之二,花蓮縣吉安鄉慶豐村5鄰中山路三段116號,121.574119,23.97623
RPSOMLKKMHIGFAU09DA,花蓮縣花蓮市中華路２７６之７號,花蓮縣花蓮市主力里7鄰中華路276之7號,121.599701,23.9756
RPSNMLSKMHIGFAU17DA,花蓮縣吉安鄉建國路一段２１９巷１４號,花蓮縣吉安鄉吉昌村13鄰建國路一段219巷14號,121.588155,23.98637
RPUNMLKLMHIGFAU66DA,花蓮縣吉安鄉仁里五街７４巷１６號,花蓮縣吉安鄉仁里村26鄰仁里五街74巷16號,121.590295,23.969787
RPWNMLLLMHIGFAU96DA,花蓮縣花蓮市國盛一街７６號三樓之二,花蓮縣花蓮市國盛里14鄰國盛一街76號,121.606299,23.99106
RPUOMLKLMHIGFAU76DA,花蓮縣花蓮市中美十一街６０號,花蓮縣花蓮市民政里23鄰中美十一街60號,121.623886,23.996238
RPOOMLLLMHIGFAU88DA,花蓮縣花蓮市國聯二路７１號五樓之六,花蓮縣花蓮市國聯里16鄰國聯二路71號,121.603375,23.989803
RPPOMLOLMHIGFAU66DA,花蓮縣花蓮市仁愛街３巷３號,花蓮縣花蓮市主計里10鄰仁愛街3巷3號,121.60696,23.971684
RPSOMLOLMHIGFAU96DA,花蓮縣吉安鄉仁里四街１４７巷１號,花蓮縣吉安鄉仁里村28鄰仁里四街147巷1號,121.588036,23.969795
RPPNMLPLMHIGFAU66DA,花蓮縣吉安鄉吉安路六段７５９號,花蓮縣吉安鄉干城村10鄰吉安路六段759號,121.525818,23.947951
RPRNMLNLMHIGFAU66DA,花蓮縣吉安鄉吉安路六段４０３巷１弄８號,花蓮縣吉安鄉干城村9鄰吉安路六段403巷1弄8號,121.543004,23.942148
RPRNMLOLMHIGFAU76DA,花蓮縣吉安鄉吉安路六段４０３巷３弄１１號,花蓮縣吉安鄉干城村9鄰吉安路六段403巷3弄11號,121.543167,23.941991
RPRNMLTKMHIGFAU17DA,花蓮縣花蓮市林森路２６８號三樓,花蓮縣花蓮市國光里4鄰林森路268號,121.608063,23.983029
RPQOMLPLMHIGFAU86DA,花蓮縣吉安鄉慈惠四街１１７號,花蓮縣吉安鄉勝安村19鄰慈惠四街117號,121.58766,23.977869
RPROMLPLMHIGFAU96DA,花蓮縣吉安鄉東海三街１８號五樓,花蓮縣吉安鄉東昌村8鄰東海三街18號,121.596345,23.966137
RPUOMLOKMHIGFAU07DA,花蓮縣吉安鄉中華路二段９３號九樓之四,花蓮縣吉安鄉宜昌村7鄰中華路二段93號,121.584878,23.973593
RPPPMLMKMHIGFAU09DA,花蓮縣花蓮市民享九街３０號,花蓮縣花蓮市民運里41鄰民享九街30號,121.63202,23.99662
RPPPMLNLLHIGFAU56DA,花蓮縣花蓮市林森路３１５巷１７號三樓之一,花蓮縣花蓮市國華里20鄰林森路315巷17號,121.602639,23.980674
RPSOMLPLMHIGFAU07DA,花蓮縣花蓮市民國路３２之３號,花蓮縣花蓮市國治里18鄰民國路32之3號,121.60566,23.978708
RPWOMLOLMHIGFAU37DA,花蓮縣吉安鄉南海八街２１０巷１３號,花蓮縣吉安鄉仁和村23鄰南海八街210巷13號,121.585179,23.947171
RPXOMLOLMHIGFAU47DA,花蓮縣吉安鄉東里八街５０號,花蓮縣吉安鄉東昌村31鄰東里八街50號,121.593177,23.963398
RPQNMLPLMHIGFAU76DA,花蓮縣花蓮市莊敬路２２９號三樓之一,花蓮縣花蓮市國富里21鄰莊敬路226號,121.593311,23.990497
RPRNMLQLMHIGFAU96DA,花蓮縣吉安鄉廣豐路１５號,花蓮縣吉安鄉稻香村29鄰廣豐路15號,121.577907,23.953759
RPTNMLRLMHIGFAU27DA,花蓮縣花蓮市東興二街３３號八樓之三,花蓮縣花蓮市民孝里9鄰東興二街33號,121.629769,23.999789
RPUOMLNKMHIGFAU96DA,花蓮縣吉安鄉全民街５９號二樓,花蓮縣吉安鄉永興村16鄰全民街59號,121.570432,23.938514
RPPOMLSLMHIGFAU07DA,花蓮縣花蓮市石壁街３２３號,花蓮縣花蓮市國福里11鄰石壁街323號,121.568023,24.004726
RPUOMLOLMHIGFAU17DA,花蓮縣花蓮市中原路５３３巷３２之１０號,花蓮縣花蓮市主權里12鄰中原路533巷32之10號,121.595087,23.97228
RPOPMLOLMHIGFAU66DA,花蓮縣花蓮市中原路５３３巷３２之９號,花蓮縣花蓮市主權里12鄰中原路533巷32之9號,121.595119,23.972314
RPSOMLQLMHIGFAU17DA,花蓮縣花蓮市富陽路３８號七樓之一,花蓮縣花蓮市國裕里20鄰富陽路38號,121.599031,23.995871
RPVNMLSLMHIGFAU57DA,花蓮縣花蓮市建和街１２號,花蓮縣花蓮市國興里7鄰建和街12號,121.575819,23.993362
RPTNMLSLMHIGFAU37DA,花蓮縣花蓮市府前路４８４之８號三樓之五,花蓮縣花蓮市民意里49鄰府前路484之8號,121.620876,24.000308
RPTNMLMJNHIGFAU66DA,花蓮縣吉安鄉東里一街３８號,花蓮縣吉安鄉仁里村1鄰東里一街38號,121.594151,23.967696
RPWNMLMKMHIGFAU96DA,花蓮縣吉安鄉吉豐路三段６８９巷３０號,花蓮縣吉安鄉永興村12鄰吉豐路三段689巷30號,121.552766,23.945744
RPVNMLLJNHIGFAU76DA,花蓮縣吉安鄉太昌路１３０巷１之２號,花蓮縣吉安鄉永安村23鄰太昌路130巷1之2號,121.574524,23.987888
RPRNMLMJNHIGFAU09DA,花蓮縣花蓮市東興二街１４７號四樓之三,花蓮縣花蓮市民孝里21鄰東興二街147號,121.629829,24.003733
RPXNMLNJNHIGFAU17DA,花蓮縣吉安鄉南埔十五街３１巷１４號,花蓮縣吉安鄉仁里村25鄰南埔十五街31巷14號,121.588294,23.971114
RPXNMLQJMHIGFAU37DA,花蓮縣花蓮市國民一街１２號四樓之二,花蓮縣花蓮市國聯里3鄰國民一街12號,121.600954,23.988759
RPXNMLMJNHIGFAU07DA,花蓮縣吉安鄉全民街５７號五樓,花蓮縣吉安鄉永興村16鄰全民街57號,121.57043,23.9387
RPTOMLMJNHIGFAU76DA,花蓮縣吉安鄉吉安路二段３８７巷３號,花蓮縣吉安鄉慶豐村31鄰吉安路二段387巷3號,121.567716,23.980998
RPUOMLMJNHIGFAU86DA,花蓮縣花蓮市介林九街１５號,花蓮縣花蓮市國興里17鄰介林九街15號,121.573066,23.996763
RPVOMLMJNHIGFAU96DA,花蓮縣花蓮市德安二街６８巷５０號八樓,花蓮縣花蓮市主權里20鄰德安二街68巷50號,121.591716,23.973554
RPWOMLMJNHIGFAU07DA,花蓮縣吉安鄉華城六街１２８號,花蓮縣吉安鄉光華村6鄰華城六街128號,121.574918,23.92762
RPPNMLNJNHIGFAU98DA,花蓮縣花蓮市中興路３２號十樓之三,花蓮縣花蓮市民運里5鄰中興路32號,121.632298,23.992605
RPWOMLSLMHIGFAU77DA,花蓮縣花蓮市中美路８９巷２號六樓之三,花蓮縣花蓮市民勤里14鄰中美路89巷2號,121.624354,23.98994
RPSNMLOLLHIGFAU76DA,花蓮縣吉安鄉南山一街１２號,花蓮縣吉安鄉宜昌村25鄰南山一街12號,121.583191,23.974779
RPROMLSLMHIGFAU27DA,花蓮縣花蓮市國興三街４３號,花蓮縣花蓮市國聯里19鄰國興三街43號,121.603859,23.989443
RPPOMLMJNHIGFAU98DA,花蓮縣吉安鄉吉祥四街４１號五樓之三,花蓮縣吉安鄉宜昌村25鄰吉祥四街41號,121.583872,23.974976
RPSNMLRLMHIGFAU17DA,花蓮縣花蓮市國盛二街４號,花蓮縣花蓮市國盛里15鄰國盛二街4號,121.607063,23.988588
RPROMLOKMHIGFAU76DA,花蓮縣花蓮市中山路４１２巷１７號四樓之一,花蓮縣花蓮市國安里15鄰中山路412巷17號,121.60351,23.985188
RPPOMLNJNHIGFAU09DA,花蓮縣吉安鄉中山路三段８７巷１弄２８號,花蓮縣吉安鄉吉安村5鄰中山路三段87巷1弄28號,121.576097,23.974072
RPSOMLNJNHIGFAU76DA,花蓮縣花蓮市中美三街７０號二樓之一,花蓮縣花蓮市民勤里19鄰中美三街70號,121.623152,23.988702
RPTOMLNJNHIGFAU86DA,花蓮縣吉安鄉南海四街２２７號,花蓮縣吉安鄉仁和村13鄰南海四街227號,121.589962,23.95286
RPXNMLOJNHIGFAU27DA,花蓮縣吉安鄉吉安路六段３５１巷１８號三樓,花蓮縣吉安鄉干城村9鄰吉安路六段351巷18號,121.544343,23.942246
RPTOMLOJNHIGFAU96DA,花蓮縣吉安鄉東海三街２０號四樓,花蓮縣吉安鄉東昌村8鄰東海三街20號,121.596406,23.966085
RPTNMLOJNHIGFAU86DA,花蓮縣花蓮市和平路５６８號,花蓮縣花蓮市國風里16鄰和平路568號,121.599678,23.979075
RPWNMLNJNHIGFAU07DA,花蓮縣花蓮市德安一街１３２號,花蓮縣花蓮市主權里14鄰德安一街132號,121.593616,23.971965
RPVOMLSLMHIGFAU67DA,花蓮縣花蓮市富裕十四街９巷１號,花蓮縣花蓮市國裕里33鄰富裕十四街9巷1號,121.599194,23.998677
RPTOMLSLMHIGFAU47DA,花蓮縣吉安鄉明義四街６４巷２１號,花蓮縣吉安鄉太昌村8鄰明義四街64巷21號,121.565235,23.99179
RPOOMLSJNHIGFAU86DA,花蓮縣吉安鄉南昌北路７２號,花蓮縣吉安鄉南昌村20鄰南昌北路72號,121.582192,23.969065
RPROMLSJNHIGFAU17DA,花蓮縣吉安鄉吉安路一段５５之１３號,花蓮縣吉安鄉永安村18鄰吉安路一段55號之13,121.574766,23.990938
RPXOMLSJNHIGFAU77DA,花蓮縣花蓮市公正街３７號四樓之五,花蓮縣花蓮市民生里8鄰公正街37號,121.610068,23.978
RPWNMLKMLHIGFAU86DA,花蓮縣花蓮市介林六街２８號,花蓮縣花蓮市國興里18鄰介林六街28號,121.572108,23.996051
RPRNMLPLMHIGFAU86DA,花蓮縣花蓮市國聯五路１３１號九樓之七,花蓮縣花蓮市國聯里28鄰國聯五路131號,121.604895,23.99264
RPQNMLRLMHIGFAU96DA,花蓮縣花蓮市國盛一街１６８號六樓之一,花蓮縣花蓮市國盛里12鄰國盛一街168號,121.605838,23.992956
RPUOMLSLMHIGFAU57DA,花蓮縣吉安鄉慈惠四街３４巷１號,花蓮縣吉安鄉勝安村5鄰慈惠四街34巷1號,121.589947,23.977164
RPSOMLPJNHIGFAU96DA,花蓮縣花蓮市榮正街１１２號,花蓮縣花蓮市主力里21鄰榮正街112號,121.597346,23.974003
RPSOMLTJNHIGFAU37DA,花蓮縣花蓮市華廈街１８號七樓之一,花蓮縣花蓮市民享里14鄰華廈街18號,121.619888,24.005071
RPSOMLLKNHIGFAU66DA,花蓮縣吉安鄉中華路二段１８３號三樓之二,花蓮縣吉安鄉宜昌村20鄰中華路二段183號,121.581406,23.973358
RPSOMLMKNHIGFAU76DA,花蓮縣花蓮市國盛二街１２０號,花蓮縣花蓮市國盛里17鄰國盛二街120號,121.60584,23.995985
RPVNMLMKNHIGFAU96DA,花蓮縣花蓮市豐村２１之１５號,花蓮縣花蓮市國強里1鄰豐村21之15號,121.602654,24.001422
RPPPMLLKNHIGFAU09DA,花蓮縣花蓮市國盛四街５１號三樓之八,花蓮縣花蓮市國盛里23鄰國盛四街51號,121.607395,23.994675
RPPPMLOLMHIGFAU76DA,花蓮縣花蓮市介仁街２６號,花蓮縣花蓮市國興里13鄰介仁街26號,121.573449,23.994195
RPROMLRKNHIGFAU17DA,花蓮縣花蓮市德安二街６８巷５６號七樓,花蓮縣花蓮市主權里20鄰德安二街68巷56號,121.591652,23.973502
RPTOMLRKNHIGFAU37DA,花蓮縣花蓮市中山路５２５巷２弄１２號,花蓮縣花蓮市國魂里3鄰中山路525巷2弄12號,121.60187,23.985626
RPSNMLTKNHIGFAU37DA,花蓮縣吉安鄉南海二街２０２巷３３號,花蓮縣吉安鄉仁和村3鄰南海二街202巷33號,121.592778,23.9569
RPUNMLMLNHIGFAU96DA,花蓮縣吉安鄉名人１９號,花蓮縣吉安鄉東昌村38鄰名人19號,121.604845,23.958869
RPSOMLQLNHIGFAU27DA,花蓮縣吉安鄉吉興一街４１１巷２弄１０號,花蓮縣吉安鄉吉安村4鄰吉興一街411巷2弄10號,121.577646,23.974985
RPWOMLPLNHIGFAU57DA,花蓮縣吉安鄉明仁二街８８巷１８號,花蓮縣吉安鄉永安村16鄰明仁二街88巷18號,121.578322,23.989013
RPPOMLOJNHIGFAU56DA,花蓮縣花蓮市東興一街７９巷２０號六樓之五,花蓮縣花蓮市民孝里16鄰東興一街79巷20號,121.630584,24.003021
RPTNMLLJOHIGFAU66DA,花蓮縣花蓮市民權四街１３號,花蓮縣花蓮市民德里5鄰民權四街13號,121.62108,23.983239
RPROMLMJOHIGFAU66DA,花蓮縣吉安鄉慈惠一街８６號,花蓮縣吉安鄉勝安村24鄰慈惠一街86號,121.583218,23.976671
RPUPMLKKMHIGFAU76DA,花蓮縣吉安鄉慶豐四街１１１巷１４號,花蓮縣吉安鄉慶豐村12鄰慶豐四街111巷14號,121.571062,23.97681
RPTOMLRKKHIGFAU07DA,花蓮縣吉安鄉永興八街７６號,花蓮縣吉安鄉永興村6鄰永興八街76號,121.567685,23.956308
RPROMLRJLHIGFAU86DA,花蓮縣花蓮市化道路８９巷２號六樓,花蓮縣花蓮市民意里48鄰化道路89巷2號,121.621393,24.000727
RPOOMLTJLHIGFAU76DA,花蓮縣花蓮市國民八街５號十樓之六,花蓮縣花蓮市國聯里30鄰國民八街5號,121.604243,23.993234
RPRNMLKKLHIGFAU78DA,花蓮縣花蓮市民族路１號三樓之十一,花蓮縣花蓮市民運里4鄰民族路1號,121.631201,23.995093
RPRNMLTJLHIGFAU96DA,花蓮縣花蓮市進豐街５７巷８號三樓之一,花蓮縣花蓮市國防里6鄰進豐街57巷8號,121.60632,23.986031
RPSNMLTJLHIGFAU07DA,花蓮縣花蓮市進豐街５７巷８號三樓之二,花蓮縣花蓮市國防里6鄰進豐街57巷8號,121.60632,23.986031
RPUNMLKLKHIGFAU09DA,花蓮縣吉安鄉舊村六街１５１號,花蓮縣吉安鄉福興村14鄰舊村六街151號,121.561449,23.965919
RPXNMLTJLHIGFAU57DA,花蓮縣花蓮市國民七街５１號十一樓之二十六,花蓮縣花蓮市國盛里3鄰國民七街51號,121.60583,23.991358
RPROMLNKLHIGFAU56DA,花蓮縣花蓮市建國路二段２６８巷３２弄１１號,花蓮縣花蓮市國興里1鄰建國路二段268巷32弄11號,121.578671,23.992709
RPUOMLSJKHIGFAU17DA,花蓮縣花蓮市富裕五街３６號三樓之一,花蓮縣花蓮市國裕里11鄰富裕五街36號,121.597976,23.994479
RPPOMLTJLHIGFAU86DA,花蓮縣花蓮市國民八街８號三樓之一,花蓮縣花蓮市國聯里29鄰國民八街8號,121.60415,23.993065
RPRNMLRKKHIGFAU76DA,花蓮縣吉安鄉建國路３６２號,花蓮縣吉安鄉北昌村43鄰建國路362號,121.597217,23.984819
RPPNMLPKLHIGFAU09DA,花蓮縣花蓮市國盛一街２３４號五樓之三,花蓮縣花蓮市國盛里10鄰國盛一街234號,121.605365,23.995056
RPOOMLOKLHIGFAU98DA,花蓮縣花蓮市花崗街６２號五樓之三,花蓮縣花蓮市民有里11鄰花崗街62號,121.614589,23.975705
RPVNMLNKLHIGFAU86DA,花蓮縣吉安鄉中華路二段９３號七樓之六,花蓮縣吉安鄉宜昌村7鄰中華路二段93號,121.584878,23.973593
RPOOMLPKLHIGFAU09DA,花蓮縣吉安鄉南海五街２１０巷１９號,花蓮縣吉安鄉仁和村15鄰南海五街210巷19號,121.590018,23.951578
RPSNMLQKLHIGFAU86DA,花蓮縣花蓮市化道路８９巷２２號七樓之一,花蓮縣花蓮市民意里48鄰化道路89巷22號,121.621135,24.000585
RPXNMLQKLHIGFAU37DA,花蓮縣吉安鄉明義六街３６巷４號,花蓮縣吉安鄉太昌村15鄰明義六街36巷4號,121.558494,23.99642
RPQOMLOKLHIGFAU56DA,花蓮縣花蓮市府前路２９６巷１５號五樓之二號,花蓮縣花蓮市民政里16鄰府前路296巷15號,121.62253,23.995581
RPVOMLRJKHIGFAU17DA,花蓮縣花蓮市國聯三路４２號,花蓮縣花蓮市國聯里21鄰國聯三路42號,121.604169,23.990646
RPUNMLNJLHIGFAU66DA,花蓮縣吉安鄉中央路三段１８６巷８號,花蓮縣吉安鄉勝安村30鄰中央路三段186巷8號,121.584115,23.979721
RPUOMLOKLHIGFAU96DA,花蓮縣花蓮市北昌四街５２號,找不到指定的門牌地址。,,
RPTOMLNKLHIGFAU76DA,花蓮縣花蓮市國富十八街２５巷３號,花蓮縣花蓮市國富里19鄰國富十八街25巷1號,121.595011,23.991606
RPSOMLQKLHIGFAU96DA,花蓮縣花蓮市國興四街２巷８號,花蓮縣花蓮市國聯里19鄰國興四街2巷8號,121.604668,23.98948
RPTOMLPKLHIGFAU96DA,花蓮縣花蓮市中興路４３巷２號十二樓之五,花蓮縣花蓮市民立里9鄰中興路43巷2號,121.630359,23.991963
RPPNMLRKLHIGFAU66DA,花蓮縣花蓮市中美十一街１１號三樓之二,花蓮縣花蓮市民政里25鄰中美十一街11號,121.62299,23.99559
RPQNMLRKLHIGFAU76DA,花蓮縣花蓮市公正街３７號八樓之十,花蓮縣花蓮市民生里8鄰公正街37號,121.610068,23.978
RPVNMLNLKHIGFAU86DA,花蓮縣花蓮市林園二街２２號二樓之五,花蓮縣花蓮市民孝里20鄰林園二街22號,121.63136,24.003606
RPPNMLOKLHIGFAU09EA,花蓮縣花蓮市菁華街４巷１弄２號六樓之三,花蓮縣花蓮市民權里1鄰菁華街4巷1弄2號,121.616598,23.979831
RPPNMLMKLHIGFAU78DA,花蓮縣吉安鄉仁里四街１４２號,花蓮縣吉安鄉仁里村24鄰仁里四街142號,121.588665,23.970077
RPQNMLMKLHIGFAU88DA,花蓮縣吉安鄉仁里四街１４８號,花蓮縣吉安鄉仁里村24鄰仁里四街148號,121.588589,23.970078
RPRNMLMKLHIGFAU98DA,花蓮縣吉安鄉仁里四街１４６號,花蓮縣吉安鄉仁里村24鄰仁里四街146號,121.588627,23.970078
RPSNMLMKLHIGFAU09DA,花蓮縣吉安鄉仁里四街１４０號,花蓮縣吉安鄉仁里村24鄰仁里四街140號,121.588703,23.970075
RPSOMLNKLHIGFAU66DA,花蓮縣吉安鄉吉興路二段７０巷９號,花蓮縣吉安鄉稻香村13鄰吉興路二段70巷9號,121.571434,23.962674
RPQNMLKLLHIGFAU78DA,花蓮縣花蓮市國興二街１３６號四樓之六,花蓮縣花蓮市國聯里10鄰國興二街136號,121.601474,23.989318
RPRNMLKLLHIGFAU88DA,花蓮縣花蓮市國盛四街１１６號,花蓮縣花蓮市國盛里24鄰國盛四街116號,121.607495,23.995089
RPTOMLKLLHIGFAU56DA,花蓮縣花蓮市國盛一街２０６之２號二樓,花蓮縣花蓮市國盛里11鄰國盛一街206之3號,121.605565,23.994112
RPWOMLLLLHIGFAU96DA,花蓮縣花蓮市國盛一街６６巷３之２號二樓,花蓮縣花蓮市國盛里14鄰國盛一街66巷3之2號,121.606561,23.990808
RPSPMLLLLHIGFAU66DA,花蓮縣吉安鄉南海十街１４３巷１８號,花蓮縣吉安鄉仁安村16鄰南海十街143巷18號,121.587433,23.940873
RPSNMLMLLHIGFAU56DA,花蓮縣花蓮市建華路８９巷１號,花蓮縣花蓮市國興里4鄰建華路89巷1號,121.578667,23.994651
RPXNMLMLLHIGFAU07DA,花蓮縣花蓮市國福街１３６號,花蓮縣花蓮市國福里8鄰國福街136號,121.578152,24.009705
RPWNMLRKLHIGFAU37DA,花蓮縣花蓮市國盛五街８２號,花蓮縣花蓮市國盛里27鄰國盛五街82號,121.608181,23.994966
RPPOMLRJLHIGFAU66DA,花蓮縣花蓮市國盛一街７６號八樓之五,花蓮縣花蓮市國盛里14鄰國盛一街76號,121.606299,23.99106
RPQNMLQKLHIGFAU66DA,花蓮縣吉安鄉東里十五街１２１巷１之１號,花蓮縣吉安鄉東昌村17鄰東里十五街121巷1之1號,121.597459,23.960664
RPVOMLOKLHIGFAU07DA,花蓮縣花蓮市國盛三街７８巷１１號,花蓮縣花蓮市國盛里22鄰國盛三街78巷11號,121.606894,23.995391
RPPNMLMLLHIGFAU88DA,花蓮縣花蓮市莊敬路２１５號,花蓮縣花蓮市國富里21鄰莊敬路212號,121.593461,23.990271
RPXOMLMLLHIGFAU17DA,花蓮縣吉安鄉文化六街５０號,花蓮縣吉安鄉南昌村25鄰文化六街50號,121.580741,23.969609
RPRNMLMLLHIGFAU09DA,花蓮縣吉安鄉中華路二段２５６號,花蓮縣吉安鄉宜昌村22鄰中華路二段256號,121.581633,23.973669
RPVNMLNLLHIGFAU96DA,花蓮縣花蓮市中美路１１１號五樓之二,花蓮縣花蓮市民政里31鄰中美路111號,121.626374,23.992393
RPWNMLNLLHIGFAU07DA,花蓮縣吉安鄉中原路一段１７７號,花蓮縣吉安鄉勝安村17鄰中原路一段177號,121.587177,23.979278
RPQNMLNLLHIGFAU09DA,花蓮縣花蓮市軒轅路２號四樓之八,花蓮縣花蓮市民族里11鄰軒轅路2號,121.61175,23.97456
RPRNMLNLLHIGFAU56DA,花蓮縣花蓮市介仁街５巷１４號,花蓮縣花蓮市國興里14鄰介仁街5巷14號,121.572807,23.994316
RPUOMLNLLHIGFAU96DA,花蓮縣花蓮市國富二十四街５０號六樓之一,花蓮縣花蓮市國富里28鄰國富二十四街50號,121.593391,23.992639
RPROMLNLLHIGFAU66DA,花蓮縣吉安鄉全民街２８號五樓,花蓮縣吉安鄉永興村15鄰全民街28號,121.571492,23.938934
RPOPMLNLLHIGFAU09DA,花蓮縣吉安鄉明仁一街１８５巷３１號,花蓮縣吉安鄉永安村31鄰明仁一街185巷31號,121.573476,23.992159
RPWOMLNLLHIGFAU17DA,花蓮縣花蓮市榮正街２５巷４弄５號,花蓮縣花蓮市主安里16鄰榮正街25巷4弄5號,121.598251,23.972349
RPXOMLNLLHIGFAU27DA,花蓮縣花蓮市國盛四街７２號,花蓮縣花蓮市國盛里25鄰國盛四街72號,121.607808,23.993974
RPVNMLOLLHIGFAU07DA,花蓮縣花蓮市中美五街６５巷１０號,花蓮縣花蓮市民政里30鄰中美五街65巷10號,121.626092,23.994567
RPQOMLNLLHIGFAU56DA,花蓮縣花蓮市國盛一街２之９號,花蓮縣花蓮市國盛里16鄰國盛一街2之9號,121.606943,23.988564
RPQNMLRLLHIGFAU86DA,花蓮縣花蓮市南京街２９０巷３號三樓,花蓮縣花蓮市主勤里9鄰南京街290巷3號,121.607504,23.975017
RPXNMLOLLHIGFAU27DA,花蓮縣花蓮市建華路８９巷２號,花蓮縣花蓮市國興里4鄰建華路89巷2號,121.5788,23.994859
RPVNMLRLLHIGFAU37DA,花蓮縣花蓮市福建二街２２號,花蓮縣花蓮市主和里13鄰福建二街22號,121.603907,23.971663
RPSNMLQJMHIGFAU86DA,花蓮縣花蓮市北昌一街９７巷２７號,找不到指定的門牌地址。,,
RPWNMLRJMHIGFAU37DA,花蓮縣花蓮市國盛四街９８號七樓之一,花蓮縣花蓮市國盛里25鄰國盛四街98號,121.607667,23.994548
RPSOMLRJMHIGFAU07DA,花蓮縣花蓮市介林五街１１６號,花蓮縣花蓮市國興里9鄰介林五街116號,121.575591,23.994485
RPPNMLKKMHIGFAU68DA,花蓮縣花蓮市化道路９３號,花蓮縣花蓮市民意里48鄰化道路93號,121.621352,24.000813
RPOOMLKMLHIGFAU78DA,花蓮縣花蓮市國盛一街７６號六樓之一,花蓮縣花蓮市國盛里14鄰國盛一街76號,121.606299,23.99106
RPPNMLTLLHIGFAU96DA,花蓮縣花蓮市中興路４３巷３號十二樓之一,花蓮縣花蓮市民立里9鄰中興路43巷3號,121.630139,23.991703
RPSOMLQJLHIGFAU86DA,花蓮縣吉安鄉永興八街７２號,花蓮縣吉安鄉永興村6鄰永興八街72號,121.567663,23.956268
RPPNMLLMLHIGFAU88DA,花蓮縣吉安鄉中山路三段２４１號,花蓮縣吉安鄉慶豐村11鄰中山路三段241號,121.571509,23.977259
RPQOMLKKMHIGFAU88DA,花蓮縣花蓮市民國路３８號三樓之三,花蓮縣花蓮市國治里16鄰民國路38號,121.606195,23.979071
RPUNMLKKMHIGFAU56DA,花蓮縣花蓮市福建街８５號,花蓮縣花蓮市主農里14鄰福建街85號,121.599487,23.968235
RPQPMLKKMHIGFAU98DA,花蓮縣花蓮市華廈街３８號二樓之一,花蓮縣花蓮市民享里15鄰華廈街38號,121.620555,24.005262
RPSNMLLKMHIGFAU09DA,花蓮縣花蓮市國興三街４７號,花蓮縣花蓮市國聯里19鄰國興三街47號,121.603782,23.989356
RPVOMLMKMHIGFAU96DA,花蓮縣吉安鄉南埔十六街７９巷１１號,花蓮縣吉安鄉仁里村25鄰南埔十六街79巷11號,121.588064,23.970862
RPOOMLMKMHIGFAU88DA,花蓮縣吉安鄉吉興一街３４４巷１號四樓之一,花蓮縣吉安鄉吉安村6鄰吉興一街344巷1號,121.576882,23.973126
RPPNMLMKMHIGFAU88DA,花蓮縣花蓮市建興街３３巷１３號,花蓮縣花蓮市國興里11鄰建興街33巷13號,121.574226,23.994009
RPVOMLNKMHIGFAU07DA,花蓮縣吉安鄉舊村六街９１號,花蓮縣吉安鄉福興村13鄰舊村六街91號,121.562325,23.967336
RPSNMLOKMHIGFAU76DA,花蓮縣吉安鄉南海二街１９３巷５號,花蓮縣吉安鄉仁安村7鄰南海二街193巷5號,121.593333,23.955569
RPTOMLOKMHIGFAU96DA,花蓮縣花蓮市北昌一街９７巷１３號四樓,找不到指定的門牌地址。,,
RPTNMLRKMHIGFAU17DA,花蓮縣吉安鄉吉豐路三段６１９號,花蓮縣吉安鄉永興村11鄰吉豐路三段619號,121.552836,23.946821
RPUPMLOKMHIGFAU17DA,花蓮縣花蓮市長安街２７號十樓之三,花蓮縣花蓮市主農里8鄰長安街27號,121.597191,23.967067
RPXNMLMKMHIGFAU07DA,花蓮縣花蓮市國興一街９５號四樓之十四,花蓮縣花蓮市國聯里34鄰國興一街95號,121.603854,23.99555
RPQOMLKLMHIGFAU98DA,花蓮縣花蓮市介林六街１９號,花蓮縣花蓮市國興里16鄰介林六街19號,121.572666,23.995677
RPWNMLMJLHIGFAU76DA,花蓮縣花蓮市東興一街７９巷２０號十一樓之一,花蓮縣花蓮市民孝里16鄰東興一街79巷20號,121.630584,24.003021
RPSNMLSLMHIGFAU27DA,花蓮縣花蓮市豐村３５之９號,花蓮縣花蓮市國強里3鄰豐村35之9號,121.601288,24.001035
RPUNMLSLMHIGFAU47DA,花蓮縣吉安鄉慈惠三街７３號,花蓮縣吉安鄉勝安村3鄰慈惠三街73號,121.588134,23.976516
RPUNMLNJNHIGFAU86DA,花蓮縣吉安鄉華工六路７２巷８０號六樓,花蓮縣吉安鄉光華村16鄰華工六路72巷80號,121.592387,23.938693
RPVNMLNJNHIGFAU96DA,花蓮縣吉安鄉華工六路７２巷８０號三樓,花蓮縣吉安鄉光華村16鄰華工六路72巷80號,121.592387,23.938693
RPSNMLLKNHIGFAU56DA,花蓮縣吉安鄉華工六路７２巷８０號四樓,花蓮縣吉安鄉光華村16鄰華工六路72巷80號,121.592387,23.938693
RPUOMLLLLHIGFAU76DA,花蓮縣花蓮市中興路２號四樓之一,花蓮縣花蓮市民運里5鄰中興路2號,121.633595,23.99274
RPVNMLRKNHIGFAU47DA,花蓮縣花蓮市介林七街５號,花蓮縣花蓮市國興里16鄰介林七街5號,121.573483,23.995802
RPVOMLLLLHIGFAU86DA,花蓮縣花蓮市中興路２號二樓之二,花蓮縣花蓮市民運里5鄰中興路2號,121.633595,23.99274
RPTNMLQJOHIGFAU17DA,花蓮縣吉安鄉和平路一段１５１巷１弄３號,花蓮縣吉安鄉勝安村35鄰和平路一段151巷1弄3號,121.588426,23.982759
RPUNMLRJOHIGFAU37DA,花蓮縣花蓮市府前路４８２之３號四樓一號,花蓮縣花蓮市民意里44鄰府前路482之3號,121.62105,24.00006
RPSNMLSJLHIGFAU96DA,花蓮縣花蓮市林森路２８３號四樓之一,花蓮縣花蓮市國風里24鄰林森路283號,121.602341,23.979569
RPXNMLSJLHIGFAU47DA,花蓮縣花蓮市國聯二路８３號六樓之一,花蓮縣花蓮市國聯里16鄰國聯二路83號,121.603223,23.989657
RPTNMLMKLHIGFAU56DA,花蓮縣花蓮市國富十街１５６號,花蓮縣花蓮市國富里16鄰國富十街156號,121.59593,23.992491
RPSOMLOKLHIGFAU76DA,花蓮縣花蓮市中正路３３６巷１弄１１號,花蓮縣花蓮市主學里9鄰中正路336巷1弄11號,121.60239,23.973427
RPUNMLQKLHIGFAU07DA,花蓮縣吉安鄉明義七街９９巷５１號,花蓮縣吉安鄉太昌村22鄰明義七街99巷51號,121.556085,23.990067
RPQNMLTKJHIGFAU76DA,花蓮縣花蓮市國盛一街５０號四樓之二,花蓮縣花蓮市國盛里15鄰國盛一街50號,121.606623,23.990041
RPUNMLMLLHIGFAU76DA,花蓮縣花蓮市延平街１４８巷３弄８號五樓之三,花蓮縣花蓮市國魂里18鄰延平街148巷3弄8號,121.598575,23.986145
RPROMLRLLHIGFAU07DA,花蓮縣花蓮市國興三街７９號三樓之三,花蓮縣花蓮市國聯里17鄰國興三街79號,121.603126,23.988727
RPUOMLPKLHIGFAU07DA,花蓮縣花蓮市介林五街２０７號,花蓮縣花蓮市國興里15鄰介林五街207號,121.572308,23.995258
RPOOMLNJKHIGFAU68DA,花蓮縣吉安鄉太昌路９４巷２１弄１１號,花蓮縣吉安鄉永安村23鄰太昌路94巷21弄11號,121.575243,23.987943
RPVNMLKMLHIGFAU76DA,花蓮縣花蓮市國興三街７９號四樓之五,花蓮縣花蓮市國聯里17鄰國興三街79號,121.603126,23.988727
RPQNMLLMLHIGFAU98DA,花蓮縣花蓮市大同街１０２之１號,花蓮縣花蓮市國威里15鄰大同街102之1號,121.608419,23.981926
RPVNMLLMLHIGFAU86DA,花蓮縣花蓮市北昌五街５２號,找不到指定的門牌地址。,,
RPVNMLQJLHIGFAU07DA,花蓮縣吉安鄉吉興路三段３０號,花蓮縣吉安鄉永興村5鄰吉興路三段30號,121.567864,23.956261
RPVNMLOKMHIGFAU07DA,花蓮縣吉安鄉中山路三段９７號,花蓮縣吉安鄉吉安村5鄰中山路三段97號,121.575416,23.974834
RPTOMLRJMHIGFAU17DA,花蓮縣吉安鄉中華路二段２１２號,花蓮縣吉安鄉宜昌村12鄰中華路二段212號,121.583032,23.973761
RPROMLRJMHIGFAU96DA,花蓮縣吉安鄉中山路三段４３０號,花蓮縣吉安鄉慶豐村23鄰中山路三段430號,121.567899,23.979634
RPROMLKLMHIGFAU09DA,花蓮縣花蓮市國興三街７９號四樓之一,花蓮縣花蓮市國聯里17鄰國興三街79號,121.603126,23.988727
RPUOMLRKKHIGFAU17DA,花蓮縣吉安鄉永興八街７０號,花蓮縣吉安鄉永興村6鄰永興八街70號,121.567642,23.95623
RPTNMLNJNHIGFAU76DA,花蓮縣花蓮市國興三街７９號二樓之五,花蓮縣花蓮市國聯里17鄰國興三街79號,121.603126,23.988727
RPVNMLLKNHIGFAU86DA,花蓮縣吉安鄉華工六路７２巷８０號五樓,花蓮縣吉安鄉光華村16鄰華工六路72巷80號,121.592387,23.938693
RPTNMLLKNHIGFAU66DA,花蓮縣吉安鄉華工六路７２巷８０號二樓,花蓮縣吉安鄉光華村16鄰華工六路72巷80號,121.592387,23.938693
RPROMLSKNHIGFAU27DA,花蓮縣花蓮市國興三街７９號四樓之三,花蓮縣花蓮市國聯里17鄰國興三街79號,121.603126,23.988727
RPPNMLKKLHIGFAU58DA,花蓮縣花蓮市國聯五路３號四樓之十二,花蓮縣花蓮市國聯里20鄰國聯五路3號,121.605902,23.988443
RPXNMLPKLHIGFAU27DA,花蓮縣吉安鄉中正路一段１６４之１號,花蓮縣吉安鄉仁里村20鄰中正路一段164號之1,121.590305,23.964782
RPSNMLQJLHIGFAU76DA,花蓮縣吉安鄉吉興路三段２８號,花蓮縣吉安鄉永興村5鄰吉興路三段28號,121.567888,23.956302
RPXNMLSJKHIGFAU37DA,花蓮縣花蓮市國富十街１９１號七樓之一,花蓮縣花蓮市國富里30鄰國富十街191號,121.594853,23.993373
RPWNMLKLLHIGFAU76DA,花蓮縣吉安鄉仁里五街１１７巷３８弄２號,花蓮縣吉安鄉仁里村31鄰仁里五街117巷38弄2號,121.588763,23.968996
RPQOMLLLLHIGFAU98DA,花蓮縣吉安鄉吉興路二段１５８號,花蓮縣吉安鄉稻香村15鄰吉興路二段158號,121.570702,23.96064
RPSOMLKLLHIGFAU09DA,花蓮縣花蓮市福建街１２０巷３４號,花蓮縣花蓮市主安里2鄰福建街120巷34號,121.600921,23.968045
RPRNMLRLLHIGFAU96DA,花蓮縣吉安鄉海濱８３號,花蓮縣吉安鄉仁安村20鄰海濱83號,121.598986,23.948419
RPRNMLLLLHIGFAU98DA,花蓮縣吉安鄉福興三街３５之１號,花蓮縣吉安鄉福興村21鄰福興三街35之1號,121.559202,23.967907
RPTNMLSLLHIGFAU27DA,花蓮縣吉安鄉稻香五街６號,花蓮縣吉安鄉稻香村1鄰稻香五街6號,121.56971,23.965105
RPQNMLNKMHIGFAU56EA,花蓮縣花蓮市府前路２９８之２號,花蓮縣花蓮市民政里16鄰府前路298之2號,121.62228,23.99517
RPQOMLMJNHIGFAU09DA,花蓮縣吉安鄉明仁三街２２８巷３弄２６號,花蓮縣吉安鄉永安村28鄰明仁三街228巷3弄26號,121.568766,23.986629
RPOPMLLKNHIGFAU98DA,花蓮縣花蓮市豐村１０５之９號,花蓮縣花蓮市國強里8鄰豐村105之9號,121.597657,24.005185
RPPOMLOLNHIGFAU76DA,花蓮縣花蓮市國興三街７９號三樓之二,花蓮縣花蓮市國聯里17鄰國興三街79號,121.603126,23.988727
RPSNMLKMNHIGFAU66DA,花蓮縣花蓮市福建街１３５巷６之１號,花蓮縣花蓮市主安里6鄰福建街135巷6之1號,121.600928,23.969688
RPXNMLKLLHIGFAU86DA,花蓮縣花蓮市莊敬路５８號,花蓮縣花蓮市國富里2鄰莊敬路58號,121.59678,23.987901
RPPNMLPJNHIGFAU56DA,花蓮縣吉安鄉南海二街２４８巷７號,花蓮縣吉安鄉仁和村5鄰南海二街248巷7號,121.591234,23.95702
RPROMLLLLHIGFAU09DA,花蓮縣花蓮市中興路２號三樓之二,花蓮縣花蓮市民運里5鄰中興路2號,121.633595,23.99274
RPSOMLKMKIHGFAU09DA,花蓮縣吉安鄉慶北二街３６９號,花蓮縣吉安鄉慶豐村40鄰慶北二街369號,121.564436,23.982436
RPTNMLLLLHIGFAU56DA,花蓮縣花蓮市中興路２號四樓之二,花蓮縣花蓮市民運里5鄰中興路2號,121.633595,23.99274
RPUOMLPLNHIGFAU37DA,花蓮縣吉安鄉舊村四街９號,花蓮縣吉安鄉吉安村13鄰舊村四街5號,121.565288,23.968131
RPOOMLSKNHIGFAU96DA,花蓮縣花蓮市中興路２號五樓之二,花蓮縣花蓮市民運里5鄰中興路2號,121.633595,23.99274
RPRNMLQKLHIGFAU76DA,花蓮縣吉安鄉南埔十二街３４號,花蓮縣吉安鄉仁里村22鄰南埔十二街34號,121.590699,23.969949
RPTNMLPKNHIGFAU07DA,花蓮縣花蓮市中興路２號五樓之一,花蓮縣花蓮市民運里5鄰中興路2號,121.633595,23.99274
RPUNMLTJLHIGFAU27DA,花蓮縣花蓮市進豐街５７巷８號二樓之二,花蓮縣花蓮市國防里6鄰進豐街57巷8號,121.60632,23.986031
RPWNMLQJLHIGFAU17DA,花蓮縣吉安鄉吉興路三段３２號,花蓮縣吉安鄉永興村5鄰吉興路三段32號,121.567845,23.956222
RPXNMLQJLHIGFAU27DA,花蓮縣吉安鄉吉興路三段３６號,花蓮縣吉安鄉永興村5鄰吉興路三段36號,121.567826,23.956184
RPTNMLTJLHIGFAU17DA,花蓮縣花蓮市進豐街５７巷８號四樓之二,花蓮縣花蓮市國防里6鄰進豐街57巷8號,121.60632,23.986031
RPQNMLNKLHIGFAU98DA,花蓮縣花蓮市國興三街７９號六樓之一,花蓮縣花蓮市國聯里17鄰國興三街79號,121.603126,23.988727
RPXNMLNLLHIGFAU17DA,花蓮縣花蓮市國興三街７９號三樓之五,花蓮縣花蓮市國聯里17鄰國興三街79號,121.603126,23.988727
RPQOMLQJLHIGFAU66DA,花蓮縣吉安鄉吉興路三段３８號,花蓮縣吉安鄉永興村5鄰吉興路三段38號,121.567794,23.956149
RPUNMLPLMHIGFAU17DA,花蓮縣吉安鄉吉昌三街２０２號,花蓮縣吉安鄉吉安村13鄰吉昌三街202號,121.565247,23.967967
RPWNMLPLMHIGFAU37DA,花蓮縣吉安鄉吉昌三街２０２之１號,花蓮縣吉安鄉吉安村13鄰吉昌三街202之1號,121.565109,23.968039
RPXNMLPLMHIGFAU47DA,花蓮縣吉安鄉吉昌三街２０２之２號,花蓮縣吉安鄉吉安村13鄰吉昌三街202之2號,121.565073,23.96805
RPROMLTJNHIGFAU27DA,花蓮縣花蓮市建華路９１之１１號,花蓮縣花蓮市國興里4鄰建華路91之11號,121.578942,23.995215
RPOOMLNLLHIGFAU98DA,花蓮縣花蓮市國興三街７９號二樓之一,花蓮縣花蓮市國聯里17鄰國興三街79號,121.603126,23.988727
RPWNMLRJQHIGFAU77DA,花蓮縣吉安鄉福興四街４５之２號,花蓮縣吉安鄉福興村11鄰福興四街45之2號,121.558132,23.96781
RPPNMLKKQHIGFAU56EA,花蓮縣花蓮市華德街４２巷８號,花蓮縣花蓮市民心里14鄰華德街42巷8號,121.620469,24.010762
RPPNMLNKQHIGFAU76DA,花蓮縣花蓮市國聯五路１３１號七樓之一,花蓮縣花蓮市國聯里28鄰國聯五路131號,121.604895,23.99264
RPWOMLQKQHIGFAU87DA,花蓮縣吉安鄉南昌北路７８號,花蓮縣吉安鄉南昌村20鄰南昌北路78號,121.582111,23.968966
RPOOMLQKQHIGFAU07DA,花蓮縣花蓮市綜合市場３６號,花蓮縣花蓮市民生里22鄰綜合市場36號,121.60972,23.977381
RPOPMLMLQHIGFAU86DA,花蓮縣花蓮市化道路８９巷２２號四樓之三,花蓮縣花蓮市民意里48鄰化道路89巷22號,121.621135,24.000585
RPPNMLNLQHIGFAU96EA,花蓮縣花蓮市中正路５１號,花蓮縣花蓮市主農里22鄰中正路51號,121.595512,23.969636
RPSNMLMLQHIGFAU07DA,花蓮縣花蓮市建安街３０號,花蓮縣花蓮市國興里3鄰建安街30號,121.576806,23.993433
RPTNMLNLQHIGFAU27DA,花蓮縣花蓮市民權六街１巷１５號,花蓮縣花蓮市民立里13鄰民權六街1巷15號,121.623142,23.986612
RPVOMLRKQHIGFAU87DA,花蓮縣花蓮市成功街４６之６號,花蓮縣花蓮市主和里29鄰成功街46之6號,121.60251,23.970441
RPTOMLKKQHIGFAU96DA,花蓮縣花蓮市國盛四街５１號四樓之十九,花蓮縣花蓮市國盛里23鄰國盛四街51號,121.607395,23.994675
RPPNMLPLQHIGFAU07DA,花蓮縣花蓮市林政街２６號,花蓮縣花蓮市國風里7鄰林政街26號,121.596025,23.978204
RPXOMLPLQHIGFAU97DA,花蓮縣花蓮市中興路１１５之４７號三樓,花蓮縣花蓮市民政里29鄰中興路115之47號,121.627107,23.994702
RPTNMLOKQHIGFAU37EA,花蓮縣花蓮市康樂街５號五樓之三,花蓮縣花蓮市民主里1鄰康樂街5號,121.614671,23.974025
RPRNMLSLQHIGFAU57DA,花蓮縣花蓮市國民六街４８號二樓,花蓮縣花蓮市國聯里18鄰國民六街48號,121.605054,23.989077
RPVNMLSLQHIGFAU97DA,花蓮縣花蓮市國民六街４８號四樓,花蓮縣花蓮市國聯里18鄰國民六街48號,121.605054,23.989077
RPUQMLTLQHIGFAU28DA,花蓮縣吉安鄉吉安路六段４０３巷１弄７號,花蓮縣吉安鄉干城村9鄰吉安路六段403巷1弄7號,121.543122,23.942256
RPTPMLOLQHIGFAU57DA,花蓮縣花蓮市民光５１號,花蓮縣花蓮市民意里6鄰民光51號,121.617768,24.004622
RPVPMLPLQHIGFAU87DA,花蓮縣吉安鄉東海六街３２號二樓,花蓮縣吉安鄉東昌村3鄰東海六街32號,121.594628,23.966784
RPWPMLPLQHIGFAU97DA,花蓮縣花蓮市中央路四段２８８巷５弄１８號,花蓮縣花蓮市國裕里35鄰中央路四段288巷5弄18號,121.598284,23.999735
RPQNMLSLQHIGFAU47DA,花蓮縣花蓮市忠孝街４０號,花蓮縣花蓮市主義里4鄰忠孝街40號,121.607035,23.973379
RPQNMLLJRHIGFAU66DA,花蓮縣花蓮市華興街２３之１號二樓之三,花蓮縣花蓮市民享里19鄰華興街23之1號,121.620098,24.00278
RPPNMLNLQHIGFAU86DA,花蓮縣花蓮市府前路１８８號五樓之一,花蓮縣花蓮市民勤里11鄰府前路188號,121.621962,23.991544
RPRQMLTLQHIGFAU97DA,花蓮縣吉安鄉慶北一街１６７號四樓之二,花蓮縣吉安鄉慶豐村23鄰慶北一街167號,121.567898,23.979901
RPRNMLSKQHIGFAU47DA,花蓮縣花蓮市南京街１９１號四樓之十七,花蓮縣花蓮市主信里5鄰南京街191號,121.606202,23.974713
RPOOMLKMQHIGFAU66DA,花蓮縣花蓮市中山路４１２巷１７號六樓之二,花蓮縣花蓮市國安里15鄰中山路412巷17號,121.60351,23.985188
RPQOMLLJRHIGFAU76DA,花蓮縣花蓮市球崙街２０號,花蓮縣花蓮市民享里20鄰球崙街20號,121.621019,24.002284
RPWOMLPJRHIGFAU77DA,花蓮縣花蓮市裕祥路１０３號,花蓮縣花蓮市國裕里26鄰裕祥路103號,121.598167,23.998821
RPPOMLLJRHIGFAU66DA,花蓮縣花蓮市中興路６號八樓之二,花蓮縣花蓮市民運里5鄰中興路6號,121.633495,23.992723
RPSNMLLJRHIGFAU86DA,花蓮縣花蓮市長春街２１號,花蓮縣花蓮市主農里18鄰長春街21號,121.59621,23.968629
RPRPMLLJRHIGFAU96DA,花蓮縣花蓮市國盛六街５３號六樓之十四,花蓮縣花蓮市國盛里27鄰國盛六街53號,121.608667,23.994657
RPXNMLRKQHIGFAU97DA,花蓮縣花蓮市榮正街９８號二樓,花蓮縣花蓮市主力里21鄰榮正街98號,121.597511,23.973922
RPXOMLQKQHIGFAU97DA,花蓮縣花蓮市豐村２１之６號,花蓮縣花蓮市國強里1鄰豐村21之6號,121.602563,24.001239
RPXNMLOKQHIGFAU67DA,花蓮縣花蓮市壽昌街２９巷２４號五樓之一,找不到指定的門牌地址。,,
RPQOMLOLQHIGFAU17DA,花蓮縣花蓮市國盛二街１１８號四樓之二,花蓮縣花蓮市國盛里17鄰國盛二街118號,121.605998,23.996006
RPQOMLKMQHIGFAU86DA,花蓮縣花蓮市國民六街５０號五樓,花蓮縣花蓮市國聯里18鄰國民六街50號,121.605078,23.98903
RPQPMLPJRHIGFAU27DA,花蓮縣花蓮市國盛一街１９０號六樓９號,花蓮縣花蓮市國盛里11鄰國盛一街190號,121.60567,23.993649
RPPPMLQJRHIGFAU27DA,花蓮縣花蓮市商校街４６號四樓,花蓮縣花蓮市國聯里18鄰商校街46號,121.605301,23.988299
RPPNMLLMQHIGFAU76DA,花蓮縣花蓮市軒轅路２號四樓之十一,花蓮縣花蓮市民族里11鄰軒轅路2號,121.61175,23.97456
RPVNMLLJRHIGFAU17DA,花蓮縣吉安鄉南海二街２０４號,花蓮縣吉安鄉仁和村3鄰南海二街204號,121.592391,23.956327
RPQPMLLJRHIGFAU86DA,花蓮縣花蓮市國興一街９５號四樓之十四,花蓮縣花蓮市國聯里34鄰國興一街95號,121.603854,23.99555
RPPNMLQJPHIGFAU86DA,花蓮縣花蓮市民享十街１５號,花蓮縣花蓮市民運里43鄰民享十街15號,121.632266,23.996825
RPTOMLRJPHIGFAU47DA,花蓮縣花蓮市國民十二街５３號四樓之三,花蓮縣花蓮市國盛里17鄰國民十二街53號,121.60628,23.995823
RPOOMLRJPHIGFAU96DA,花蓮縣花蓮市國民八街５號十二樓之三,花蓮縣花蓮市國聯里30鄰國民八街5號,121.604243,23.993234
RPQOMLOKPHIGFAU96DA,花蓮縣吉安鄉明義七街９９巷１６弄３０號,花蓮縣吉安鄉太昌村21鄰明義七街99巷16弄30號,121.556351,23.99087
RPPNMLSKPHIGFAU17DA,花蓮縣花蓮市中正路２３１號,花蓮縣花蓮市主學里20鄰中正路231號,121.599751,23.972394
RPPOMLRKPHIGFAU17DA,花蓮縣花蓮市中央路三段７３０號八樓之五,花蓮縣花蓮市國富里35鄰中央路三段730號,121.590858,23.991491
RPOOMLSKPHIGFAU17DA,花蓮縣花蓮市長安街２６號四樓之二,花蓮縣花蓮市主農里8鄰長安街26號,121.596978,23.96724
RPTNMLTKPHIGFAU67DA,花蓮縣花蓮市國盛二街６３號四樓之二,花蓮縣花蓮市國盛里14鄰國盛二街63號,121.606753,23.991019
RPPOMLOLPHIGFAU96DA,花蓮縣吉安鄉民治路２７０之９號,花蓮縣吉安鄉勝安村13鄰民治路270之9號,121.588562,23.981552
RPVNMLPLPHIGFAU57DA,花蓮縣吉安鄉太昌路４６３巷３號,花蓮縣吉安鄉太昌村9鄰太昌路463巷3號,121.565248,23.992412
RPPNMLPLPHIGFAU07EA,花蓮縣花蓮市中原路３９４巷６號,花蓮縣花蓮市主安里7鄰中原路394巷6號,121.599287,23.969632
RPROMLKLPHIGFAU76DA,花蓮縣花蓮市中山路４５５巷２２號二樓之二,花蓮縣花蓮市國華里9鄰中山路455巷22號,121.603808,23.982713
RPSNMLKLPHIGFAU76DA,花蓮縣花蓮市民享九街３１號,花蓮縣花蓮市民運里39鄰民享九街31號,121.632012,23.996417
RPXNMLTKPHIGFAU08DA,花蓮縣吉安鄉南華四街１２５巷１６號四樓之一,花蓮縣吉安鄉南華村2鄰南華四街125巷16號,121.550999,23.953113
RPOOMLTKPHIGFAU27DA,花蓮縣吉安鄉南華四街１２５巷１６號四樓之二,花蓮縣吉安鄉南華村2鄰南華四街125巷16號,121.550999,23.953113
RPXNMLRKPHIGFAU87DA,花蓮縣花蓮市國盛一街１９８號,花蓮縣花蓮市國盛里11鄰國盛一街198號,121.605622,23.993884
RPWPMLMKPHIGFAU47DA,花蓮縣吉安鄉東海十街６０之１號二樓之五,花蓮縣吉安鄉東昌村26鄰東海十街60之1號,121.593745,23.96448
RPUOMLSLPHIGFAU87DA,花蓮縣花蓮市中美五街７３巷２號,花蓮縣花蓮市民政里30鄰中美五街73巷2號,121.626339,23.994751
RPVNMLLMPHIGFAU27DA,花蓮縣花蓮市重慶路２２３巷６號,花蓮縣花蓮市主和里21鄰重慶路223巷6號,121.604383,23.969828
RPWOMLSLPHIGFAU08DA,花蓮縣花蓮市中央路三段７３０號八樓之十五,花蓮縣花蓮市國富里35鄰中央路三段730號,121.590858,23.991491
RPUNMLSLPHIGFAU77DA,花蓮縣花蓮市國興四街３１號,花蓮縣花蓮市國聯里18鄰國興四街31號,121.604239,23.98884
RPSOMLLMPHIGFAU07DA,花蓮縣吉安鄉中華路二段２１０號,花蓮縣吉安鄉宜昌村12鄰中華路二段210號,121.583073,23.973766
RPQNMLLJQHIGFAU56DA,花蓮縣吉安鄉南華四街１２５巷１６號五樓之三,花蓮縣吉安鄉南華村2鄰南華四街125巷16號,121.550999,23.953113
RPRNMLLJQHIGFAU66DA,花蓮縣吉安鄉南華四街１２５巷１６號四樓之三,花蓮縣吉安鄉南華村2鄰南華四街125巷16號,121.550999,23.953113
RPSNMLLJQHIGFAU76DA,花蓮縣吉安鄉東海十五街８６號,花蓮縣吉安鄉東昌村43鄰東海十五街86號,121.593898,23.962593
RPPNMLSLPHIGFAU27DA,花蓮縣花蓮市國民八街５號十一樓之八,花蓮縣花蓮市國聯里30鄰國民八街5號,121.604243,23.993234
RPTNMLMJQHIGFAU96DA,花蓮縣吉安鄉太昌路２４２巷２１號,花蓮縣吉安鄉永安村19鄰太昌路242巷21號,121.572383,23.989514
RPUNMLMJQHIGFAU07DA,花蓮縣吉安鄉廣賢一街２４１號,花蓮縣吉安鄉稻香村27鄰廣賢一街241號,121.57583,23.953305
RPWOMLOLPHIGFAU67DA,花蓮縣花蓮市軒轅路２號五樓之八,花蓮縣花蓮市民族里11鄰軒轅路2號,121.61175,23.97456
RPTNMLLJQHIGFAU86DA,花蓮縣吉安鄉文化五街７０號三樓,花蓮縣吉安鄉南昌村15鄰文化五街70號,121.580592,23.97041
RPSOMLKLPHIGFAU86DA,花蓮縣花蓮市中山路４５５巷２２號六樓之二,花蓮縣花蓮市國華里9鄰中山路455巷22號,121.603808,23.982713
RPQOMLKLPHIGFAU66DA,花蓮縣花蓮市國民七街５１號九樓之一,花蓮縣花蓮市國盛里3鄰國民七街51號,121.60583,23.991358
RPRNMLTKPHIGFAU47DA,花蓮縣花蓮市國聯二路７１號五樓之二,花蓮縣花蓮市國聯里16鄰國聯二路71號,121.603375,23.989803
RPQNMLLKPHIGFAU56DA,花蓮縣吉安鄉民治路２８２號二樓之一,花蓮縣吉安鄉勝安村34鄰民治路282號,121.587509,23.981959
RPXPMLKLPHIGFAU47DA,花蓮縣花蓮市國盛四街５１號七樓之二,花蓮縣花蓮市國盛里23鄰國盛四街51號,121.607395,23.994675
RPPNMLNJQHIGFAU76EA,花蓮縣吉安鄉南海五街８１巷６號,花蓮縣吉安鄉仁安村18鄰南海五街81巷6號,121.594584,23.948796
RPUNMLNJQHIGFAU17DA,花蓮縣花蓮市中和街２１３號八樓之一,花蓮縣花蓮市主力里21鄰中和街213號,121.597877,23.974246
RPROMLMJQHIGFAU86DA,花蓮縣花蓮市仁愛街１６之３號,花蓮縣花蓮市主計里9鄰仁愛街16之3號,121.606669,23.9726
RPWNMLTKPHIGFAU97DA,花蓮縣吉安鄉南華四街１２５巷１６號三樓之三,花蓮縣吉安鄉南華村2鄰南華四街125巷16號,121.550999,23.953113
RPUNMLTKPHIGFAU77DA,花蓮縣吉安鄉南華四街１２５巷１６號三樓之一,花蓮縣吉安鄉南華村2鄰南華四街125巷16號,121.550999,23.953113
RPROMLSLPHIGFAU57DA,花蓮縣花蓮市民權路２５號十樓之三,花蓮縣花蓮市民德里5鄰民權路25號,121.621364,23.983032
RPVNMLOJQHIGFAU37DA,花蓮縣花蓮市國民七街５３號七樓之九,花蓮縣花蓮市國盛里4鄰國民七街53號,121.605877,23.991365
RPQNMLRJQHIGFAU17DA,花蓮縣花蓮市民德一街６３號二樓之二,花蓮縣花蓮市民德里10鄰民德一街63號,121.622101,23.986257
RPXNMLRJQHIGFAU87DA,花蓮縣花蓮市國富十二街１６號三樓之二,花蓮縣花蓮市國富里9鄰國富十二街16號,121.597312,23.990482
RPPOMLRJQHIGFAU17DA,花蓮縣花蓮市國聯二路８３號九樓之六,花蓮縣花蓮市國聯里16鄰國聯二路83號,121.603223,23.989657
RPSNMLSJQHIGFAU47DA,花蓮縣花蓮市林森路２４９巷２２號,花蓮縣花蓮市國風里20鄰林森路249巷22號,121.601142,23.979405
RPUNMLSJQHIGFAU67DA,花蓮縣花蓮市民樂三街２號二樓之五,花蓮縣花蓮市民樂里11鄰民樂三街2號,121.633439,23.990746
RPQNMLSJQHIGFAU27DA,花蓮縣花蓮市北昌一街９７巷１８號,找不到指定的門牌地址。,,
RPTOMLSJQHIGFAU67DA,花蓮縣花蓮市民樂三街２號五樓之三,花蓮縣花蓮市民樂里11鄰民樂三街2號,121.633439,23.990746
RPXNMLTJQHIGFAU08DA,花蓮縣吉安鄉南昌路８４號,花蓮縣吉安鄉南昌村25鄰南昌路84號,121.579843,23.969764
RPXNMLMJQHIGFAU37DA,花蓮縣花蓮市建昌路１９７巷１９號,花蓮縣花蓮市國富里32鄰建昌路202號,121.590999,23.989858
RPOPMLLJQHIGFAU56DA,花蓮縣花蓮市中美三街２１巷３號三樓,花蓮縣花蓮市民勤里31鄰中美三街21巷3號,121.624354,23.991115
RPRNMLRJQHIGFAU27DA,花蓮縣花蓮市國興一街１０１號,花蓮縣花蓮市國聯里34鄰國興一街101號,121.60391,23.995654
RPSNMLRJQHIGFAU37DA,花蓮縣花蓮市菁華街３５巷５弄３之３號,花蓮縣花蓮市民權里6鄰菁華街35巷5弄3之3號,121.614729,23.98036
RPVNMLQLPHIGFAU67DA,花蓮縣花蓮市國民八街１０６號二樓之二,花蓮縣花蓮市國盛里28鄰國民八街106號,121.608701,23.993869
RPPNMLMKPHIGFAU56DA,花蓮縣吉安鄉福昌一街１０５號,花蓮縣吉安鄉福興村21鄰福昌一街105號,121.558182,23.96826
RPPQMLTKPHIGFAU57DA,花蓮縣花蓮市富吉路７８號,花蓮縣花蓮市國裕里16鄰富吉路78號,121.597072,23.995324
RPWNMLLJQHIGFAU17DA,花蓮縣吉安鄉南華四街１２５巷１６之２號,花蓮縣吉安鄉南華村2鄰南華四街125巷16之2號,121.550999,23.953113
RPQNMLTJQHIGFAU37DA,花蓮縣花蓮市德安六街１０３號五樓之二,花蓮縣花蓮市主權里1鄰德安六街103號,121.589527,23.973396
RPTNMLTJQHIGFAU67DA,花蓮縣花蓮市府前路２９６巷１５號六樓之五,花蓮縣花蓮市民政里16鄰府前路296巷15號,121.62253,23.995581
RPQNMLLKQHIGFAU66DA,花蓮縣花蓮市莊敬路６６號,花蓮縣花蓮市國富里2鄰莊敬路62號,121.596709,23.987971
RPROMLKKQHIGFAU76DA,花蓮縣花蓮市長安街２７號七樓之六,花蓮縣花蓮市主農里8鄰長安街27號,121.597191,23.967067
RPRNMLTJQHIGFAU47DA,花蓮縣花蓮市國聯五路１２９號五樓之四,花蓮縣花蓮市國聯里28鄰國聯五路129號,121.604913,23.992573
RPUNMLLMPHIGFAU17DA,花蓮縣花蓮市國盛一街１５９號五樓之二,花蓮縣花蓮市國盛里5鄰國盛一街159號,121.605673,23.992671
RPROMLSJQHIGFAU47DA,花蓮縣花蓮市富裕三街５２號二樓之二,花蓮縣花蓮市國裕里11鄰富裕三街52號,121.598028,23.994125
RPVNMLNJQHIGFAU27DA,花蓮縣花蓮市康樂街５號四樓之二,花蓮縣花蓮市民主里1鄰康樂街5號,121.614671,23.974025
RPQNMLKKQHIGFAU56DA,花蓮縣花蓮市華興街３３號五樓之三,花蓮縣花蓮市民享里19鄰華興街33號,121.619964,24.003143
RPVNMLKKQHIGFAU07DA,花蓮縣花蓮市東興二街３５號六樓之三,花蓮縣花蓮市民孝里9鄰東興二街35號,121.629805,24.000105
RPVNMLOKQHIGFAU47DA,花蓮縣花蓮市國民七街５１號七樓之十三,花蓮縣花蓮市國盛里3鄰國民七街51號,121.60583,23.991358
RPSNMLPKQHIGFAU27DA,花蓮縣花蓮市國民六街４８號五樓,花蓮縣花蓮市國聯里18鄰國民六街48號,121.605054,23.989077
RPVNMLPKQHIGFAU57DA,花蓮縣花蓮市建昌路１９７巷３４號五樓,花蓮縣花蓮市國富里32鄰建昌路202號,121.590999,23.989858
RPSOMLPKQHIGFAU37DA,花蓮縣花蓮市中和街２１３號八樓之二,花蓮縣花蓮市主力里21鄰中和街213號,121.597877,23.974246
RPSNMLQKQHIGFAU37DA,花蓮縣花蓮市國聯五路２８０之３號,花蓮縣花蓮市國盛里8鄰國聯五路280之3號,121.604371,23.99603
RPUOMLPKQHIGFAU57DA,花蓮縣花蓮市富陽路３８號六樓之九,花蓮縣花蓮市國裕里20鄰富陽路38號,121.599031,23.995871
RPWNMLPKQHIGFAU67DA,花蓮縣花蓮市中和街２１１號十樓之二,花蓮縣花蓮市主力里21鄰中和街211號,121.597911,23.974385
RPTOMLQKQHIGFAU57DA,花蓮縣吉安鄉北昌一街１５巷１１３之５號,花蓮縣吉安鄉吉昌村8鄰北昌一街15巷113之5號,121.592536,23.985047
RPROMLPKQHIGFAU27DA,花蓮縣花蓮市國盛六街５３號四樓之十三,花蓮縣花蓮市國盛里27鄰國盛六街53號,121.608667,23.994657
RPUOMLSJQHIGFAU77DA,花蓮縣吉安鄉舊村六街１２０巷９弄６之１號,花蓮縣吉安鄉福興村20鄰舊村六街120巷9弄6之1號,121.561148,23.966611
RPSNMLLLPHIGFAU86DA,花蓮縣吉安鄉仁里三街１７巷５號,花蓮縣吉安鄉仁里村8鄰仁里三街17巷5號,121.592187,23.968938
RPSPMLTKPHIGFAU77DA,花蓮縣花蓮市國興五街６３號五樓之二,花蓮縣花蓮市國聯里18鄰國興五街63號,121.605009,23.988572
RPSRMLPJPHIGFAU47DA,花蓮縣花蓮市中和街１８９巷６號五樓,花蓮縣花蓮市主力里21鄰中和街189巷6號,121.598245,23.974304
RPWNMLNJQHIGFAU37DA,花蓮縣花蓮市國興二街１２５號二樓之一,花蓮縣花蓮市國聯里11鄰國興二街125號,121.601857,23.9892
RPTNMLQLPHIGFAU47DA,花蓮縣花蓮市林森路１１５巷４３號,花蓮縣花蓮市國風里8鄰林森路115巷43號,121.597797,23.977757
RPUNMLRKQHIGFAU67DA,花蓮縣吉安鄉東海六街１３號四樓,花蓮縣吉安鄉仁里村1鄰東海六街13號,121.593997,23.967535
RPQNMLRKQHIGFAU27DA,花蓮縣花蓮市福建街７２巷１１號,花蓮縣花蓮市主農里5鄰福建街72巷11號,121.59958,23.9675
RPOPMLRKQHIGFAU27DA,花蓮縣吉安鄉慶北一街１６７號五樓之二,花蓮縣吉安鄉慶豐村23鄰慶北一街167號,121.567898,23.979901
RPPPMLRKQHIGFAU37DA,花蓮縣吉安鄉慶北一街１６７號四樓之一,花蓮縣吉安鄉慶豐村23鄰慶北一街167號,121.567898,23.979901
RPWNMLSKQHIGFAU97DA,花蓮縣吉安鄉慶北三街１６５號,花蓮縣吉安鄉慶豐村8鄰慶北三街165號,121.574265,23.978255
RPSNMLLLQHIGFAU96DA,花蓮縣吉安鄉和平路一段１５１巷１弄３號,花蓮縣吉安鄉勝安村35鄰和平路一段151巷1弄3號,121.588426,23.982759
RPSPMLLJQHIGFAU96DA,花蓮縣花蓮市國興三街４７之１號,花蓮縣花蓮市國聯里19鄰國興三街47之1號,121.603782,23.989356
RPQOMLRJQHIGFAU27DA,花蓮縣花蓮市國民六街４８號三樓,花蓮縣花蓮市國聯里18鄰國民六街48號,121.605054,23.989077
RPPPMLLLQHIGFAU86DA,花蓮縣吉安鄉全民街３８號二樓,花蓮縣吉安鄉永興村15鄰全民街38號,121.571267,23.938846
RPSNMLSKQHIGFAU57DA,花蓮縣花蓮市富裕十六街２７號三樓之一,花蓮縣花蓮市國裕里5鄰富裕十六街27號,121.596099,23.996625
RPQOMLSKQHIGFAU47DA,花蓮縣吉安鄉吉昌一街５７號,花蓮縣吉安鄉吉安村10鄰吉昌一街57號,121.570258,23.967587
RPPNMLSKQHIGFAU27DA,花蓮縣花蓮市國民一街４０號二樓之五,花蓮縣花蓮市國聯里1鄰國民一街40號,121.601833,23.987653
RPSPMLQKQHIGFAU57DA,花蓮縣花蓮市國民一街４０號二樓之三,花蓮縣花蓮市國聯里1鄰國民一街40號,121.601833,23.987653
RPSQMLMLQHIGFAU37DA,花蓮縣花蓮市長春街１３號,花蓮縣花蓮市主農里18鄰長春街13號,121.596062,23.968519
RPWPMLMLQHIGFAU67DA,花蓮縣吉安鄉中山路一段９１巷６號,花蓮縣吉安鄉仁里村39鄰中山路一段91巷6號,121.587969,23.966439
RPOOMLMLQHIGFAU76DA,花蓮縣花蓮市民權九街２６巷１０號二樓,花蓮縣花蓮市民勤里25鄰民權九街26巷10號,121.623958,23.992046
RPOOMLLLQHIGFAU66DA,花蓮縣吉安鄉南海四街２４６巷２弄６號,花蓮縣吉安鄉仁和村11鄰南海四街246巷2弄6號,121.589232,23.953875
RPROMLLLQHIGFAU96DA,花蓮縣花蓮市林森路３１５巷３４號,花蓮縣花蓮市國華里19鄰林森路315巷34號,121.602402,23.9809
RPSOMLMLQHIGFAU17DA,花蓮縣花蓮市富裕十七街２５號六樓之三,花蓮縣花蓮市國裕里4鄰富裕十七街25號,121.595181,23.996189
RPWNMLPLPHIGFAU67DA,花蓮縣吉安鄉仁光１１號,花蓮縣吉安鄉仁和村24鄰仁光11號,121.583224,23.943878
RPROMLLLPHIGFAU86DA,花蓮縣花蓮市球崙二路２０９號二樓之五,花蓮縣花蓮市民享里15鄰球崙二路209號,121.621004,24.004968
RPTOMLSKQHIGFAU77DA,花蓮縣花蓮市介林五街１８９號,花蓮縣花蓮市國興里15鄰介林五街189號,121.572684,23.995144
RPVNMLRKQHIGFAU77DA,花蓮縣吉安鄉南海二街１９３巷５號,花蓮縣吉安鄉仁安村7鄰南海二街193巷5號,121.593333,23.955569
RPVNMLOLQHIGFAU57DA,花蓮縣吉安鄉中央路二段１３９巷２２弄２６號,花蓮縣吉安鄉吉安村16鄰中央路二段139巷22弄26號,121.570646,23.972868
RPWNMLOLQHIGFAU67DA,花蓮縣花蓮市國聯一路１４５之１號,花蓮縣花蓮市國聯里14鄰國聯一路145之1號,121.601786,23.990117
RPPOMLOLQHIGFAU07DA,花蓮縣花蓮市華廈街１６號七樓之一,花蓮縣花蓮市民享里14鄰華廈街16號,121.619817,24.005049
RPTOMLOLQHIGFAU47DA,花蓮縣花蓮市中美十一街９號五樓之一,花蓮縣花蓮市民政里25鄰中美十一街9號,121.622899,23.995488
RPQOMLPLQHIGFAU27DA,花蓮縣花蓮市富裕七街１９號四樓之一,花蓮縣花蓮市國裕里14鄰富裕七街19號,121.598772,23.994976
RPSQMLOLQHIGFAU57DA,花蓮縣吉安鄉吉祥一街２１號,花蓮縣吉安鄉宜昌村2鄰吉祥一街21號,121.586495,23.974834
RPPPMLSLQHIGFAU57DA,花蓮縣花蓮市國盛三街５１巷６之３號四樓,花蓮縣花蓮市國盛里18鄰國盛三街51巷6之3號,121.606469,23.995037
RPVNMLTLQHIGFAU08DA,花蓮縣吉安鄉稻香路３７號四樓,花蓮縣吉安鄉稻香村14鄰稻香路37號,121.570977,23.96225
RPXNMLSLQHIGFAU18DA,花蓮縣花蓮市林森路２７３巷３２號,花蓮縣花蓮市國風里23鄰林森路273巷32號,121.601252,23.979939
RPXOMLTLQHIGFAU38DA,花蓮縣花蓮市明禮路５號,花蓮縣花蓮市民生里12鄰明禮路5號,121.611403,23.978345
RPOPMLTLQHIGFAU57DA,花蓮縣花蓮市建興街５６號,花蓮縣花蓮市國興里8鄰建興街56號,121.574988,23.994395
RPVOMLPLQHIGFAU77DA,花蓮縣花蓮市國盛五街６５號,花蓮縣花蓮市國盛里25鄰國盛五街65號,121.608109,23.994377
RPTPMLSLQHIGFAU97DA,花蓮縣花蓮市商校街３０號,花蓮縣花蓮市國聯里20鄰商校街30號,121.605838,23.988157
RPSOMLKMQHIGFAU07DA,花蓮縣花蓮市國盛五街７９號三樓之二,花蓮縣花蓮市國盛里25鄰國盛五街79號,121.608023,23.994699
RPTNMLLJRHIGFAU96DA,花蓮縣吉安鄉文化五街４７號,花蓮縣吉安鄉南昌村24鄰文化五街47號,121.580656,23.970222
RPQNMLLMQHIGFAU86DA,花蓮縣吉安鄉仁里十三街１７號,花蓮縣吉安鄉仁里村24鄰仁里十三街17號,121.587674,23.970184
RPWNMLOKQHIGFAU57DA,花蓮縣吉安鄉太昌路５８４巷１１號,花蓮縣吉安鄉太昌村13鄰太昌路584巷11號,121.560587,23.995466
RPUOMLPLQHIGFAU67DA,花蓮縣吉安鄉建國路一段２１９巷８號,花蓮縣吉安鄉吉昌村13鄰建國路一段219巷8號,121.588249,23.986484
RPXOMLPJRHIGFAU87DA,花蓮縣吉安鄉南埔十三街３１號二樓之八,花蓮縣吉安鄉仁里村42鄰南埔十三街31號,121.590688,23.97042
RPRPMLPJRHIGFAU37DA,花蓮縣花蓮市長安街２７號十二樓之六,花蓮縣花蓮市主農里8鄰長安街27號,121.597191,23.967067
RPRNMLLJRHIGFAU76DA,花蓮縣花蓮市華德街８７巷１６號,花蓮縣花蓮市民心里14鄰華德街87巷16號,121.618855,24.011241
RPPNMLLJRHIGFAU56DA,花蓮縣吉安鄉南華四街７５巷６號,花蓮縣吉安鄉南華村1鄰南華四街75巷6號,121.555228,23.951971
RPRNMLOKQHIGFAU07DA,花蓮縣吉安鄉南海三街２０４巷３０號,花蓮縣吉安鄉仁和村8鄰南海三街204巷30號,121.591249,23.95523
RPOOMLOKQHIGFAU86DA,花蓮縣花蓮市國富十七街１０號四樓之五,花蓮縣花蓮市國富里22鄰國富十七街10號,121.59386,23.990258
RPVOMLQKQHIGFAU77DA,花蓮縣花蓮市國民六街５０號四樓,花蓮縣花蓮市國聯里18鄰國民六街50號,121.605078,23.98903
RPWOMLPLQHIGFAU87DA,花蓮縣吉安鄉全民街１０７號三樓,花蓮縣吉安鄉永興村18鄰全民街107號,121.570184,23.937811
RPXNMLQJRHIGFAU87DA,花蓮縣吉安鄉慶北一街１６７號六樓之一,花蓮縣吉安鄉慶豐村23鄰慶北一街167號,121.567898,23.979901
RPQPMLSJOHIGFAU27DA,花蓮縣花蓮市民權路２５號四樓之三,花蓮縣花蓮市民德里5鄰民權路25號,121.621364,23.983032
RPOOMLQKOHIGFAU86DA,花蓮縣花蓮市林森路２８５號七樓之二,花蓮縣花蓮市國風里24鄰林森路285號,121.602386,23.979607
RPPNMLPKOHIGFAU76DA,花蓮縣花蓮市國民八街５號九樓之七,花蓮縣花蓮市國聯里30鄰國民八街5號,121.604243,23.993234
RPSOMLRKOHIGFAU37DA,花蓮縣花蓮市國民一街２０號五樓之三,花蓮縣花蓮市國聯里2鄰國民一街20號,121.601198,23.988567
RPRNMLLLOHIGFAU66DA,花蓮縣花蓮市中央路三段７３０號九樓之五,花蓮縣花蓮市國富里35鄰中央路三段730號,121.590858,23.991491
RPRNMLQLOHIGFAU17DA,花蓮縣花蓮市大同街９８巷７號,花蓮縣花蓮市國威里14鄰大同街98巷7號,121.60866,23.981216
RPQNMLQLOHIGFAU07DA,花蓮縣花蓮市南京街２０３號四樓之五,花蓮縣花蓮市主信里5鄰南京街203號,121.606539,23.974793
RPSOMLKLOHIGFAU76DA,花蓮縣花蓮市建昌路１９７巷３２號五樓,花蓮縣花蓮市國富里32鄰建昌路202號,121.590999,23.989858
RPPNMLOLOHIGFAU76DA,花蓮縣花蓮市球崙二路２１７號二樓之六,花蓮縣花蓮市民享里15鄰球崙二路217號,121.620874,24.005275
RPSNMLQLOHIGFAU27DA,花蓮縣花蓮市民德一街５１號二樓之一,花蓮縣花蓮市民德里10鄰民德一街51號,121.62197,23.985825
RPXNMLRLOHIGFAU87DA,花蓮縣花蓮市民德四街５號,花蓮縣花蓮市民德里6鄰民德四街5號,121.621183,23.983813
RPSOMLRLOHIGFAU47DA,花蓮縣花蓮市華廈街１８號,花蓮縣花蓮市民享里14鄰華廈街18號,121.619888,24.005071
RPQNMLRJOHIGFAU96DA,花蓮縣花蓮市德安二街６８巷１２號三樓,花蓮縣花蓮市主權里20鄰德安二街68巷12號,121.59226,23.973666
RPUNMLSLOHIGFAU67DA,花蓮縣花蓮市國盛三街４６號六樓之一,花蓮縣花蓮市國盛里22鄰國盛三街46號,121.606759,23.995186
RPVNMLTKOHIGFAU77DA,花蓮縣吉安鄉北安街１６０巷６弄１４號,花蓮縣吉安鄉永安村29鄰北安街160巷6弄14號,121.577487,23.979794
RPSNMLKMOHIGFAU76DA,花蓮縣花蓮市中順街１３６號,花蓮縣花蓮市主農里24鄰中順街136號,121.595752,23.970224
RPPNMLTLOHIGFAU27DA,花蓮縣花蓮市中正路３３６巷１弄１１號三樓,花蓮縣花蓮市主學里9鄰中正路336巷1弄11號,121.60239,23.973427
RPPOMLPJPHIGFAU86DA,花蓮縣吉安鄉自治路９號,花蓮縣吉安鄉吉昌村9鄰自治路9號,121.592271,23.984107
RPROMLNJPHIGFAU86DA,花蓮縣吉安鄉文化五街６７號四樓,花蓮縣吉安鄉南昌村24鄰文化五街67號,121.580406,23.970286
RPWOMLNJPHIGFAU37DA,花蓮縣花蓮市榮正街１２５巷５弄９號,花蓮縣花蓮市主安里18鄰榮正街125巷5弄9號,121.597185,23.973122
RPXNMLOJPHIGFAU47DA,花蓮縣花蓮市延平街３２號,花蓮縣花蓮市國魂里2鄰延平街32號,121.602585,23.984532
RPTOMLRLOHIGFAU57DA,花蓮縣花蓮市中山路７２４巷１弄１號,花蓮縣花蓮市國裕里5鄰中山路724巷1弄1號,121.595813,23.995933
RPPOMLOJPHIGFAU76DA,花蓮縣花蓮市國盛六街５３號六樓之十,花蓮縣花蓮市國盛里27鄰國盛六街53號,121.608667,23.994657
RPTOMLPJPHIGFAU27DA,花蓮縣吉安鄉南埔八街７８號,花蓮縣吉安鄉仁里村29鄰南埔八街78號,121.590104,23.968489
RPPQMLPJPHIGFAU07DA,花蓮縣花蓮市國民七街５１號六樓之十一,花蓮縣花蓮市國盛里3鄰國民七街51號,121.60583,23.991358
RPXQMLPJPHIGFAU87DA,花蓮縣花蓮市忠孝街６２之１號四樓之二,花蓮縣花蓮市主信里6鄰忠孝街62之1號,121.605878,23.97491
RPOOMLQJPHIGFAU86DA,花蓮縣花蓮市國聯二路７１號四樓之三,花蓮縣花蓮市國聯里16鄰國聯二路71號,121.603375,23.989803
RPQOMLQJPHIGFAU07DA,花蓮縣吉安鄉中山路一段２２２號十二樓之八,花蓮縣吉安鄉仁里村32鄰中山路一段222號,121.586352,23.969221
RPVNMLQJPHIGFAU47DA,花蓮縣吉安鄉全民街６８號,花蓮縣吉安鄉永興村17鄰全民街68號,121.569878,23.938849
RPVQMLPJPHIGFAU67DA,花蓮縣吉安鄉吉昌二街１９９號,花蓮縣吉安鄉吉安村24鄰吉昌二街199號,121.563203,23.97004
RPSQMLPJPHIGFAU37DA,花蓮縣花蓮市民族路１號二樓之三,花蓮縣花蓮市民運里4鄰民族路1號,121.631201,23.995093
RPOOMLRKOHIGFAU96DA,花蓮縣花蓮市富裕十七街２５號五樓之二,花蓮縣花蓮市國裕里4鄰富裕十七街25號,121.595181,23.996189
RPQNMLKLOHIGFAU09DA,花蓮縣花蓮市富祥街６０號,花蓮縣花蓮市國富里38鄰富祥街60號,121.59316,23.992875
RPROMLOJPHIGFAU96DA,花蓮縣吉安鄉東海十五街８０巷１９弄７６號,花蓮縣吉安鄉東昌村22鄰東海十五街80巷19弄76號,121.59486,23.962157
RPQOMLNJPHIGFAU76DA,花蓮縣花蓮市莊敬路１５６之１號,花蓮縣花蓮市國富里13鄰莊敬路156之1號,121.594774,23.988909
RPVPMLQJPHIGFAU67DA,花蓮縣花蓮市國聯二路１５０號,花蓮縣花蓮市國聯里2鄰國聯二路150號,121.601204,23.988132
RPROMLQJPHIGFAU17DA,花蓮縣吉安鄉中華路二段９３號十四樓之四,花蓮縣吉安鄉宜昌村7鄰中華路二段93號,121.584878,23.973593
RPPNMLSJPHIGFAU07DA,花蓮縣花蓮市建國路２４２號,花蓮縣花蓮市國魂里20鄰建國路242號,121.59987,23.984293
RPUNMLKKPHIGFAU86DA,花蓮縣吉安鄉明仁一街５１巷６２號,花蓮縣吉安鄉永安村16鄰明仁一街51巷62號,121.578875,23.987926
RPVNMLKKPHIGFAU96DA,花蓮縣吉安鄉中央路三段２４６號,花蓮縣吉安鄉勝安村32鄰中央路三段246號,121.584965,23.981586
RPPOMLKKPHIGFAU09DA,花蓮縣吉安鄉慶豐十一街２９８號五樓之二,花蓮縣吉安鄉慶豐村32鄰慶豐十一街298號,121.567196,23.984145
RPUOMLRJPHIGFAU57DA,花蓮縣吉安鄉中興路２８６號,花蓮縣吉安鄉吉安村18鄰中興路286號,121.565859,23.973642
RPOOMLPJPHIGFAU76DA,花蓮縣吉安鄉自治路７號,花蓮縣吉安鄉吉昌村9鄰自治路7號,121.592237,23.984068
RPWNMLRJPHIGFAU67DA,花蓮縣花蓮市國民八街５號十二樓之八,花蓮縣花蓮市國聯里30鄰國民八街5號,121.604243,23.993234
RPVNMLMKPHIGFAU17DA,花蓮縣吉安鄉自強路６５巷１７弄１９號,花蓮縣吉安鄉勝安村25鄰自強路65巷17弄19號,121.584585,23.977585
RPRPMLMKPHIGFAU96DA,花蓮縣吉安鄉自強路４９巷２６號,花蓮縣吉安鄉勝安村25鄰自強路49巷26號,121.58434,23.977623
RPPOMLMKPHIGFAU66DA,花蓮縣花蓮市大同街８４號,花蓮縣花蓮市國威里13鄰大同街84號,121.607761,23.981462
RPWOMLMKPHIGFAU37DA,花蓮縣花蓮市民權九街３１號三樓之一,花蓮縣花蓮市民勤里10鄰民權九街31號,121.624728,23.990337
RPXOMLMKPHIGFAU47DA,花蓮縣吉安鄉自強路６５巷１７弄１７號,花蓮縣吉安鄉勝安村25鄰自強路65巷17弄17號,121.584612,23.977625
RPROMLLKPHIGFAU76DA,花蓮縣花蓮市林森路２１７巷３５號,花蓮縣花蓮市國風里18鄰林森路217巷35號,121.60011,23.979323
RPSNMLMKPHIGFAU86DA,花蓮縣吉安鄉華工六路６０巷３１號,花蓮縣吉安鄉光華村15鄰華工六路60巷31號,121.591924,23.938065
RPUNMLOJPHIGFAU17DA,花蓮縣花蓮市富安路１０６號五樓之十二,花蓮縣花蓮市國裕里18鄰富安路106號,121.599829,23.99554
RPPQMLMKOHIGFAU76DA,花蓮縣花蓮市中順街４５巷１６號二樓之七,花蓮縣花蓮市主農里12鄰中順街45巷16號,121.596896,23.967663
RPPOMLQKOHIGFAU96DA,花蓮縣花蓮市富安路１４７號三樓之七號,花蓮縣花蓮市國裕里19鄰富安路147號,121.600004,23.996302
RPQOMLLKPHIGFAU66DA,花蓮縣花蓮市建興街３８號,花蓮縣花蓮市國興里8鄰建興街38號,121.575093,23.994097
RPSPMLMKPHIGFAU07DA,花蓮縣吉安鄉勝安二街２２號,花蓮縣吉安鄉勝安村2鄰勝安二街22號,121.588007,23.975438
RPQNMLOKPHIGFAU86DA,花蓮縣花蓮市民享二街４５號,花蓮縣花蓮市民運里20鄰民享二街45號,121.63202,23.993248
RPSNMLOKPHIGFAU07DA,花蓮縣花蓮市成功街４５號四樓之二,花蓮縣花蓮市主和里27鄰成功街45號,121.602429,23.97081
RPTOMLNKPHIGFAU17DA,花蓮縣吉安鄉南山五街１１６號,花蓮縣吉安鄉宜昌村31鄰南山五街116號,121.580934,23.974152
RPUOMLNKPHIGFAU27DA,花蓮縣吉安鄉南山五街１１６號二樓之一,花蓮縣吉安鄉宜昌村31鄰南山五街116號,121.580934,23.974152
RPVOMLNKPHIGFAU37DA,花蓮縣吉安鄉南山五街１１６號二樓之二,花蓮縣吉安鄉宜昌村31鄰南山五街116號,121.580934,23.974152
RPWOMLNKPHIGFAU47DA,花蓮縣吉安鄉南山五街１１６號三樓之一,花蓮縣吉安鄉宜昌村31鄰南山五街116號,121.580934,23.974152
RPXOMLNKPHIGFAU57DA,花蓮縣花蓮市中華路４９０之１號,花蓮縣花蓮市主權里4鄰中華路490之1號,121.592301,23.974802
RPQPMLNKPHIGFAU96DA,花蓮縣吉安鄉南山五街１１６號三樓之二,花蓮縣吉安鄉宜昌村31鄰南山五街116號,121.580934,23.974152
RPRPMLNKPHIGFAU07DA,花蓮縣吉安鄉南山五街１１６號四樓之一,花蓮縣吉安鄉宜昌村31鄰南山五街116號,121.580934,23.974152
RPSPMLNKPHIGFAU17DA,花蓮縣吉安鄉南山五街１１６號四樓之二,花蓮縣吉安鄉宜昌村31鄰南山五街116號,121.580934,23.974152
RPTPMLNKPHIGFAU27DA,花蓮縣吉安鄉南山五街１１６號五樓之一,花蓮縣吉安鄉宜昌村31鄰南山五街116號,121.580934,23.974152
RPTNMLNKPHIGFAU07DA,花蓮縣花蓮市中正路３３６巷１弄１１號四樓,花蓮縣花蓮市主學里9鄰中正路336巷1弄11號,121.60239,23.973427
RPOOMLOKPHIGFAU76DA,花蓮縣花蓮市德安二街６０之１號八樓,花蓮縣花蓮市主權里19鄰德安二街60之1號,121.592661,23.973541
RPQNMLRKPHIGFAU17DA,花蓮縣吉安鄉自強路４９巷２８號,花蓮縣吉安鄉勝安村25鄰自強路49巷28號,121.584301,23.977641
RPQNMLMKPHIGFAU66DA,花蓮縣吉安鄉文化五街４９號,花蓮縣吉安鄉南昌村24鄰文化五街49號,121.58058,23.970265
RPPOMLLKPHIGFAU56DA,花蓮縣花蓮市建興街３５號七樓之三,花蓮縣花蓮市國興里11鄰建興街35號,121.574826,23.993969
RPPNMLLKPHIGFAU09DA,花蓮縣花蓮市國民八街６５號六樓１１號,花蓮縣花蓮市國盛里19鄰國民八街65號,121.606613,23.993677
RPQNMLPKOHIGFAU86DA,花蓮縣花蓮市公正街３７號八樓之十二,花蓮縣花蓮市民生里8鄰公正街37號,121.610068,23.978
RPTPMLOKOHIGFAU27DA,花蓮縣花蓮市富安路１０６號七樓之九,花蓮縣花蓮市國裕里18鄰富安路106號,121.599829,23.99554
RPWPMLKLOHIGFAU27DA,花蓮縣花蓮市中華路５３４巷２號五樓,花蓮縣花蓮市主權里3鄰中華路534巷2號,121.589648,23.974706
RPVNMLOKPHIGFAU37DA,花蓮縣花蓮市中美九街２號七樓之三,花蓮縣花蓮市民政里32鄰中美九街2號,121.623846,23.993931
RPTNMLSKPHIGFAU57DA,花蓮縣花蓮市國盛八街１０３號五樓之一,花蓮縣花蓮市國盛里17鄰國盛八街103號,121.606444,23.996123
RPWOMLRKPHIGFAU87DA,花蓮縣花蓮市和平路３６２號八樓之二,花蓮縣花蓮市主睦里13鄰和平路362號,121.603492,23.974121
RPRNMLSKPHIGFAU37DA,花蓮縣花蓮市和平路５２１號,花蓮縣花蓮市主力里13鄰和平路521號,121.600925,23.976996
RPQOMLRKPHIGFAU27DA,花蓮縣吉安鄉自強路４９巷３０號,花蓮縣吉安鄉勝安村25鄰自強路49巷30號,121.584265,23.977663
RPVOMLKKPHIGFAU07DA,花蓮縣吉安鄉宜昌二街３４號,花蓮縣吉安鄉宜昌村5鄰宜昌二街34號,121.585837,23.972688
RPWOMLSKPHIGFAU97DA,花蓮縣花蓮市球崙二路２０９號二樓之二,花蓮縣花蓮市民享里15鄰球崙二路209號,121.621004,24.004968
RPXOMLTKPHIGFAU18DA,花蓮縣吉安鄉仁里五街７１號,花蓮縣吉安鄉仁里村29鄰仁里五街71號,121.590008,23.969227
RPQNMLKLPHIGFAU56DA,花蓮縣吉安鄉慈惠四街２６巷２之１號,花蓮縣吉安鄉勝安村6鄰慈惠四街26巷2之1號,121.590637,23.976793
RPTNMLKLPHIGFAU86DA,花蓮縣花蓮市明心街１之２２號二樓,花蓮縣花蓮市國防里6鄰明心街1之22號,121.605806,23.984745
RPWOMLQKOHIGFAU67DA,花蓮縣吉安鄉文化五街６３號四樓,花蓮縣吉安鄉南昌村24鄰文化五街63號,121.580275,23.970279
RPUOMLRKPHIGFAU67DA,花蓮縣花蓮市中央路三段７２０巷５號七樓之七,花蓮縣花蓮市國富里35鄰中央路三段720巷5號,121.591137,23.99133
RPPPMLKLPHIGFAU66DA,花蓮縣花蓮市國民八街８號三樓之二,花蓮縣花蓮市國聯里29鄰國民八街8號,121.60415,23.993065
RPUNMLLLPHIGFAU07DA,花蓮縣吉安鄉吉豐路三段３０９號,花蓮縣吉安鄉永興村10鄰吉豐路三段309號,121.558683,23.950793
RPVNMLLLPHIGFAU17DA,花蓮縣吉安鄉中山路一段１６４號,花蓮縣吉安鄉仁里村38鄰中山路一段164號,121.587003,23.968451
RPWNMLLLPHIGFAU27DA,花蓮縣吉安鄉自強路６５巷１７弄２１號,花蓮縣吉安鄉勝安村25鄰自強路65巷17弄21號,121.58456,23.977547
RPXNMLLLPHIGFAU37DA,花蓮縣吉安鄉自強路６５巷１７弄２３號,花蓮縣吉安鄉勝安村25鄰自強路65巷17弄23號,121.584526,23.977508
RPTOMLKLPHIGFAU96DA,花蓮縣花蓮市介林九街７３號,花蓮縣花蓮市國興里22鄰介林九街73號,121.571074,23.997423
RPVOMLKLPHIGFAU17DA,花蓮縣花蓮市國盛一街６６巷５號,花蓮縣花蓮市國盛里14鄰國盛一街66巷5號,121.606697,23.990839
RPTPMLKLPHIGFAU07DA,花蓮縣花蓮市國富十街３８號,花蓮縣花蓮市國富里6鄰國富十街38號,121.596908,23.989094
RPPPMLTKPHIGFAU47DA,花蓮縣吉安鄉自強路４９巷２２號,花蓮縣吉安鄉勝安村25鄰自強路49巷22號,121.584388,23.977602
RPSNMLOLPHIGFAU17DA,花蓮縣花蓮市建華路８３巷８號,花蓮縣花蓮市國興里4鄰建華路83巷8號,121.578259,23.994744
RPQOMLLLPHIGFAU76DA,花蓮縣吉安鄉南埔十三街３１號二樓之七,花蓮縣吉安鄉仁里村42鄰南埔十三街31號,121.590688,23.97042
RPRNMLOJPHIGFAU86DA,花蓮縣花蓮市南京街８６號三樓之二,花蓮縣花蓮市主和里8鄰南京街86號,121.602974,23.97219
RPQPMLTKOHIGFAU47DA,花蓮縣花蓮市民德四街１號,花蓮縣花蓮市民德里1鄰民德四街1號,121.619452,23.981985
RPUOMLKLPHIGFAU07DA,花蓮縣花蓮市壽昌街２９巷２６號,找不到指定的門牌地址。,,
RPUNMLOLPHIGFAU37DA,花蓮縣吉安鄉吉祥一街１３巷１４號,花蓮縣吉安鄉宜昌村2鄰吉祥一街13巷14號,121.586462,23.97456
RPQNMLPLPHIGFAU07DA,花蓮縣花蓮市東興一街７８號三樓之二,花蓮縣花蓮市民孝里11鄰東興一街78號,121.632001,24.00112
RPQNMLQLPHIGFAU17DA,花蓮縣花蓮市中美路１１５巷１０號九樓,花蓮縣花蓮市民政里31鄰中美路115巷10號,121.626347,23.992735
RPSNMLQLPHIGFAU37DA,花蓮縣花蓮市華泰街１１號,花蓮縣花蓮市民享里14鄰華泰街11號,121.620009,24.004764
RPPOMLQLPHIGFAU17DA,花蓮縣吉安鄉東海十一街１號七樓之六,花蓮縣吉安鄉東昌村27鄰東海十一街1號,121.592419,23.965087
RPRNMLPLPHIGFAU17DA,花蓮縣花蓮市中華路４９８巷１９號,花蓮縣花蓮市主權里3鄰中華路498巷19號,121.591081,23.975104
RPUOMLOLPHIGFAU47DA,花蓮縣花蓮市建國路二段２６８巷９８號,花蓮縣花蓮市國興里1鄰建國路二段268巷98號,121.578588,23.993493
RPWNMLKLPHIGFAU17DA,花蓮縣吉安鄉南華四街１２５巷１６之３號,花蓮縣吉安鄉南華村2鄰南華四街125巷16之3號,121.550999,23.953113
RPUPMLMKPHIGFAU27DA,花蓮縣花蓮市進豐街５７巷５７之２號,花蓮縣花蓮市國防里8鄰進豐街57巷57之2號,121.6054,23.985986
RPOOMLSLPHIGFAU27DA,花蓮縣吉安鄉吉昌二街３２８巷６弄２號,花蓮縣吉安鄉吉安村26鄰吉昌二街328巷6弄2號,121.560683,23.972235
RPROMLQLPHIGFAU37DA,花蓮縣花蓮市球崙二路２１１號三樓之一,花蓮縣花蓮市民享里15鄰球崙二路211號,121.62098,24.005043
RPOPMLQKOHIGFAU96DA,花蓮縣花蓮市延平街７４巷１５號,花蓮縣花蓮市國魂里6鄰延平街74巷15號,121.601556,23.985116
RPRPMLTKPHIGFAU67DA,花蓮縣吉安鄉北安街１６１巷６８號,花蓮縣吉安鄉慶豐村1鄰北安街161巷68號,121.579792,23.977464
RPTOMLOKPHIGFAU27DA,花蓮縣花蓮市中興路１７８之３號,花蓮縣花蓮市民政里15鄰中興路178之3號,121.625283,23.996407
RPRQMLTKPHIGFAU77DA,花蓮縣花蓮市長春街１７號,花蓮縣花蓮市主農里18鄰長春街17號,121.596138,23.968571
RPPOMLKLPHIGFAU56DA,花蓮縣吉安鄉南華四街１２５巷１６號二樓之三,花蓮縣吉安鄉南華村2鄰南華四街125巷16號,121.550999,23.953113
RPPNMLLMPHIGFAU66DA,花蓮縣花蓮市德安二街１４３號,花蓮縣花蓮市主權里16鄰德安二街143號,121.591438,23.972328
RPTNMLLMPHIGFAU07DA,花蓮縣花蓮市中興路１１５之４４號,花蓮縣花蓮市民政里29鄰中興路115之44號,121.627042,23.99475
RPXNMLLMPHIGFAU47DA,花蓮縣吉安鄉南海三街２０８巷２號,花蓮縣吉安鄉仁和村8鄰南海三街208巷2號,121.590903,23.955031
RPROMLLJQHIGFAU76DA,花蓮縣花蓮市國盛二街１１８號五樓之六,花蓮縣花蓮市國盛里17鄰國盛二街118號,121.605998,23.996006
RPSOMLLJQHIGFAU86DA,花蓮縣花蓮市國盛二街１１８之９號五樓,花蓮縣花蓮市國盛里17鄰國盛二街118之7號,121.605998,23.996006
RPPNMLMJQHIGFAU56DA,花蓮縣吉安鄉中原路一段７５號,花蓮縣吉安鄉勝安村5鄰中原路一段75號,121.589335,23.9781
RPSNMLMJQHIGFAU86DA,花蓮縣吉安鄉吉昌一街１６７巷６號,花蓮縣吉安鄉吉安村23鄰吉昌一街167巷6號,121.564719,23.971397
RPQOMLMJQHIGFAU76DA,花蓮縣吉安鄉東里十五街８８巷８號,花蓮縣吉安鄉東昌村18鄰東里十五街88巷8號,121.597413,23.962211
RPXNMLSLPHIGFAU08DA,花蓮縣花蓮市中美路３０１之３~之６號,花蓮縣花蓮市民孝里7鄰中美路301之1號,121.631851,23.998691
RPQNMLNKPHIGFAU76DA,花蓮縣吉安鄉勝安三街３號,花蓮縣吉安鄉勝安村26鄰勝安三街3號,121.58371,23.97754
RPQQMLTKPHIGFAU67DA,花蓮縣花蓮市球崙二路２５２巷２２弄５號,花蓮縣花蓮市民享里9鄰球崙二路252巷22弄5號,121.621923,24.006145
RPOPMLTKPHIGFAU37DA,花蓮縣花蓮市林森路２９３巷９號,花蓮縣花蓮市國風里24鄰林森路293巷9號,121.601899,23.980066
RPXOMLRJPHIGFAU87DA,花蓮縣花蓮市中和街２０９號五樓,花蓮縣花蓮市主力里21鄰中和街209號,121.598029,23.974556
RPSOMLSLPHIGFAU67DA,花蓮縣吉安鄉南埔八街２０５巷１６號五樓之二,花蓮縣吉安鄉仁里村19鄰南埔八街205巷16號,121.589226,23.966246
RPPNMLOJQHIGFAU76DA,花蓮縣花蓮市民權路３５巷１號五樓,花蓮縣花蓮市民德里7鄰民權路35巷1號,121.621697,23.983715
RPOOMLMJQHIGFAU56DA,花蓮縣吉安鄉南海九街２０２巷２９號,花蓮縣吉安鄉仁和村25鄰南海九街202巷29號,121.58646,23.945098
RPRPMLLJQHIGFAU86DA,花蓮縣花蓮市林森路２３６之４３號,花蓮縣花蓮市國威里24鄰林森路236之43號,121.606042,23.981655
RPRNMLOJQHIGFAU96DA,花蓮縣吉安鄉昌隆六街６號六樓之四,花蓮縣吉安鄉南昌村14鄰昌隆六街6號,121.579848,23.969096
RPSNMLOJQHIGFAU07DA,花蓮縣吉安鄉吉豐路一段６５巷３之２號,花蓮縣吉安鄉仁和村32鄰吉豐路一段65巷3之1號,121.580894,23.955787
RPRNMLNJPHIGFAU76DA,花蓮縣花蓮市林園二街２２號二樓之五,花蓮縣花蓮市民孝里20鄰林園二街22號,121.63136,24.003606
RPXPMLTKPHIGFAU28DA,花蓮縣吉安鄉南華四街１２５巷１６號五樓之二,花蓮縣吉安鄉南華村2鄰南華四街125巷16號,121.550999,23.953113
RPXNMLKLPHIGFAU27DA,花蓮縣吉安鄉南華四街１２５巷１６號二樓之一,花蓮縣吉安鄉南華村2鄰南華四街125巷16號,121.550999,23.953113
RPOPMLOJPHIGFAU76DA,花蓮縣花蓮市康樂街５號五樓之八,花蓮縣花蓮市民主里1鄰康樂街5號,121.614671,23.974025
RPTNMLRJQHIGFAU47DA,花蓮縣吉安鄉南埔十六街３１號,花蓮縣吉安鄉仁里村23鄰南埔十六街31號,121.588807,23.971734
RPUOMLNJPHIGFAU17DA,花蓮縣吉安鄉南埔十一街２號,花蓮縣吉安鄉仁里村30鄰南埔十一街2號,121.589417,23.969263
RPSNMLLKPHIGFAU76DA,花蓮縣吉安鄉建國路二段４１巷１５之１號,花蓮縣吉安鄉永安村2鄰建國路二段41巷15之1號,121.581929,23.989357
RPTNMLLKPHIGFAU86DA,花蓮縣吉安鄉建國路二段４１巷１５之５號,花蓮縣吉安鄉永安村2鄰建國路二段41巷15之5號,121.581832,23.989238
RPSNMLRJPHIGFAU27DA,花蓮縣吉安鄉民治路２８２號二樓之五,花蓮縣吉安鄉勝安村34鄰民治路282號,121.587509,23.981959
RPPNMLNKPHIGFAU66DA,花蓮縣吉安鄉慶南三街４５８巷１２之１號,花蓮縣吉安鄉慶豐村45鄰慶南三街458巷12之1號,121.561459,23.981009
RPVNMLRKPHIGFAU67DA,花蓮縣花蓮市國民六街５０號三樓,花蓮縣花蓮市國聯里18鄰國民六街50號,121.605078,23.98903
RPXNMLKKQHIGFAU27DA,花蓮縣花蓮市國興五街１５２號二樓之一號,花蓮縣花蓮市國聯里12鄰國興五街152號,121.602427,23.988002
RPUNMLLJQHIGFAU96DA,花蓮縣花蓮市華西１１２號,花蓮縣花蓮市民心里10鄰華西112號,121.623397,24.01534
RPSPMLKLPHIGFAU96DA,花蓮縣花蓮市東興一街９３巷４號,花蓮縣花蓮市民孝里17鄰東興一街93巷4號,121.631251,24.003129
RPTOMLOLPHIGFAU37DA,花蓮縣花蓮市林森路２１７巷６號,花蓮縣花蓮市國風里18鄰林森路217巷6號,121.600798,23.978925
RPVNMLLKQHIGFAU17DA,花蓮縣吉安鄉建國路二段４１巷１５之６號,花蓮縣吉安鄉永安村2鄰建國路二段41巷15之6號,121.581812,23.989198
RPSOMLTJQHIGFAU67DA,花蓮縣花蓮市國富十七街１３號,花蓮縣花蓮市國富里21鄰國富十七街13號,121.594048,23.990192
RPXOMLKKPHIGFAU27DA,花蓮縣吉安鄉建國路二段４１巷１５之３號,花蓮縣吉安鄉永安村2鄰建國路二段41巷15之3號,121.581858,23.989274
RPPNMLQKQHIGFAU07DA,花蓮縣花蓮市公正街３７號六樓之二十,花蓮縣花蓮市民生里8鄰公正街37號,121.610068,23.978
RPPNMLRKQHIGFAU27EA,花蓮縣吉安鄉慶南二街３１７號,花蓮縣吉安鄉慶豐村57鄰慶南二街317號,121.56531,23.979451
RPPOMLQKQHIGFAU17DA,花蓮縣吉安鄉南海八街２１０巷１號,花蓮縣吉安鄉仁和村23鄰南海八街210巷1號,121.585026,23.946839
RPOOMLSKQHIGFAU27DA,花蓮縣花蓮市國富三街１號,花蓮縣花蓮市國富里1鄰國富三街1號,121.598847,23.98944
RPROMLTLQHIGFAU77DA,花蓮縣吉安鄉吉安路三段１１０號,花蓮縣吉安鄉福興村21鄰吉安路三段110號,121.559361,23.967845
RPQNMLKMQHIGFAU76DA,花蓮縣吉安鄉南埔八街２０５巷１６號二樓之二,花蓮縣吉安鄉仁里村19鄰南埔八街205巷16號,121.589226,23.966246
RPRNMLKMQHIGFAU86DA,花蓮縣吉安鄉南埔八街２０５巷１６號二樓之一,花蓮縣吉安鄉仁里村19鄰南埔八街205巷16號,121.589226,23.966246
RPOOMLLJRHIGFAU56DA,花蓮縣花蓮市建興街１３７巷３０號,花蓮縣花蓮市國興里10鄰建興街137巷30號,121.574456,23.996248
RPWOMLLMNHIGFAU27DA,花蓮縣花蓮市中山路７２４巷１弄１號,花蓮縣花蓮市國裕里5鄰中山路724巷1弄1號,121.595813,23.995933
RPOPMLLMNHIGFAU56DA,花蓮縣花蓮市富強路４８號二樓之三,花蓮縣花蓮市國裕里6鄰富強路48號,121.596538,23.995974
RPSNMLNJOHIGFAU76DA,花蓮縣花蓮市國興一街９５之９號,花蓮縣花蓮市國聯里34鄰國興一街95之9號,121.603854,23.99555
RPPPMLSJOHIGFAU17DA,花蓮縣花蓮市東興路３５９巷１號四樓之三,花蓮縣花蓮市民孝里18鄰東興路359巷1號,121.631877,24.003174
RPQNMLTJOHIGFAU17DA,花蓮縣吉安鄉稻香六街３巷１號,花蓮縣吉安鄉稻香村1鄰稻香六街3巷1號,121.569069,23.965129
RPSOMLTJOHIGFAU47DA,花蓮縣花蓮市自立路３４巷１１號,找不到指定的門牌地址。,,
RPPNMLTJOHIGFAU07DA,花蓮縣花蓮市南京街１９１號五樓之一,花蓮縣花蓮市主信里5鄰南京街191號,121.606202,23.974713
RPWNMLMKOHIGFAU17DA,花蓮縣花蓮市中美十三街６０號及地下室,花蓮縣花蓮市民政里35鄰中美十三街60號,121.623942,23.998311
RPTNMLTJOHIGFAU47DA,花蓮縣吉安鄉昌隆二街１０９號三樓,花蓮縣吉安鄉南昌村15鄰昌隆二街109號,121.580703,23.970692
RPOPMLSJOHIGFAU07DA,花蓮縣吉安鄉吉興一街４０７號,花蓮縣吉安鄉吉安村4鄰吉興一街407號,121.577606,23.97464
RPROMLTJOHIGFAU37DA,花蓮縣吉安鄉太昌路３４０巷５弄３０號,花蓮縣吉安鄉太昌村4鄰太昌路340巷5弄30號,121.569523,23.991139
RPQNMLKMNHIGFAU09DA,花蓮縣吉安鄉東海十街１４２號,花蓮縣吉安鄉東昌村22鄰東海十街142號,121.595669,23.963529
RPWNMLTKNHIGFAU77DA,花蓮縣花蓮市中正路３３６巷１弄１１號二樓,花蓮縣花蓮市主學里9鄰中正路336巷1弄11號,121.60239,23.973427
RPPOMLTJOHIGFAU17DA,花蓮縣吉安鄉昌隆一街２２號五樓之二,花蓮縣吉安鄉南昌村18鄰昌隆一街22號,121.583687,23.970268
RPWNMLNKOHIGFAU27DA,花蓮縣花蓮市國聯二路１４３號,花蓮縣花蓮市國聯里12鄰國聯二路143號,121.602137,23.988479
RPPPMLMKOHIGFAU66DA,花蓮縣花蓮市富裕五街３６號八樓之七,花蓮縣花蓮市國裕里11鄰富裕五街36號,121.597976,23.994479
RPWOMLMKOHIGFAU27DA,花蓮縣吉安鄉仁里三街７０號二樓之二,花蓮縣吉安鄉仁里村7鄰仁里三街70號,121.592513,23.969308
RPRNMLOKOHIGFAU86DA,花蓮縣花蓮市介林四街９號,花蓮縣花蓮市國興里15鄰介林四街9號,121.572517,23.994944
RPOOMLOKOHIGFAU66DA,花蓮縣花蓮市化道路８９巷８號十樓之二,花蓮縣花蓮市民意里48鄰化道路89巷8號,121.621127,24.000852
RPVOMLOKOHIGFAU37DA,花蓮縣吉安鄉華工六路９６巷６６號,花蓮縣吉安鄉光華村15鄰華工六路96巷66號,121.591727,23.940104
RPXOMLOKOHIGFAU57DA,花蓮縣花蓮市民權路１號八樓之一,花蓮縣花蓮市民德里1鄰民權路1號,121.619519,23.981449
RPUPMLOKOHIGFAU37DA,花蓮縣吉安鄉北安街１８５之３號,花蓮縣吉安鄉慶豐村1鄰北安街185之3號,121.577577,23.977896
RPRNMLPKOHIGFAU96DA,花蓮縣花蓮市軒轅路２號三樓之七,花蓮縣花蓮市民族里11鄰軒轅路2號,121.61175,23.97456
RPSOMLMKOHIGFAU86DA,花蓮縣花蓮市富陽路３８號七樓之五,花蓮縣花蓮市國裕里20鄰富陽路38號,121.599031,23.995871
RPOPMLMKOHIGFAU56DA,花蓮縣花蓮市中和街２０９號六樓,花蓮縣花蓮市主力里21鄰中和街209號,121.598029,23.974556
RPQOMLKMNHIGFAU56DA,花蓮縣花蓮市和平路５４５巷２０號,花蓮縣花蓮市國風里5鄰和平路545巷20號,121.600196,23.977361
RPUOMLMJOHIGFAU96DA,花蓮縣吉安鄉東海三街１８號一樓,花蓮縣吉安鄉東昌村8鄰東海三街18號,121.596345,23.966137
RPVNMLRJOHIGFAU47DA,花蓮縣吉安鄉中原路一段６７號,花蓮縣吉安鄉勝安村5鄰中原路一段67號,121.58954,23.97802
RPUOMLSJOHIGFAU57DA,花蓮縣吉安鄉昌隆三街７７號四樓,花蓮縣吉安鄉南昌村24鄰昌隆三街77號,121.580475,23.969939
RPQNMLQKOHIGFAU96DA,花蓮縣吉安鄉慈惠二街６６號四樓,花蓮縣吉安鄉勝安村21鄰慈惠二街66號,121.586287,23.976085
RPPOMLPKOHIGFAU86DA,花蓮縣花蓮市富安路１２４號,花蓮縣花蓮市國裕里18鄰富安路124號,121.600098,23.99592
RPVNMLPKOHIGFAU37DA,花蓮縣吉安鄉文化十三街１８號四樓之五,花蓮縣吉安鄉南昌村6鄰文化十三街18號,121.57877,23.971482
RPUNMLQKOHIGFAU37DA,花蓮縣花蓮市富強路４８號四樓之九,花蓮縣花蓮市國裕里6鄰富強路48號,121.596538,23.995974
RPTOMLQKOHIGFAU37DA,花蓮縣花蓮市長安街２８號,花蓮縣花蓮市主農里9鄰長安街28號,121.597233,23.96687
RPPNMLRKOHIGFAU96DA,花蓮縣花蓮市國盛一街２０２之８號五樓,花蓮縣花蓮市國盛里11鄰國盛一街202之8號,121.605588,23.994009
RPVNMLRKOHIGFAU57DA,花蓮縣花蓮市國興三街７９號三樓之一,花蓮縣花蓮市國聯里17鄰國興三街79號,121.603126,23.988727
RPWNMLRKOHIGFAU67DA,花蓮縣花蓮市華廈街１８號四樓之二,花蓮縣花蓮市民享里14鄰華廈街18號,121.619888,24.005071
RPVOMLQKOHIGFAU57DA,花蓮縣吉安鄉文化十三街３８號,花蓮縣吉安鄉南昌村1鄰文化十三街38號,121.579202,23.9721
RPVOMLTJOHIGFAU77DA,花蓮縣花蓮市國民八街５號十二樓之二,花蓮縣花蓮市國聯里30鄰國民八街5號,121.604243,23.993234
RPQOMLTLNHIGFAU37DA,花蓮縣花蓮市國民七街５１號三樓之二,花蓮縣花蓮市國盛里3鄰國民七街51號,121.60583,23.991358
RPXOMLTKOHIGFAU08DA,花蓮縣吉安鄉南埔一街３７號,花蓮縣吉安鄉仁里村6鄰南埔一街37號,121.592823,23.969069
RPPNMLKLOHIGFAU98DA,花蓮縣花蓮市民德三街１巷１號四樓,花蓮縣花蓮市民德里1鄰民德三街1巷1號,121.618844,23.981535
RPPOMLRKOHIGFAU07DA,花蓮縣花蓮市中美路２９５之１９號,花蓮縣花蓮市民孝里6鄰中美路295之19號,121.631353,23.998773
RPTNMLRKOHIGFAU37DA,花蓮縣花蓮市中福路２２２號,花蓮縣花蓮市主力里3鄰中福路222號,121.600324,23.97452
RPRPMLTKOHIGFAU57DA,花蓮縣花蓮市國聯四路８３號二樓之六,花蓮縣花蓮市國盛里12鄰國聯四路83號,121.606352,23.99246
RPPNMLLLOHIGFAU09DA,花蓮縣吉安鄉昌隆三街６３之１號,花蓮縣吉安鄉南昌村24鄰昌隆三街63之1號,121.580135,23.970158
RPOOMLLLOHIGFAU09DA,花蓮縣吉安鄉全民街１１８號四樓,花蓮縣吉安鄉永興村18鄰全民街118號,121.570438,23.93773
RPTPMLLMNHIGFAU07DA,花蓮縣花蓮市國盛一街１６８號二樓之二,花蓮縣花蓮市國盛里12鄰國盛一街168號,121.605838,23.992956
RPUPMLLMNHIGFAU17DA,花蓮縣花蓮市國盛一街１６８號三樓之一,花蓮縣花蓮市國盛里12鄰國盛一街168號,121.605838,23.992956
RPWOMLQJOHIGFAU57DA,花蓮縣花蓮市國盛一街７６號四樓之五,花蓮縣花蓮市國盛里14鄰國盛一街76號,121.606299,23.99106
RPVPMLLMNHIGFAU27DA,花蓮縣花蓮市國盛一街１６８號四樓之一,花蓮縣花蓮市國盛里12鄰國盛一街168號,121.605838,23.992956
RPWPMLLMNHIGFAU37DA,花蓮縣花蓮市國盛一街１６８號五樓之一,花蓮縣花蓮市國盛里12鄰國盛一街168號,121.605838,23.992956
RPUNMLKLOHIGFAU86DA,花蓮縣吉安鄉廣興一街３７６號,花蓮縣吉安鄉稻香村18鄰廣興一街376號,121.568862,23.9567
RPVNMLKLOHIGFAU96DA,花蓮縣花蓮市仁和街３０巷１號,花蓮縣花蓮市主權里5鄰仁和街30巷1號,121.59237,23.976208
RPVNMLLLOHIGFAU07DA,花蓮縣花蓮市長安街２７號十樓之八,花蓮縣花蓮市主農里8鄰長安街27號,121.597191,23.967067
RPXNMLQLOHIGFAU77DA,花蓮縣花蓮市富裕二街１６７號,花蓮縣花蓮市國裕里28鄰富裕二街167號,121.600931,23.996531
RPQNMLTKOHIGFAU27DA,花蓮縣花蓮市中華路４１６巷７號,花蓮縣花蓮市主權里22鄰中華路416巷7號,121.594582,23.975066
RPSPMLSJOHIGFAU47DA,花蓮縣吉安鄉南海一街１６７巷１８號,花蓮縣吉安鄉仁安村1鄰南海一街167巷18號,121.594299,23.956887
RPVOMLMLNHIGFAU17DA,花蓮縣吉安鄉東海六街２９巷２號,花蓮縣吉安鄉東昌村2鄰東海六街29巷2號,121.594662,23.967162
RPQOMLQLOHIGFAU17DA,花蓮縣吉安鄉明仁二街１７７巷１１號,花蓮縣吉安鄉永安村33鄰明仁二街177巷11號,121.575176,23.989163
RPTNMLRLOHIGFAU47DA,花蓮縣花蓮市中山路４５５巷２２號三樓之一,花蓮縣花蓮市國華里9鄰中山路455巷22號,121.603808,23.982713
RPPOMLSLOHIGFAU27DA,花蓮縣吉安鄉吉安路三段１６６號,花蓮縣吉安鄉福興村11鄰吉安路三段166號,121.55876,23.966896
RPRNMLSJOHIGFAU17DA,花蓮縣花蓮市府前路１０４號五樓之二,花蓮縣花蓮市民勤里20鄰府前路104號,121.621613,23.989197
RPRNMLTLOHIGFAU47DA,花蓮縣花蓮市中央路三段７３０號九樓之二十三,花蓮縣花蓮市國富里35鄰中央路三段730號,121.590858,23.991491
RPVNMLSLOHIGFAU77DA,花蓮縣花蓮市國盛八街１０９號六樓之三,花蓮縣花蓮市國盛里17鄰國盛八街109號,121.606264,23.996234
RPQNMLNLOHIGFAU76DA,花蓮縣吉安鄉永吉三街２８號,花蓮縣吉安鄉永興村3鄰永吉三街28號,121.568642,23.953574
RPUNMLTLOHIGFAU77DA,花蓮縣花蓮市府前路５７０號,花蓮縣花蓮市民享里1鄰府前路570號,121.619626,24.002987
RPQNMLQJOHIGFAU86DA,花蓮縣花蓮市中美十三街６３巷１８號,花蓮縣花蓮市民政里24鄰中美十三街63巷18號,121.623189,23.998477
RPVOMLPLNHIGFAU47DA,花蓮縣花蓮市中和街２０７號八樓,花蓮縣花蓮市主力里21鄰中和街207號,121.598119,23.974482
RPXNMLTJOHIGFAU87DA,花蓮縣花蓮市德安六街６５號十樓,花蓮縣花蓮市主權里16鄰德安六街65號,121.592001,23.971575
RPSNMLOJPHIGFAU96DA,花蓮縣吉安鄉明仁一街１８５巷３１號,花蓮縣吉安鄉永安村31鄰明仁一街185巷31號,121.573476,23.992159
RPSNMLTKOHIGFAU47DA,花蓮縣花蓮市中美三街２３巷２６號三樓,花蓮縣花蓮市民勤里30鄰中美三街23巷26號,121.624128,23.991942
RPSNMLNLNHIGFAU86DA,花蓮縣吉安鄉永興八街７８號,花蓮縣吉安鄉永興村6鄰永興八街78號,121.567708,23.956347
RPPNMLOJPHIGFAU76EA,花蓮縣吉安鄉中正路二段１８６巷３１號,花蓮縣吉安鄉仁和村36鄰中正路二段186巷31號,121.585095,23.959164
RPOOMLOJPHIGFAU66DA,花蓮縣花蓮市國富二十一街２２號五樓之三,花蓮縣花蓮市國富里42鄰國富二十一街22號,121.595868,23.993634
RPSNMLNJPHIGFAU86DA,花蓮縣吉安鄉慈惠二街２７號,花蓮縣吉安鄉勝安村23鄰慈惠二街27號,121.587033,23.975491
RPXNMLRJPHIGFAU77DA,花蓮縣吉安鄉東里九街２３號四樓之一,花蓮縣吉安鄉東昌村7鄰東里九街23號,121.595573,23.965395
RPVOMLOJPHIGFAU37DA,花蓮縣花蓮市福建街１７號,花蓮縣花蓮市主農里7鄰福建街17號,121.598037,23.966805
RPPNMLPJPHIGFAU76DA,花蓮縣花蓮市國盛五街６８號五樓之七,花蓮縣花蓮市國盛里27鄰國盛五街68號,121.608255,23.994675
RPUNMLRKOHIGFAU47DA,花蓮縣花蓮市國興三街７９號四樓之二,花蓮縣花蓮市國聯里17鄰國興三街79號,121.603126,23.988727
RPTOMLMJOHIGFAU86DA,花蓮縣花蓮市德安二街１１１號,花蓮縣花蓮市主權里16鄰德安二街111號,121.591994,23.972725
RPXPMLOJPHIGFAU67DA,花蓮縣花蓮市中華路４１６巷４弄１３號,花蓮縣花蓮市主權里24鄰中華路416巷4弄13號,121.59509,23.97548
RPUNMLLKPHIGFAU96DA,花蓮縣吉安鄉宜昌二街２０號,花蓮縣吉安鄉宜昌村5鄰宜昌二街20號,121.585991,23.972916
RPOOMLLKPHIGFAU09DA,花蓮縣花蓮市德安二街６８巷４２號二樓,花蓮縣花蓮市主權里20鄰德安二街68巷42號,121.591821,23.973642
RPUOMLKKPHIGFAU96DA,花蓮縣吉安鄉太昌路９４巷２１弄１１號,花蓮縣吉安鄉永安村23鄰太昌路94巷21弄11號,121.575243,23.987943
RPXOMLMKOHIGFAU37DA,花蓮縣花蓮市府前路５７６號,花蓮縣花蓮市民享里1鄰府前路576號,121.619584,24.003102
RPSNMLTLNHIGFAU47DA,花蓮縣花蓮市富祥街６９號,花蓮縣花蓮市國富里30鄰富祥街69號,121.59424,23.993506
RPSOMLPKOHIGFAU17DA,花蓮縣花蓮市國盛三街６０號,花蓮縣花蓮市國盛里22鄰國盛三街60號,121.606673,23.995494
RPQNMLSKPHIGFAU27DA,花蓮縣吉安鄉全民街１４０號,花蓮縣吉安鄉永興村19鄰全民街140號,121.57158,23.937342
RPVNMLTKPHIGFAU87DA,花蓮縣花蓮市順興路２９３號,花蓮縣花蓮市民政里25鄰順興路293號,121.622801,23.996116
RPUNMLKLPHIGFAU96DA,花蓮縣花蓮市富強路４８號五樓之一,花蓮縣花蓮市國裕里6鄰富強路48號,121.596538,23.995974
RPXNMLMKPHIGFAU37DA,花蓮縣花蓮市民權九街２６巷６號二樓,花蓮縣花蓮市民勤里25鄰民權九街26巷6號,121.62385,23.991924
RPQOMLQLPHIGFAU27DA,花蓮縣花蓮市中正路１６９巷１之８號,花蓮縣花蓮市主安里14鄰中正路169巷1之8號,121.597496,23.971879
RPTOMLPLNHIGFAU27DA,花蓮縣吉安鄉光華街１５１巷８號,花蓮縣吉安鄉光華村10鄰光華街151巷8號,121.5805,23.934032
RPQNMLSLPHIGFAU37DA,花蓮縣花蓮市五權街３２號,花蓮縣花蓮市民主里2鄰五權街32號,121.613829,23.973944
RPQOMLLJQHIGFAU66DA,花蓮縣花蓮市仁愛街７號五樓之一,花蓮縣花蓮市主計里10鄰仁愛街7號,121.606592,23.972449
RPXNMLLJRHIGFAU37DA,花蓮縣吉安鄉吉安路三段６０號,花蓮縣吉安鄉福興村7鄰吉安路三段60號,121.560094,23.968919
RPSNMLRKNHIGFAU17DA,花蓮縣吉安鄉舊村六街１５６巷１８弄８號,花蓮縣吉安鄉福興村20鄰舊村六街156巷18弄8號,121.561113,23.96637
RPSNMLSJOHIGFAU27DA,花蓮縣花蓮市光復街１０１之４號,花蓮縣花蓮市國威里33鄰光復街101之4號,121.604817,23.980174
RPTOMLTJOHIGFAU57DA,花蓮縣花蓮市信義街５２號,花蓮縣花蓮市主信里14鄰信義街52號,121.603679,23.97518
RPPOMLMKOHIGFAU56DA,花蓮縣花蓮市長安街２７號五樓之三,花蓮縣花蓮市主農里8鄰長安街27號,121.597191,23.967067
RPRPMLMKOHIGFAU86DA,花蓮縣花蓮市華興街１９號,花蓮縣花蓮市民享里20鄰華興街19號,121.620245,24.002609
RPPPMLLMNHIGFAU66DA,花蓮縣花蓮市國盛八街１０３號四樓之二,花蓮縣花蓮市國盛里17鄰國盛八街103號,121.606444,23.996123
RPUOMLQJOHIGFAU37DA,花蓮縣花蓮市林森路２４９巷４９號,花蓮縣花蓮市國風里20鄰林森路249巷49號,121.600348,23.979731
RPVOMLSJNHIGFAU57DA,花蓮縣花蓮市大同街４巷２號,花蓮縣花蓮市國威里32鄰大同街4巷2號,121.604657,23.979077
RPSPMLOKOHIGFAU17DA,花蓮縣吉安鄉南山五街２０巷３０號,花蓮縣吉安鄉吉安村3鄰南山五街20巷30號,121.578258,23.974513
RPUOMLQKOHIGFAU47DA,花蓮縣花蓮市富裕三街４８號六樓之三,花蓮縣花蓮市國裕里11鄰富裕三街48號,121.598119,23.99408
RPSOMLLMNHIGFAU86DA,花蓮縣花蓮市國盛八街１０３號四樓之一,花蓮縣花蓮市國盛里17鄰國盛八街103號,121.606444,23.996123
RPTOMLKLOHIGFAU86DA,花蓮縣花蓮市東興一街７９巷１８號九樓之五,花蓮縣花蓮市民孝里16鄰東興一街79巷18號,121.630917,24.003056
RPSPMLKLOHIGFAU86DA,花蓮縣吉安鄉吉興三街８９之５號,花蓮縣吉安鄉吉安村23鄰吉興三街89之5號,121.564742,23.971211
RPSNMLLLOHIGFAU76DA,花蓮縣花蓮市中正路２４９巷３２號,花蓮縣花蓮市主學里14鄰中正路249巷32號,121.599943,23.973082
RPOPMLMKMHIGFAU98DA,花蓮縣花蓮市林森路２９３巷１弄３７號,花蓮縣花蓮市國華里22鄰林森路293巷1弄37號,121.601132,23.98102
RPWPMLLKNHIGFAU17DA,花蓮縣花蓮市林森路３１５巷７６號,花蓮縣花蓮市國華里19鄰林森路315巷76號,121.60129,23.981674
RPTNMLTLOHIGFAU67DA,花蓮縣花蓮市國民八街５號十二樓之一,花蓮縣花蓮市國聯里30鄰國民八街5號,121.604243,23.993234
RPQPMLOJPHIGFAU96DA,花蓮縣吉安鄉建國路一段９１號,花蓮縣吉安鄉吉昌村7鄰建國路一段91號,121.593609,23.985185
RPSOMLOKPHIGFAU17DA,花蓮縣花蓮市中央路四段４５０號二樓之五,花蓮縣花蓮市國強里6鄰中央路四段450號,121.600269,24.002323
RPVOMLOLPHIGFAU57DA,花蓮縣花蓮市富強路２４６號三樓之二,花蓮縣花蓮市國裕里33鄰富強路246號,121.599273,23.999164
RPQQMLMKOHIGFAU86DA,花蓮縣花蓮市中央路三段７３０號九樓之二十六,花蓮縣花蓮市國富里35鄰中央路三段730號,121.590858,23.991491
RPTNMLNKOHIGFAU96DA,花蓮縣花蓮市國聯二路８３號,花蓮縣花蓮市國聯里16鄰國聯二路83號,121.603223,23.989657
RPWNMLOJNHIGFAU17DA,花蓮縣花蓮市國富二街５６號,花蓮縣花蓮市國富里11鄰國富二街56號,121.596171,23.988935
RPWNMLPKOHIGFAU47DA,花蓮縣花蓮市福建街２３６號,花蓮縣花蓮市主和里16鄰福建街236號,121.603556,23.97069
RPRNMLPLNHIGFAU96DA,花蓮縣花蓮市長安街２７號四樓之七,花蓮縣花蓮市主農里8鄰長安街27號,121.597191,23.967067
RPXOMLNJPHIGFAU47DA,花蓮縣吉安鄉吉安路一段６號,花蓮縣吉安鄉永安村8鄰吉安路一段6號,121.575455,23.992488
RPQOMLSLMHIGFAU17DA,花蓮縣花蓮市林森路２８７號二樓之一,花蓮縣花蓮市國風里24鄰林森路287號,121.60244,23.979647
RPQPMLLJQHIGFAU76DA,花蓮縣吉安鄉南埔八街１２２之６號,花蓮縣吉安鄉仁里村34鄰南埔八街122之6號,121.588956,23.967511
RPTNMLRKQHIGFAU57DA,花蓮縣花蓮市建國路二段５８２號,花蓮縣花蓮市國興里15鄰建國路二段582號,121.571834,23.99409
RPSNMLMKOHIGFAU76DA,花蓮縣吉安鄉昌隆二街１２１號,花蓮縣吉安鄉南昌村4鄰昌隆二街121號,121.580138,23.971105
RPWNMLLLOHIGFAU17DA,花蓮縣吉安鄉福興路１３７號,花蓮縣吉安鄉福興村10鄰福興路137號,121.56186,23.967241
RPWOMLRLOHIGFAU87DA,花蓮縣吉安鄉慶北一街１９８之１號,花蓮縣吉安鄉慶豐村31鄰慶北一街198之1號,121.567196,23.980743
RPUQMLPJPHIGFAU57DA,花蓮縣吉安鄉南海五街８９號,花蓮縣吉安鄉仁安村18鄰南海五街89號,121.594617,23.949048
RPRNMLQLPHIGFAU27DA,花蓮縣花蓮市國興三街２６號,花蓮縣花蓮市國聯里21鄰國興三街26號,121.603984,23.989933
RPROMLPJPHIGFAU07DA,花蓮縣吉安鄉民治路２８２號二樓之三,花蓮縣吉安鄉勝安村34鄰民治路282號,121.587509,23.981959
RPVPMLPJPHIGFAU57DA,花蓮縣吉安鄉民治路２８２號四樓之七,花蓮縣吉安鄉勝安村34鄰民治路282號,121.587509,23.981959
RPVNMLPJRHIGFAU57DA,花蓮縣吉安鄉民治路２８２號八樓之二,花蓮縣吉安鄉勝安村34鄰民治路282號,121.587509,23.981959
RPQNMLNKOHIGFAU66DA,花蓮縣花蓮市中央路四段４５０號五樓之三,花蓮縣花蓮市國強里6鄰中央路四段450號,121.600269,24.002323
RPSOMLPJPHIGFAU17DA,花蓮縣吉安鄉民治路２８２號六樓之七,花蓮縣吉安鄉勝安村34鄰民治路282號,121.587509,23.981959
RPVOMLRLOHIGFAU77DA,花蓮縣吉安鄉慶北一街１９８之２號,花蓮縣吉安鄉慶豐村31鄰慶北一街198之2號,121.567156,23.980756
RPUPMLPJPHIGFAU47DA,花蓮縣吉安鄉民治路２８２號八樓之六,花蓮縣吉安鄉勝安村34鄰民治路282號,121.587509,23.981959
RPTNMLPJPHIGFAU17DA,花蓮縣吉安鄉民治路２８２號三樓之一,花蓮縣吉安鄉勝安村34鄰民治路282號,121.587509,23.981959
RPWNMLSLPHIGFAU97DA,花蓮縣吉安鄉南埔八街２０５巷１６號三樓之一,花蓮縣吉安鄉仁里村19鄰南埔八街205巷16號,121.589226,23.966246
RPOOMLKLOHIGFAU98DA,花蓮縣花蓮市中央路四段４５２號二樓之一,花蓮縣花蓮市國強里6鄰中央路四段452號,121.600427,24.002348
RPRPMLKLOHIGFAU76DA,花蓮縣花蓮市中央路四段４５０號四樓之三,花蓮縣花蓮市國強里6鄰中央路四段450號,121.600269,24.002323
RPXOMLKLOHIGFAU27DA,花蓮縣花蓮市中央路四段４５２號三樓之一,花蓮縣花蓮市國強里6鄰中央路四段452號,121.600427,24.002348
RPXNMLOLPHIGFAU67DA,花蓮縣花蓮市沙基拉雅街９８號,花蓮縣花蓮市國福里6鄰沙基拉雅街98號,121.581492,24.009934
RPVNMLOLPHIGFAU47DA,花蓮縣花蓮市沙基拉雅街９８之１號,花蓮縣花蓮市國福里6鄰沙基拉雅街98之1號,121.581545,24.00996
RPVNMLSLPHIGFAU87DA,花蓮縣花蓮市沙基拉雅街９８之２號,花蓮縣花蓮市國福里6鄰沙基拉雅街98之2號,121.581605,24.009995
RPQOMLKLOHIGFAU56DA,花蓮縣花蓮市中央路四段４５２號二樓之二,花蓮縣花蓮市國強里6鄰中央路四段452號,121.600427,24.002348
RPXPMLQJPHIGFAU87DA,花蓮縣吉安鄉民治路２８２號四樓之六,花蓮縣吉安鄉勝安村34鄰民治路282號,121.587509,23.981959
RPTOMLRJQHIGFAU57DA,花蓮縣吉安鄉民治路２８２號八樓之一,花蓮縣吉安鄉勝安村34鄰民治路282號,121.587509,23.981959
RPSNMLQJPHIGFAU17DA,花蓮縣吉安鄉民治路２８２號三樓之七,花蓮縣吉安鄉勝安村34鄰民治路282號,121.587509,23.981959
RPRPMLLMNHIGFAU86DA,花蓮縣花蓮市國盛八街１０３號二樓之一,花蓮縣花蓮市國盛里17鄰國盛八街103號,121.606444,23.996123
RPPOMLLMNHIGFAU56DA,花蓮縣花蓮市國盛八街１０３號二樓之二,花蓮縣花蓮市國盛里17鄰國盛八街103號,121.606444,23.996123
RPROMLLMNHIGFAU76DA,花蓮縣花蓮市國盛八街１０３號三樓之二,花蓮縣花蓮市國盛里17鄰國盛八街103號,121.606444,23.996123
RPWPMLQJPHIGFAU77DA,花蓮縣吉安鄉民治路２８２號三樓之六,花蓮縣吉安鄉勝安村34鄰民治路282號,121.587509,23.981959
RPUOMLMKOHIGFAU07DA,花蓮縣花蓮市國盛八街１０３號三樓之一,花蓮縣花蓮市國盛里17鄰國盛八街103號,121.606444,23.996123
RPUOMLPJPHIGFAU37DA,花蓮縣吉安鄉民治路２８２號七樓之六,花蓮縣吉安鄉勝安村34鄰民治路282號,121.587509,23.981959
RPOPMLPJPHIGFAU86DA,花蓮縣吉安鄉民治路２８２號二樓之七,花蓮縣吉安鄉勝安村34鄰民治路282號,121.587509,23.981959
RPQOMLNKPHIGFAU86DA,花蓮縣吉安鄉民治路２８２號四樓之二,花蓮縣吉安鄉勝安村34鄰民治路282號,121.587509,23.981959
RPQOMLTLQHIGFAU67DA,花蓮縣吉安鄉自立路二段７５巷５６號,花蓮縣吉安鄉吉昌村9鄰自立路二段75巷56號,121.592114,23.983957
RPQPMLKLOHIGFAU66DA,花蓮縣花蓮市中央路四段４５２號三樓之二,花蓮縣花蓮市國強里6鄰中央路四段452號,121.600427,24.002348
RPSNMLPJPHIGFAU07DA,花蓮縣吉安鄉民治路２８２號六樓之二,花蓮縣吉安鄉勝安村34鄰民治路282號,121.587509,23.981959
RPQQMLPJPHIGFAU17DA,花蓮縣吉安鄉民治路２８２號三樓之五,花蓮縣吉安鄉勝安村34鄰民治路282號,121.587509,23.981959
RPWNMLQJPHIGFAU57DA,花蓮縣吉安鄉民治路２８２號四樓之一,花蓮縣吉安鄉勝安村34鄰民治路282號,121.587509,23.981959
RPUNMLQJPHIGFAU37DA,花蓮縣吉安鄉民治路２８２號六樓之六,花蓮縣吉安鄉勝安村34鄰民治路282號,121.587509,23.981959
RPUOMLTKPHIGFAU87DA,花蓮縣吉安鄉南埔八街２０５巷１６號四樓之一,花蓮縣吉安鄉仁里村19鄰南埔八街205巷16號,121.589226,23.966246
RPSPMLQJPHIGFAU37DA,花蓮縣吉安鄉民治路２８２號二樓之二,花蓮縣吉安鄉勝安村34鄰民治路282號,121.587509,23.981959
RPXNMLQJPHIGFAU67DA,花蓮縣吉安鄉民治路２８２號五樓之五,花蓮縣吉安鄉勝安村34鄰民治路282號,121.587509,23.981959
RPQOMLPKQHIGFAU17DA,花蓮縣吉安鄉民治路２８２號六樓之五,花蓮縣吉安鄉勝安村34鄰民治路282號,121.587509,23.981959
RPWNMLKLOHIGFAU07DA,花蓮縣花蓮市中央路四段４５０號二樓之三,花蓮縣花蓮市國強里6鄰中央路四段450號,121.600269,24.002323
RPVOMLKLOHIGFAU07DA,花蓮縣花蓮市中央路四段４５０號三樓之三,花蓮縣花蓮市國強里6鄰中央路四段450號,121.600269,24.002323
RPUOMLOKPHIGFAU37DA,花蓮縣花蓮市中央路四段４５０號三樓之五,花蓮縣花蓮市國強里6鄰中央路四段450號,121.600269,24.002323
RPOOMLLLPHIGFAU56DA,花蓮縣吉安鄉南埔八街２０５巷１６號三樓之二,花蓮縣吉安鄉仁里村19鄰南埔八街205巷16號,121.589226,23.966246
RPVOMLTKPHIGFAU97DA,花蓮縣吉安鄉南埔八街２０５巷１６號五樓之一,花蓮縣吉安鄉仁里村19鄰南埔八街205巷16號,121.589226,23.966246
RPROMLLMPHIGFAU96DA,花蓮縣吉安鄉民治路２８２號七樓之七,花蓮縣吉安鄉勝安村34鄰民治路282號,121.587509,23.981959
RPWNMLTJQHIGFAU97DA,花蓮縣吉安鄉南埔八街２０５巷１６號四樓之二,花蓮縣吉安鄉仁里村19鄰南埔八街205巷16號,121.589226,23.966246
RPVNMLOJPHIGFAU27DA,花蓮縣花蓮市中央路四段４５２號五樓之一,花蓮縣花蓮市國強里6鄰中央路四段452號,121.600427,24.002348
RPWNMLOJPHIGFAU37DA,花蓮縣花蓮市中央路四段４５２號五樓之二,花蓮縣花蓮市國強里6鄰中央路四段452號,121.600427,24.002348
RPQNMLPJPHIGFAU86DA,花蓮縣花蓮市建華路９１之７號,花蓮縣花蓮市國興里4鄰建華路91之7號,121.578622,23.995099
RPXNMLNKPHIGFAU47DA,花蓮縣吉安鄉民治路２８２號八樓之五,花蓮縣吉安鄉勝安村34鄰民治路282號,121.587509,23.981959
RPQNMLOKOHIGFAU76DA,花蓮縣花蓮市中央路四段４５２號四樓之二,花蓮縣花蓮市國強里6鄰中央路四段452號,121.600427,24.002348
RPUNMLKMOHIGFAU96DA,花蓮縣吉安鄉民治路２８２號七樓之一,花蓮縣吉安鄉勝安村34鄰民治路282號,121.587509,23.981959
RPRNMLMKPHIGFAU76DA,花蓮縣吉安鄉民治路２８２號三樓之三,花蓮縣吉安鄉勝安村34鄰民治路282號,121.587509,23.981959
RPSNMLTJQHIGFAU57DA,花蓮縣吉安鄉民治路２８２號四樓之五,花蓮縣吉安鄉勝安村34鄰民治路282號,121.587509,23.981959
RPUNMLNKPHIGFAU17DA,花蓮縣吉安鄉民治路２８２號四樓之三,花蓮縣吉安鄉勝安村34鄰民治路282號,121.587509,23.981959
RPPOMLNKPHIGFAU76DA,花蓮縣吉安鄉民治路２８２號八樓之三,花蓮縣吉安鄉勝安村34鄰民治路282號,121.587509,23.981959
RPOPMLMKPHIGFAU66DA,花蓮縣吉安鄉民治路２８２號八樓之七,花蓮縣吉安鄉勝安村34鄰民治路282號,121.587509,23.981959
RPPPMLMKPHIGFAU76DA,花蓮縣吉安鄉民治路２８２號七樓之三,花蓮縣吉安鄉勝安村34鄰民治路282號,121.587509,23.981959
RPQPMLMKPHIGFAU86DA,花蓮縣吉安鄉民治路２８２號六樓之一,花蓮縣吉安鄉勝安村34鄰民治路282號,121.587509,23.981959
RPROMLNKPHIGFAU96DA,花蓮縣吉安鄉民治路２８２號七樓之五,花蓮縣吉安鄉勝安村34鄰民治路282號,121.587509,23.981959
RPWNMLNKPHIGFAU37DA,花蓮縣吉安鄉民治路２８２號五樓之六,花蓮縣吉安鄉勝安村34鄰民治路282號,121.587509,23.981959
RPOOMLNKPHIGFAU66DA,花蓮縣吉安鄉民治路２８２號五樓之一,花蓮縣吉安鄉勝安村34鄰民治路282號,121.587509,23.981959
RPUNMLPJPHIGFAU27DA,花蓮縣吉安鄉民治路２８２號五樓之二,花蓮縣吉安鄉勝安村34鄰民治路282號,121.587509,23.981959
RPQOMLPJPHIGFAU96DA,花蓮縣吉安鄉民治路２８２號六樓之三,花蓮縣吉安鄉勝安村34鄰民治路282號,121.587509,23.981959
RPOOMLPKQHIGFAU96DA,花蓮縣吉安鄉民治路２８２號二樓之六,花蓮縣吉安鄉勝安村34鄰民治路282號,121.587509,23.981959
RPWNMLSKPHIGFAU87DA,花蓮縣花蓮市中央路四段４５０號二樓之一,花蓮縣花蓮市國強里6鄰中央路四段450號,121.600269,24.002323
RPXNMLPLPHIGFAU77DA,花蓮縣花蓮市中央路四段４５０號二樓之二,花蓮縣花蓮市國強里6鄰中央路四段450號,121.600269,24.002323
RPPPMLNJPHIGFAU76DA,花蓮縣花蓮市中央路四段４５２號四樓之一,花蓮縣花蓮市國強里6鄰中央路四段452號,121.600427,24.002348
RPQPMLMJJIIGFAU88DA,花蓮縣吉安鄉中山路一段２２２號底一層樓,花蓮縣吉安鄉仁里村32鄰中山路一段222號,121.586352,23.969221
RPQNMLQJJIIGFAU09DA,花蓮縣花蓮市國盛一街１９６之６號四樓,花蓮縣花蓮市國盛里11鄰國盛一街196之6號,121.605633,23.993818
RPUOMLOKJIIGFAU86DA,花蓮縣花蓮市國聯二路８３號十二樓之三,花蓮縣花蓮市國聯里16鄰國聯二路83號,121.603223,23.989657
RPQOMLKLJIIGFAU78DA,花蓮縣花蓮市長安街２７號十二樓之七,花蓮縣花蓮市主農里8鄰長安街27號,121.597191,23.967067
RPQPMLKLJIIGFAU88DA,花蓮縣花蓮市重慶路４８６號十三樓之三,花蓮縣花蓮市民主里15鄰重慶路486號,121.609458,23.972449
RPQOMLPKJIIGFAU56DA,花蓮縣花蓮市國聯二路７１號七樓之六,花蓮縣花蓮市國聯里16鄰國聯二路71號,121.603375,23.989803
RPUNMLMLJIIGFAU66DA,花蓮縣花蓮市國民七街５１號十一樓之十三,花蓮縣花蓮市國盛里3鄰國民七街51號,121.60583,23.991358
RPTOMLNLJIIGFAU76DA,花蓮縣花蓮市中美三街１０２號,花蓮縣花蓮市民政里31鄰中美三街102號,121.626341,23.992934
RPXNMLRJJIIGFAU27DA,花蓮縣花蓮市中興路２１３巷１５號,花蓮縣花蓮市民政里36鄰中興路213巷15號,121.623581,23.996414
RPOOMLQKJIIGFAU09DA,花蓮縣花蓮市重慶路４８６號十樓之二,花蓮縣花蓮市民主里15鄰重慶路486號,121.609458,23.972449
RPSNMLNLJIIGFAU56DA,花蓮縣花蓮市林森路２４３巷５３號,花蓮縣花蓮市國風里19鄰林森路243巷53號,121.600102,23.979543
RPPNMLPKJIIGFAU98DA,花蓮縣花蓮市國聯五路３號五樓之一,花蓮縣花蓮市國聯里20鄰國聯五路3號,121.605902,23.988443
RPVOMLMLJIIGFAU86DA,花蓮縣花蓮市府前路１０４號六樓之二,花蓮縣花蓮市民勤里20鄰府前路104號,121.621613,23.989197
RPSOMLNLJIIGFAU66DA,花蓮縣吉安鄉建國路二段４１巷１５號,花蓮縣吉安鄉永安村2鄰建國路二段41巷15號,121.581964,23.989384
RPTNMLLLJIIGFAU09DA,花蓮縣花蓮市富裕十七街２５號六樓之七,花蓮縣花蓮市國裕里4鄰富裕十七街25號,121.595181,23.996189
RPWNMLNLJIIGFAU96DA,花蓮縣花蓮市中央路三段７３０號五樓之十八,花蓮縣花蓮市國富里35鄰中央路三段730號,121.590858,23.991491
RPSNMLRKJIIGFAU86DA,花蓮縣吉安鄉慶豐十一街２２９之１２號,花蓮縣吉安鄉慶豐村59鄰慶豐十一街229之12號,121.56654,23.98375
RPRNMLRLJIIGFAU86DA,花蓮縣花蓮市北濱街２號三樓之二,花蓮縣花蓮市民主里9鄰北濱街2號,121.613084,23.972473
RPSNMLSLJIIGFAU07DA,花蓮縣花蓮市中美九街２號七樓之三,花蓮縣花蓮市民政里32鄰中美九街2號,121.623846,23.993931
RPOOMLSLJIIGFAU76DA,花蓮縣花蓮市中美十二街７５號,花蓮縣花蓮市民政里8鄰中美十二街75號,121.624218,23.998076
RPROMLSJJIIGFAU86DA,花蓮縣花蓮市府前路２９６巷１５號五樓之二,花蓮縣花蓮市民政里16鄰府前路296巷15號,121.62253,23.995581
RPXOMLPKJIIGFAU27DA,花蓮縣花蓮市中和街１９１巷６號三樓,花蓮縣花蓮市主力里21鄰中和街191巷6號,121.598068,23.974219
RPQOMLLLJIIGFAU88DA,花蓮縣花蓮市國盛一街２０６之９號五樓,花蓮縣花蓮市國盛里11鄰國盛一街206之9號,121.605565,23.994112
RPSNMLTLJIIGFAU17DA,花蓮縣花蓮市德安二街６２號八樓,花蓮縣花蓮市主權里19鄰德安二街62號,121.592624,23.973517
RPTNMLKMJIIGFAU09DA,花蓮縣花蓮市康樂街５號五樓之一,花蓮縣花蓮市民主里1鄰康樂街5號,121.614671,23.974025
RPWOMLKMJIIGFAU86DA,花蓮縣花蓮市富安路９７號四樓之三,花蓮縣花蓮市國裕里15鄰富安路97號,121.599293,23.994973
RPXNMLLJKIIGFAU76DA,花蓮縣花蓮市國民七街５３號三樓之十二,花蓮縣花蓮市國盛里4鄰國民七街53號,121.605877,23.991365
RPQOMLLJKIIGFAU78DA,花蓮縣花蓮市成功街４１號地下室之１,花蓮縣花蓮市主和里27鄰成功街41號,121.601983,23.970913
RPRNMLKLJIIGFAU78DA,花蓮縣花蓮市豐村３４號,花蓮縣花蓮市國強里3鄰豐村29之10號,121.602631,24.000695
RPWNMLLJKIIGFAU66DA,花蓮縣花蓮市國民七街５３號七樓之一,花蓮縣花蓮市國盛里4鄰國民七街53號,121.605877,23.991365
RPSOMLLJKIIGFAU98DA,花蓮縣花蓮市府前路１５６號四樓之七,花蓮縣花蓮市民勤里16鄰府前路156號,121.621827,23.990705
RPTOMLLJKIIGFAU09DA,花蓮縣花蓮市府前路１５６號五樓之五,花蓮縣花蓮市民勤里16鄰府前路156號,121.621827,23.990705
RPWOMLQKJIIGFAU27DA,花蓮縣花蓮市上海街１３０號四樓之二,花蓮縣花蓮市主學里5鄰上海街130號,121.603339,23.97349
RPOOMLOLJIIGFAU98DA,花蓮縣花蓮市國聯二路８３號七樓之一,花蓮縣花蓮市國聯里16鄰國聯二路83號,121.603223,23.989657
RPWNMLKMJIIGFAU76DA,花蓮縣花蓮市中興路４３巷２號十一樓之三,花蓮縣花蓮市民立里9鄰中興路43巷2號,121.630359,23.991963
RPQPMLLJKIIGFAU88DA,花蓮縣花蓮市自強路５８０號,找不到指定的門牌地址。,,
RPRNMLOJKIIGFAU09DA,花蓮縣花蓮市鎮國街１３號,花蓮縣花蓮市主力里10鄰鎮國街13號,121.601304,23.975919
RPSNMLOJKIIGFAU56DA,花蓮縣花蓮市國盛四街５１號三樓之一,花蓮縣花蓮市國盛里23鄰國盛四街51號,121.607395,23.994675
RPVNMLOJKIIGFAU86DA,花蓮縣花蓮市自強路５８２號,找不到指定的門牌地址。,,
RPXNMLOJKIIGFAU07DA,花蓮縣花蓮市中和街２１７號十一樓之一,花蓮縣花蓮市主力里21鄰中和街217號,121.597691,23.974049
RPUNMLPJKIIGFAU86DA,花蓮縣花蓮市國聯五路２之８號五樓之六,花蓮縣花蓮市國盛里1鄰國聯五路2之8號,121.606274,23.988692
RPROMLLJKIIGFAU88DA,花蓮縣吉安鄉太昌路４９７號,花蓮縣吉安鄉太昌村10鄰太昌路497號,121.564612,23.992929
RPPNMLOJKIIGFAU88DA,花蓮縣吉安鄉民治路２７０之１１號四樓之三,花蓮縣吉安鄉勝安村13鄰民治路270之11號,121.588761,23.981629
RPTNMLOJKIIGFAU66DA,花蓮縣花蓮市中美三街６６號二樓之五,花蓮縣花蓮市民勤里19鄰中美三街66號,121.622947,23.988491
RPOOMLQJKIIGFAU09DA,花蓮縣花蓮市國民十二街４６號,花蓮縣花蓮市國盛里18鄰國民十二街46號,121.606286,23.99545
RPOPMLOKJIIGFAU98DA,花蓮縣吉安鄉仁里四街５號之１,花蓮縣吉安鄉仁里村26鄰仁里四街5號之1,121.590843,23.969543
RPRNMLLJKIIGFAU78DA,花蓮縣花蓮市國民七街５１號十樓之七,花蓮縣花蓮市國盛里3鄰國民七街51號,121.60583,23.991358
RPWOMLOJKIIGFAU07DA,花蓮縣花蓮市國興三街７９號五樓之一,花蓮縣花蓮市國聯里17鄰國興三街79號,121.603126,23.988727
SPWOMLOJKIIGFAU17DA,花蓮縣花蓮市國興三街７９號五樓之二,花蓮縣花蓮市國聯里17鄰國興三街79號,121.603126,23.988727
RPUOMLPJKIIGFAU96DA,花蓮縣花蓮市府前路１５６號四樓之一,花蓮縣花蓮市民勤里16鄰府前路156號,121.621827,23.990705
RPOQMLPJKIIGFAU56DA,花蓮縣吉安鄉宜昌六街３３號,花蓮縣吉安鄉宜昌村16鄰宜昌六街33號,121.582517,23.971876
RPPOMLQJKIIGFAU56DA,花蓮縣花蓮市球崙二路２０９號三樓之二,花蓮縣花蓮市民享里15鄰球崙二路209號,121.621004,24.004968
RPTNMLSKIIIGFAU96DA,花蓮縣吉安鄉文化一街７巷１弄１６號,花蓮縣吉安鄉南昌村19鄰文化一街7巷1弄16號,121.584173,23.969221
RPUNMLQKIIIGFAU86DA,花蓮縣花蓮市中央路三段６４６號,花蓮縣花蓮市國富里34鄰中央路三段646號,121.590132,23.990299
RPUNMLSKIIIGFAU07DA,花蓮縣花蓮市國民八街６５號五樓之六,花蓮縣花蓮市國盛里19鄰國民八街65號,121.606613,23.993677
RPOOMLNLIIIGFAU78DA,花蓮縣花蓮市中美十三街７８號四樓之七,花蓮縣花蓮市民政里35鄰中美十三街78號,121.624202,23.99869
RPUNMLOLIIIGFAU76DA,花蓮縣花蓮市國盛二街２１３號九樓之一,花蓮縣花蓮市國盛里11鄰國盛二街213號,121.606033,23.99434
RPTNMLPLIIIGFAU76DA,花蓮縣吉安鄉中山路一段２２２號底一層樓,花蓮縣吉安鄉仁里村32鄰中山路一段222號,121.586352,23.969221
RPQOMLLKIIIGFAU68DA,花蓮縣花蓮市中華路３２５之２１號,花蓮縣花蓮市主力里20鄰中華路325之21號,121.598152,23.97485
RPTOMLQLIIIGFAU96DA,花蓮縣花蓮市北昌五街５２號六樓之五,找不到指定的門牌地址。,,
RPWNMLMKIIIGFAU66DA,花蓮縣花蓮市中華路３２５之２０號,花蓮縣花蓮市主力里20鄰中華路325之20號,121.5982,23.974862
RPUNMLNKIIIGFAU56DA,花蓮縣花蓮市中央路四段４５０號四樓之一,花蓮縣花蓮市國強里6鄰中央路四段450號,121.600269,24.002323
RPTNMLQLIIIGFAU86DA,花蓮縣花蓮市華西１２１之１號,花蓮縣花蓮市民心里14鄰華西121之1號,121.619164,24.011651
RPRNMLLMIIIGFAU88DA,花蓮縣吉安鄉明仁一街１８３巷９號,花蓮縣吉安鄉永安村9鄰明仁一街183巷9號,121.574136,23.992273
RPROMLNLIIIGFAU09DA,花蓮縣花蓮市國富十九街２巷４號,花蓮縣花蓮市國富里44鄰國富十九街2巷4號,121.596613,23.991886
RPROMLQLIIIGFAU76DA,花蓮縣花蓮市國民十二街５３號五樓之二,花蓮縣花蓮市國盛里17鄰國民十二街53號,121.60628,23.995823
RPQNMLMJJIIGFAU68DA,花蓮縣花蓮市民德四街２之１６號五樓,花蓮縣花蓮市民德里2鄰民德四街2之16號,121.620408,23.982603
RPQOMLQLIIIGFAU66DA,花蓮縣花蓮市建興街１３７巷２４號,花蓮縣花蓮市國興里10鄰建興街137巷24號,121.57464,23.996189
RPPNMLLMIIIGFAU68DA,花蓮縣花蓮市中興路３２號六樓之七,花蓮縣花蓮市民運里5鄰中興路32號,121.632298,23.992605
RPVNMLLMIIIGFAU66DA,花蓮縣花蓮市建華路９１之１５號,花蓮縣花蓮市國興里4鄰建華路91之15號,121.579016,23.995324
RPTOMLLJJIIGFAU98DA,花蓮縣花蓮市富強路４８號七樓之七,花蓮縣花蓮市國裕里6鄰富強路48號,121.596538,23.995974
RPPOMLMJJIIGFAU68DA,花蓮縣吉安鄉福昌二街３號,花蓮縣吉安鄉福興村24鄰福昌二街3號,121.559313,23.970837
RPTNMLMJJIIGFAU98DA,花蓮縣花蓮市介林五街１８９號,花蓮縣花蓮市國興里15鄰介林五街189號,121.572684,23.995144
RPOOMLMJJIIGFAU58DA,花蓮縣花蓮市國盛四街１０６號三樓之五,花蓮縣花蓮市國盛里25鄰國盛四街106號,121.607615,23.994783
RPQOMLMJJIIGFAU78DA,花蓮縣花蓮市國盛八街１巷１號五樓,花蓮縣花蓮市國盛里29鄰國盛八街1巷1號,121.60933,23.994622
RPPNMLNJJIIGFAU68DA,花蓮縣花蓮市國民七街５３號九樓之十五,花蓮縣花蓮市國盛里4鄰國民七街53號,121.605877,23.991365
RPOOMLNKIIIGFAU68DA,花蓮縣花蓮市中央路四段４５０號三樓之二,花蓮縣花蓮市國強里6鄰中央路四段450號,121.600269,24.002323
RPQOMLSKIIIGFAU76DA,花蓮縣吉安鄉華工六路６０巷３之１號,花蓮縣吉安鄉光華村14鄰華工六路60巷3之1號,121.59092,23.938089
RPOOMLQLIIIGFAU09DA,花蓮縣花蓮市德安四街２號三樓,花蓮縣花蓮市主權里27鄰德安四街2號,121.594877,23.973426
RPRPMLLMIIIGFAU09DA,花蓮縣花蓮市國盛四街１０６號七樓之七,花蓮縣花蓮市國盛里25鄰國盛四街106號,121.607615,23.994783
RPPOMLNJJIIGFAU78DA,花蓮縣吉安鄉全民街１２０號,花蓮縣吉安鄉永興村19鄰全民街120號,121.570685,23.93765
RPTOMLQKIIIGFAU86DA,花蓮縣花蓮市建昌路２０５巷５號,花蓮縣花蓮市國富里32鄰建昌路202號,121.590999,23.989858
RPOOMLNJJIIGFAU68DA,花蓮縣吉安鄉建國路二段１６７巷１８號二樓,花蓮縣吉安鄉永安村3鄰建國路二段167巷18號,121.577432,23.991219
RPSNMLQJJIIGFAU66DA,花蓮縣花蓮市林森路２１７巷１弄３１號,花蓮縣花蓮市國風里17鄰林森路217巷1弄31號,121.599965,23.97907
RPROMLQJJIIGFAU66DA,花蓮縣花蓮市富裕七街１６號五樓之五,花蓮縣花蓮市國裕里15鄰富裕七街16號,121.598946,23.995183
RPWNMLRJJIIGFAU17DA,花蓮縣吉安鄉華工六路９０巷３２號,花蓮縣吉安鄉光華村14鄰華工六路90巷32號,121.591402,23.939233
RPPOMLSJJIIGFAU66DA,花蓮縣吉安鄉民治路２７０之１１號二樓之三,花蓮縣吉安鄉勝安村13鄰民治路270之11號,121.588761,23.981629
RPQPMLNKIIIGFAU98DA,花蓮縣花蓮市壽昌街２９巷２６號,找不到指定的門牌地址。,,
RPSPMLLMIIIGFAU56DA,花蓮縣吉安鄉東里一街３８號,花蓮縣吉安鄉仁里村1鄰東里一街38號,121.594151,23.967696
RPUNMLSJJIIGFAU07DA,花蓮縣花蓮市建昌路１９７巷３４號二樓,花蓮縣花蓮市國富里32鄰建昌路202號,121.590999,23.989858
RPXNMLTJJIIGFAU47DA,花蓮縣花蓮市長安街２７號三樓之五,花蓮縣花蓮市主農里8鄰長安街27號,121.597191,23.967067
RPPNMLKKJIIGFAU58EA,花蓮縣吉安鄉仁光１０７號,花蓮縣吉安鄉仁和村30鄰仁光107號,121.580512,23.943075
RPXNMLQLIIIGFAU27DA,花蓮縣吉安鄉福興四街１７號,花蓮縣吉安鄉福興村12鄰福興四街17號,121.559584,23.966942
RPPOMLQLIIIGFAU56DA,花蓮縣花蓮市莊敬路１５８之１號四樓之六,花蓮縣花蓮市國富里13鄰莊敬路158之1號,121.5946,23.989004
RPOPMLMJJIIGFAU68DA,花蓮縣花蓮市德安二街６８巷１２號三樓,花蓮縣花蓮市主權里20鄰德安二街68巷12號,121.59226,23.973666
RPVOMLQJJIIGFAU07DA,花蓮縣花蓮市府前路５０６之１號二樓,花蓮縣花蓮市民意里49鄰府前路506之1號,121.620338,24.000651
RPSNMLQLIIIGFAU76DA,花蓮縣花蓮市上海街８１號六樓之三,花蓮縣花蓮市主學里6鄰上海街81號,121.602513,23.973182
RPQPMLLMIIIGFAU98DA,花蓮縣吉安鄉吉昌三街２６８之２３號,花蓮縣吉安鄉吉安村24鄰吉昌三街268號之23,121.562078,23.969716
RPVNMLSJJIIGFAU17DA,花蓮縣花蓮市華德街５７巷１６號,花蓮縣花蓮市民心里14鄰華德街57巷16號,121.619408,24.010539
RPSNMLNKJIIGFAU09DA,花蓮縣花蓮市中華路２１２號二樓之三,花蓮縣花蓮市主力里9鄰中華路212號,121.601748,23.975484
RPUNMLNKJIIGFAU66DA,花蓮縣花蓮市富裕七街１６號二樓之三,花蓮縣花蓮市國裕里15鄰富裕七街16號,121.598946,23.995183
RPSPMLLJJIIGFAU98DA,花蓮縣花蓮市中原路３９４巷２號四樓之一,花蓮縣花蓮市主安里7鄰中原路394巷2號,121.599211,23.969576
RPTOMLNJJIIGFAU56DA,花蓮縣花蓮市建和街２５巷４０號,花蓮縣花蓮市國興里8鄰建和街25巷40號,121.575098,23.993936
RPXNMLNKJIIGFAU96DA,花蓮縣花蓮市東興三街１３６號,花蓮縣花蓮市民孝里21鄰東興三街136號,121.629684,24.003844
RPTNMLOKJIIGFAU66DA,花蓮縣花蓮市達固湖灣大路９２之３號,花蓮縣花蓮市國慶里5鄰達固湖灣大路92之3號,121.586007,24.002555
RPSOMLOKJIIGFAU66DA,花蓮縣花蓮市林森路２６號,花蓮縣花蓮市主力里24鄰林森路26號,121.596997,23.975493
RPQPMLOKJIIGFAU56DA,花蓮縣吉安鄉慶豐十街２３１號,花蓮縣吉安鄉慶豐村33鄰慶豐十街231號,121.566937,23.981922
RPPOMLOKJIIGFAU98DA,花蓮縣花蓮市德安六街６５號四樓,花蓮縣花蓮市主權里16鄰德安六街65號,121.592001,23.971575
RPWOMLOKJIIGFAU07DA,花蓮縣吉安鄉吉昌二街２３６巷３２弄１號,花蓮縣吉安鄉吉安村22鄰吉昌二街236巷32弄1號,121.563354,23.971952
RPOOMLPKJIIGFAU98DA,花蓮縣吉安鄉吉興一街３７２巷３０號,花蓮縣吉安鄉吉安村3鄰吉興一街372巷30號,121.578371,23.974163
RPRNMLQLIIIGFAU66DA,花蓮縣吉安鄉南華四街１２５巷１６號五樓之一,花蓮縣吉安鄉南華村2鄰南華四街125巷16號,121.550999,23.953113
RPRNMLNKJIIGFAU98DA,花蓮縣花蓮市國民八街１０６號二樓之七,花蓮縣花蓮市國盛里28鄰國民八街106號,121.608701,23.993869
RPVNMLQKJIIGFAU07DA,花蓮縣花蓮市中興路２號五樓之一,花蓮縣花蓮市民運里5鄰中興路2號,121.633595,23.99274
RPXNMLQKJIIGFAU27DA,花蓮縣吉安鄉華城六街１２８號,花蓮縣吉安鄉光華村6鄰華城六街128號,121.574918,23.92762
RPSNMLLMIIIGFAU98DA,花蓮縣吉安鄉慈惠四街１１８號,花蓮縣吉安鄉勝安村18鄰慈惠四街118號,121.587914,23.978068
RPSOMLQKJIIGFAU86DA,花蓮縣花蓮市莊敬路２８９號,找不到指定的門牌地址。,,
RPTOMLQKJIIGFAU96DA,花蓮縣花蓮市國富十三街９１之１０號,花蓮縣花蓮市國富里13鄰國富十三街91之10號,121.59502,23.989481
RPTOMLKLJIIGFAU09DA,花蓮縣花蓮市國盛五街２號四樓之三,花蓮縣花蓮市國盛里28鄰國盛五街2號,121.608598,23.993365
RPROMLPLIIIGFAU66DA,花蓮縣吉安鄉廣賢一街２３３號,花蓮縣吉安鄉稻香村27鄰廣賢一街233號,121.575926,23.95345
RPQNMLSJJIIGFAU66DA,花蓮縣花蓮市林園二街２８號五樓之一號,花蓮縣花蓮市民孝里20鄰林園二街28號,121.630911,24.003546
RPVOMLKLJIIGFAU66DA,花蓮縣花蓮市國富十街２１０號五樓之一,花蓮縣花蓮市國富里31鄰國富十街210號,121.595115,23.993693
RPRNMLLLJIIGFAU88DA,花蓮縣吉安鄉全民街１２７號五樓,花蓮縣吉安鄉永興村19鄰全民街127號,121.571118,23.937847
RPUNMLLLJIIGFAU56DA,花蓮縣花蓮市福建街４０６號六樓之五,花蓮縣花蓮市主計里1鄰福建街406號,121.607769,23.973483
RPSOMLMLJIIGFAU56DA,花蓮縣花蓮市華泰街８號,花蓮縣花蓮市民享里16鄰華泰街8號,121.620047,24.004453
RPWOMLMLJIIGFAU96DA,花蓮縣花蓮市中和街１８９巷７號五樓,花蓮縣花蓮市主力里21鄰中和街189巷7號,121.598214,23.974357
RPSNMLPLIIIGFAU66DA,花蓮縣花蓮市中山路１８之１號六樓之一,花蓮縣花蓮市民主里14鄰中山路18之1號,121.613173,23.972346
RPTNMLQKJIIGFAU86DA,花蓮縣花蓮市中山路１９９之２號,花蓮縣花蓮市民生里5鄰中山路199之2號,121.60912,23.977145
RPPOMLLLJIIGFAU78DA,花蓮縣花蓮市國盛一街１９３號,花蓮縣花蓮市國盛里6鄰國盛一街193號,121.605425,23.993683
RPROMLMLJIIGFAU09DA,花蓮縣花蓮市建國路７５巷２８弄２７號,花蓮縣花蓮市國華里12鄰建國路75巷28弄27號,121.603111,23.982275
RPQOMLLMIIIGFAU88DA,花蓮縣吉安鄉慈惠三街１０５巷１號,花蓮縣吉安鄉勝安村20鄰慈惠三街105巷1號,121.587323,23.976769
RPSNMLLJJIIGFAU78DA,花蓮縣花蓮市建昌路３８號三樓之七,找不到指定的門牌地址。,,
RPPNMLNKJIIGFAU78DA,花蓮縣花蓮市自立路１０６號四樓,找不到指定的門牌地址。,,
RPPOMLKLJIIGFAU68DA,花蓮縣吉安鄉宜昌五街２３號,花蓮縣吉安鄉宜昌村15鄰宜昌五街23號,121.583672,23.972473
RPXOMLKLJIIGFAU86DA,花蓮縣花蓮市重慶路４８６號三樓之七,花蓮縣花蓮市民主里15鄰重慶路486號,121.609458,23.972449
RPXNMLNLJIIGFAU07DA,花蓮縣花蓮市建興街１３７巷１３號,花蓮縣花蓮市國興里10鄰建興街137巷13號,121.574538,23.995989
RPOOMLNLJIIGFAU88DA,花蓮縣吉安鄉民治路３２９巷１８號,花蓮縣吉安鄉勝安村33鄰民治路329巷18號,121.58693,23.981228
RPQOMLLJJIIGFAU68DA,花蓮縣吉安鄉南海二街２３１巷４２號,花蓮縣吉安鄉仁和村37鄰南海二街231巷42號,121.591279,23.955715
RPRNMLNJJIIGFAU88DA,花蓮縣花蓮市國民十一街１１巷１號三樓之十一,花蓮縣花蓮市國聯里32鄰國民十一街11巷1號,121.604027,23.994789
RPTOMLMLJIIGFAU66DA,花蓮縣花蓮市國富二十街２５號,花蓮縣花蓮市國富里24鄰國富二十街25號,121.595134,23.992281
RPPNMLOLJIIGFAU98DA,花蓮縣花蓮市中和街１８２號,花蓮縣花蓮市主學里20鄰中和街182號,121.599433,23.97314
RPPNMLRLIIIGFAU56DA,花蓮縣吉安鄉昌隆三街７０號八樓,花蓮縣吉安鄉南昌村25鄰昌隆三街70號,121.580177,23.969799
RPQNMLLMIIIGFAU78DA,花蓮縣花蓮市福德三街６號,花蓮縣花蓮市主和里19鄰福德三街6號,121.604254,23.97058
RPPOMLQKJIIGFAU56DA,花蓮縣花蓮市國盛一街１９０號三樓２號３號,花蓮縣花蓮市國盛里11鄰國盛一街190號,121.60567,23.993649
RPVNMLMLJIIGFAU76DA,花蓮縣花蓮市華德街８巷１２號,花蓮縣花蓮市民心里14鄰華德街8巷12號,121.621903,24.009335
RPSNMLOLJIIGFAU66DA,花蓮縣花蓮市中和街２１４巷１２號,花蓮縣花蓮市主力里19鄰中和街214巷12號,121.599034,23.974156
RPWNMLOLJIIGFAU07DA,花蓮縣吉安鄉吉豐路三段６９１號,花蓮縣吉安鄉永興村12鄰吉豐路三段691號,121.551506,23.946
RPPOMLOLJIIGFAU09DA,花蓮縣花蓮市國富十二街１６號三樓之二,花蓮縣花蓮市國富里9鄰國富十二街16號,121.597312,23.990482
RPPNMLRLJIIGFAU66DA,花蓮縣花蓮市建國路二段２６８巷４７號,花蓮縣花蓮市國興里2鄰建國路二段268巷47號,121.578486,23.993095
RPPPMLLMIIIGFAU88DA,花蓮縣吉安鄉光華三街２１２巷１２之１號,花蓮縣吉安鄉光華村5鄰光華三街212巷12之1號,121.572322,23.92766
RPVOMLNJJIIGFAU76DA,花蓮縣花蓮市建昌路１９７巷３０號二樓,花蓮縣花蓮市國富里32鄰建昌路202號,121.590999,23.989858
RPUOMLMLJIIGFAU76DA,花蓮縣花蓮市延平街９０號四樓之二,花蓮縣花蓮市國魂里9鄰延平街90號,121.600745,23.985188
RPSOMLQLIIIGFAU86DA,花蓮縣花蓮市中央路四段３１８號,花蓮縣花蓮市國裕里35鄰中央路四段318號,121.598339,24.000125
RPOOMLLLJIIGFAU68DA,花蓮縣吉安鄉南埔十三街１７６號,花蓮縣吉安鄉仁里村43鄰南埔十三街176號,121.588386,23.970593
RPPOMLSLJIIGFAU86DA,花蓮縣吉安鄉海濱８２號,花蓮縣吉安鄉仁安村20鄰海濱82號,121.598958,23.948367
RPXNMLTLJIIGFAU67DA,花蓮縣花蓮市中興路２１５之３號,花蓮縣花蓮市民政里36鄰中興路215之3號,121.623697,23.99714
RPTNMLLJJIIGFAU88DA,花蓮縣吉安鄉明仁二街１７７巷１１號,花蓮縣吉安鄉永安村33鄰明仁二街177巷11號,121.575176,23.989163
RPPOMLKMJIIGFAU78DA,花蓮縣花蓮市中山路１８之３號三樓之一,花蓮縣花蓮市民主里14鄰中山路18之3號,121.613255,23.972425
RPROMLQKJIIGFAU76DA,花蓮縣花蓮市北濱街４１號,花蓮縣花蓮市民有里9鄰北濱街41號,121.61485,23.975048
RPPNMLLLJIIGFAU68DA,花蓮縣花蓮市中華路１１７號,花蓮縣花蓮市主勤里5鄰中華路117號,121.606711,23.975828
RPQNMLLLJIIGFAU78DA,花蓮縣花蓮市中華路１１７號,花蓮縣花蓮市主勤里5鄰中華路117號,121.606711,23.975828
RPWNMLRLJIIGFAU37DA,花蓮縣花蓮市中華路１１７號,花蓮縣花蓮市主勤里5鄰中華路117號,121.606711,23.975828
RPSPMLKMJIIGFAU56DA,花蓮縣吉安鄉海岸路１７３號,花蓮縣吉安鄉東昌村36鄰海岸路173號,121.593875,23.957913
RPSOMLLJJIIGFAU88DA,花蓮縣花蓮市國富十街１４７號,花蓮縣花蓮市國富里17鄰國富十街147號,121.5959,23.99217
RPPNMLTLJIIGFAU86DA,花蓮縣花蓮市中美十三街７８之１號,花蓮縣花蓮市民政里35鄰中美十三街78之1號,121.624202,23.99869
RPVNMLLJKIIGFAU56DA,花蓮縣花蓮市國富十三街１１０號,花蓮縣花蓮市國富里14鄰國富十三街110號,121.594604,23.98937
RPXOMLLJKIIGFAU86DA,花蓮縣花蓮市府前路３００號,花蓮縣花蓮市民政里16鄰府前路300號,121.622198,23.995369
RPXOMLNLJIIGFAU17DA,花蓮縣花蓮市榮正街１２５巷１之２２號,花蓮縣花蓮市主安里18鄰榮正街125巷1之22號,121.597292,23.973538
RPWNMLQJKIIGFAU17DA,花蓮縣花蓮市球崙二路９６巷２２號,花蓮縣花蓮市民享里4鄰球崙二路96巷22號,121.622621,24.002904
RPSOMLSJRHIGFAU67DA,花蓮縣花蓮市中正路４２３號,花蓮縣花蓮市主信里10鄰中正路426之1號,121.604602,23.975275
RPPNMLRJRHIGFAU17DA,花蓮縣吉安鄉中正路一段１５８巷２３號,花蓮縣吉安鄉仁里村20鄰中正路一段158巷23號,121.589819,23.965218
RPQNMLMKRHIGFAU86DA,花蓮縣花蓮市北昌五街９３號五樓之二,找不到指定的門牌地址。,,
RPQPMLQJRHIGFAU37DA,花蓮縣花蓮市民族路１號七樓之九,花蓮縣花蓮市民運里4鄰民族路1號,121.631201,23.995093
RPRNMLNKRHIGFAU07DA,花蓮縣花蓮市明心街１９號,花蓮縣花蓮市國防里1鄰明心街19號,121.607332,23.985676
RPTNMLOKRHIGFAU37DA,花蓮縣吉安鄉民治路２８２號八樓之五,花蓮縣吉安鄉勝安村34鄰民治路282號,121.587509,23.981959
RPROMLSKRHIGFAU67DA,花蓮縣花蓮市國盛二街６３號二樓之五,花蓮縣花蓮市國盛里14鄰國盛二街63號,121.606753,23.991019
RPTNMLLLRHIGFAU17DA,花蓮縣花蓮市國聯五路１３１號七樓之六,花蓮縣花蓮市國聯里28鄰國聯五路131號,121.604895,23.99264
RPTOMLMLRHIGFAU37DA,花蓮縣花蓮市國民十一街１１巷１號三樓之八,花蓮縣花蓮市國聯里32鄰國民十一街11巷1號,121.604027,23.994789
RPUNMLLLRHIGFAU27DA,花蓮縣花蓮市精美路３７號,花蓮縣花蓮市民心里7鄰精美路37號,121.625263,24.017987
RPQNMLPLRHIGFAU27DA,花蓮縣花蓮市國盛二街６３號二樓之二,花蓮縣花蓮市國盛里14鄰國盛二街63號,121.606753,23.991019
RPVOMLPKRHIGFAU77DA,花蓮縣花蓮市福建街７１巷６號,花蓮縣花蓮市主農里13鄰福建街71巷6號,121.599058,23.968074
RPRNMLLLRHIGFAU96DA,花蓮縣花蓮市中央路三段７３０號九樓之十,花蓮縣花蓮市國富里35鄰中央路三段730號,121.590858,23.991491
RPTOMLLLRHIGFAU27DA,花蓮縣吉安鄉文化二街１３０號,花蓮縣吉安鄉南昌村23鄰文化二街130號,121.579734,23.967112
RPOOMLQLRHIGFAU27DA,花蓮縣花蓮市東興二街３３號四樓之三,花蓮縣花蓮市民孝里9鄰東興二街33號,121.629769,23.999789
RPTNMLSLRHIGFAU87DA,花蓮縣花蓮市南京街２０３號十樓之一,花蓮縣花蓮市主信里5鄰南京街203號,121.606539,23.974793
RPPNMLQKRHIGFAU17DA,花蓮縣吉安鄉昌隆五街１７巷１號,花蓮縣吉安鄉南昌村23鄰昌隆五街17巷1號,121.580742,23.967806
RPVNMLPLRHIGFAU77DA,花蓮縣吉安鄉慶北三街５４５巷１０號,花蓮縣吉安鄉慶豐村33鄰慶北三街545巷10號,121.566455,23.982223
RPQOMLQLRHIGFAU47DA,花蓮縣花蓮市國聯二路７１號十二樓之一,花蓮縣花蓮市國聯里16鄰國聯二路71號,121.603375,23.989803
RPROMLSLRHIGFAU77DA,花蓮縣花蓮市民權路１７７巷５號,花蓮縣花蓮市民運里49鄰民權路177巷5號,121.629883,23.99343
RPPNMLTLRHIGFAU57DA,花蓮縣吉安鄉中山路一段９１巷６號,花蓮縣吉安鄉仁里村39鄰中山路一段91巷6號,121.587969,23.966439
RPOOMLMJIIIGFAU48DA,花蓮縣花蓮市光復街８３號三樓之一,花蓮縣花蓮市國治里17鄰光復街83號,121.60588,23.978805
RPRNMLNJIIIGFAU78DA,花蓮縣花蓮市長安街２７號十一樓之六,花蓮縣花蓮市主農里8鄰長安街27號,121.597191,23.967067
RPUNMLNJIIIGFAU09DA,花蓮縣花蓮市富裕十六街３８號,花蓮縣花蓮市國裕里24鄰富裕十六街38號,121.59583,23.996931
RPUNMLNLRHIGFAU47DA,花蓮縣吉安鄉中華路二段９３號十一樓之三,花蓮縣吉安鄉宜昌村7鄰中華路二段93號,121.584878,23.973593
RPQNMLRLRHIGFAU47DA,花蓮縣花蓮市化道路５７號四樓之一號,花蓮縣花蓮市民政里24鄰化道路57號,121.623437,23.999337
RPVNMLNJIIIGFAU56DA,花蓮縣花蓮市中美十街９６號五樓之二,花蓮縣花蓮市民政里15鄰中美十街96號,121.625382,23.996918
RPUNMLSKRHIGFAU87DA,花蓮縣花蓮市國興五街１０３號,花蓮縣花蓮市國聯里17鄰國興五街103號,121.603735,23.988212
RPSNMLRLRHIGFAU67DA,花蓮縣花蓮市中正路２６０號六樓之二,花蓮縣花蓮市主學里13鄰中正路260號,121.600823,23.972704
RPPOMLSLRHIGFAU57DA,花蓮縣花蓮市國興四街２６號三樓之二,花蓮縣花蓮市國聯里19鄰國興四街26號,121.604277,23.989097
RPXNMLNJIIIGFAU76DA,花蓮縣花蓮市國聯五路２８０之３號,花蓮縣花蓮市國盛里8鄰國聯五路280之3號,121.604371,23.99603
RPTNMLOJIIIGFAU09DA,花蓮縣花蓮市民樂三街２號六樓之五,花蓮縣花蓮市民樂里11鄰民樂三街2號,121.633439,23.990746
RPVNMLOJIIIGFAU66DA,花蓮縣花蓮市光復街９５之１０號,花蓮縣花蓮市國威里30鄰光復街95之10號,121.605277,23.979548
RPPNMLKLRHIGFAU66DA,花蓮縣花蓮市國盛四街５１號四樓之九,花蓮縣花蓮市國盛里23鄰國盛四街51號,121.607395,23.994675
RPROMLMLRHIGFAU17DA,花蓮縣花蓮市府前路２９６巷１４之１號,花蓮縣花蓮市民政里16鄰府前路296巷14之1號,121.622583,23.995436
RPRNMLMJIIIGFAU68DA,花蓮縣花蓮市中正路２６６號四樓之二,花蓮縣花蓮市主學里13鄰中正路266號,121.60118,23.97285
RPOOMLQJIIIGFAU88DA,花蓮縣花蓮市中華路４９８巷１弄１２號,花蓮縣花蓮市主權里3鄰中華路498巷1弄12號,121.591052,23.974902
RPOPMLLKIIIGFAU58DA,花蓮縣花蓮市中順街４５巷１６號三樓之十,花蓮縣花蓮市主農里12鄰中順街45巷16號,121.596896,23.967663
RPPNMLQLRHIGFAU27DA,花蓮縣花蓮市和平路４２７號,花蓮縣花蓮市主力里1鄰和平路427號,121.602254,23.975164
RPPOMLRLRHIGFAU47DA,花蓮縣花蓮市民享一街４４號,花蓮縣花蓮市民運里18鄰民享一街42之1號,121.632088,23.99303
RPPNMLSLRHIGFAU47DA,花蓮縣花蓮市德安二街１０號,花蓮縣花蓮市主權里10鄰德安二街10號,121.593748,23.974277
RPPNMLMJIIIGFAU48DA,花蓮縣花蓮市國民八街５號十樓之一,花蓮縣花蓮市國聯里30鄰國民八街5號,121.604243,23.993234
RPWNMLMJIIIGFAU56DA,花蓮縣花蓮市福光街３５１號,花蓮縣花蓮市國福里13鄰福光街351號,121.587301,24.01219
RPPPMLLKIIIGFAU68DA,花蓮縣花蓮市北昌四街３３號六樓之一,找不到指定的門牌地址。,,
RPRNMLMKIIIGFAU78DA,花蓮縣花蓮市國聯五路１３１號二樓之八,花蓮縣花蓮市國聯里28鄰國聯五路131號,121.604895,23.99264
RPQOMLMKIIIGFAU78DA,花蓮縣花蓮市國盛一街１６８號七樓之三,花蓮縣花蓮市國盛里12鄰國盛一街168號,121.605838,23.992956
RPSOMLNKIIIGFAU09DA,花蓮縣花蓮市建和街２８巷１號,花蓮縣花蓮市國興里7鄰建和街28巷1號,121.576087,23.993641
RPQNMLNKIIIGFAU78DA,花蓮縣吉安鄉北昌一街１５巷１１３之１號,花蓮縣吉安鄉吉昌村8鄰北昌一街15巷113之1號,121.592696,23.985209
RPXNMLQKIIIGFAU17DA,花蓮縣花蓮市東興路３５９巷１號三樓之五,花蓮縣花蓮市民孝里18鄰東興路359巷1號,121.631877,24.003174
RPTOMLLKIIIGFAU98DA,花蓮縣吉安鄉明仁一街１７９號,花蓮縣吉安鄉永安村9鄰明仁一街179號,121.574326,23.992284
RPXNMLMKIIIGFAU76DA,花蓮縣花蓮市林森路２４３巷２８號,花蓮縣花蓮市國風里19鄰林森路243巷28號,121.600589,23.979416
RPXOMLNKIIIGFAU96DA,花蓮縣吉安鄉南海二街１９３巷１號,花蓮縣吉安鄉仁安村7鄰南海二街193巷1號,121.593397,23.95569
RPPPMLNKIIIGFAU88DA,花蓮縣花蓮市富裕三街５２號三樓之二,花蓮縣花蓮市國裕里11鄰富裕三街52號,121.598028,23.994125
RPWNMLQKIIIGFAU07DA,花蓮縣吉安鄉東海一街１３６巷１８號,花蓮縣吉安鄉東昌村11鄰東海一街136巷18號,121.597999,23.96526
RPQPMLQKIIIGFAU66DA,花蓮縣吉安鄉福德街４２號,花蓮縣吉安鄉福興村10鄰福德街42號,121.561006,23.967389
RPVNMLNKIIIGFAU66DA,花蓮縣花蓮市林森路３１５巷７４號,花蓮縣花蓮市國華里19鄰林森路315巷74號,121.601326,23.981649
RPRPMLQKIIIGFAU76DA,花蓮縣吉安鄉東海三街２號二樓,花蓮縣吉安鄉東昌村8鄰東海三街2號,121.595844,23.966519
RPRNMLRKIIIGFAU66DA,花蓮縣花蓮市國盛五街２號四樓之三,花蓮縣花蓮市國盛里28鄰國盛五街2號,121.608598,23.993365
RPUNMLRLRHIGFAU87DA,花蓮縣吉安鄉仁光１１號,花蓮縣吉安鄉仁和村24鄰仁光11號,121.583224,23.943878
RPPNMLLJIIIGFAU38DA,花蓮縣花蓮市林森路３１５巷１７號四樓之一,花蓮縣花蓮市國華里20鄰林森路315巷17號,121.602639,23.980674
RPWNMLNKIIIGFAU76DA,花蓮縣吉安鄉吉祥七街７３巷９號,花蓮縣吉安鄉宜昌村28鄰吉祥七街73巷9號,121.580977,23.97577
RPQNMLRKIIIGFAU56DA,花蓮縣花蓮市中興路４３巷２號九樓之三,花蓮縣花蓮市民立里9鄰中興路43巷2號,121.630359,23.991963
RPSNMLRKIIIGFAU76DA,花蓮縣花蓮市富國路１４號七樓之一,花蓮縣花蓮市國富里44鄰富國路14號,121.596616,23.991498
RPOPMLQKIIIGFAU09DA,花蓮縣花蓮市忠孝街３９巷４號,花蓮縣花蓮市主義里7鄰忠孝街39巷4號,121.606624,23.97322
RPXNMLRKIIIGFAU27DA,花蓮縣吉安鄉昌隆二街１０７號六樓,花蓮縣吉安鄉南昌村15鄰昌隆二街107號,121.580781,23.970642
RPOOMLTKIIIGFAU66DA,花蓮縣花蓮市華泰街１號四樓之二,花蓮縣花蓮市民享里14鄰華泰街1號,121.619823,24.004617
RPVNMLMJIIIGFAU09DA,花蓮縣花蓮市中華路４８號,花蓮縣花蓮市主商里5鄰中華路48號,121.607862,23.976182
RPVOMLQKIIIGFAU07DA,花蓮縣花蓮市國民二街２０號,花蓮縣花蓮市國聯里12鄰國民二街20號,121.602628,23.988246
RPRNMLKLIIIGFAU68DA,花蓮縣花蓮市中福路１１１號,花蓮縣花蓮市主和里26鄰中福路111號,121.602338,23.971551
RPTNMLKLIIIGFAU88DA,花蓮縣吉安鄉中山路三段４２之１號,花蓮縣吉安鄉吉安村4鄰中山路三段42之1號,121.577457,23.97435
RPWNMLNLIIIGFAU86DA,花蓮縣花蓮市國聯二路８３號五樓之一,花蓮縣花蓮市國聯里16鄰國聯二路83號,121.603223,23.989657
RPPNMLRLRHIGFAU37DA,花蓮縣花蓮市國民一街１２號四樓之二,花蓮縣花蓮市國聯里3鄰國民一街12號,121.600954,23.988759
RPRPMLLKIIIGFAU88DA,花蓮縣花蓮市莊敬路１５８之１號七樓之三,花蓮縣花蓮市國富里13鄰莊敬路158之1號,121.5946,23.989004
RPSPMLQKIIIGFAU86DA,花蓮縣吉安鄉自立路二段７５巷５８號,花蓮縣吉安鄉吉昌村9鄰自立路二段75巷58號,121.592068,23.983985
RPTPMLSKIIIGFAU17DA,花蓮縣花蓮市國興四街２６號四樓之一,花蓮縣花蓮市國聯里19鄰國興四街26號,121.604277,23.989097
RPUNMLNLIIIGFAU66DA,花蓮縣花蓮市國民七街５３號十一樓之十二,花蓮縣花蓮市國盛里4鄰國民七街53號,121.605877,23.991365
RPVNMLNLIIIGFAU76DA,花蓮縣吉安鄉仁里九街２３之１號,花蓮縣吉安鄉仁里村17鄰仁里九街23號之1,121.591171,23.966009
RPTNMLOLIIIGFAU66DA,花蓮縣花蓮市國盛二街１１８之９號三樓,花蓮縣花蓮市國盛里17鄰國盛二街118之7號,121.605998,23.996006
RPWNMLOLIIIGFAU96DA,花蓮縣花蓮市國興一街９５號四樓之十六,花蓮縣花蓮市國聯里34鄰國興一街95號,121.603854,23.99555
RPSNMLTKIIIGFAU96DA,花蓮縣吉安鄉昌隆二街１０１號五樓,花蓮縣吉安鄉南昌村15鄰昌隆二街101號,121.58087,23.97059
RPUNMLKLIIIGFAU98DA,花蓮縣花蓮市國民八街６３號三樓之八,花蓮縣花蓮市國盛里11鄰國民八街63號,121.60578,23.993442
RPQNMLOLIIIGFAU98DA,花蓮縣花蓮市中正路１５３巷１４號,花蓮縣花蓮市主安里13鄰中正路153巷14號,121.597494,23.971684
RPQOMLOLIIIGFAU09DA,花蓮縣花蓮市國聯四路５２之３號,花蓮縣花蓮市國聯里27鄰國聯四路52之3號,121.60493,23.991781
RPUOMLOLIIIGFAU86DA,花蓮縣花蓮市中美三街８８之１號,花蓮縣花蓮市民勤里15鄰中美三街88之1號,121.62426,23.990487
RPXOMLOLIIIGFAU17DA,花蓮縣花蓮市華廈街１８號,花蓮縣花蓮市民享里14鄰華廈街18號,121.619888,24.005071
RPSOMLMKRHIGFAU17DA,花蓮縣花蓮市民權路１８９之１號,花蓮縣花蓮市民運里46鄰民權路189之1號,121.630382,23.993535
RPUOMLQLRHIGFAU87DA,花蓮縣吉安鄉海岸路２４２之１號,花蓮縣吉安鄉仁和村38鄰海岸路242之1號,121.592269,23.954789
RPTOMLSKIIIGFAU07DA,花蓮縣吉安鄉慶北三街５３１號,花蓮縣吉安鄉慶豐村33鄰慶北三街531號,121.567031,23.98212
RPTOMLNLIIIGFAU66DA,花蓮縣花蓮市德安二街３１號,花蓮縣花蓮市主權里18鄰德安二街31號,121.593568,23.97389
RPPPMLOLIIIGFAU09DA,花蓮縣花蓮市光復街９５之９號,花蓮縣花蓮市國威里30鄰光復街95之9號,121.605277,23.979548
RPVNMLPLIIIGFAU96DA,花蓮縣吉安鄉全民街６７號三樓,花蓮縣吉安鄉永興村16鄰全民街67號,121.570246,23.938803
RPWNMLPLIIIGFAU07DA,花蓮縣花蓮市東興二街３３號六樓之三,花蓮縣花蓮市民孝里9鄰東興二街33號,121.629769,23.999789
RPPOMLPLIIIGFAU09DA,花蓮縣花蓮市國民七街５１號三樓之九,花蓮縣花蓮市國盛里3鄰國民七街51號,121.60583,23.991358
RPPNMLNLRHIGFAU96DA,花蓮縣吉安鄉南海二街１９３巷３號,花蓮縣吉安鄉仁安村7鄰南海二街193巷3號,121.593368,23.955624
RPVNMLNLRHIGFAU57DA,花蓮縣吉安鄉中正路二段２５０巷２弄２０號,花蓮縣吉安鄉仁和村36鄰中正路二段250巷2弄20號,121.583834,23.956876
RPPOMLSKIIIGFAU66DA,花蓮縣花蓮市國民五街５３之３號,花蓮縣花蓮市國聯里19鄰國民五街53之3號,121.604158,23.989484
RPVNMLOLIIIGFAU86DA,花蓮縣花蓮市民光１６１號,花蓮縣花蓮市民意里16鄰民光161號,121.617363,24.004
RPSOMLOLIIIGFAU66DA,花蓮縣花蓮市國民九街１６號,花蓮縣花蓮市國盛里11鄰國民九街16號,121.605656,23.994357
RPTOMLOLIIIGFAU76DA,花蓮縣花蓮市中美三街２３巷１０號二樓,花蓮縣花蓮市民勤里30鄰中美三街23巷10號,121.624559,23.991627
RPUNMLPLIIIGFAU86DA,花蓮縣花蓮市國興一街９５號五樓之十五,花蓮縣花蓮市國聯里34鄰國興一街95號,121.603854,23.99555
RPXNMLPLIIIGFAU17DA,花蓮縣吉安鄉南海八街２１０巷１７號,花蓮縣吉安鄉仁和村23鄰南海八街210巷17號,121.585229,23.947279
RPROMLLKIIIGFAU78DA,花蓮縣花蓮市建林街１３０號,花蓮縣花蓮市國風里23鄰建林街130號,121.600448,23.980868
RPQOMLTKIIIGFAU86DA,花蓮縣吉安鄉全民街８５號四樓,花蓮縣吉安鄉永興村17鄰全民街85號,121.569346,23.938592
RPQNMLSKRHIGFAU47DA,花蓮縣吉安鄉南海五街８１巷４號,花蓮縣吉安鄉仁安村18鄰南海五街81巷4號,121.594609,23.948851
RPXNMLSKRHIGFAU18DA,花蓮縣花蓮市國興一街９５號三樓之五,花蓮縣花蓮市國聯里34鄰國興一街95號,121.603854,23.99555
RPQNMLNLRHIGFAU07DA,花蓮縣花蓮市中正路２６２號七樓之一,花蓮縣花蓮市主學里13鄰中正路262號,121.600866,23.972645
RPPOMLLKIIIGFAU58DA,花蓮縣花蓮市化道路１之１號,花蓮縣花蓮市民運里44鄰化道路1之1號,121.631395,23.99367
RPPOMLKMIIIGFAU68DA,花蓮縣吉安鄉明義五街３３號,花蓮縣吉安鄉太昌村11鄰明義五街33號,121.563993,23.994123
RPWNMLKMIIIGFAU66DA,花蓮縣花蓮市中正路１８４巷２７號,花蓮縣花蓮市主安里11鄰中正路184巷27號,121.599573,23.970635
RPSOMLKMIIIGFAU98DA,花蓮縣吉安鄉荳蘭五街１巷１３號,花蓮縣吉安鄉宜昌村14鄰荳蘭五街1巷13號,121.582745,23.973092
RPTNMLLMIIIGFAU09DA,花蓮縣吉安鄉全民街６５號,花蓮縣吉安鄉永興村16鄰全民街65號,121.570178,23.9387
RPWOMLQJIIIGFAU07DA,花蓮縣花蓮市莊敬路５５號,花蓮縣花蓮市國富里2鄰莊敬路52之1號,121.596849,23.987855
RPROMLKMIIIGFAU88DA,花蓮縣吉安鄉廣賢一街２３９巷１弄３號,花蓮縣吉安鄉稻香村27鄰廣賢一街239巷1弄3號,121.576072,23.953316
RPPNMLMJJIIGFAU58DA,花蓮縣吉安鄉慶豐五街１３５號,花蓮縣吉安鄉慶豐村14鄰慶豐五街135號,121.570727,23.977139
RPSNMLMJJIIGFAU88DA,花蓮縣花蓮市沙基拉雅街３９巷３０弄４５號,花蓮縣花蓮市國福里8鄰沙基拉雅街39巷30弄45號,121.578064,24.00995
RPROMLMJJIIGFAU88DA,花蓮縣花蓮市中央路三段６１５號,找不到指定的門牌地址。,,
RPWOMLOLIIIGFAU07DA,花蓮縣花蓮市國盛五街６８號六樓之十,花蓮縣花蓮市國盛里27鄰國盛五街68號,121.608255,23.994675
RPTOMLSLRHIGFAU97DA,花蓮縣花蓮市公正街３７號十一樓之九,花蓮縣花蓮市民生里8鄰公正街37號,121.610068,23.978
RPUNMLNJJIIGFAU56DA,花蓮縣吉安鄉中正路一段１５８巷１５號,花蓮縣吉安鄉仁里村20鄰中正路一段158巷15號,121.589938,23.965098
RPSOMLNJJIIGFAU09DA,花蓮縣花蓮市中和街２１５號十二樓之一,花蓮縣花蓮市主力里21鄰中和街215號,121.597773,23.974126
RPWNMLPKRHIGFAU77DA,花蓮縣吉安鄉仁里三街１７巷５號,花蓮縣吉安鄉仁里村8鄰仁里三街17巷5號,121.592187,23.968938
RPVNMLRLIIIGFAU17DA,花蓮縣吉安鄉慶南一街１３３號,花蓮縣吉安鄉慶豐村15鄰慶南一街133號,121.569604,23.977747
RPWNMLLJJIIGFAU56DA,花蓮縣花蓮市建華路９１之２０號,花蓮縣花蓮市國興里4鄰建華路91之20號,121.578849,23.995315
RPQNMLMKIIIGFAU68DA,花蓮縣吉安鄉全民街１１２號五樓,花蓮縣吉安鄉永興村18鄰全民街112號,121.570522,23.938034
RPRNMLNLIIIGFAU98DA,花蓮縣花蓮市自由街８６號,花蓮縣花蓮市主勤里5鄰自由街86號,121.606733,23.975594
RPUOMLQJJIIGFAU96DA,花蓮縣吉安鄉中山路三段１１６號四樓之一,花蓮縣吉安鄉慶豐村5鄰中山路三段116號,121.574119,23.97623
RPWOMLNKRHIGFAU67DA,花蓮縣花蓮市富裕五街１６９巷５號,花蓮縣花蓮市國裕里32鄰富裕五街169巷5號,121.599731,23.998633
RPTNMLQJJIIGFAU76DA,花蓮縣吉安鄉吉祥六街５６號,花蓮縣吉安鄉宜昌村26鄰吉祥六街56號,121.583164,23.975805
RPVNMLKKJIIGFAU09DA,花蓮縣花蓮市國聯四路８３號二樓之六,花蓮縣花蓮市國盛里12鄰國聯四路83號,121.606352,23.99246
RPOOMLKMIIIGFAU58DA,花蓮縣吉安鄉自強路２８０號,花蓮縣吉安鄉勝安村13鄰自強路280號,121.588416,23.981695
RPWNMLNKJIIGFAU86DA,花蓮縣吉安鄉全民街１０１號五樓,花蓮縣吉安鄉永興村18鄰全民街101號,121.57004,23.938074
RPRNMLRLRHIGFAU57DA,花蓮縣吉安鄉南埔四街１１４巷１６號三樓之二,花蓮縣吉安鄉仁里村19鄰南埔四街114巷16號,121.589608,23.966284
RPUNMLRLIIIGFAU07DA,花蓮縣吉安鄉慈惠四街２３６巷９號,花蓮縣吉安鄉勝安村29鄰慈惠四街236巷9號,121.585802,23.979396
RPTOMLKMIIIGFAU09DA,花蓮縣花蓮市鎮國街６６巷３９號,花蓮縣花蓮市主力里16鄰鎮國街66巷39號,121.599262,23.976389
RPOPMLPKJIIGFAU09DA,花蓮縣花蓮市忠孝街５０號,花蓮縣花蓮市主義里2鄰忠孝街50號,121.606577,23.973983
RPROMLNLRHIGFAU27DA,花蓮縣吉安鄉自立路二段７５巷６６號,花蓮縣吉安鄉吉昌村9鄰自立路二段75巷66號,121.591917,23.984064
RPSOMLNLRHIGFAU37DA,花蓮縣吉安鄉自立路二段７５巷６２號,花蓮縣吉安鄉吉昌村9鄰自立路二段75巷62號,121.591964,23.984038
RPVOMLLJJIIGFAU56DA,花蓮縣花蓮市長安街２７號五樓之九,花蓮縣花蓮市主農里8鄰長安街27號,121.597191,23.967067
RPWNMLRKIIIGFAU17DA,花蓮縣吉安鄉中央路三段６３巷４５弄３號,花蓮縣吉安鄉勝安村37鄰中央路三段63巷45弄3號,121.581573,23.978863
RPTNMLKLJIIGFAU98DA,花蓮縣吉安鄉慶豐十三街１４０巷１號,花蓮縣吉安鄉慶豐村39鄰慶豐十三街140巷1號,121.562951,23.982583
RPRPMLKLJIIGFAU98DA,花蓮縣花蓮市介林三街２６號,花蓮縣花蓮市國興里19鄰介林三街26號,121.571687,23.995052
RPPNMLNLJIIGFAU88DA,花蓮縣吉安鄉慶豐十街１２０巷１號,花蓮縣吉安鄉慶豐村30鄰慶豐十街120巷1號,121.566328,23.980587
RPSNMLTJJIIGFAU96DA,花蓮縣吉安鄉中華路二段９３號八樓之一,花蓮縣吉安鄉宜昌村7鄰中華路二段93號,121.584878,23.973593
RPQOMLNLJIIGFAU09DA,花蓮縣吉安鄉吉祥一街７號,花蓮縣吉安鄉宜昌村2鄰吉祥一街7號,121.587087,23.974488
RPOOMLQJRHIGFAU07DA,花蓮縣吉安鄉慈惠二街７２巷６號,花蓮縣吉安鄉勝安村21鄰慈惠二街72巷6號,121.586293,23.976327
RPVNMLSKRHIGFAU97DA,花蓮縣花蓮市上海街１４６號,花蓮縣花蓮市主睦里12鄰上海街141號,121.60399,23.974074
RPWNMLOJKIIGFAU96DA,花蓮縣吉安鄉北昌一街１５巷１１１之１號,花蓮縣吉安鄉吉昌村8鄰北昌一街15巷111之1號,121.592732,23.985116
RPPNMLLJJIIGFAU58EA,花蓮縣花蓮市化道路１８之１號,花蓮縣花蓮市民運里1鄰化道路18之1號,121.629706,23.995296
RPROMLNLJIIGFAU56DA,花蓮縣花蓮市國興四街２６號五樓之三,花蓮縣花蓮市國聯里19鄰國興四街26號,121.604277,23.989097
RPUNMLQJKIIGFAU96DA,花蓮縣花蓮市林森路７８號,花蓮縣花蓮市主力里24鄰林森路78號,121.597984,23.976365
RPSOMLRKQHIGFAU57DA,花蓮縣吉安鄉吉昌三街２５９號,花蓮縣吉安鄉福興村13鄰吉昌三街259號,121.563345,23.9688
RPXOMLRKQHIGFAU08DA,花蓮縣花蓮市長安街２６號十五樓之三,花蓮縣花蓮市主農里8鄰長安街26號,121.596978,23.96724
RPWNMLMLQHIGFAU47DA,花蓮縣花蓮市國盛四街５３號三樓之九,花蓮縣花蓮市國盛里22鄰國盛四街53號,121.607349,23.995044
RPPPMLPLQHIGFAU27DA,花蓮縣花蓮市國民七街５１號九樓之三,花蓮縣花蓮市國盛里3鄰國民七街51號,121.60583,23.991358
RPUOMLKMQHIGFAU27DA,花蓮縣花蓮市明心街２３號五樓之一,花蓮縣花蓮市國防里2鄰明心街23號,121.607573,23.985882
RPSPMLPJRHIGFAU47DA,花蓮縣花蓮市榮正街７８巷３之２４號四樓,花蓮縣花蓮市主力里21鄰榮正街78巷3之24號,121.597792,23.973883
RPWPMLPJRHIGFAU87DA,花蓮縣花蓮市林森路２３６之４１號,花蓮縣花蓮市國威里24鄰林森路236之41號,121.606042,23.981655
RPUNMLOKQHIGFAU37DA,花蓮縣吉安鄉中山路三段５７３號,花蓮縣吉安鄉慶豐村37鄰中山路三段573號,121.563597,23.981635
RPXNMLLLQHIGFAU47DA,花蓮縣花蓮市國民七街５１號八樓之十二,花蓮縣花蓮市國盛里3鄰國民七街51號,121.60583,23.991358
RPTNMLMLQHIGFAU17DA,花蓮縣花蓮市中興路１１５之４４號,花蓮縣花蓮市民政里29鄰中興路115之44號,121.627042,23.99475
RPTNMLOLQHIGFAU37DA,花蓮縣吉安鄉南華四街１２５巷１６之１號,花蓮縣吉安鄉南華村2鄰南華四街125巷16之1號,121.550999,23.953113
RPOOMLSJRHIGFAU27DA,花蓮縣花蓮市海岸路１１號,花蓮縣花蓮市民立里7鄰海岸路11號,121.628092,23.987862
RPVOMLSJRHIGFAU97DA,花蓮縣吉安鄉福興三街４８巷９號,花蓮縣吉安鄉福興村9鄰福興三街48巷9號,121.559265,23.968257
RPUNMLLKRHIGFAU17DA,花蓮縣花蓮市福建街３４８號,花蓮縣花蓮市主計里10鄰福建街348號,121.606233,23.972466
RPQPMLLLQHIGFAU96DA,花蓮縣吉安鄉太昌路６２１之１號,花蓮縣吉安鄉太昌村14鄰太昌路621之1號,121.558155,23.99565
RPVRMLTLQHIGFAU48DA,花蓮縣花蓮市華德街５６巷８號,花蓮縣花蓮市民心里14鄰華德街56巷8號,121.620219,24.010992
RPUOMLLJRHIGFAU17DA,花蓮縣花蓮市富裕十六街３１號三樓,花蓮縣花蓮市國裕里5鄰富裕十六街31號,121.596022,23.996517
RPRPMLQJRHIGFAU47DA,花蓮縣吉安鄉太昌路６１１號,花蓮縣吉安鄉太昌村14鄰太昌路611號,121.558398,23.995538
RPTOMLSJRHIGFAU77DA,花蓮縣花蓮市國聯二路７１號七樓之九,花蓮縣花蓮市國聯里16鄰國聯二路71號,121.603375,23.989803
RPWNMLLKRHIGFAU37DA,花蓮縣吉安鄉文化十三街１８號二樓之二,花蓮縣吉安鄉南昌村6鄰文化十三街18號,121.57877,23.971482
RPSOMLLKRHIGFAU07DA,花蓮縣吉安鄉南山五街１１６號五樓之二,花蓮縣吉安鄉宜昌村31鄰南山五街116號,121.580934,23.974152
RPUNMLMKRHIGFAU27DA,花蓮縣花蓮市中美路５之５號,花蓮縣花蓮市民勤里2鄰中美路5之5號,121.619247,23.984072
RPVNMLMKRHIGFAU37DA,花蓮縣吉安鄉全民街５７號五樓,花蓮縣吉安鄉永興村16鄰全民街57號,121.57043,23.9387
RPPOMLMKRHIGFAU86DA,花蓮縣花蓮市介仁街８６號,花蓮縣花蓮市國興里10鄰介仁街86號,121.574135,23.996117
RPTOMLMKRHIGFAU27DA,花蓮縣吉安鄉延平街２０５號,找不到指定的門牌地址。,,
RPWNMLKKQHIGFAU17DA,花蓮縣花蓮市國聯二路７１號十二樓之六,花蓮縣花蓮市國聯里16鄰國聯二路71號,121.603375,23.989803
RPOOMLKKQHIGFAU09DA,花蓮縣花蓮市豐村６２之３號,花蓮縣花蓮市國強里4鄰豐村62之3號,121.601012,24.001673
RPPOMLNLQHIGFAU96DA,花蓮縣花蓮市豐村１３３之３號,花蓮縣花蓮市國強里10鄰豐村133之3號,121.594778,24.010802
RPWNMLKMQHIGFAU37DA,花蓮縣花蓮市中央路三段７２０巷５號七樓之一,花蓮縣花蓮市國富里35鄰中央路三段720巷5號,121.591137,23.99133
RPTOMLLJRHIGFAU07DA,花蓮縣吉安鄉中山路三段２１９號,花蓮縣吉安鄉慶豐村4鄰中山路三段219號,121.572097,23.976921
RPQOMLPJRHIGFAU17DA,花蓮縣花蓮市國盛四街５５號四樓之五,花蓮縣花蓮市國盛里22鄰國盛四街55號,121.607277,23.995179
RPSNMLLKRHIGFAU96DA,花蓮縣花蓮市府前路３７號,花蓮縣花蓮市民意里24鄰府前路37號,121.618942,24.003647
RPXNMLMKRHIGFAU57DA,花蓮縣花蓮市美工六街３８號,花蓮縣花蓮市民心里3鄰美工六街38號,121.622401,24.009564
RPUNMLNKRHIGFAU37DA,花蓮縣花蓮市中美一街３１號四樓之一,花蓮縣花蓮市民立里8鄰中美一街31號,121.629114,23.993074
RPWNMLNKRHIGFAU57DA,花蓮縣花蓮市壽昌街２９巷２６號,找不到指定的門牌地址。,,
RPPOMLNKRHIGFAU96DA,花蓮縣花蓮市國民八街５號六樓之八,花蓮縣花蓮市國聯里30鄰國民八街5號,121.604243,23.993234
RPTOMLTLQHIGFAU97DA,花蓮縣吉安鄉自立路二段７５巷５８號,花蓮縣吉安鄉吉昌村9鄰自立路二段75巷58號,121.592068,23.983985
RPROMLLJRHIGFAU86DA,花蓮縣花蓮市民權路１５１號,花蓮縣花蓮市民立里8鄰民權路151號,121.62904,23.992028
RPSOMLLJRHIGFAU96DA,花蓮縣花蓮市建華路１６巷２號,花蓮縣花蓮市國興里2鄰建華路16巷2號,121.577946,23.992795
RPXOMLLJRHIGFAU47DA,花蓮縣花蓮市商校街１４７號二樓,花蓮縣花蓮市國魂里12鄰商校街147號,121.599819,23.98666
RPTNMLNKRHIGFAU27DA,花蓮縣吉安鄉仁里五街７１號,花蓮縣吉安鄉仁里村29鄰仁里五街71號,121.590008,23.969227
RPVNMLOKRHIGFAU57DA,花蓮縣吉安鄉中山路一段２２２號十五樓之七,花蓮縣吉安鄉仁里村32鄰中山路一段222號,121.586352,23.969221
RPQOMLOKRHIGFAU17DA,花蓮縣花蓮市國富十九街２巷１號,花蓮縣花蓮市國富里44鄰國富十九街2巷1號,121.596706,23.992017
RPPNMLPKRHIGFAU07DA,花蓮縣花蓮市林園二街２８號三樓之一,花蓮縣花蓮市民孝里20鄰林園二街28號,121.630911,24.003546
RPRNMLPKRHIGFAU27DA,花蓮縣花蓮市府前路４８２之３號四樓之一,花蓮縣花蓮市民意里44鄰府前路482之3號,121.62105,24.00006
RPOPMLQKQHIGFAU17DA,花蓮縣花蓮市建昌路１４０巷９號,找不到指定的門牌地址。,,
RPOOMLLKRHIGFAU66DA,花蓮縣吉安鄉南海八街２１０巷１７號,花蓮縣吉安鄉仁和村23鄰南海八街210巷17號,121.585229,23.947279
RPXNMLNKRHIGFAU67DA,花蓮縣花蓮市國盛四街１１６號三樓之九,花蓮縣花蓮市國盛里24鄰國盛四街116號,121.607495,23.995089
RPUNMLOKRHIGFAU47DA,花蓮縣吉安鄉南埔十三街１０號,花蓮縣吉安鄉仁里村41鄰南埔十三街10號,121.590886,23.971079
RPTOMLOKRHIGFAU47DA,花蓮縣吉安鄉勝安二街１５５號五樓,花蓮縣吉安鄉勝安村17鄰勝安二街155號,121.588904,23.978173
RPUOMLOKRHIGFAU57DA,花蓮縣吉安鄉民治路２８２號三樓之七,花蓮縣吉安鄉勝安村34鄰民治路282號,121.587509,23.981959
RPQNMLPKRHIGFAU17DA,花蓮縣花蓮市府前路１０４號三樓之五,花蓮縣花蓮市民勤里20鄰府前路104號,121.621613,23.989197
RPXOMLLLQHIGFAU57DA,花蓮縣花蓮市中山路１８之２號,花蓮縣花蓮市民主里14鄰中山路18之2號,121.613144,23.972387
RPVNMLPKRHIGFAU67DA,花蓮縣花蓮市國盛八街１２１號四樓之七,花蓮縣花蓮市國盛里9鄰國盛八街121號,121.605503,23.996614
RPPNMLSKRHIGFAU37DA,花蓮縣吉安鄉昌隆六街６號三樓之一,花蓮縣吉安鄉南昌村14鄰昌隆六街6號,121.579848,23.969096
RPWNMLSKRHIGFAU08DA,花蓮縣花蓮市國興四街２６號四樓之三,花蓮縣花蓮市國聯里19鄰國興四街26號,121.604277,23.989097
RPQOMLSKRHIGFAU57DA,花蓮縣花蓮市華興街１００號,花蓮縣花蓮市民享里14鄰華興街100號,121.619649,24.004808
RPQNMLOKRHIGFAU07DA,花蓮縣花蓮市福建街４０６號六樓之三,花蓮縣花蓮市主計里1鄰福建街406號,121.607769,23.973483
RPROMLSKQHIGFAU57DA,花蓮縣花蓮市德安二街６８巷５８號八樓,花蓮縣花蓮市主權里20鄰德安二街68巷58號,121.591577,23.973466
RPPOMLQJRHIGFAU17DA,花蓮縣花蓮市國興一街９５號五樓之十二,花蓮縣花蓮市國聯里34鄰國興一街95號,121.603854,23.99555
RPRNMLTKRHIGFAU67DA,花蓮縣吉安鄉昌隆二街１０９號三樓,花蓮縣吉安鄉南昌村15鄰昌隆二街109號,121.580703,23.970692
RPQOMLTKRHIGFAU67DA,花蓮縣吉安鄉吉興路一段２３之７號,花蓮縣吉安鄉南昌村1鄰吉興路一段23之7號,121.578653,23.972415
RPSOMLTKRHIGFAU87DA,花蓮縣花蓮市德安六街７０號,花蓮縣花蓮市主權里16鄰德安六街70號,121.591815,23.971723
RPQNMLKLRHIGFAU76DA,花蓮縣花蓮市華廈街１８號六樓之一,花蓮縣花蓮市民享里14鄰華廈街18號,121.619888,24.005071
RPQNMLTKRHIGFAU57DA,花蓮縣花蓮市中央路三段７３０號九樓之十一,花蓮縣花蓮市國富里35鄰中央路三段730號,121.590858,23.991491
RPUOMLLLRHIGFAU37DA,花蓮縣花蓮市國興四街２６號二樓之一,花蓮縣花蓮市國聯里19鄰國興四街26號,121.604277,23.989097
RPOOMLMLRHIGFAU86DA,花蓮縣花蓮市民德一街５７號,花蓮縣花蓮市民德里10鄰民德一街57號,121.621905,23.986018
RPQOMLMLRHIGFAU07DA,花蓮縣吉安鄉南海四街２７０號,花蓮縣吉安鄉仁和村11鄰南海四街270號,121.588734,23.953606
RPVPMLPJRHIGFAU77DA,花蓮縣花蓮市國盛一街３６號,花蓮縣花蓮市國盛里15鄰國盛一街36號,121.606624,23.989813
RPRNMLOLQHIGFAU17DA,花蓮縣吉安鄉南海三街１５４號,花蓮縣吉安鄉仁安村9鄰南海三街154號,121.593677,23.953773
RPQNMLRJRHIGFAU27DA,花蓮縣花蓮市富裕十六街３７號六樓之五,花蓮縣花蓮市國裕里5鄰富裕十六街37號,121.596214,23.996369
RPROMLPKRHIGFAU37DA,花蓮縣花蓮市國興五街６３之２號七樓,花蓮縣花蓮市國聯里18鄰國興五街63之2號,121.605009,23.988572
RPOOMLTKRHIGFAU47DA,花蓮縣花蓮市民權九街４９號五樓之一,花蓮縣花蓮市民勤里10鄰民權九街49號,121.624409,23.990573
RPXNMLLLRHIGFAU57DA,花蓮縣花蓮市國民六街５０號二樓,花蓮縣花蓮市國聯里18鄰國民六街50號,121.605078,23.98903
RPXNMLNLRHIGFAU77DA,花蓮縣花蓮市國民２８之２６號,花蓮縣花蓮市國盛里32鄰國民28之26號,121.609879,23.998434
RPSOMLKKQHIGFAU86DA,花蓮縣花蓮市民權三街１３號,花蓮縣花蓮市民德里1鄰民權三街13號,121.619761,23.98231
RPXOMLOLQHIGFAU87DA,花蓮縣花蓮市民享二街３２號,花蓮縣花蓮市民運里23鄰民享二街32號,121.632437,23.993468
RPUPMLQJRHIGFAU77DA,花蓮縣花蓮市國興六街１１號二樓之二,花蓮縣花蓮市國聯里9鄰國興六街11號,121.599127,23.987186
RPTPMLTLQHIGFAU08DA,花蓮縣花蓮市華興街４９號,花蓮縣花蓮市民享里19鄰華興街49號,121.619822,24.003543
RPROMLMKRHIGFAU07DA,花蓮縣花蓮市中興路２０６巷８號,花蓮縣花蓮市民政里27鄰中興路206巷8號,121.624921,23.996957
RPQOMLPLRHIGFAU37DA,花蓮縣花蓮市府前路３７之３號,花蓮縣花蓮市民意里24鄰府前路37之3號,121.618942,24.003647
RPWNMLRLRHIGFAU08DA,花蓮縣花蓮市國盛一街１９８號,花蓮縣花蓮市國盛里11鄰國盛一街198號,121.605622,23.993884
RPQNMLSLRHIGFAU57DA,花蓮縣花蓮市華泰街１號四樓之一,花蓮縣花蓮市民享里14鄰華泰街1號,121.619823,24.004617
RPPOMLSJRHIGFAU37DA,花蓮縣吉安鄉和平路一段６７號,花蓮縣吉安鄉勝安村10鄰和平路一段67號,121.591376,23.981629
RPSNMLLLRHIGFAU07DA,花蓮縣花蓮市中美三街２３巷７號二樓,花蓮縣花蓮市民勤里30鄰中美三街23巷7號,121.624422,23.991484
RPSNMLPLRHIGFAU47DA,花蓮縣花蓮市國富三街４０號,花蓮縣花蓮市國富里4鄰國富三街40號,121.598284,23.988733
RPTNMLRLRHIGFAU77DA,花蓮縣花蓮市國民七街５３號十二樓之三,花蓮縣花蓮市國盛里4鄰國民七街53號,121.605877,23.991365
RPSOMLSLRHIGFAU87DA,花蓮縣花蓮市民權一街１２號三樓,花蓮縣花蓮市民德里1鄰民權一街12號,121.618672,23.981573
RPXNMLSKQHIGFAU08DA,花蓮縣吉安鄉建國路二段４１巷１５之２號,花蓮縣吉安鄉永安村2鄰建國路二段41巷15之2號,121.581896,23.989303
RPTOMLPKRHIGFAU57DA,花蓮縣花蓮市中美十三街５２號四樓之十二,花蓮縣花蓮市民政里35鄰中美十三街52號,121.623687,23.998049
RPUNMLMJIIIGFAU98DA,花蓮縣花蓮市仁愛街２５之１號,花蓮縣花蓮市主睦里1鄰仁愛街25之1號,121.605614,23.973714
RPTNMLNJIIIGFAU98DA,花蓮縣花蓮市中山路３３０號,花蓮縣花蓮市國安里1鄰中山路330號,121.605664,23.982015
RPRNMLOJIIIGFAU88DA,花蓮縣吉安鄉南海四街２１９巷８號,花蓮縣吉安鄉仁和村13鄰南海四街219巷8號,121.589951,23.952596
RPUNMLSLRHIGFAU97DA,花蓮縣花蓮市國興四街２６號三樓之一,花蓮縣花蓮市國聯里19鄰國興四街26號,121.604277,23.989097
RPVNMLSLRHIGFAU08DA,花蓮縣花蓮市國興四街２６號五樓之一,花蓮縣花蓮市國聯里19鄰國興四街26號,121.604277,23.989097
RPQNMLNJIIIGFAU68DA,花蓮縣花蓮市國興四街２６號二樓之二,花蓮縣花蓮市國聯里19鄰國興四街26號,121.604277,23.989097
RPPNMLOJIIIGFAU68DA,花蓮縣花蓮市德安二街６８巷２２號十樓,花蓮縣花蓮市主權里20鄰德安二街68巷22號,121.592134,23.973848
RPWNMLQJIIIGFAU96DA,花蓮縣花蓮市建昌路１１２巷１３號三樓,找不到指定的門牌地址。,,
RPTOMLNLRHIGFAU47DA,花蓮縣花蓮市莊敬路１５８之１號四樓之六,花蓮縣花蓮市國富里13鄰莊敬路158之1號,121.5946,23.989004
RPXNMLOJIIIGFAU86DA,花蓮縣吉安鄉海岸路２３８之１號,花蓮縣吉安鄉仁和村38鄰海岸路238之1號,121.592356,23.954984
RPTOMLQJIIIGFAU76DA,花蓮縣吉安鄉慶北一街１５８巷１７號,花蓮縣吉安鄉慶豐村17鄰慶北一街158巷17號,121.569704,23.979517
RPVNMLTKRHIGFAU08DA,花蓮縣花蓮市南京街２０３號四樓之十三,花蓮縣花蓮市主信里5鄰南京街203號,121.606539,23.974793
RPWNMLSLRHIGFAU18DA,花蓮縣吉安鄉宜昌二街４３號,花蓮縣吉安鄉宜昌村4鄰宜昌二街43號,121.586036,23.97255
RPUNMLLKIIIGFAU98DA,花蓮縣花蓮市中和街１９１巷５號三樓,花蓮縣花蓮市主力里21鄰中和街191巷5號,121.598003,23.974177
RPTNMLMKIIIGFAU98DA,花蓮縣花蓮市富裕十七街２號,花蓮縣花蓮市國裕里5鄰富裕十七街2號,121.596012,23.995712
RPSOMLQJIIIGFAU66DA,花蓮縣吉安鄉南海二街２１４巷５號,花蓮縣吉安鄉仁和村4鄰南海二街214巷5號,121.592119,23.956645
RPRNMLNKIIIGFAU88DA,花蓮縣花蓮市民享四街３號,花蓮縣花蓮市民運里29鄰民享四街3號,121.632655,23.994153
RPQNMLRLRHIGFAU57EA,花蓮縣花蓮市建國路二段８２８之３８號,花蓮縣花蓮市國興里26鄰建國路二段828之38號,121.56659,23.99649
RPROMLNKRHIGFAU17DA,花蓮縣花蓮市明心街２１號四樓之三,花蓮縣花蓮市國防里2鄰明心街21號,121.607438,23.9858
RPUOMLQKIIIGFAU96DA,花蓮縣花蓮市國盛四街５１號七樓之一,花蓮縣花蓮市國盛里23鄰國盛四街51號,121.607395,23.994675
RPQNMLOLQHIGFAU07DA,花蓮縣花蓮市介林六街８７號,花蓮縣花蓮市國興里23鄰介林六街87號,121.570442,23.99632
RPTNMLQJRHIGFAU47DA,花蓮縣吉安鄉華工六路６０巷１之１號,花蓮縣吉安鄉光華村14鄰華工六路60巷1之1號,121.590823,23.938082
RPOOMLPKRHIGFAU07DA,花蓮縣吉安鄉吉昌一街２１９號,花蓮縣吉安鄉吉安村22鄰吉昌一街219號,121.563097,23.972489
RPXNMLSKIIIGFAU37DA,花蓮縣花蓮市中正路１１９巷１弄９號,花蓮縣花蓮市主農里23鄰中正路119巷1弄9號,121.596709,23.970762
RPPOMLNLIIIGFAU88DA,花蓮縣花蓮市大同街９６之８號,花蓮縣花蓮市國威里14鄰大同街96之8號,121.608183,23.98177
RPOPMLOLIIIGFAU98DA,花蓮縣花蓮市中美路２７５之２７號,花蓮縣花蓮市民孝里1鄰中美路275之27號,121.630567,23.998194
RPSNMLQJRHIGFAU37DA,花蓮縣吉安鄉華工六路６０巷３號,花蓮縣吉安鄉光華村14鄰華工六路60巷3號,121.59087,23.938084
RPSNMLOLIIIGFAU56DA,花蓮縣花蓮市國興四街２６號二樓之三,花蓮縣花蓮市國聯里19鄰國興四街26號,121.604277,23.989097
RPQOMLQKIIIGFAU56DA,花蓮縣吉安鄉吉昌二街１９４巷２０號,花蓮縣吉安鄉吉安村29鄰吉昌二街194巷20號,121.563835,23.970462
RPPPMLSKIIIGFAU76DA,花蓮縣花蓮市民生路２３號五樓之六,花蓮縣花蓮市民運里7鄰民生路23號,121.633432,23.993504
RPVNMLMLQHIGFAU37DA,花蓮縣吉安鄉吉興路一段１９８號,花蓮縣吉安鄉吉安村12鄰吉興路一段198號,121.574085,23.965793
RPQOMLKMIIIGFAU78DA,花蓮縣吉安鄉吉興一街４１１巷４弄５號,花蓮縣吉安鄉吉安村4鄰吉興一街411巷4弄5號,121.577138,23.975127
RPRNMLOKJIIGFAU09DA,花蓮縣吉安鄉南海四街２４６巷３弄２２號,花蓮縣吉安鄉仁和村11鄰南海四街246巷3弄22號,121.58914,23.954252
RPQQMLTLQHIGFAU87DA,花蓮縣吉安鄉宜昌五街３５號,花蓮縣吉安鄉宜昌村16鄰宜昌五街35號,121.583393,23.971914
RPUNMLQKJIIGFAU96DA,花蓮縣吉安鄉海岸路１３號三樓之二,花蓮縣吉安鄉東昌村33鄰海岸路13號,121.590502,23.963797
RPRNMLQKJIIGFAU66DA,花蓮縣吉安鄉全民街２７號,花蓮縣吉安鄉永興村15鄰全民街27號,121.571467,23.938348
RPUOMLQKJIIGFAU07DA,花蓮縣花蓮市國盛一街１９２號,花蓮縣花蓮市國盛里11鄰國盛一街192號,121.605661,23.993728
RPUNMLRLJIIGFAU17DA,花蓮縣花蓮市和平路１７８巷１１號,花蓮縣花蓮市主計里15鄰和平路178巷11號,121.607091,23.970281
RPOPMLSLPHIGFAU37DA,花蓮縣吉安鄉太昌路１６０巷４號,花蓮縣吉安鄉永安村22鄰太昌路160巷4號,121.574483,23.988218
RPUOMLSKQHIGFAU87DA,花蓮縣吉安鄉慶豐九街２８３號四樓之一,花蓮縣吉安鄉慶豐村23鄰慶豐九街283號,121.568569,23.979372
RPSOMLPJRHIGFAU37DA,花蓮縣花蓮市中原路３６９號,花蓮縣花蓮市主農里14鄰中原路369號,121.599684,23.968568
RPQNMLQJRHIGFAU17DA,花蓮縣花蓮市林森路２３８號,花蓮縣花蓮市國威里24鄰林森路238號,121.606076,23.981672
RPVOMLQJRHIGFAU77DA,花蓮縣吉安鄉建國路一段７３號,花蓮縣吉安鄉吉昌村7鄰建國路一段73號,121.593999,23.985109
RPUNMLPKQHIGFAU47DA,花蓮縣吉安鄉中山路三段９４９號,花蓮縣吉安鄉慶豐村48鄰中山路三段949號,121.55522,23.986087
RPQQMLMLQHIGFAU17DA,花蓮縣花蓮市重慶路３９８巷６號,花蓮縣花蓮市主計里10鄰重慶路398巷6號,121.607193,23.970818
RPRNMLSJRHIGFAU47DA,花蓮縣花蓮市國盛二街２８１之３號,花蓮縣花蓮市國盛里9鄰國盛二街281之3號,121.60578,23.996372
RPUNMLSJRHIGFAU77DA,花蓮縣花蓮市府前路４０８巷１４號,花蓮縣花蓮市民意里1鄰府前路408巷14號,121.621511,23.998422
RPRPMLLLQHIGFAU07DA,花蓮縣花蓮市中興路２３１號八樓之五,花蓮縣花蓮市民政里26鄰中興路231號,121.623333,23.997214
RPVNMLLKRHIGFAU27DA,花蓮縣花蓮市福建街３５２號,花蓮縣花蓮市主計里10鄰福建街352號,121.606328,23.972517
RPXNMLLKRHIGFAU47DA,花蓮縣花蓮市民德一街１９９巷３之３號,花蓮縣花蓮市民立里1鄰民德一街199巷3之3號,121.626216,23.991105
RPPOMLLKRHIGFAU76DA,花蓮縣花蓮市國富九街１９號,花蓮縣花蓮市國富里8鄰國富九街19號,121.59808,23.990352
RPROMLLKRHIGFAU96DA,花蓮縣花蓮市府前路２９６巷２０號,花蓮縣花蓮市民政里34鄰府前路296巷20號,121.622434,23.995949
RPOPMLLJRHIGFAU66DA,花蓮縣花蓮市福德三街１０號,花蓮縣花蓮市主和里19鄰福德三街10號,121.604213,23.970632
RPOOMLNKRHIGFAU86DA,花蓮縣花蓮市福光街３５３巷３２弄１１號,花蓮縣花蓮市國福里13鄰福光街353巷32弄11號,121.587086,24.013057
RPSNMLOKRHIGFAU27DA,花蓮縣吉安鄉建國路一段８１號,花蓮縣吉安鄉吉昌村7鄰建國路一段81號,121.593825,23.985142
RPSOMLOKRHIGFAU37DA,花蓮縣花蓮市國富十一街２１號,花蓮縣花蓮市國富里12鄰國富十一街21號,121.595881,23.98957
RPSNMLLMPHIGFAU96DA,花蓮縣花蓮市民德一街８８號,花蓮縣花蓮市民德里16鄰民德一街88號,121.621816,23.985322
RPVOMLOKRHIGFAU67DA,花蓮縣花蓮市菁華街４巷１弄２號二樓之六,花蓮縣花蓮市民權里1鄰菁華街4巷1弄2號,121.616598,23.979831
RPPOMLPKRHIGFAU17DA,花蓮縣花蓮市林森路２９３巷３號,花蓮縣花蓮市國華里23鄰林森路293巷3號,121.602395,23.979963
RPVOMLSKRHIGFAU08DA,花蓮縣花蓮市林森路２９３巷３之１號,花蓮縣花蓮市國華里23鄰林森路293巷3之1號,121.602341,23.979994
RPXNMLPKRHIGFAU87DA,花蓮縣花蓮市國盛一街２３４號五樓之三,花蓮縣花蓮市國盛里10鄰國盛一街234號,121.605365,23.995056
RPROMLRKQHIGFAU47DA,花蓮縣吉安鄉南埔八街２０５巷１６號六樓之二,花蓮縣吉安鄉仁里村19鄰南埔八街205巷16號,121.589226,23.966246
RPRNMLMLRHIGFAU07DA,花蓮縣花蓮市富陽路３８號十一樓之一,花蓮縣花蓮市國裕里20鄰富陽路38號,121.599031,23.995871
RPXOMLNKRHIGFAU77DA,花蓮縣吉安鄉南山二街３３號,花蓮縣吉安鄉宜昌村9鄰南山二街33號,121.585273,23.97453
RPWOMLOKRHIGFAU77DA,花蓮縣吉安鄉東里九街２８號二樓,花蓮縣吉安鄉東昌村6鄰東里九街28號,121.594947,23.964987
RPPOMLMLRHIGFAU96DA,花蓮縣花蓮市中美一街２０號二樓之一,花蓮縣花蓮市民立里8鄰中美一街20號,121.628932,23.992526
RPPNMLLKRHIGFAU66DA,花蓮縣吉安鄉吉昌三街２０２號,花蓮縣吉安鄉吉安村13鄰吉昌三街202號,121.565247,23.967967
RPPNMLPLIIIGFAU98DA,花蓮縣花蓮市富裕五街３６號十樓之一,花蓮縣花蓮市國裕里11鄰富裕五街36號,121.597976,23.994479
RPXOMLOKJIIGFAU17DA,花蓮縣花蓮市建國路７５巷１８號,花蓮縣花蓮市國華里7鄰建國路75巷18號,121.603326,23.983058
RPTNMLRLJIIGFAU07DA,花蓮縣吉安鄉吉興路三段６７號,花蓮縣吉安鄉永興村5鄰吉興路三段67號,121.567663,23.955421
RPVNMLSJRHIGFAU87DA,花蓮縣花蓮市中山路４２２之７號,花蓮縣花蓮市國聯里1鄰中山路422之7號,121.601445,23.987537
RPOOMLLMPHIGFAU66DA,花蓮縣吉安鄉南埔八街２０５巷１６號六樓之一,花蓮縣吉安鄉仁里村19鄰南埔八街205巷16號,121.589226,23.966246
RPXNMLMLQHIGFAU57DA,花蓮縣吉安鄉南濱路一段５１０之１號,花蓮縣吉安鄉光華村17鄰南濱路一段510之1號,121.593718,23.939817
RPSNMLMLRHIGFAU17DA,花蓮縣吉安鄉昌隆三街２５號,花蓮縣吉安鄉南昌村6鄰昌隆三街25號,121.578733,23.970984
RPXNMLMJIIIGFAU66DA,花蓮縣吉安鄉全民街１０５號四樓,花蓮縣吉安鄉永興村18鄰全民街105號,121.569935,23.937887
RPXNMLQJIIIGFAU07DA,花蓮縣花蓮市豐村３６之１１號,花蓮縣花蓮市國強里3鄰豐村36之11號,121.601793,24.000544
RPPNMLRKIIIGFAU09DA,花蓮縣花蓮市忠孝街４９號,花蓮縣花蓮市主義里7鄰忠孝街49號,121.606717,23.973531
RPRNMLSKIIIGFAU76DA,花蓮縣吉安鄉中山路二段７１號,花蓮縣吉安鄉南昌村18鄰中山路二段71號,121.583654,23.9706
RPQNMLKMIIIGFAU68DA,花蓮縣吉安鄉福興路１９３巷２號,花蓮縣吉安鄉福興村9鄰福興路193巷2號,121.558929,23.968399
RPTNMLMKRHIGFAU17DA,花蓮縣花蓮市國聯五路２３號,花蓮縣花蓮市國聯里20鄰國聯五路23號,121.605656,23.989495
RPUOMLMKRHIGFAU37DA,花蓮縣花蓮市中美十一街５７號,花蓮縣花蓮市民政里36鄰中美十一街57號,121.624016,23.996734
RPSOMLQKQHIGFAU47DA,花蓮縣吉安鄉吉豐路三段６１９號,花蓮縣吉安鄉永興村11鄰吉豐路三段619號,121.552836,23.946821
RPVNMLSKIIIGFAU17DA,花蓮縣花蓮市信義街２０號,花蓮縣花蓮市主計里11鄰信義街20號,121.605732,23.972546
RPRNMLTKIIIGFAU86DA,花蓮縣吉安鄉慈惠四街２３６巷１７弄１０號,花蓮縣吉安鄉勝安村29鄰慈惠四街236巷17弄10號,121.585373,23.979355
RPQOMLRLJIIGFAU86DA,花蓮縣花蓮市中山路３３３號,花蓮縣花蓮市國威里6鄰中山路333號,121.606621,23.980309
RPTNMLSJRHIGFAU67DA,花蓮縣吉安鄉自立路二段７５巷６８號,花蓮縣吉安鄉吉昌村9鄰自立路二段75巷68號,121.591863,23.984092
RPUOMLTKRHIGFAU08DA,花蓮縣花蓮市福建街２１６巷１０號,花蓮縣花蓮市主和里32鄰福建街216巷10號,121.602999,23.969942
RPUNMLTKOHIGFAU67DA,花蓮縣花蓮市明心街２１號五樓之一,花蓮縣花蓮市國防里2鄰明心街21號,121.607438,23.9858
RPXNMLLMIIIGFAU86DA,花蓮縣花蓮市中和街２１７號七樓之三,花蓮縣花蓮市主力里21鄰中和街217號,121.597691,23.974049
RPOOMLTLQHIGFAU47DA,花蓮縣吉安鄉自立路二段７５巷７０號,花蓮縣吉安鄉吉昌村9鄰自立路二段75巷70號,121.591823,23.984117
RPQOMLQKJIIGFAU66DA,花蓮縣花蓮市壽昌街４７巷１２號,找不到指定的門牌地址。,,
RPROMLRLJIIGFAU96DA,花蓮縣花蓮市明義街５３巷８之２號五樓,花蓮縣花蓮市主義里5鄰明義街53巷8之2號,121.607135,23.97371
RPROMLOLIIIGFAU56DA,花蓮縣花蓮市國興四街２６號四樓之二,花蓮縣花蓮市國聯里19鄰國興四街26號,121.604277,23.989097
RPWNMLNJJIIGFAU76DA,花蓮縣吉安鄉南埔四街１１４巷１６號五樓之一,花蓮縣吉安鄉仁里村19鄰南埔四街114巷16號,121.589608,23.966284
RPQNMLTLJIIGFAU96DA,花蓮縣吉安鄉吉興路三段６９號,花蓮縣吉安鄉永興村5鄰吉興路三段69號,121.56764,23.955383
RPVNMLTJJIIGFAU27DA,花蓮縣花蓮市明義街５３巷８之２號二樓,花蓮縣花蓮市主義里5鄰明義街53巷8之2號,121.607135,23.97371
RPRNMLKKJIIGFAU68DA,花蓮縣花蓮市明義街５３巷８之２號三樓,花蓮縣花蓮市主義里5鄰明義街53巷8之2號,121.607135,23.97371
RPRNMLQLRHIGFAU47DA,花蓮縣花蓮市國興四街２６號三樓之三,花蓮縣花蓮市國聯里19鄰國興四街26號,121.604277,23.989097
RPTNMLNJJIIGFAU09DA,花蓮縣吉安鄉南埔四街１１４巷１６號四樓之二,花蓮縣吉安鄉仁里村19鄰南埔四街114巷16號,121.589608,23.966284
RPSOMLTLQHIGFAU87DA,花蓮縣吉安鄉自立路二段７５巷５２號,花蓮縣吉安鄉吉昌村9鄰自立路二段75巷52號,121.592173,23.983937
RPWNMLTLQHIGFAU18DA,花蓮縣吉安鄉自立路二段７５巷６０號,花蓮縣吉安鄉吉昌村9鄰自立路二段75巷60號,121.592018,23.984012
RPVNMLNJPHIGFAU17DA,花蓮縣吉安鄉民治路２８２號三樓之二,花蓮縣吉安鄉勝安村34鄰民治路282號,121.587509,23.981959
RPTNMLQLRHIGFAU67DA,花蓮縣花蓮市中原路３６７號,花蓮縣花蓮市主農里14鄰中原路367號,121.599721,23.968544
RPRNMLRJPHIGFAU17DA,花蓮縣吉安鄉民治路２８２號五樓之三,花蓮縣吉安鄉勝安村34鄰民治路282號,121.587509,23.981959
RPXNMLNJJIIGFAU86DA,花蓮縣吉安鄉南埔四街１１４巷１６號五樓之二,花蓮縣吉安鄉仁里村19鄰南埔四街114巷16號,121.589608,23.966284
RPUNMLQLRHIGFAU77DA,花蓮縣吉安鄉南埔四街１１４巷１６號三樓之一,花蓮縣吉安鄉仁里村19鄰南埔四街114巷16號,121.589608,23.966284
RPVNMLQLRHIGFAU87DA,花蓮縣吉安鄉南埔四街１１４巷１６號二樓之一,花蓮縣吉安鄉仁里村19鄰南埔四街114巷16號,121.589608,23.966284
RPWNMLQLRHIGFAU97DA,花蓮縣吉安鄉南埔四街１１４巷１６號二樓之二,花蓮縣吉安鄉仁里村19鄰南埔四街114巷16號,121.589608,23.966284
RPUNMLTKIIIGFAU17DA,花蓮縣花蓮市國興四街２６號五樓之二,花蓮縣花蓮市國聯里19鄰國興四街26號,121.604277,23.989097
RPVNMLNJJIIGFAU66DA,花蓮縣吉安鄉南埔四街１１４巷１６號四樓之一,花蓮縣吉安鄉仁里村19鄰南埔四街114巷16號,121.589608,23.966284
RPOOMLQLQHIGFAU17DA,花蓮縣花蓮市重慶路４８６號八樓之六,花蓮縣花蓮市民主里15鄰重慶路486號,121.609458,23.972449
RPRNMLRJRHIGFAU37DA,花蓮縣花蓮市福建街３５０號,花蓮縣花蓮市主計里10鄰福建街350號,121.606289,23.972493
RPPOMLSKRHIGFAU47DA,花蓮縣花蓮市福建街３４６號,花蓮縣花蓮市主計里10鄰福建街346號,121.606194,23.972438
RPQPMLOLQHIGFAU27DA,花蓮縣花蓮市重慶路４８６號二樓之一,花蓮縣花蓮市民主里15鄰重慶路486號,121.609458,23.972449
RPSNMLNKPHIGFAU96DA,花蓮縣吉安鄉民治路２８２號七樓之二,花蓮縣吉安鄉勝安村34鄰民治路282號,121.587509,23.981959
RPROMLNLQHIGFAU17DA,花蓮縣花蓮市重慶路４８６號三樓之七,花蓮縣花蓮市民主里15鄰重慶路486號,121.609458,23.972449
RPTOMLNLQHIGFAU37DA,花蓮縣花蓮市重慶路４８６號六樓之七,花蓮縣花蓮市民主里15鄰重慶路486號,121.609458,23.972449
RPRPMLPLQHIGFAU47DA,花蓮縣花蓮市重慶路４８６號九樓之七,花蓮縣花蓮市民主里15鄰重慶路486號,121.609458,23.972449
RPQOMLNLQHIGFAU07DA,花蓮縣花蓮市重慶路４８６號十四樓之一,花蓮縣花蓮市民主里15鄰重慶路486號,121.609458,23.972449
RPXPMLOLQHIGFAU97DA,花蓮縣花蓮市重慶路４８６號十一樓之三,花蓮縣花蓮市民主里15鄰重慶路486號,121.609458,23.972449
RPOQMLOLQHIGFAU17DA,花蓮縣花蓮市重慶路４８６號十四樓之二,花蓮縣花蓮市民主里15鄰重慶路486號,121.609458,23.972449
RPUPMLPLQHIGFAU77DA,花蓮縣花蓮市重慶路４８６號十二樓之七,花蓮縣花蓮市民主里15鄰重慶路486號,121.609458,23.972449
RPPNMLTLQHIGFAU47DA,花蓮縣花蓮市重慶路４８６號三樓之六,花蓮縣花蓮市民主里15鄰重慶路486號,121.609458,23.972449
RPVQMLOLQHIGFAU87DA,花蓮縣花蓮市重慶路４８６號十五樓之一,花蓮縣花蓮市民主里15鄰重慶路486號,121.609458,23.972449
RPTOMLPLQHIGFAU57DA,花蓮縣花蓮市重慶路４８６號十五樓之五,花蓮縣花蓮市民主里15鄰重慶路486號,121.609458,23.972449
RPWNMLSLQHIGFAU08DA,花蓮縣花蓮市重慶路４８６號十五樓之二,花蓮縣花蓮市民主里15鄰重慶路486號,121.609458,23.972449
RPSOMLSLQHIGFAU77DA,花蓮縣花蓮市重慶路４８６號八樓之三,花蓮縣花蓮市民主里15鄰重慶路486號,121.609458,23.972449
RPWNMLPLQHIGFAU77DA,花蓮縣花蓮市重慶路４８６號十一樓之一,花蓮縣花蓮市民主里15鄰重慶路486號,121.609458,23.972449
RPQOMLMLQHIGFAU96DA,花蓮縣花蓮市重慶路４８６號十三樓之二,花蓮縣花蓮市民主里15鄰重慶路486號,121.609458,23.972449
RPSOMLNLQHIGFAU27DA,花蓮縣花蓮市重慶路４８６號五樓之七,花蓮縣花蓮市民主里15鄰重慶路486號,121.609458,23.972449
RPTPMLPLQHIGFAU67DA,花蓮縣花蓮市重慶路４８６號十一樓之七,花蓮縣花蓮市民主里15鄰重慶路486號,121.609458,23.972449
RPWOMLSLQHIGFAU18DA,花蓮縣花蓮市重慶路４８６號十二樓之一,花蓮縣花蓮市民主里15鄰重慶路486號,121.609458,23.972449
RPVNMLPLQHIGFAU67DA,花蓮縣花蓮市重慶路４８６號九樓之一,花蓮縣花蓮市民主里15鄰重慶路486號,121.609458,23.972449
RPURMLTLQHIGFAU38DA,花蓮縣花蓮市重慶路４８６號七樓之七,花蓮縣花蓮市民主里15鄰重慶路486號,121.609458,23.972449
RPTRMLTLQHIGFAU28DA,花蓮縣花蓮市重慶路４８６號十樓之一,花蓮縣花蓮市民主里15鄰重慶路486號,121.609458,23.972449
RPRRMLTLQHIGFAU08DA,花蓮縣花蓮市重慶路４８６號十二樓之三,花蓮縣花蓮市民主里15鄰重慶路486號,121.609458,23.972449
RPTOMLSLQHIGFAU87DA,花蓮縣花蓮市重慶路４８６號四樓之七,花蓮縣花蓮市民主里15鄰重慶路486號,121.609458,23.972449
RPTNMLPLQHIGFAU47DA,花蓮縣花蓮市重慶路４８６號七樓之一,花蓮縣花蓮市民主里15鄰重慶路486號,121.609458,23.972449
RPSPMLPLQHIGFAU57DA,花蓮縣花蓮市重慶路４８６號十樓之七,花蓮縣花蓮市民主里15鄰重慶路486號,121.609458,23.972449
RPRPMLQLQHIGFAU57DA,花蓮縣花蓮市重慶路４８６號十二樓之五,花蓮縣花蓮市民主里15鄰重慶路486號,121.609458,23.972449
RPSOMLQLQHIGFAU57DA,花蓮縣花蓮市重慶路４８６號十二樓之六,花蓮縣花蓮市民主里15鄰重慶路486號,121.609458,23.972449
RPXOMLSLQHIGFAU28DA,花蓮縣花蓮市重慶路４８６號六樓之一,花蓮縣花蓮市民主里15鄰重慶路486號,121.609458,23.972449
RPROMLQLQHIGFAU47DA,花蓮縣花蓮市重慶路４８６號十一樓之六,花蓮縣花蓮市民主里15鄰重慶路486號,121.609458,23.972449
RPOPMLQLQHIGFAU27DA,花蓮縣花蓮市重慶路４８６號九樓之五,花蓮縣花蓮市民主里15鄰重慶路486號,121.609458,23.972449
RPUQMLOLQHIGFAU77DA,花蓮縣花蓮市重慶路４８６號十三樓之一,花蓮縣花蓮市民主里15鄰重慶路486號,121.609458,23.972449
RPOOMLPLQHIGFAU07DA,花蓮縣花蓮市重慶路４８６號十三樓之五,花蓮縣花蓮市民主里15鄰重慶路486號,121.609458,23.972449
RPUNMLMLQHIGFAU27DA,花蓮縣花蓮市重慶路４８６號十樓之三,花蓮縣花蓮市民主里15鄰重慶路486號,121.609458,23.972449
RPSNMLSLQHIGFAU67DA,花蓮縣花蓮市重慶路４８６號十二樓之二,花蓮縣花蓮市民主里15鄰重慶路486號,121.609458,23.972449
RPUNMLTLQHIGFAU97DA,花蓮縣花蓮市重慶路４８６號十樓之六,花蓮縣花蓮市民主里15鄰重慶路486號,121.609458,23.972449
RPUNMLPLQHIGFAU57DA,花蓮縣花蓮市重慶路４８６號八樓之一,花蓮縣花蓮市民主里15鄰重慶路486號,121.609458,23.972449
RPROMLSLQHIGFAU67DA,花蓮縣花蓮市重慶路４８６號九樓之三,花蓮縣花蓮市民主里15鄰重慶路486號,121.609458,23.972449
RPVQMLMLQHIGFAU67DA,花蓮縣花蓮市重慶路４８６號十樓之二,花蓮縣花蓮市民主里15鄰重慶路486號,121.609458,23.972449
RPRQMLOLQHIGFAU47DA,花蓮縣花蓮市重慶路４８６號九樓之二,花蓮縣花蓮市民主里15鄰重慶路486號,121.609458,23.972449
RPTQMLOLQHIGFAU67DA,花蓮縣花蓮市重慶路４８６號十一樓之二,花蓮縣花蓮市民主里15鄰重慶路486號,121.609458,23.972449
RPQNMLTLQHIGFAU57DA,花蓮縣花蓮市重慶路４８６號四樓之三,花蓮縣花蓮市民主里15鄰重慶路486號,121.609458,23.972449
RPUNMLQLQHIGFAU67DA,花蓮縣花蓮市重慶路４８６號四樓之六,花蓮縣花蓮市民主里15鄰重慶路486號,121.609458,23.972449
RPSPMLSLQHIGFAU87DA,花蓮縣花蓮市重慶路４８６號四樓之五,花蓮縣花蓮市民主里15鄰重慶路486號,121.609458,23.972449
RPRNMLMLQHIGFAU96DA,花蓮縣花蓮市重慶路４８６號七樓之三,花蓮縣花蓮市民主里15鄰重慶路486號,121.609458,23.972449
RPRNMLPLQHIGFAU27DA,花蓮縣花蓮市重慶路４８６號五樓之一,花蓮縣花蓮市民主里15鄰重慶路486號,121.609458,23.972449
RPWQMLMLQHIGFAU77DA,花蓮縣花蓮市重慶路４８６號八樓之二,花蓮縣花蓮市民主里15鄰重慶路486號,121.609458,23.972449
RPQNMLQLQHIGFAU27DA,花蓮縣花蓮市重慶路４８６號十三樓之三,花蓮縣花蓮市民主里15鄰重慶路486號,121.609458,23.972449
RPQRMLTLQHIGFAU97DA,花蓮縣花蓮市重慶路４８６號七樓之五,花蓮縣花蓮市民主里15鄰重慶路486號,121.609458,23.972449
RPWNMLRJRHIGFAU87DA,花蓮縣花蓮市重慶路４８６號十五樓之三,花蓮縣花蓮市民主里15鄰重慶路486號,121.609458,23.972449
RPUPMLOLQHIGFAU67DA,花蓮縣花蓮市重慶路４８６號五樓之三,花蓮縣花蓮市民主里15鄰重慶路486號,121.609458,23.972449
RPVOMLQLQHIGFAU87DA,花蓮縣花蓮市重慶路４８６號五樓之五,花蓮縣花蓮市民主里15鄰重慶路486號,121.609458,23.972449
RPUQMLMLQHIGFAU57DA,花蓮縣花蓮市重慶路４８６號七樓之二,花蓮縣花蓮市民主里15鄰重慶路486號,121.609458,23.972449
RPPPMLQLQHIGFAU37DA,花蓮縣花蓮市重慶路４８６號十樓之五,花蓮縣花蓮市民主里15鄰重慶路486號,121.609458,23.972449
RPPNMLQLQHIGFAU17DA,花蓮縣花蓮市重慶路４８６號十四樓之三,花蓮縣花蓮市民主里15鄰重慶路486號,121.609458,23.972449
RPRNMLTLQHIGFAU67DA,花蓮縣花蓮市重慶路４８６號四樓之一,花蓮縣花蓮市民主里15鄰重慶路486號,121.609458,23.972449
RPQPMLSLQHIGFAU67DA,花蓮縣花蓮市重慶路４８６號三樓之一,花蓮縣花蓮市民主里15鄰重慶路486號,121.609458,23.972449
RPRPMLSLQHIGFAU77DA,花蓮縣花蓮市重慶路４８６號三樓之五,花蓮縣花蓮市民主里15鄰重慶路486號,121.609458,23.972449
RPWPMLOLQHIGFAU87DA,花蓮縣花蓮市重慶路４８６號六樓之三,花蓮縣花蓮市民主里15鄰重慶路486號,121.609458,23.972449
RPXOMLQLQHIGFAU08DA,花蓮縣花蓮市重慶路４８６號八樓之五,花蓮縣花蓮市民主里15鄰重慶路486號,121.609458,23.972449
RPQPMLQLQHIGFAU47DA,花蓮縣花蓮市重慶路４８６號十一樓之五,花蓮縣花蓮市民主里15鄰重慶路486號,121.609458,23.972449
RPSOMLPLQHIGFAU47DA,花蓮縣花蓮市重慶路４８６號十四樓之五,花蓮縣花蓮市民主里15鄰重慶路486號,121.609458,23.972449
RPXNMLQLQHIGFAU97DA,花蓮縣花蓮市重慶路４８６號七樓之六,花蓮縣花蓮市民主里15鄰重慶路486號,121.609458,23.972449
RPPOMLQLQHIGFAU27DA,花蓮縣花蓮市重慶路４８６號九樓之六,花蓮縣花蓮市民主里15鄰重慶路486號,121.609458,23.972449
RPTNMLTLQHIGFAU87DA,花蓮縣花蓮市重慶路４８６號五樓之六,花蓮縣花蓮市民主里15鄰重慶路486號,121.609458,23.972449
RPQPMLPLQHIGFAU37DA,花蓮縣花蓮市重慶路４８６號八樓之七,花蓮縣花蓮市民主里15鄰重慶路486號,121.609458,23.972449
RPWNMLQLQHIGFAU87DA,花蓮縣花蓮市重慶路４８６號六樓之六,花蓮縣花蓮市民主里15鄰重慶路486號,121.609458,23.972449
RPSNMLTLQHIGFAU77DA,花蓮縣花蓮市重慶路４８６號五樓之二,花蓮縣花蓮市民主里15鄰重慶路486號,121.609458,23.972449
RPOPMLSLQHIGFAU47DA,花蓮縣花蓮市重慶路４８６號三樓之三,花蓮縣花蓮市民主里15鄰重慶路486號,121.609458,23.972449
RPVPMLMLQHIGFAU57DA,花蓮縣花蓮市重慶路４８６號三樓之二,花蓮縣花蓮市民主里15鄰重慶路486號,121.609458,23.972449
RPPQMLMLQHIGFAU07DA,花蓮縣花蓮市重慶路４８６號四樓之二,花蓮縣花蓮市民主里15鄰重慶路486號,121.609458,23.972449
RPRQMLMLQHIGFAU27DA,花蓮縣花蓮市重慶路４８６號六樓之二,花蓮縣花蓮市民主里15鄰重慶路486號,121.609458,23.972449
RPWOMLQLQHIGFAU97DA,花蓮縣花蓮市重慶路４８６號六樓之五,花蓮縣花蓮市民主里15鄰重慶路486號,121.609458,23.972449
RPSPMLOLQHIGFAU47DA,花蓮縣花蓮市重慶路４８６之７號,花蓮縣花蓮市民主里15鄰重慶路486之7號,121.609478,23.972314
RPROMLOLQHIGFAU27DA,花蓮縣花蓮市重慶路４８６之６號,花蓮縣花蓮市民主里15鄰重慶路486之6號,121.609361,23.972284
RPUOMLOLQHIGFAU57DA,花蓮縣花蓮市重慶路４８６之５號,花蓮縣花蓮市民主里15鄰重慶路486之5號,121.609322,23.972346
RPVOMLOLQHIGFAU67DA,花蓮縣花蓮市重慶路４８６之３號,花蓮縣花蓮市民主里15鄰重慶路486之3號,121.609298,23.972411
RPOPMLOLQHIGFAU07DA,花蓮縣花蓮市重慶路４８６之２號,花蓮縣花蓮市民主里15鄰重慶路486之2號,121.609343,23.972525
RPPPMLOLQHIGFAU17DA,花蓮縣花蓮市重慶路４８６之１號,花蓮縣花蓮市民主里15鄰重慶路486之1號,121.609464,23.97259
RPPNMLKLKHJGFAU68DA,花蓮縣花蓮市榮正街５２號三樓之七,花蓮縣花蓮市主力里5鄰榮正街52號,121.598404,23.973057
RPPNMLTKKHJGFAU86DA,花蓮縣吉安鄉中山路三段１１６號,花蓮縣吉安鄉慶豐村5鄰中山路三段116號,121.574119,23.97623
RPRPMLMLKHJGFAU66DA,花蓮縣吉安鄉中山路二段１１６號,花蓮縣吉安鄉宜昌村18鄰中山路二段116號,121.580297,23.972812
RPRQMLNLKHJGFAU86DA,花蓮縣花蓮市上海街８１號六樓之一,花蓮縣花蓮市主學里6鄰上海街81號,121.602513,23.973182
RPQNMLRLKHJGFAU86DA,花蓮縣花蓮市中央路三段７２０巷５號二樓之七,花蓮縣花蓮市國富里35鄰中央路三段720巷5號,121.591137,23.99133
RPTNMLRLKHJGFAU17DA,花蓮縣花蓮市國盛一街２１７號三樓之八,花蓮縣花蓮市國盛里7鄰國盛一街217號,121.605082,23.994769
RPPNMLRLKHJGFAU86EA,花蓮縣花蓮市商校街４６號四樓,花蓮縣花蓮市國聯里18鄰商校街46號,121.605301,23.988299
RPXPMLMLKHJGFAU27DA,花蓮縣花蓮市建華路９１之９號,花蓮縣花蓮市國興里4鄰建華路91之9號,121.578897,23.995149
RPXNMLTLKHJGFAU77DA,花蓮縣吉安鄉明義七街１４５巷４６弄５號,花蓮縣吉安鄉太昌村23鄰明義七街145巷46弄5號,121.556073,23.989694
RPPNMLLJLHJGFAU78EA,花蓮縣花蓮市華興街２３之１號六樓之二,花蓮縣花蓮市民享里19鄰華興街23之1號,121.620098,24.00278
RPQOMLQLKHJGFAU86DA,花蓮縣花蓮市重慶路１９５巷１１號,花蓮縣花蓮市主和里38鄰重慶路195巷11號,121.603314,23.969259
RPRNMLPKKHJGFAU66DA,花蓮縣吉安鄉民治路２８２號三樓之二,花蓮縣吉安鄉勝安村34鄰民治路282號,121.587509,23.981959
RPVOMLQKKHJGFAU27DA,花蓮縣吉安鄉東海五街１號三樓之二,花蓮縣吉安鄉東昌村11鄰東海五街1號,121.597236,23.964832
RPSRMLMLKHJGFAU96DA,花蓮縣吉安鄉東海五街１號六樓之二,花蓮縣吉安鄉東昌村11鄰東海五街1號,121.597236,23.964832
RPTNMLOJLHJGFAU76DA,花蓮縣花蓮市永興路６號三樓之二,花蓮縣花蓮市民政里31鄰永興路6號,121.626081,23.992117
RPTNMLQKKHJGFAU96DA,花蓮縣花蓮市仁和街１９號,花蓮縣花蓮市主權里5鄰仁和街19號,121.592197,23.975608
RPROMLLJLHJGFAU98DA,花蓮縣吉安鄉東海五街１號三樓之七,花蓮縣吉安鄉東昌村11鄰東海五街1號,121.597236,23.964832
RPROMLOJLHJGFAU66DA,花蓮縣花蓮市中央路三段７２０巷５號八樓之六,花蓮縣花蓮市國富里35鄰中央路三段720巷5號,121.591137,23.99133
RPWNMLLLKHJGFAU86DA,花蓮縣花蓮市中美十一街１１號四樓之二,花蓮縣花蓮市民政里25鄰中美十一街11號,121.62299,23.99559
RPUNMLQJLHJGFAU07DA,花蓮縣吉安鄉中山路一段２２２號二樓之三,花蓮縣吉安鄉仁里村32鄰中山路一段222號,121.586352,23.969221
RPXNMLQJLHJGFAU37DA,花蓮縣花蓮市明心街２３號三樓之二,花蓮縣花蓮市國防里2鄰明心街23號,121.607573,23.985882
RPWNMLKKJHJGFAU56DA,花蓮縣花蓮市國民八街６３號三樓之八,花蓮縣花蓮市國盛里11鄰國民八街63號,121.60578,23.993442
RPWNMLQKJHJGFAU17DA,花蓮縣花蓮市南京街２０３號三樓之十一,花蓮縣花蓮市主信里5鄰南京街203號,121.606539,23.974793
RPVNMLQKJHJGFAU07DA,花蓮縣吉安鄉太昌路４９２號二樓,花蓮縣吉安鄉太昌村11鄰太昌路492號,121.563689,23.993677
RPUNMLRKJHJGFAU07DA,花蓮縣花蓮市大同街８５號,花蓮縣花蓮市國光里3鄰大同街85號,121.608782,23.982468
RPWOMLLKJHJGFAU76DA,花蓮縣花蓮市國盛三街５１巷６之１號二樓,花蓮縣花蓮市國盛里18鄰國盛三街51巷6之1號,121.606469,23.995037
RPUNMLLKJHJGFAU09DA,花蓮縣花蓮市建成街１２２號,花蓮縣花蓮市國興里25鄰建成街122號,121.569241,23.995991
RPPOMLMLJHJGFAU88DA,花蓮縣花蓮市國興三街７９號七樓之二,花蓮縣花蓮市國聯里17鄰國興三街79號,121.603126,23.988727
RPRPMLNLJHJGFAU66DA,花蓮縣花蓮市裕祥路１０３號,花蓮縣花蓮市國裕里26鄰裕祥路103號,121.598167,23.998821
RPOOMLSKJHJGFAU66DA,花蓮縣花蓮市中興路４３巷３號十樓之一,花蓮縣花蓮市民立里9鄰中興路43巷3號,121.630139,23.991703
RPPNMLMLJHJGFAU78DA,花蓮縣花蓮市自強路５９４巷７號二樓之六,找不到指定的門牌地址。,,
RPVOMLNLJHJGFAU96DA,花蓮縣吉安鄉昌隆二街９６號,花蓮縣吉安鄉南昌村16鄰昌隆二街96號,121.580849,23.970855
RPWNMLOLJHJGFAU07DA,花蓮縣花蓮市民光３１５號,花蓮縣花蓮市民意里27鄰民光315號,121.6178,24.003537
RPQNMLLKJHJGFAU68DA,花蓮縣花蓮市壽昌街２９巷３２號三樓之三,找不到指定的門牌地址。,,
RPVNMLPLJHJGFAU07DA,花蓮縣花蓮市中央路三段７３０號四樓之十一,花蓮縣花蓮市國富里35鄰中央路三段730號,121.590858,23.991491
RPRNMLTJJHJGFAU86DA,花蓮縣花蓮市國民七街５３號十二樓之十五,花蓮縣花蓮市國盛里4鄰國民七街53號,121.605877,23.991365
RPXNMLTJJHJGFAU47DA,花蓮縣花蓮市北興路３２之６號,花蓮縣花蓮市民享里11鄰北興路32之6號,121.620285,24.006602
RPROMLSKJHJGFAU96DA,花蓮縣花蓮市福建街３２５號五樓,花蓮縣花蓮市主計里11鄰福建街325號,121.605974,23.972511
RPPQMLNLJHJGFAU56DA,花蓮縣花蓮市府前路１５６號六樓之六,花蓮縣花蓮市民勤里16鄰府前路156號,121.621827,23.990705
RPSNMLPLJHJGFAU76DA,花蓮縣花蓮市中美路１７６號五樓之一,花蓮縣花蓮市民立里1鄰中美路176號,121.62582,23.991083
RPOOMLQLJHJGFAU56DA,花蓮縣花蓮市介林九街１之３７號,花蓮縣花蓮市國興里6鄰介林九街1之37號,121.577239,23.99546
RPWNMLRKJHJGFAU27DA,花蓮縣花蓮市國盛四街５１號七樓之十一,花蓮縣花蓮市國盛里23鄰國盛四街51號,121.607395,23.994675
RPROMLTKJHJGFAU07DA,花蓮縣花蓮市富裕七街１６號五樓之八,花蓮縣花蓮市國裕里15鄰富裕七街16號,121.598946,23.995183
RPPOMLNLJHJGFAU98DA,花蓮縣花蓮市民族路１號六樓之三,花蓮縣花蓮市民運里4鄰民族路1號,121.631201,23.995093
RPSPMLOLJHJGFAU86DA,花蓮縣花蓮市中美三街８８之１號,花蓮縣花蓮市民勤里15鄰中美三街88之1號,121.62426,23.990487
RPPOMLPLJHJGFAU56DA,花蓮縣花蓮市豐村２１之２６號,花蓮縣花蓮市國強里1鄰豐村21之26號,121.60279,24.001522
RPOOMLNLJHJGFAU88DA,花蓮縣吉安鄉自立路二段７５巷７６號,花蓮縣吉安鄉吉昌村9鄰自立路二段75巷76號,121.591713,23.984168
RPQNMLKMJHJGFAU78DA,花蓮縣花蓮市中美路２９３之８號,花蓮縣花蓮市民孝里5鄰中美路293之8號,121.631255,23.997945
RPPOMLKKJHJGFAU58DA,花蓮縣吉安鄉慶南一街７９號,花蓮縣吉安鄉慶豐村3鄰慶南一街79號,121.571974,23.976471
RPTNMLLKJHJGFAU98DA,花蓮縣花蓮市化道路１３１巷３０號,花蓮縣花蓮市民意里48鄰化道路131巷30號,121.620682,24.000726
RPPNMLKMJHJGFAU68DA,花蓮縣花蓮市球崙一路２２５號六樓,花蓮縣花蓮市民享里6鄰球崙一路225號,121.622919,24.003874
RPQOMLKMJHJGFAU88DA,花蓮縣花蓮市中美五街１４０巷６號四樓,花蓮縣花蓮市民政里29鄰中美五街140巷6號,121.626867,23.994416
RPSNMLLJKHJGFAU88DA,花蓮縣花蓮市國盛二街１１８號二樓之一,花蓮縣花蓮市國盛里17鄰國盛二街118號,121.605998,23.996006
RPTNMLLJKHJGFAU98DA,花蓮縣吉安鄉北昌一街１５巷１１３之８號,花蓮縣吉安鄉吉昌村8鄰北昌一街15巷113之8號,121.592378,23.98487
RPUOMLSKJHJGFAU27DA,花蓮縣花蓮市榮正街５２號二樓之六,花蓮縣花蓮市主力里5鄰榮正街52號,121.598404,23.973057
RPRNMLLJKHJGFAU78DA,花蓮縣花蓮市中和街２１號,花蓮縣花蓮市主和里39鄰中和街21號,121.60288,23.96912
RPSNMLMJKHJGFAU98DA,花蓮縣花蓮市中興路１７８之３號,花蓮縣花蓮市民政里15鄰中興路178之3號,121.625283,23.996407
RPXNMLMJKHJGFAU86DA,花蓮縣花蓮市榮正街７８巷１７之２號四樓,花蓮縣花蓮市主力里21鄰榮正街78巷17之2號,121.598498,23.973998
RPRPMLMJKHJGFAU09DA,花蓮縣花蓮市國興三街７９號七樓之一,花蓮縣花蓮市國聯里17鄰國興三街79號,121.603126,23.988727
RPPNMLPJKHJGFAU98DA,花蓮縣花蓮市國聯二路７１號五樓之五,花蓮縣花蓮市國聯里16鄰國聯二路71號,121.603375,23.989803
RPOOMLKMJHJGFAU68DA,花蓮縣花蓮市國民十二街５３號五樓之三,花蓮縣花蓮市國盛里17鄰國民十二街53號,121.60628,23.995823
RPTPMLMJKHJGFAU66DA,花蓮縣花蓮市莊敬路１５８之１號七樓之三,花蓮縣花蓮市國富里13鄰莊敬路158之1號,121.5946,23.989004
RPUPMLMJKHJGFAU76DA,花蓮縣花蓮市富強路４８號六樓之二,花蓮縣花蓮市國裕里6鄰富強路48號,121.596538,23.995974
RPRNMLPJKHJGFAU56DA,花蓮縣吉安鄉明義一街３０號,花蓮縣吉安鄉永安村8鄰明義一街30號,121.575132,23.992213
RPQNMLQKJHJGFAU56DA,花蓮縣花蓮市華泰街３３號三樓之二,花蓮縣花蓮市民享里15鄰華泰街33號,121.620756,24.004901
RPVOMLMJKHJGFAU76DA,花蓮縣花蓮市中華路４１６巷１弄５號,花蓮縣花蓮市主權里23鄰中華路416巷1弄5號,121.594528,23.975344
RPXOMLPJKHJGFAU27DA,花蓮縣花蓮市國聯二路８３號六樓之二,花蓮縣花蓮市國聯里16鄰國聯二路83號,121.603223,23.989657
RPUNMLQJKHJGFAU96DA,花蓮縣吉安鄉慈惠四街１７０巷２１號,花蓮縣吉安鄉勝安村18鄰慈惠四街170巷21號,121.58725,23.978897
RPOOMLQJKHJGFAU09DA,花蓮縣花蓮市華廈街９３號二樓之二,花蓮縣花蓮市民享里9鄰華廈街93號,121.621958,24.005886
RPQOMLMLJHJGFAU98DA,花蓮縣花蓮市中美路１１１之７號,花蓮縣花蓮市民政里31鄰中美路111之7號,121.626521,23.992433
RPWNMLNLJHJGFAU96DA,花蓮縣吉安鄉建國路一段１２１巷５３號,花蓮縣吉安鄉吉昌村9鄰建國路一段121巷53號,121.591611,23.98448
RPROMLNLJHJGFAU56DA,花蓮縣吉安鄉自立路二段７５巷７２號,花蓮縣吉安鄉吉昌村9鄰自立路二段75巷72號,121.591763,23.984144
RPWOMLPJKHJGFAU17DA,花蓮縣花蓮市福建街３０號,花蓮縣花蓮市主農里3鄰福建街30號,121.598374,23.966843
RPXNMLQJKHJGFAU27DA,花蓮縣花蓮市德安一街１６６巷１９之１４號,花蓮縣花蓮市主權里15鄰德安一街166巷19之14號,121.592721,23.971504
RPXNMLMKJHJGFAU86DA,花蓮縣花蓮市國聯五路１３１號八樓之八,花蓮縣花蓮市國聯里28鄰國聯五路131號,121.604895,23.99264
RPTOMLPKJHJGFAU86DA,花蓮縣花蓮市長安街２７號八樓之三,花蓮縣花蓮市主農里8鄰長安街27號,121.597191,23.967067
RPTOMLPJKHJGFAU86DA,花蓮縣花蓮市國興二街１２５號三樓之一,花蓮縣花蓮市國聯里11鄰國興二街125號,121.601857,23.9892
RPTNMLQJKHJGFAU86DA,花蓮縣花蓮市國盛一街１８０之４１號五樓,花蓮縣花蓮市國盛里12鄰國盛一街180之41號,121.605765,23.993224
RPUNMLRJKHJGFAU07DA,花蓮縣吉安鄉太昌路１０９巷３弄６號,花蓮縣吉安鄉永安村24鄰太昌路109巷3弄6號,121.575511,23.986259
RPVOMLPKKHJGFAU17DA,花蓮縣花蓮市長安街２６號十三樓之五,花蓮縣花蓮市主農里8鄰長安街26號,121.596978,23.96724
RPQOMLQJKHJGFAU66DA,花蓮縣吉安鄉南海一街１２３巷１７號,花蓮縣吉安鄉仁安村3鄰南海一街123巷17號,121.595445,23.956457
RPUNMLPKKHJGFAU96DA,花蓮縣吉安鄉慈惠三街１４３巷９號,花蓮縣吉安鄉勝安村22鄰慈惠三街143巷9號,121.586068,23.977079
RPPNMLQKKHJGFAU56DA,花蓮縣花蓮市德安二街６８巷４６號四樓,花蓮縣花蓮市主權里20鄰德安二街68巷46號,121.591779,23.973613
RPRNMLQKKHJGFAU76DA,花蓮縣花蓮市長安街２６號十三樓之二,花蓮縣花蓮市主農里8鄰長安街26號,121.596978,23.96724
RPOOMLRKKHJGFAU66DA,花蓮縣花蓮市國民八街５號六樓之五,花蓮縣花蓮市國聯里30鄰國民八街5號,121.604243,23.993234
RPVNMLNLJHJGFAU86DA,花蓮縣吉安鄉建國路一段１２１巷５５號,花蓮縣吉安鄉吉昌村9鄰建國路一段121巷55號,121.591576,23.984441
RPROMLRKKHJGFAU96DA,花蓮縣吉安鄉文化二街６６號六樓之三,花蓮縣吉安鄉南昌村23鄰文化二街66號,121.581485,23.967877
RPWNMLTKKHJGFAU57DA,花蓮縣吉安鄉中原路一段２５１號,花蓮縣吉安鄉勝安村31鄰中原路一段251號,121.58565,23.980177
RPQNMLTLJHJGFAU96DA,花蓮縣花蓮市明禮路５號九樓之九,花蓮縣花蓮市民生里12鄰明禮路5號,121.611403,23.978345
RPQNMLTKKHJGFAU96DA,花蓮縣吉安鄉昌隆二街１６９號,花蓮縣吉安鄉南昌村6鄰昌隆二街169號,121.579037,23.971664
RPTPMLRKJHJGFAU17DA,花蓮縣吉安鄉福興五街２０２巷７號,花蓮縣吉安鄉福興村18鄰福興五街202巷7號,121.562212,23.96528
RPPOMLKMJHJGFAU78DA,花蓮縣花蓮市國興三街７９號三樓之一,花蓮縣花蓮市國聯里17鄰國興三街79號,121.603126,23.988727
RPUNMLMJKHJGFAU56DA,花蓮縣吉安鄉東海五街１號三樓之三,花蓮縣吉安鄉東昌村11鄰東海五街1號,121.597236,23.964832
RPXOMLPKKHJGFAU37DA,花蓮縣花蓮市長安街２７號二樓之三,花蓮縣花蓮市主農里8鄰長安街27號,121.597191,23.967067
RPVNMLKLKHJGFAU66DA,花蓮縣花蓮市壽昌街２９巷２４號三樓之一,找不到指定的門牌地址。,,
RPRQMLNLJHJGFAU76DA,花蓮縣花蓮市府前路１５６號五樓之三,花蓮縣花蓮市民勤里16鄰府前路156號,121.621827,23.990705
RPRNMLRKKHJGFAU86DA,花蓮縣吉安鄉慶豐九街２８３號五樓之一,花蓮縣吉安鄉慶豐村23鄰慶豐九街283號,121.568569,23.979372
RPQOMLRKKHJGFAU86DA,花蓮縣吉安鄉南海五街２４９巷１號,花蓮縣吉安鄉仁和村18鄰南海五街249巷1號,121.589045,23.951073
RPQNMLKLKHJGFAU78DA,花蓮縣花蓮市德安六街６９號五樓,花蓮縣花蓮市主權里16鄰德安六街69號,121.591854,23.971692
RPXNMLKLKHJGFAU86DA,花蓮縣吉安鄉南埔四街１１４巷１６號五樓之二,花蓮縣吉安鄉仁里村19鄰南埔四街114巷16號,121.589608,23.966284
RPVNMLLLKHJGFAU76DA,花蓮縣花蓮市中美七街１０４號,花蓮縣花蓮市民政里3鄰中美七街104號,121.625849,23.994999
RPPOMLLLKHJGFAU88DA,花蓮縣花蓮市林森路２８５號十二樓之一,花蓮縣花蓮市國風里24鄰林森路285號,121.602386,23.979607
RPQOMLLLKHJGFAU98DA,花蓮縣吉安鄉建國路３５０巷１８弄３３號,花蓮縣吉安鄉北昌村42鄰建國路350巷18弄33號,121.598686,23.985063
RPXOMLLLKHJGFAU07DA,花蓮縣花蓮市德安二街６８巷２６號二樓,花蓮縣花蓮市主權里20鄰德安二街68巷26號,121.592097,23.973824
RPOOMLMLKHJGFAU88DA,花蓮縣花蓮市國民七街５１號九樓之二十五,花蓮縣花蓮市國盛里3鄰國民七街51號,121.60583,23.991358
RPSPMLMLKHJGFAU76DA,花蓮縣花蓮市中美一街７２之９號,花蓮縣花蓮市民運里4鄰中美一街72之9號,121.630809,23.994693
RPPRMLMLKHJGFAU66DA,花蓮縣花蓮市中山路一段３１８巷７６弄３號,花蓮縣花蓮市國慶里3鄰中山路一段318巷76弄3號,121.591262,24.004978
RPROMLNLKHJGFAU66DA,花蓮縣花蓮市民享三街８號二樓之一,花蓮縣花蓮市民運里30鄰民享三街8號,121.633069,23.993943
RPXOMLNLKHJGFAU27DA,花蓮縣花蓮市海岸路４７之２號,花蓮縣花蓮市民樂里14鄰海岸路47之2號,121.633715,23.992445
RPWNMLQLKHJGFAU37DA,花蓮縣吉安鄉南海六街３０９巷２３號,花蓮縣吉安鄉仁和村20鄰南海六街309巷23號,121.585201,23.950022
RPPPMLRKKHJGFAU86DA,花蓮縣吉安鄉南海二街２０９號,花蓮縣吉安鄉仁和村37鄰南海二街209號,121.592361,23.956071
RPSOMLNLKHJGFAU76DA,花蓮縣花蓮市重慶路４８６號四樓之五,花蓮縣花蓮市民主里15鄰重慶路486號,121.609458,23.972449
RPVOMLNLKHJGFAU07DA,花蓮縣花蓮市中原路３８０號五樓之三,花蓮縣花蓮市主安里7鄰中原路380號,121.599379,23.969429
RPOOMLQLKHJGFAU66DA,花蓮縣花蓮市國民七街５３號三樓之十三,花蓮縣花蓮市國盛里4鄰國民七街53號,121.605877,23.991365
RPSOMLQLKHJGFAU07DA,花蓮縣吉安鄉南海三街１６６之１號,花蓮縣吉安鄉仁安村8鄰南海三街166之1號,121.593194,23.953928
RPVOMLTLKHJGFAU67DA,花蓮縣花蓮市公正街３７號五樓之十四,花蓮縣花蓮市民生里8鄰公正街37號,121.610068,23.978
RPUNMLLMJHJGFAU66DA,花蓮縣花蓮市長安街２６號十三樓之六,花蓮縣花蓮市主農里8鄰長安街26號,121.596978,23.96724
RPXOMLRKKHJGFAU57DA,花蓮縣花蓮市延平街５５號,花蓮縣花蓮市國魂里7鄰延平街55號,121.602349,23.984449
RPSNMLQJKHJGFAU76DA,花蓮縣花蓮市國盛五街６８號三樓之五,花蓮縣花蓮市國盛里27鄰國盛五街68號,121.608255,23.994675
RPRNMLMLKHJGFAU09DA,花蓮縣花蓮市中興路４３巷１號四樓之三,花蓮縣花蓮市民立里9鄰中興路43巷1號,121.630489,23.992034
RPTNMLTLKHJGFAU37DA,花蓮縣吉安鄉明義五街５號,花蓮縣吉安鄉太昌村11鄰明義五街5號,121.564389,23.994641
RPOOMLTLKHJGFAU96DA,花蓮縣吉安鄉勝安二街１５３之３號五樓,花蓮縣吉安鄉勝安村17鄰勝安二街153號之3,121.588842,23.978107
RPROMLTLKHJGFAU27DA,花蓮縣花蓮市福建街６６巷１７號,花蓮縣花蓮市主農里5鄰福建街66巷17號,121.600075,23.966887
RPRNMLLJLHJGFAU88DA,花蓮縣吉安鄉吉昌二街１９９號,花蓮縣吉安鄉吉安村24鄰吉昌二街199號,121.563203,23.97004
RPSOMLLJLHJGFAU09DA,花蓮縣吉安鄉福興四街４５之２號,花蓮縣吉安鄉福興村11鄰福興四街45之2號,121.558132,23.96781
RPUOMLLJLHJGFAU66DA,花蓮縣花蓮市國興二街１３６號四樓之六,花蓮縣花蓮市國聯里10鄰國興二街136號,121.601474,23.989318
RPOOMLOJLHJGFAU98DA,花蓮縣花蓮市國民七街５３號十二樓之八,花蓮縣花蓮市國盛里4鄰國民七街53號,121.605877,23.991365
RPOOMLQKKHJGFAU56DA,花蓮縣花蓮市中華路４２２之５號,花蓮縣花蓮市主權里7鄰中華路422之5號,121.594393,23.974786
RPOPMLNLKHJGFAU09DA,花蓮縣吉安鄉明義三街７巷５號,花蓮縣吉安鄉太昌村1鄰明義三街7巷5號,121.570535,23.994026
RPWNMLRLKHJGFAU47DA,花蓮縣花蓮市自強路５２０號,找不到指定的門牌地址。,,
RPXNMLRLKHJGFAU57DA,花蓮縣花蓮市中央路三段７３０號六樓之十二,花蓮縣花蓮市國富里35鄰中央路三段730號,121.590858,23.991491
RPRNMLTLKHJGFAU17DA,花蓮縣花蓮市中華路４９８巷４１號,花蓮縣花蓮市主權里3鄰中華路498巷41號,121.590811,23.975838
RPQNMLMJLHJGFAU88DA,花蓮縣吉安鄉自強路９３號,花蓮縣吉安鄉勝安村28鄰自強路93號,121.585682,23.978366
RPQNMLPJLHJGFAU56DA,花蓮縣吉安鄉仁里五街２２４號,花蓮縣吉安鄉仁里村28鄰仁里五街224號,121.586314,23.969778
RPQOMLPJLHJGFAU66DA,花蓮縣吉安鄉建國路一段１２７巷８號,花蓮縣吉安鄉吉昌村10鄰建國路一段127巷8號,121.59169,23.985395
RPTNMLMJKHJGFAU09DA,花蓮縣花蓮市仁和街３０巷１７號,花蓮縣花蓮市主權里5鄰仁和街30巷17號,121.59215,23.975811
RPQNMLPJKHJGFAU09DA,花蓮縣花蓮市莊敬路１５８之１號三樓之一,花蓮縣花蓮市國富里13鄰莊敬路158之1號,121.5946,23.989004
RPTOMLLJLHJGFAU56DA,花蓮縣花蓮市建林街１０６號,花蓮縣花蓮市國風里25鄰建林街106號,121.599697,23.979935
RPWOMLLJLHJGFAU86DA,花蓮縣花蓮市國盛八街１０９號六樓之三,花蓮縣花蓮市國盛里17鄰國盛八街109號,121.606264,23.996234
RPTPMLLJLHJGFAU66DA,花蓮縣花蓮市府前路１５６號七樓之七,花蓮縣花蓮市民勤里16鄰府前路156號,121.621827,23.990705
RPWPMLLJLHJGFAU96DA,花蓮縣花蓮市民德二街２２之３號,花蓮縣花蓮市民德里1鄰民德二街22之3號,121.619463,23.982364
RPXOMLPJLHJGFAU37DA,花蓮縣花蓮市明心街２３號五樓之五,花蓮縣花蓮市國防里2鄰明心街23號,121.607573,23.985882
RPTNMLQJLHJGFAU96DA,花蓮縣花蓮市建國路２７６巷８號,花蓮縣花蓮市國魂里14鄰建國路276巷8號,121.599373,23.984549
RPWOMLRJLHJGFAU47DA,花蓮縣花蓮市建昌路１７巷１號四樓之一,花蓮縣花蓮市國慶里12鄰建昌路252巷12號,121.589665,23.990787
RPPPMLRJLHJGFAU86DA,花蓮縣花蓮市富強路４８號五樓之八,花蓮縣花蓮市國裕里6鄰富強路48號,121.596538,23.995974
RPSNMLNKKIIGFAU56DA,花蓮縣花蓮市榮正街５２號四樓之六,花蓮縣花蓮市主力里5鄰榮正街52號,121.598404,23.973057
RPVNMLNKKIIGFAU86DA,花蓮縣花蓮市國聯二路８３號十一樓之一,花蓮縣花蓮市國聯里16鄰國聯二路83號,121.603223,23.989657
RPOOMLNKKIIGFAU88DA,花蓮縣花蓮市國聯二路８３號十一樓之八,花蓮縣花蓮市國聯里16鄰國聯二路83號,121.603223,23.989657
RPXNMLSKKIIGFAU57DA,花蓮縣花蓮市華廈街９３號五樓之一,花蓮縣花蓮市民享里9鄰華廈街93號,121.621958,24.005886
RPROMLSJKIIGFAU96DA,花蓮縣花蓮市國興二街１２５號六樓之六,花蓮縣花蓮市國聯里11鄰國興二街125號,121.601857,23.9892
RPWOMLSJKIIGFAU47DA,花蓮縣花蓮市德安二街１１０號,花蓮縣花蓮市主權里16鄰德安二街107號,121.592063,23.972799
RPSOMLNKKIIGFAU66DA,花蓮縣吉安鄉慈惠二街７２巷８號五樓之一,花蓮縣吉安鄉勝安村21鄰慈惠二街72巷8號,121.586493,23.976635
RPWNMLSKKIIGFAU47DA,花蓮縣花蓮市中美十二街８２巷８號,花蓮縣花蓮市民政里6鄰中美十二街82巷8號,121.624762,23.99802
RPQNMLLLKIIGFAU98EA,花蓮縣吉安鄉南埔七街３號,花蓮縣吉安鄉仁里村8鄰南埔七街3號,121.592145,23.969324
RPTOMLLLKIIGFAU66DA,花蓮縣花蓮市中山路５３５巷２５之１號三樓,花蓮縣花蓮市國魂里11鄰中山路535巷25之1號,121.601157,23.985617
RPSOMLMLKIIGFAU66DA,花蓮縣花蓮市華廈街９３號二樓之一,花蓮縣花蓮市民享里9鄰華廈街93號,121.621958,24.005886
RPPNMLMLKIIGFAU98EA,花蓮縣花蓮市中華路４９０之２號,花蓮縣花蓮市主權里4鄰中華路490之2號,121.592288,23.97484
RPSNMLLLKIIGFAU09DA,花蓮縣花蓮市華廈街９３號三樓之三,花蓮縣花蓮市民享里9鄰華廈街93號,121.621958,24.005886
RPVNMLLLKIIGFAU76DA,花蓮縣花蓮市華廈街９３號五樓之二,花蓮縣花蓮市民享里9鄰華廈街93號,121.621958,24.005886
RPWNMLLLKIIGFAU86DA,花蓮縣花蓮市華廈街９３號四樓之二,花蓮縣花蓮市民享里9鄰華廈街93號,121.621958,24.005886
RPUOMLLLKIIGFAU76DA,花蓮縣花蓮市北濱街２號五樓之六,花蓮縣花蓮市民主里9鄰北濱街2號,121.613084,23.972473
RPUOMLMLKIIGFAU86DA,花蓮縣花蓮市華廈街９３號四樓之三,花蓮縣花蓮市民享里9鄰華廈街93號,121.621958,24.005886
RPTQMLPLKIIGFAU27DA,花蓮縣花蓮市國興二街７５號,花蓮縣花蓮市國聯里22鄰國興二街75號,121.603156,23.990673
RPRNMLPLKIIGFAU76DA,花蓮縣吉安鄉昌隆二街１２３巷９號,花蓮縣吉安鄉南昌村4鄰昌隆二街123巷9號,121.579935,23.970808
RPQRMLPLKIIGFAU07DA,花蓮縣吉安鄉東里三街２９號四樓,花蓮縣吉安鄉東昌村32鄰東里三街29號,121.592004,23.963183
RPWNMLLKKIIGFAU76DA,花蓮縣吉安鄉民治路２８２號七樓之五,花蓮縣吉安鄉勝安村34鄰民治路282號,121.587509,23.981959
RPRNMLKLKIIGFAU88DA,花蓮縣花蓮市國聯二路７１號八樓之五,花蓮縣花蓮市國聯里16鄰國聯二路71號,121.603375,23.989803
RPQNMLNLKIIGFAU09DA,花蓮縣花蓮市華廈街９３號二樓之三,花蓮縣花蓮市民享里9鄰華廈街93號,121.621958,24.005886
RPRNMLNLKIIGFAU56DA,花蓮縣花蓮市華廈街９３號三樓之二,花蓮縣花蓮市民享里9鄰華廈街93號,121.621958,24.005886
RPVNMLRLKIIGFAU37DA,花蓮縣花蓮市博愛街１０９之１號,花蓮縣花蓮市主勤里13鄰博愛街109之1號,121.608306,23.974765
RPSNMLNLKIIGFAU66DA,花蓮縣花蓮市華廈街９３號四樓之一,花蓮縣花蓮市民享里9鄰華廈街93號,121.621958,24.005886
RPQNMLSLKIIGFAU96DA,花蓮縣花蓮市大同街３８號,花蓮縣花蓮市國威里9鄰大同街38號,121.606808,23.980861
RPUOMLSLKIIGFAU47DA,花蓮縣花蓮市林森路２４３巷５３號,花蓮縣花蓮市國風里19鄰林森路243巷53號,121.600102,23.979543
RPQOMLSLKIIGFAU07DA,花蓮縣吉安鄉北昌一街１５巷１１３號,花蓮縣吉安鄉吉昌村8鄰北昌一街15巷113號,121.592723,23.985267
RPTNMLTLKIIGFAU37DA,花蓮縣花蓮市南京街２０３號九樓之十一,花蓮縣花蓮市主信里5鄰南京街203號,121.606539,23.974793
RPSNMLMJJHJGFAU88DA,花蓮縣花蓮市北昌五街５２號七樓之一,找不到指定的門牌地址。,,
RPQPMLOKKIIGFAU66DA,花蓮縣花蓮市榮正街７８巷３之２６號,花蓮縣花蓮市主力里21鄰榮正街78巷3之26號,121.597742,23.973859
RPOOMLKLKIIGFAU68DA,花蓮縣花蓮市國盛五街６８號五樓之三,花蓮縣花蓮市國盛里27鄰國盛五街68號,121.608255,23.994675
RPPPMLMLKIIGFAU09DA,花蓮縣吉安鄉吉昌一街１８６號,花蓮縣吉安鄉吉安村21鄰吉昌一街186號,121.564812,23.97184
RPWQMLPLKIIGFAU57DA,花蓮縣吉安鄉東里九街１號二樓,花蓮縣吉安鄉東昌村7鄰東里九街1號,121.595783,23.965675
RPXNMLTLKIIGFAU77DA,花蓮縣花蓮市公正街３７號九樓之十三,花蓮縣花蓮市民生里8鄰公正街37號,121.610068,23.978
RPPNMLLJJHJGFAU48DA,花蓮縣花蓮市國民七街５１號七樓之五,花蓮縣花蓮市國盛里3鄰國民七街51號,121.60583,23.991358
RPPNMLMJJHJGFAU58DA,花蓮縣花蓮市國民八街６７號五樓之一,花蓮縣花蓮市國盛里19鄰國民八街67號,121.606598,23.993734
RPSOMLMJJHJGFAU98DA,花蓮縣吉安鄉慶南二街３４３號,花蓮縣吉安鄉慶豐村57鄰慶南二街343號,121.56452,23.979911
RPQNMLNJJHJGFAU78DA,花蓮縣花蓮市北昌五街５２號四樓之五,找不到指定的門牌地址。,,
RPVNMLNJJHJGFAU66DA,花蓮縣花蓮市富陽路３８號七樓之三,花蓮縣花蓮市國裕里20鄰富陽路38號,121.599031,23.995871
RPSOMLOKKIIGFAU76DA,花蓮縣吉安鄉南埔八街１４９號,花蓮縣吉安鄉仁里村16鄰南埔八街149號,121.589772,23.967694
RPQOMLPKKIIGFAU66DA,花蓮縣吉安鄉南昌北路６８號,花蓮縣吉安鄉南昌村20鄰南昌北路68號,121.582267,23.969173
RPVPMLTKKIIGFAU67DA,花蓮縣花蓮市中和街１９１巷３號五樓,花蓮縣花蓮市主力里21鄰中和街191巷3號,121.598071,23.974117
RPRNMLNJJHJGFAU88DA,花蓮縣花蓮市國盛一街１９０號四樓６號,花蓮縣花蓮市國盛里11鄰國盛一街190號,121.60567,23.993649
RPUNMLNJJHJGFAU56DA,花蓮縣花蓮市國盛四街５１號二樓之二,花蓮縣花蓮市國盛里23鄰國盛四街51號,121.607395,23.994675
RPWNMLNJJHJGFAU76DA,花蓮縣花蓮市球崙一路２８７號,花蓮縣花蓮市民享里9鄰球崙一路287號,121.622142,24.006278
RPQOMLNKKIIGFAU09DA,花蓮縣花蓮市富裕三街４８號五樓之二,花蓮縣花蓮市國裕里11鄰富裕三街48號,121.598119,23.99408
RPRNMLMJJHJGFAU78DA,花蓮縣吉安鄉荳蘭三街７２之１號,花蓮縣吉安鄉宜昌村13鄰荳蘭三街72之1號,121.583642,23.973141
RPUNMLPJJHJGFAU76DA,花蓮縣花蓮市自立路３４巷８號六樓之一,找不到指定的門牌地址。,,
RPSNMLSJJHJGFAU86DA,花蓮縣花蓮市國聯四路８３號四樓之六,花蓮縣花蓮市國盛里12鄰國聯四路83號,121.606352,23.99246
RPVNMLSJJHJGFAU17DA,花蓮縣花蓮市建國路７５巷１６弄６號,花蓮縣花蓮市國華里13鄰建國路75巷16弄6號,121.602768,23.982737
RPOOMLSJJHJGFAU56DA,花蓮縣吉安鄉廣賢一街２０６巷３６號三樓之三,花蓮縣吉安鄉稻香村24鄰廣賢一街206巷36號,121.575705,23.954447
RPWOMLSJJHJGFAU37DA,花蓮縣花蓮市公正街３７號四樓之三,花蓮縣花蓮市民生里8鄰公正街37號,121.610068,23.978
RPRNMLKKJHJGFAU68DA,花蓮縣花蓮市福建街４０６號七樓之五,花蓮縣花蓮市主計里1鄰福建街406號,121.607769,23.973483
RPQPMLMLKIIGFAU56DA,花蓮縣吉安鄉福德街４２號,花蓮縣吉安鄉福興村10鄰福德街42號,121.561006,23.967389
RPTNMLNLKIIGFAU76DA,花蓮縣花蓮市華廈街９３號五樓之三,花蓮縣花蓮市民享里9鄰華廈街93號,121.621958,24.005886
RPXNMLMJJHJGFAU76DA,花蓮縣吉安鄉南山二街３３號,花蓮縣吉安鄉宜昌村9鄰南山二街33號,121.585273,23.97453
RPSNMLNJJHJGFAU98DA,花蓮縣花蓮市民孝街３８號,花蓮縣花蓮市民孝里8鄰民孝街38號,121.631018,24.000323
RPRNMLSJJHJGFAU76DA,花蓮縣花蓮市國盛三街３８號四樓之一,花蓮縣花蓮市國盛里22鄰國盛三街38號,121.606887,23.995086
RPUOMLTJJHJGFAU27DA,花蓮縣吉安鄉南海五街３０６巷５號,花蓮縣吉安鄉仁和村17鄰南海五街306巷5號,121.58721,23.951671
RPPNMLKKJHJGFAU48DA,花蓮縣吉安鄉永興七街１０２號,花蓮縣吉安鄉永興村4鄰永興七街102號,121.568593,23.955608
RPUNMLKKJHJGFAU98DA,花蓮縣花蓮市國富二街１０５號四樓之三,花蓮縣花蓮市國富里14鄰國富二街105號,121.594815,23.989823
RPVNMLKKJHJGFAU09DA,花蓮縣花蓮市中和街１９１巷３號,花蓮縣花蓮市主力里21鄰中和街191巷3號,121.598071,23.974117
RPVNMLQJKIIGFAU07DA,花蓮縣吉安鄉南海三街５３巷１號,花蓮縣吉安鄉仁安村10鄰南海三街53巷1號,121.597802,23.951754
RPPNMLNKKIIGFAU88DA,花蓮縣花蓮市榮正街１２５巷１之１２號,花蓮縣花蓮市主安里18鄰榮正街125巷1之12號,121.597292,23.973538
RPSNMLSKKIIGFAU07DA,花蓮縣花蓮市豐村１２９之８號,花蓮縣花蓮市國強里10鄰豐村129之8號,121.595029,24.010407
RPTNMLSKKIIGFAU17DA,花蓮縣花蓮市豐村１２９之９號,花蓮縣花蓮市國強里10鄰豐村129之9號,121.594966,24.010473
RPWNMLLKJHJGFAU66DA,花蓮縣吉安鄉南山五街１７號,花蓮縣吉安鄉吉安村1鄰南山五街17號,121.578871,23.975446
RPXNMLLKJHJGFAU76DA,花蓮縣花蓮市民光１６０號,花蓮縣花蓮市民意里15鄰民光160號,121.617608,24.004182
RPOOMLNJJHJGFAU68DA,花蓮縣花蓮市南京街７１號三樓之一,花蓮縣花蓮市主學里2鄰南京街71號,121.603132,23.972581
RPRNMLOJJHJGFAU98DA,花蓮縣吉安鄉南海二街１９３巷３號,花蓮縣吉安鄉仁安村7鄰南海二街193巷3號,121.593368,23.955624
RPSOMLKKJHJGFAU88DA,花蓮縣花蓮市建林街１７７巷１６弄１號五樓,花蓮縣花蓮市國魂里16鄰建林街177巷16弄1號,121.600767,23.983211
RPTOMLKKJHJGFAU98DA,花蓮縣花蓮市建林街１７７巷１６弄１號四樓,花蓮縣花蓮市國魂里16鄰建林街177巷16弄1號,121.600767,23.983211
RPOPMLKKJHJGFAU58DA,花蓮縣花蓮市東興三街６號,花蓮縣花蓮市民孝里9鄰東興三街6號,121.629758,23.99905
RPPNMLLKJHJGFAU58DA,花蓮縣吉安鄉慶北一街１６７號二樓之二,花蓮縣吉安鄉慶豐村23鄰慶北一街167號,121.567898,23.979901
RPSNMLLKJHJGFAU88DA,花蓮縣花蓮市國聯五路１２７號三樓之六,花蓮縣花蓮市國聯里28鄰國聯五路127號,121.604926,23.992531
RPVNMLLKJHJGFAU56DA,花蓮縣花蓮市榮正街２５巷３弄６號,花蓮縣花蓮市主安里16鄰榮正街25巷3弄6號,121.598284,23.972249
RPPOMLLKJHJGFAU68DA,花蓮縣花蓮市民權路９巷２弄１４號四樓之一,花蓮縣花蓮市民德里13鄰民權路9巷2弄14號,121.620791,23.982541
RPTNMLMKJHJGFAU09DA,花蓮縣花蓮市莊敬路１５８之１號七樓之一,花蓮縣花蓮市國富里13鄰莊敬路158之1號,121.5946,23.989004
RPWNMLMKJHJGFAU76DA,花蓮縣吉安鄉太昌路１２２巷２之１號,花蓮縣吉安鄉永安村23鄰太昌路122巷2之1號,121.574904,23.987732
RPQOMLMKJHJGFAU88DA,花蓮縣花蓮市林森路２４４巷３號,花蓮縣花蓮市國威里26鄰林森路244巷3號,121.606345,23.981639
RPSOMLMKJHJGFAU09DA,花蓮縣花蓮市國興一街９５號四樓之二,花蓮縣花蓮市國聯里34鄰國興一街95號,121.603854,23.99555
RPOOMLOJJHJGFAU78DA,花蓮縣吉安鄉慈惠二街７２巷８號二樓之一,花蓮縣吉安鄉勝安村21鄰慈惠二街72巷8號,121.586493,23.976635
RPRNMLRKJHJGFAU76DA,花蓮縣花蓮市南京街２０３號五樓之六,花蓮縣花蓮市主信里5鄰南京街203號,121.606539,23.974793
RPSOMLRKJHJGFAU96DA,花蓮縣吉安鄉東海十四街２９號,花蓮縣吉安鄉東昌村32鄰東海十四街29號,121.59152,23.963031
RPPPMLRKJHJGFAU76DA,花蓮縣花蓮市國聯五路１５６號,花蓮縣花蓮市國盛里5鄰國聯五路156號,121.605231,23.993001
RPPNMLTLKIIGFAU96DA,花蓮縣花蓮市國盛一街１９４之９號五樓,花蓮縣花蓮市國盛里11鄰國盛一街194之8號,121.605645,23.993773
RPVOMLRKJHJGFAU27DA,花蓮縣花蓮市富強路４８之１號,花蓮縣花蓮市國裕里6鄰富強路48之1號,121.596667,23.995968
RPOPMLRKJHJGFAU66DA,花蓮縣吉安鄉東里九街１８號三樓之二,花蓮縣吉安鄉東昌村6鄰東里九街18號,121.595071,23.965136
RPRPMLRKJHJGFAU96DA,花蓮縣花蓮市國盛二街６３號二樓之五,花蓮縣花蓮市國盛里14鄰國盛二街63號,121.606753,23.991019
RPUNMLSKJHJGFAU17DA,花蓮縣花蓮市中美一街２０號七樓之一,花蓮縣花蓮市民立里8鄰中美一街20號,121.628932,23.992526
RPOOMLLLKIIGFAU78DA,花蓮縣花蓮市北昌五街１巷４號,找不到指定的門牌地址。,,
RPWOMLLLKIIGFAU96DA,花蓮縣吉安鄉慈惠四街１７０巷３４號,花蓮縣吉安鄉勝安村18鄰慈惠四街170巷34號,121.587906,23.978249
RPQOMLPJJHJGFAU09DA,花蓮縣花蓮市福建街１２０巷３４號,花蓮縣花蓮市主安里2鄰福建街120巷34號,121.600921,23.968045
RPQOMLPKJHJGFAU56DA,花蓮縣花蓮市中山路７２４巷７號,花蓮縣花蓮市國裕里4鄰中山路724巷7號,121.595451,23.995604
RPSNMLSKJHJGFAU96DA,花蓮縣吉安鄉慶北一街１６７號三樓之二,花蓮縣吉安鄉慶豐村23鄰慶北一街167號,121.567898,23.979901
RPPOMLSKJHJGFAU76DA,花蓮縣花蓮市國盛二街６號,花蓮縣花蓮市國盛里15鄰國盛二街6號,121.607038,23.988695
RPSOMLSKJHJGFAU07DA,花蓮縣花蓮市莊敬路７７號四樓,花蓮縣花蓮市國富里13鄰莊敬路72號,121.596249,23.988264
RPSOMLRLKIIGFAU17DA,花蓮縣花蓮市林森路２８７號十樓之三,花蓮縣花蓮市國風里24鄰林森路287號,121.60244,23.979647
RPTOMLMLJHJGFAU66DA,花蓮縣花蓮市莊敬路８５號,花蓮縣花蓮市國富里13鄰莊敬路82號,121.596181,23.988351
RPOOMLTKJHJGFAU76DA,花蓮縣花蓮市東興一街８０號七樓之一,花蓮縣花蓮市民孝里11鄰東興一街80號,121.63198,24.001245
RPPOMLTKJHJGFAU86DA,花蓮縣花蓮市莊敬路８１號,花蓮縣花蓮市國富里13鄰莊敬路82號,121.596181,23.988351
RPSOMLMLJHJGFAU56DA,花蓮縣花蓮市中美路９３巷２號六樓之一,花蓮縣花蓮市民勤里12鄰中美路93巷2號,121.624589,23.990217
RPUOMLNLJHJGFAU86DA,花蓮縣吉安鄉南埔十街２１巷７號,花蓮縣吉安鄉仁里村35鄰南埔十街21巷7號,121.588898,23.967946
RPQNMLLKKIIGFAU78DA,花蓮縣花蓮市長春街４９號,花蓮縣花蓮市主農里19鄰長春街49號,121.597086,23.969459
RPROMLMJJHJGFAU88DA,花蓮縣花蓮市中和街２１３號四樓之二,花蓮縣花蓮市主力里21鄰中和街213號,121.597877,23.974246
RPROMLRLKIIGFAU07DA,花蓮縣花蓮市中和街２１４巷１８弄９號,花蓮縣花蓮市主力里19鄰中和街214巷18弄9號,121.599072,23.973869
RPTPMLNLJHJGFAU86DA,花蓮縣吉安鄉東海十四街２６之２號,花蓮縣吉安鄉東昌村33鄰東海十四街26之2號,121.591382,23.962918
RPWPMLNLJHJGFAU17DA,花蓮縣吉安鄉仁里十三街５３號,花蓮縣吉安鄉仁里村31鄰仁里十三街53號,121.58759,23.96899
RPSOMLOLJHJGFAU76DA,花蓮縣花蓮市國盛四街１１６號四樓之二十,花蓮縣花蓮市國盛里24鄰國盛四街116號,121.607495,23.995089
RPXNMLOJJHJGFAU96DA,花蓮縣花蓮市南京街２０３號二樓之二,花蓮縣花蓮市主信里5鄰南京街203號,121.606539,23.974793
RPTOMLOLJHJGFAU86DA,花蓮縣花蓮市德安六街７３巷１０號,花蓮縣花蓮市主權里16鄰德安六街73巷10號,121.591742,23.971903
RPQQMLOLJHJGFAU76DA,花蓮縣花蓮市國民八街８號十一樓之一,花蓮縣花蓮市國聯里29鄰國民八街8號,121.60415,23.993065
RPRQMLOLJHJGFAU86DA,花蓮縣花蓮市中美七街６８號,花蓮縣花蓮市民政里3鄰中美七街68號,121.625195,23.994253
RPWNMLPLJHJGFAU17DA,花蓮縣花蓮市國民七街５３號十二樓之七,花蓮縣花蓮市國盛里4鄰國民七街53號,121.605877,23.991365
RPVNMLQLJHJGFAU17DA,花蓮縣花蓮市國盛四街１１６號五樓之七,花蓮縣花蓮市國盛里24鄰國盛四街116號,121.607495,23.995089
RPOPMLMLJHJGFAU88DA,花蓮縣花蓮市國興五街６３號六樓之五,花蓮縣花蓮市國聯里18鄰國興五街63號,121.605009,23.988572
RPQQMLNLJHJGFAU66DA,花蓮縣花蓮市府前路１５６號五樓之六,花蓮縣花蓮市民勤里16鄰府前路156號,121.621827,23.990705
RPQOMLNJJHJGFAU88DA,花蓮縣花蓮市中華路３２５之２０號,花蓮縣花蓮市主力里20鄰中華路325之20號,121.5982,23.974862
RPXNMLPLJHJGFAU27DA,花蓮縣吉安鄉太昌路４１０之３號,花蓮縣吉安鄉太昌村5鄰太昌路410之3號,121.567466,23.991696
RPSNMLQLJHJGFAU86DA,花蓮縣花蓮市公正街３１巷２號,花蓮縣花蓮市民生里8鄰公正街31巷2號,121.609949,23.977926
RPXNMLNLJHJGFAU07DA,花蓮縣吉安鄉自立路二段７５巷８２號,花蓮縣吉安鄉吉昌村9鄰自立路二段75巷82號,121.591559,23.984252
RPVNMLLMJHJGFAU76DA,花蓮縣花蓮市南京街３０６巷１３號,花蓮縣花蓮市主勤里9鄰南京街306巷13號,121.607748,23.975152
RPPNMLLMJHJGFAU88EA,花蓮縣花蓮市林森路３１５巷４７號,花蓮縣花蓮市國華里20鄰林森路315巷47號,121.601588,23.981266
RPOPMLSJJHJGFAU66DA,花蓮縣花蓮市華廈街２０之１號,花蓮縣花蓮市民享里14鄰華廈街20之1號,121.619958,24.005089
RPWOMLSKJHJGFAU47DA,花蓮縣花蓮市國盛四街１０６號二樓,花蓮縣花蓮市國盛里25鄰國盛四街106號,121.607615,23.994783
RPSNMLPJKHJGFAU66DA,花蓮縣吉安鄉文化二街６６號二樓之一,花蓮縣吉安鄉南昌村23鄰文化二街66號,121.581485,23.967877
RPTNMLPJKHJGFAU76DA,花蓮縣吉安鄉文化二街６６號三樓之二,花蓮縣吉安鄉南昌村23鄰文化二街66號,121.581485,23.967877
RPSPMLRKJHJGFAU07DA,花蓮縣花蓮市府前路５０８號十樓之七,花蓮縣花蓮市民意里49鄰府前路508號,121.620298,24.000699
RPOOMLLJKHJGFAU58DA,花蓮縣吉安鄉文化二街６６號五樓之一,花蓮縣吉安鄉南昌村23鄰文化二街66號,121.581485,23.967877
RPPOMLLJKHJGFAU68DA,花蓮縣吉安鄉文化二街６６號四樓之三,花蓮縣吉安鄉南昌村23鄰文化二街66號,121.581485,23.967877
RPUNMLPJKHJGFAU86DA,花蓮縣吉安鄉文化二街６６號三樓之三,花蓮縣吉安鄉南昌村23鄰文化二街66號,121.581485,23.967877
RPVOMLPJKHJGFAU07DA,花蓮縣花蓮市中興路３２號四樓之五,花蓮縣花蓮市民運里5鄰中興路32號,121.632298,23.992605
RPXNMLLJKHJGFAU76DA,花蓮縣吉安鄉文化二街６６號四樓之一,花蓮縣吉安鄉南昌村23鄰文化二街66號,121.581485,23.967877
RPQNMLMJKHJGFAU78DA,花蓮縣吉安鄉文化二街６６號四樓之二,花蓮縣吉安鄉南昌村23鄰文化二街66號,121.581485,23.967877
RPWOMLMLJHJGFAU96DA,花蓮縣花蓮市國盛一街２０２之９號五樓,花蓮縣花蓮市國盛里11鄰國盛一街202之9號,121.605588,23.994009
RPTNMLPKKHJGFAU86DA,花蓮縣花蓮市東興二街３３號九樓之五,花蓮縣花蓮市民孝里9鄰東興二街33號,121.629769,23.999789
RPPOMLPKKHJGFAU56DA,花蓮縣花蓮市和平路２８７號,花蓮縣花蓮市主和里4鄰和平路287號,121.604561,23.97227
RPWPMLOLJHJGFAU27DA,花蓮縣吉安鄉仁里五街１１７巷３６弄７號,花蓮縣吉安鄉仁里村31鄰仁里五街117巷36弄7號,121.588522,23.969102
RPUNMLRLKIIGFAU27DA,花蓮縣花蓮市豐村１２９之１１號,花蓮縣花蓮市國強里10鄰豐村129之11號,121.594877,24.010628
RPUOMLLKJHJGFAU56DA,花蓮縣吉安鄉太昌路６１７號,花蓮縣吉安鄉太昌村14鄰太昌路617號,121.558287,23.995581
RPUNMLPKJHJGFAU86DA,花蓮縣花蓮市民樂三街２之１號八樓之五,花蓮縣花蓮市民樂里11鄰民樂三街2之1號,121.633493,23.990753
RPQNMLRKKHJGFAU76DA,花蓮縣吉安鄉東海十五街１１５號,花蓮縣吉安鄉東昌村22鄰東海十五街115號,121.595108,23.962976
RPWOMLRKKHJGFAU47DA,花蓮縣花蓮市中美五街１４０巷３號四樓,花蓮縣花蓮市民政里29鄰中美五街140巷3號,121.627008,23.994572
RPQOMLNLJHJGFAU09DA,花蓮縣吉安鄉自立路二段７５巷７８號,花蓮縣吉安鄉吉昌村9鄰自立路二段75巷78號,121.591661,23.984202
RPOOMLPJKHJGFAU98DA,花蓮縣吉安鄉文化二街６６號六樓之二,花蓮縣吉安鄉南昌村23鄰文化二街66號,121.581485,23.967877
RPPOMLQKKHJGFAU66DA,花蓮縣花蓮市國風街７７巷１弄７號,花蓮縣花蓮市國風里7鄰國風街77巷1弄7號,121.596984,23.977512
RPSNMLTKKHJGFAU17DA,花蓮縣吉安鄉北昌一街１５巷１１３之６號,花蓮縣吉安鄉吉昌村8鄰北昌一街15巷113之6號,121.592491,23.984991
RPTNMLTLJHJGFAU27DA,花蓮縣花蓮市國興五街１０２號,花蓮縣花蓮市國聯里18鄰國興五街102號,121.604609,23.988792
RPPOMLPKKIIGFAU56DA,花蓮縣花蓮市民德一街２０３之２號,花蓮縣花蓮市民立里1鄰民德一街203之2號,121.626423,23.991064
RPPNMLTLJHJGFAU86DA,花蓮縣花蓮市國富十三街４３號,花蓮縣花蓮市國富里10鄰國富十三街43號,121.596222,23.990337
RPPPMLPKKHJGFAU66DA,花蓮縣花蓮市國富十街６４號,花蓮縣花蓮市國富里7鄰國富十街64號,121.597174,23.989816
RPVNMLTKKHJGFAU47DA,花蓮縣花蓮市國聯二路７１號七樓之三,花蓮縣花蓮市國聯里16鄰國聯二路71號,121.603375,23.989803
RPQPMLPLKIIGFAU86DA,花蓮縣花蓮市中央路四段２８８巷５弄８號,花蓮縣花蓮市國裕里35鄰中央路四段288巷5弄8號,121.598218,23.999659
RPVOMLMKJHJGFAU76DA,花蓮縣吉安鄉中山路三段１１６號二樓之一,花蓮縣吉安鄉慶豐村5鄰中山路三段116號,121.574119,23.97623
RPPOMLMLKHJGFAU98DA,花蓮縣吉安鄉永興四街６５８號,花蓮縣吉安鄉永興村1鄰永興四街658號,121.570395,23.954636
RPRNMLRLKHJGFAU96DA,花蓮縣吉安鄉吉興一街３４４巷１號五樓之四,花蓮縣吉安鄉吉安村6鄰吉興一街344巷1號,121.576882,23.973126
RPOOMLRLKHJGFAU76DA,花蓮縣吉安鄉文化二街６６號五樓之二,花蓮縣吉安鄉南昌村23鄰文化二街66號,121.581485,23.967877
RPPOMLRLKHJGFAU86DA,花蓮縣吉安鄉文化二街６６號二樓之二,花蓮縣吉安鄉南昌村23鄰文化二街66號,121.581485,23.967877
RPROMLRLKHJGFAU07DA,花蓮縣吉安鄉文化二街６６號三樓之一,花蓮縣吉安鄉南昌村23鄰文化二街66號,121.581485,23.967877
RPSOMLMJKHJGFAU09DA,花蓮縣花蓮市榮正街９８號,花蓮縣花蓮市主力里21鄰榮正街98號,121.597511,23.973922
RPTOMLTLKHJGFAU47DA,花蓮縣吉安鄉永興三街８號一樓之一,花蓮縣吉安鄉永興村1鄰永興三街8號,121.571099,23.953294
RPROMLPJLHJGFAU76DA,花蓮縣吉安鄉文化二街６６號六樓之一,花蓮縣吉安鄉南昌村23鄰文化二街66號,121.581485,23.967877
RPQOMLOJKIIGFAU09DA,花蓮縣吉安鄉中華路二段９３號十四樓之四,花蓮縣吉安鄉宜昌村7鄰中華路二段93號,121.584878,23.973593
RPPNMLPJKIIGFAU98DA,花蓮縣花蓮市忠義一街５８號,花蓮縣花蓮市民運里35鄰忠義一街58號,121.632716,23.995777
RPQOMLQJKIIGFAU66DA,花蓮縣吉安鄉南海十街１５９巷５號,花蓮縣吉安鄉仁安村16鄰南海十街159巷5號,121.588348,23.940698
RPRNMLRJKIIGFAU76DA,花蓮縣吉安鄉中正路二段１８６巷１９號七樓之六,花蓮縣吉安鄉仁和村36鄰中正路二段186巷19號,121.58526,23.958917
RPVNMLRJKIIGFAU17DA,花蓮縣花蓮市國民六街３２號,花蓮縣花蓮市國聯里18鄰國民六街32號,121.604926,23.989386
RPPOMLRJKIIGFAU66DA,花蓮縣吉安鄉文化八街１７７號,花蓮縣吉安鄉南昌村12鄰文化八街177號,121.577284,23.966629
RPQOMLRJKIIGFAU76DA,花蓮縣吉安鄉文化八街１７３號,花蓮縣吉安鄉南昌村12鄰文化八街173號,121.577358,23.966699
RPTOMLRJKIIGFAU07DA,花蓮縣吉安鄉文化八街１８１號,花蓮縣吉安鄉南昌村12鄰文化八街181號,121.577216,23.966567
RPUOMLRJKIIGFAU17DA,花蓮縣花蓮市國民六街４３巷６號四樓,花蓮縣花蓮市國聯里20鄰國民六街43巷6號,121.605626,23.98842
RPSOMLSJJIIGFAU96DA,花蓮縣花蓮市國民八街６３號四樓之六,花蓮縣花蓮市國盛里11鄰國民八街63號,121.60578,23.993442
RPOOMLNKJIIGFAU78DA,花蓮縣吉安鄉南華四街１２５巷１６號三樓之二,花蓮縣吉安鄉南華村2鄰南華四街125巷16號,121.550999,23.953113
RPPPMLKLJIIGFAU78DA,花蓮縣吉安鄉華工六路６０巷１號,花蓮縣吉安鄉光華村14鄰華工六路60巷1號,121.590768,23.938081
RPVNMLSJKIIGFAU27DA,花蓮縣花蓮市國聯二路８３號九樓之六,花蓮縣花蓮市國聯里16鄰國聯二路83號,121.603223,23.989657
RPXNMLSJKIIGFAU47DA,花蓮縣花蓮市建德街２３號,花蓮縣花蓮市國興里22鄰建德街23號,121.570779,23.996604
RPUOMLSJKIIGFAU27DA,花蓮縣吉安鄉勝安二街３０巷９弄２１號,花蓮縣吉安鄉勝安村3鄰勝安二街30巷9弄21號,121.588939,23.975521
RPQNMLKLJIIGFAU68DA,花蓮縣吉安鄉明仁一街１８３巷３號,花蓮縣吉安鄉永安村9鄰明仁一街183巷3號,121.574208,23.992377
RPTOMLPJKIIGFAU86DA,花蓮縣花蓮市府前路１５６號五樓之二,花蓮縣花蓮市民勤里16鄰府前路156號,121.621827,23.990705
RPVOMLPJKIIGFAU07DA,花蓮縣花蓮市府前路１５６號七樓之一,花蓮縣花蓮市民勤里16鄰府前路156號,121.621827,23.990705
RPPNMLRJKIIGFAU56DA,花蓮縣花蓮市明心街２３號七樓之三,花蓮縣花蓮市國防里2鄰明心街23號,121.607573,23.985882
RPRNMLMKKIIGFAU98DA,花蓮縣花蓮市國盛五街２１之２號,花蓮縣花蓮市國盛里26鄰國盛五街21之2號,121.608216,23.993594
RPWNMLMKKIIGFAU86DA,花蓮縣花蓮市中美七街３９號五樓之三,花蓮縣花蓮市民政里32鄰中美七街39號,121.624283,23.993554
RPTNMLRJKIIGFAU96DA,花蓮縣吉安鄉南海八街２１０巷１３號,花蓮縣吉安鄉仁和村23鄰南海八街210巷13號,121.585179,23.947171
RPSNMLSJKIIGFAU96DA,花蓮縣花蓮市自強路５９４巷７號四樓之八,找不到指定的門牌地址。,,
RPUOMLLKKIIGFAU66DA,花蓮縣花蓮市府前路２９６巷１８號三樓,花蓮縣花蓮市民政里34鄰府前路296巷18號,121.622435,23.995809
RPROMLMKKIIGFAU09DA,花蓮縣吉安鄉民治路３４５巷５號,花蓮縣吉安鄉勝安村33鄰民治路345巷5號,121.586871,23.981555
RPTOMLMKKIIGFAU66DA,花蓮縣吉安鄉東里十一街５５巷１號,花蓮縣吉安鄉東昌村21鄰東里十一街55巷1號,121.596547,23.964082
RPXNMLMLJIIGFAU96DA,花蓮縣吉安鄉山下三街１７號,花蓮縣吉安鄉南華村16鄰山下三街17號,121.537088,23.954155
RPPPMLLJKIIGFAU78DA,花蓮縣吉安鄉仁里一街１號四樓之一,花蓮縣吉安鄉仁里村5鄰仁里一街1號,121.593877,23.968876
RPVOMLSJKIIGFAU37DA,花蓮縣花蓮市長安街２７號十二樓之三,花蓮縣花蓮市主農里8鄰長安街27號,121.597191,23.967067
RPWOMLLKKIIGFAU86DA,花蓮縣花蓮市中興路６號八樓之一,花蓮縣花蓮市民運里5鄰中興路6號,121.633495,23.992723
RPPNMLMKKIIGFAU78DA,花蓮縣吉安鄉慶豐十二街１５１巷６號,花蓮縣吉安鄉慶豐村37鄰慶豐十二街151巷6號,121.563491,23.981483
RPUNMLMKKIIGFAU66DA,花蓮縣花蓮市國聯五路１３１號二樓之八,花蓮縣花蓮市國聯里28鄰國聯五路131號,121.604895,23.99264
RPPOMLNKKIIGFAU98DA,花蓮縣吉安鄉吉祥四街４１號五樓之七,花蓮縣吉安鄉宜昌村25鄰吉祥四街41號,121.583872,23.974976
RPQNMLOKKIIGFAU09DA,花蓮縣花蓮市福光街３５１號,花蓮縣花蓮市國福里13鄰福光街351號,121.587301,24.01219
RPSOMLRLJIIGFAU07DA,花蓮縣花蓮市重慶路４８６號九樓之六,花蓮縣花蓮市民主里15鄰重慶路486號,121.609458,23.972449
RPOOMLLJKIIGFAU58DA,花蓮縣花蓮市國盛二街２１３號六樓之二,花蓮縣花蓮市國盛里11鄰國盛二街213號,121.606033,23.99434
RPUNMLLKKIIGFAU56DA,花蓮縣吉安鄉和平路一段６７號,花蓮縣吉安鄉勝安村10鄰和平路一段67號,121.591376,23.981629
RPUNMLNKKIIGFAU76DA,花蓮縣吉安鄉文化八街１８５號,花蓮縣吉安鄉南昌村12鄰文化八街185號,121.577147,23.966449
RPROMLNKKIIGFAU56DA,花蓮縣花蓮市北昌五街５２號五樓之五,找不到指定的門牌地址。,,
RPSNMLOKKIIGFAU66DA,花蓮縣花蓮市府前路１１０之４號,花蓮縣花蓮市民勤里20鄰府前路110之4號,121.621616,23.989326
RPQOMLOKKIIGFAU56DA,花蓮縣花蓮市中美路２９９之１５號六樓,花蓮縣花蓮市民孝里6鄰中美路299之15號,121.631601,23.998707
RPVOMLOKKIIGFAU07DA,花蓮縣花蓮市國盛六街５５號,花蓮縣花蓮市國盛里27鄰國盛六街55號,121.608697,23.994682
RPSNMLPKKIIGFAU76DA,花蓮縣花蓮市復興街６號,花蓮縣花蓮市民族里15鄰復興街6號,121.611512,23.975711
RPQNMLKKJIIGFAU58DA,花蓮縣花蓮市中興路１９號五樓之二,花蓮縣花蓮市民樂里10鄰中興路19號,121.632842,23.992329
RPROMLRJKIIGFAU86DA,花蓮縣花蓮市中和街２１１號二樓之二,花蓮縣花蓮市主力里21鄰中和街211號,121.597911,23.974385
RPROMLOKKIIGFAU66DA,花蓮縣花蓮市府前路１５６號三樓之一,花蓮縣花蓮市民勤里16鄰府前路156號,121.621827,23.990705
RPTOMLOKKIIGFAU86DA,花蓮縣花蓮市基泰商場６號,花蓮縣花蓮市民德里15鄰基泰商場6號,121.622137,23.98503
RPQNMLPKKIIGFAU56DA,花蓮縣吉安鄉明義五街３６號,花蓮縣吉安鄉太昌村12鄰明義五街36號,121.564348,23.994968
RPRNMLSKKIIGFAU96DA,花蓮縣花蓮市中央路四段４５０號三樓之三,花蓮縣花蓮市國強里6鄰中央路四段450號,121.600269,24.002323
RPOPMLKMJIIGFAU78DA,花蓮縣花蓮市國民七街５１號七樓之十三,花蓮縣花蓮市國盛里3鄰國民七街51號,121.60583,23.991358
RPVOMLLJKIIGFAU66DA,花蓮縣吉安鄉文化十一街２４巷６號,花蓮縣吉安鄉南昌村1鄰文化十一街24巷6號,121.579534,23.972176
RPXNMLPKKIIGFAU27DA,花蓮縣花蓮市中原路３６８巷４２號,花蓮縣花蓮市主安里6鄰中原路368巷42號,121.600685,23.969812
RPSOMLSKKIIGFAU17DA,花蓮縣花蓮市福光街３５３巷７號,花蓮縣花蓮市國福里13鄰福光街353巷7號,121.587203,24.012308
RPQPMLPJKIIGFAU66DA,花蓮縣花蓮市府前路１５６號二樓之五,花蓮縣花蓮市民勤里16鄰府前路156號,121.621827,23.990705
RPTNMLNKKIIGFAU66DA,花蓮縣花蓮市中山路一段３巷２７６弄７６號,花蓮縣花蓮市國慶里13鄰中山路一段3巷276弄76號,121.586831,23.993539
RPQOMLSKKIIGFAU96DA,花蓮縣花蓮市建昌路７號三樓之四,找不到指定的門牌地址。,,
RPWOMLSKKIIGFAU57DA,花蓮縣吉安鄉吉豐路五段９３號,花蓮縣吉安鄉干城村6鄰吉豐路五段93號,121.545345,23.941354
RPPNMLLKKIIGFAU68DA,花蓮縣花蓮市莊敬路１３號四樓,花蓮縣花蓮市國富里1鄰莊敬路12號,121.597769,23.98725
RPVOMLSKKIIGFAU47DA,花蓮縣花蓮市民享二街５７號,花蓮縣花蓮市民運里20鄰民享二街57號,121.631783,23.99322
RPPPMLSKKIIGFAU96DA,花蓮縣吉安鄉自立二街６巷１７號,花蓮縣吉安鄉勝安村10鄰自立二街6巷17號,121.591294,23.981477
RPQPMLSKKIIGFAU07DA,花蓮縣花蓮市重慶路４８６號五樓之一,花蓮縣花蓮市民主里15鄰重慶路486號,121.609458,23.972449
RPSOMLTKKIIGFAU27DA,花蓮縣花蓮市國富二街１０５號四樓之三,花蓮縣花蓮市國富里14鄰國富二街105號,121.594815,23.989823
RPXOMLTKKIIGFAU77DA,花蓮縣吉安鄉中央路三段２８２號,花蓮縣吉安鄉勝安村33鄰中央路三段282號,121.58531,23.982157
RPTPMLTKKIIGFAU47DA,花蓮縣花蓮市國富十街７６號四樓之一,花蓮縣花蓮市國富里9鄰國富十街76號,121.597054,23.990492
RPPNMLKLKIIGFAU78EA,花蓮縣花蓮市國民八街６５號五樓之二,花蓮縣花蓮市國盛里19鄰國民八街65號,121.606613,23.993677
RPPOMLPKJIIGFAU09DA,花蓮縣吉安鄉慶豐十一街１５９號,花蓮縣吉安鄉慶豐村38鄰慶豐十一街159號,121.565126,23.981387
RPROMLOLJIIGFAU66DA,花蓮縣花蓮市自強路５２７巷１１號,找不到指定的門牌地址。,,
RPOPMLPJKIIGFAU09DA,花蓮縣花蓮市府前路１５６號六樓之五,花蓮縣花蓮市民勤里16鄰府前路156號,121.621827,23.990705
RPVPMLPJKIIGFAU17DA,花蓮縣花蓮市府前路１５６號五樓之一,花蓮縣花蓮市民勤里16鄰府前路156號,121.621827,23.990705
RPSOMLMKKIIGFAU56DA,花蓮縣花蓮市德安六街１０５巷７號八樓之一,花蓮縣花蓮市主權里1鄰德安六街105巷7號,121.589648,23.973745
RPROMLSKKIIGFAU07DA,花蓮縣吉安鄉文化八街１７９號,花蓮縣吉安鄉南昌村12鄰文化八街179號,121.577243,23.966597
RPUOMLSKKIIGFAU37DA,花蓮縣吉安鄉文化八街１７５號,花蓮縣吉安鄉南昌村12鄰文化八街175號,121.577312,23.96666
RPPPMLTKKIIGFAU07DA,花蓮縣吉安鄉文化八街１８７號,花蓮縣吉安鄉南昌村12鄰文化八街187號,121.577087,23.966389
RPSPMLTKKIIGFAU37DA,花蓮縣花蓮市國富二十三街１９號三樓之一,花蓮縣花蓮市國富里28鄰國富二十三街19號,121.594279,23.992076
RPXNMLKLKIIGFAU86DA,花蓮縣吉安鄉舊村六街１５６巷１２號,花蓮縣吉安鄉福興村20鄰舊村六街156巷12號,121.560976,23.966211
RPQNMLLLKIIGFAU88DA,花蓮縣花蓮市福建街５３５號三樓之一,花蓮縣花蓮市民族里16鄰福建街535號,121.611619,23.976216
RPUNMLMLKIIGFAU76DA,花蓮縣吉安鄉吉豐路一段６７之２３號,花蓮縣吉安鄉仁和村35鄰吉豐路一段67之23號,121.58589,23.963956
RPPNMLKLKIIGFAU68DA,花蓮縣花蓮市仁愛街２５之５號,花蓮縣花蓮市主睦里1鄰仁愛街25之5號,121.605508,23.973844
RPXNMLLLKIIGFAU96DA,花蓮縣花蓮市長春街１１巷１３號,花蓮縣花蓮市主農里17鄰長春街11巷13號,121.595631,23.968703
RPXOMLLLKIIGFAU07DA,花蓮縣吉安鄉吉興三街９９巷２１弄７號,花蓮縣吉安鄉吉安村21鄰吉興三街99巷21弄7號,121.565115,23.972318
RPSNMLRJKIIGFAU86DA,花蓮縣吉安鄉慶南一街２２１號,花蓮縣吉安鄉慶豐村28鄰慶南一街221號,121.565833,23.979569
RPTNMLKLKIIGFAU09DA,花蓮縣花蓮市民享一街４１號,花蓮縣花蓮市民運里16鄰民享一街41號,121.632147,23.992868
RPOPMLMLKIIGFAU98DA,花蓮縣花蓮市國民七街５３號七樓之九,花蓮縣花蓮市國盛里4鄰國民七街53號,121.605877,23.991365
RPXQMLPLKIIGFAU67DA,花蓮縣花蓮市福建街２６巷１３號,花蓮縣花蓮市主農里3鄰福建街26巷13號,121.598766,23.96641
RPWNMLRLKIIGFAU47DA,花蓮縣花蓮市中和街１１９號,花蓮縣花蓮市主學里17鄰中和街119號,121.60006,23.971993
RPTNMLQLKIIGFAU07DA,花蓮縣吉安鄉民治路２８２號五樓之三,花蓮縣吉安鄉勝安村34鄰民治路282號,121.587509,23.981959
RPPNMLMJKIIGFAU68DA,花蓮縣花蓮市中美路２９５之５５號,花蓮縣花蓮市民孝里6鄰中美路295之55號,121.630973,23.998636
RPSPMLPJKIIGFAU86DA,花蓮縣花蓮市府前路１５６號三樓之二,花蓮縣花蓮市民勤里16鄰府前路156號,121.621827,23.990705
RPWNMLKLKIIGFAU76DA,花蓮縣吉安鄉中山路三段１１６號二樓之三,花蓮縣吉安鄉慶豐村5鄰中山路三段116號,121.574119,23.97623
RPROMLQLKIIGFAU96DA,花蓮縣花蓮市府前路１５６號二樓之二,花蓮縣花蓮市民勤里16鄰府前路156號,121.621827,23.990705
RPTNMLSLKIIGFAU27DA,花蓮縣花蓮市中華路４９８巷１弄５號,花蓮縣花蓮市主權里3鄰中華路498巷1弄5號,121.590954,23.974779
RPWNMLSLKIIGFAU57DA,花蓮縣花蓮市富裕十六街４１號七樓,花蓮縣花蓮市國裕里5鄰富裕十六街41號,121.595958,23.996365
RPSNMLKMJIIGFAU98DA,花蓮縣花蓮市富強路４８號七樓之三,花蓮縣花蓮市國裕里6鄰富強路48號,121.596538,23.995974
RPTPMLPJKIIGFAU96DA,花蓮縣花蓮市府前路１５６號三樓之三,花蓮縣花蓮市民勤里16鄰府前路156號,121.621827,23.990705
RPUPMLPJKIIGFAU07DA,花蓮縣花蓮市府前路１５６號三樓之五,花蓮縣花蓮市民勤里16鄰府前路156號,121.621827,23.990705
RPWPMLPJKIIGFAU27DA,花蓮縣花蓮市府前路１５６號四樓之二,花蓮縣花蓮市民勤里16鄰府前路156號,121.621827,23.990705
RPWNMLMLKIIGFAU96DA,花蓮縣花蓮市國富二街１０５號四樓之二,花蓮縣花蓮市國富里14鄰國富二街105號,121.594815,23.989823
RPQNMLPLKIIGFAU66DA,花蓮縣花蓮市富裕十二街２０號,花蓮縣花蓮市國裕里29鄰富裕十二街20號,121.60149,23.998215
RPVOMLQLKIIGFAU37DA,花蓮縣花蓮市府前路１５６號七樓之二,花蓮縣花蓮市民勤里16鄰府前路156號,121.621827,23.990705
RPPOMLRLKIIGFAU86DA,花蓮縣吉安鄉仁里四街１４號,花蓮縣吉安鄉仁里村21鄰仁里四街14號,121.590788,23.969837
RPTNMLPKKIIGFAU86DA,花蓮縣吉安鄉吉祥一街１３巷１９號,花蓮縣吉安鄉宜昌村2鄰吉祥一街13巷19號,121.586927,23.974381
RPQNMLRLKIIGFAU86DA,花蓮縣吉安鄉吉興一街３８９巷９號,花蓮縣吉安鄉吉安村5鄰吉興一街389巷9號,121.576847,23.97396
RPQOMLRLKIIGFAU96DA,花蓮縣花蓮市仁和街３０巷４８號,花蓮縣花蓮市主權里5鄰仁和街30巷48號,121.591686,23.975413
RPUNMLSLKIIGFAU37DA,花蓮縣花蓮市國富二街１０５號六樓之二,花蓮縣花蓮市國富里14鄰國富二街105號,121.594815,23.989823
RPTOMLSLKIIGFAU37DA,花蓮縣吉安鄉文化八街１８３號,花蓮縣吉安鄉南昌村12鄰文化八街183號,121.577194,23.966525
RPOOMLTLKIIGFAU96DA,花蓮縣花蓮市國盛四街５１號三樓之二十二,花蓮縣花蓮市國盛里23鄰國盛四街51號,121.607395,23.994675
RPWOMLRJKIIGFAU37DA,花蓮縣吉安鄉南海五街２１０巷１９號,花蓮縣吉安鄉仁和村15鄰南海五街210巷19號,121.590018,23.951578
RPROMLLKKIIGFAU98DA,花蓮縣花蓮市國盛一街１４１之２７號,花蓮縣花蓮市國盛里4鄰國盛一街141之27號,121.605862,23.992049
RPRNMLLJJHJGFAU68DA,花蓮縣花蓮市富強路３０６號,花蓮縣花蓮市國強里3鄰富強路306號,121.600862,24.0008
RPROMLNJJHJGFAU98DA,花蓮縣花蓮市華興街９７巷３號,花蓮縣花蓮市民享里19鄰華興街97巷3號,121.619311,24.004529
RPTNMLOJJHJGFAU56DA,花蓮縣吉安鄉太昌路１０８號,花蓮縣吉安鄉永安村23鄰太昌路108號,121.575031,23.987472
RPVNMLOLJIIGFAU96DA,花蓮縣花蓮市中美九街８０號,花蓮縣花蓮市民政里20鄰中美九街80號,121.62539,23.995716
RPSOMLKLJIIGFAU98DA,花蓮縣吉安鄉華工六路６２巷５８號,花蓮縣吉安鄉光華村16鄰華工六路62巷58號,121.59269,23.938274
RPRNMLOLJIIGFAU56DA,花蓮縣吉安鄉慈惠二街１４６號,花蓮縣吉安鄉勝安村26鄰慈惠二街146號,121.583667,23.977378
RPRPMLPJKIIGFAU76DA,花蓮縣花蓮市府前路１５６號二樓之六,花蓮縣花蓮市民勤里16鄰府前路156號,121.621827,23.990705
RPPOMLQLKIIGFAU76DA,花蓮縣花蓮市長安街２７號十樓之七,花蓮縣花蓮市主農里8鄰長安街27號,121.597191,23.967067
RPPOMLPJJHJGFAU98DA,花蓮縣花蓮市國富二街１０５號七樓之二,花蓮縣花蓮市國富里14鄰國富二街105號,121.594815,23.989823
RPOOMLTJJHJGFAU66DA,花蓮縣吉安鄉南海二街２０４號,花蓮縣吉安鄉仁和村3鄰南海二街204號,121.592391,23.956327
RPWOMLPJKIIGFAU17DA,花蓮縣花蓮市府前路１５６號三樓之六,花蓮縣花蓮市民勤里16鄰府前路156號,121.621827,23.990705
RPXOMLPJKIIGFAU27DA,花蓮縣花蓮市府前路１５６號四樓之三,花蓮縣花蓮市民勤里16鄰府前路156號,121.621827,23.990705
RPWOMLQLKIIGFAU47DA,花蓮縣花蓮市府前路１５６號三樓之七,花蓮縣花蓮市民勤里16鄰府前路156號,121.621827,23.990705
RPOPMLQLKIIGFAU76DA,花蓮縣花蓮市府前路１５６號四樓之五,花蓮縣花蓮市民勤里16鄰府前路156號,121.621827,23.990705
RPXOMLQLKIIGFAU57DA,花蓮縣花蓮市府前路１５６號四樓之六,花蓮縣花蓮市民勤里16鄰府前路156號,121.621827,23.990705
RPWOMLKKJHJGFAU66DA,花蓮縣花蓮市國盛一街２２０號,花蓮縣花蓮市國盛里10鄰國盛一街220號,121.605406,23.994767
RPROMLMKJHJGFAU98DA,花蓮縣花蓮市富裕三街５２號五樓之三,花蓮縣花蓮市國裕里11鄰富裕三街52號,121.598028,23.994125
RPOOMLOJKIIGFAU88DA,花蓮縣花蓮市中正路１１０巷５弄５之２號,花蓮縣花蓮市主農里15鄰中正路110巷5弄5之2號,121.598299,23.96976
RPVOMLLKJHJGFAU66DA,花蓮縣花蓮市國民七街５３號八樓之六,花蓮縣花蓮市國盛里4鄰國民七街53號,121.605877,23.991365
RPXPMLPJKIIGFAU37DA,花蓮縣花蓮市府前路１５６號六樓之三,花蓮縣花蓮市民勤里16鄰府前路156號,121.621827,23.990705
RPSOMLQLKIIGFAU07DA,花蓮縣花蓮市府前路１５６號二樓之三,花蓮縣花蓮市民勤里16鄰府前路156號,121.621827,23.990705
RPTOMLQLKIIGFAU17DA,花蓮縣花蓮市府前路１５６號七樓之三,花蓮縣花蓮市民勤里16鄰府前路156號,121.621827,23.990705
RPUOMLQLKIIGFAU27DA,花蓮縣花蓮市府前路１５６號七樓之五,花蓮縣花蓮市民勤里16鄰府前路156號,121.621827,23.990705
RPTOMLMJJHJGFAU09DA,花蓮縣花蓮市中正路２６４號十三樓之三,花蓮縣花蓮市主學里13鄰中正路264號,121.601091,23.972716
RPTOMLSKJHJGFAU17DA,花蓮縣吉安鄉文化五街７３號,花蓮縣吉安鄉南昌村24鄰文化五街73號,121.580354,23.970378
RPWOMLMKJHJGFAU86DA,花蓮縣吉安鄉南海一街２０１之８號,花蓮縣吉安鄉仁和村2鄰南海一街201之8號,121.592336,23.958151
RPVNMLMLJHJGFAU76DA,花蓮縣吉安鄉仁里五街１２１之１號,花蓮縣吉安鄉仁里村31鄰仁里五街121之1號,121.588556,23.969373
RPXOMLMLJHJGFAU07DA,花蓮縣吉安鄉中興路２１４巷８號,花蓮縣吉安鄉吉安村14鄰中興路214巷8號,121.568605,23.972443
RPTNMLPLJHJGFAU86DA,花蓮縣花蓮市中美十一街６０號,花蓮縣花蓮市民政里23鄰中美十一街60號,121.623886,23.996238
RPTNMLNJJHJGFAU09DA,花蓮縣吉安鄉建國路二段２２１巷１９號,花蓮縣吉安鄉永安村5鄰建國路二段221巷19號,121.576402,23.991789
RPWOMLRKJHJGFAU37DA,花蓮縣花蓮市中正路２６０號三樓之三,花蓮縣花蓮市主學里13鄰中正路260號,121.600823,23.972704
RPOOMLOLJHJGFAU98DA,花蓮縣吉安鄉山下二街１７巷１號,花蓮縣吉安鄉南華村15鄰山下二街17巷1號,121.54073,23.956582
RPQNMLQJKHJGFAU56DA,花蓮縣花蓮市建昌路１１２巷１１號,找不到指定的門牌地址。,,
RPROMLQKKHJGFAU86DA,花蓮縣花蓮市國盛五街５３號五樓之二,花蓮縣花蓮市國盛里25鄰國盛五街53號,121.608204,23.994056
RPVNMLOKKIIGFAU96DA,花蓮縣花蓮市國盛八街５３號二樓之三,花蓮縣花蓮市國盛里24鄰國盛八街53號,121.60787,23.995376
RPPOMLTKKHJGFAU96DA,花蓮縣花蓮市富吉路７７號,花蓮縣花蓮市國裕里7鄰富吉路77號,121.596913,23.994994
RPUOMLPKKHJGFAU07DA,花蓮縣花蓮市中央路三段７２０巷５號四樓之五,花蓮縣花蓮市國富里35鄰中央路三段720巷5號,121.591137,23.99133
RPVNMLQJLHJGFAU17DA,花蓮縣花蓮市自強街６號,花蓮縣花蓮市民權里10鄰自強街6號,121.616285,23.975971
RPPOMLPJLHJGFAU56DA,花蓮縣吉安鄉文化二街６６號二樓之三,花蓮縣吉安鄉南昌村23鄰文化二街66號,121.581485,23.967877
RPQNMLPJKIIGFAU09DA,花蓮縣花蓮市忠義一街５８號二樓之二,花蓮縣花蓮市民運里35鄰忠義一街58號,121.632716,23.995777
RPRNMLPJKIIGFAU56DA,花蓮縣花蓮市忠義一街５８號三樓之一,花蓮縣花蓮市民運里35鄰忠義一街58號,121.632716,23.995777
RPWNMLPJKIIGFAU07DA,花蓮縣花蓮市忠義一街５８號四樓之二,花蓮縣花蓮市民運里35鄰忠義一街58號,121.632716,23.995777
RPXNMLPJKIIGFAU17DA,花蓮縣花蓮市忠義一街５８號五樓之二,花蓮縣花蓮市民運里35鄰忠義一街58號,121.632716,23.995777
RPPOMLPJKIIGFAU09DA,花蓮縣花蓮市忠義一街５８號二樓之一,花蓮縣花蓮市民運里35鄰忠義一街58號,121.632716,23.995777
RPQOMLPJKIIGFAU56DA,花蓮縣花蓮市忠義一街５８號四樓之一,花蓮縣花蓮市民運里35鄰忠義一街58號,121.632716,23.995777
RPSOMLPJKIIGFAU76DA,花蓮縣花蓮市忠義一街５８號六樓之一,花蓮縣花蓮市民運里35鄰忠義一街58號,121.632716,23.995777
RPXNMLRJKIIGFAU37DA,花蓮縣花蓮市明義街５３巷８之２號,花蓮縣花蓮市主義里5鄰明義街53巷8之2號,121.607135,23.97371
RPXNMLMKKIIGFAU96DA,花蓮縣花蓮市中美路２９５之６號,花蓮縣花蓮市民孝里6鄰中美路295之6號,121.631094,23.99829
RPPPMLMKKIIGFAU98DA,花蓮縣吉安鄉文化１８號,花蓮縣吉安鄉仁里村40鄰文化18號,121.581987,23.964912
RPPNMLSLJIIGFAU76DA,花蓮縣吉安鄉福昌一街５６號,花蓮縣吉安鄉福興村7鄰福昌一街56號,121.558663,23.969567
RPROMLOKJIIGFAU56DA,花蓮縣花蓮市豐村１２９之７號,花蓮縣花蓮市國強里10鄰豐村129之7號,121.595113,24.010393
RPPNMLRKJIIGFAU56DA,花蓮縣吉安鄉慶北二街１１１號,花蓮縣吉安鄉慶豐村7鄰慶北二街111號,121.573792,23.977229
RPVOMLOJKIIGFAU96DA,花蓮縣吉安鄉慈惠三街５７號,花蓮縣吉安鄉勝安村3鄰慈惠三街57號,121.588543,23.976324
RPUOMLLKIIIGFAU09DA,花蓮縣花蓮市德安一街１７１巷１７號,花蓮縣花蓮市主權里12鄰德安一街171巷17號,121.595354,23.972702
RPXOMLOKKIIGFAU27DA,花蓮縣花蓮市忠義一街５８號五樓之一,花蓮縣花蓮市民運里35鄰忠義一街58號,121.632716,23.995777
RPQOMLTLJIIGFAU07DA,花蓮縣花蓮市中興路１１５之４９號五樓,花蓮縣花蓮市民政里29鄰中興路115之49號,121.627107,23.994702
RPPPMLOKKIIGFAU56DA,花蓮縣花蓮市忠義一街５８號六樓之二,花蓮縣花蓮市民運里35鄰忠義一街58號,121.632716,23.995777
RPPNMLPKKIIGFAU09DA,花蓮縣花蓮市忠義一街５８號七樓之一,花蓮縣花蓮市民運里35鄰忠義一街58號,121.632716,23.995777
RPUPMLTKKIIGFAU57DA,花蓮縣花蓮市南京街２０３號二樓之三,花蓮縣花蓮市主信里5鄰南京街203號,121.606539,23.974793
RPUNMLKLKIIGFAU56DA,花蓮縣吉安鄉慶豐十一街１８０號,花蓮縣吉安鄉慶豐村33鄰慶豐十一街180號,121.565779,23.982004
RPVOMLMKKIIGFAU86DA,花蓮縣吉安鄉太昌路１７０號,花蓮縣吉安鄉永安村22鄰太昌路170號,121.57374,23.988181
RPPNMLLLKIIGFAU78DA,花蓮縣吉安鄉廣豐路８３巷８號,花蓮縣吉安鄉稻香村24鄰廣豐路83巷8號,121.575345,23.95492
RPQPMLKMJIIGFAU98DA,花蓮縣吉安鄉吉安路二段１２４巷１０弄５號,花蓮縣吉安鄉吉安村21鄰吉安路二段124巷10弄5號,121.564226,23.972702
RPOOMLOKKIIGFAU98DA,花蓮縣吉安鄉吉安路一段７５巷１２號,花蓮縣吉安鄉永安村21鄰吉安路一段75巷12號,121.574122,23.988669
RPPNMLRLKIIGFAU76DA,花蓮縣花蓮市忠義一街５８號三樓之二,花蓮縣花蓮市民運里35鄰忠義一街58號,121.632716,23.995777
RPXOMLKMJIIGFAU96DA,花蓮縣吉安鄉南埔八街２１３號,花蓮縣吉安鄉仁里村19鄰南埔八街213號,121.588745,23.966456
RPROMLLJJIIGFAU78DA,花蓮縣吉安鄉東里九街２８號四樓之二,花蓮縣吉安鄉東昌村6鄰東里九街28號,121.594947,23.964987
RPSOMLNJJHJGFAU09DA,花蓮縣花蓮市中和街２１４巷１７號三樓之八,花蓮縣花蓮市主力里20鄰中和街214巷17號,121.599197,23.974481
RPUOMLSJJHJGFAU17DA,花蓮縣吉安鄉明義七街１４５巷４６弄１號,花蓮縣吉安鄉太昌村23鄰明義七街145巷46弄1號,121.555969,23.989747
RPRNMLRLKIIGFAU96DA,花蓮縣花蓮市忠義一街５８號七樓之二,花蓮縣花蓮市民運里35鄰忠義一街58號,121.632716,23.995777
RPVOMLSJJHJGFAU27DA,花蓮縣吉安鄉明義七街１４５巷４６弄５號,花蓮縣吉安鄉太昌村23鄰明義七街145巷46弄5號,121.556073,23.989694
RPPOMLNLJIIGFAU98DA,花蓮縣花蓮市球崙二路２５２巷２弄１號,花蓮縣花蓮市民享里10鄰球崙二路252巷2弄1號,121.621604,24.006423
RPQOMLTJJHJGFAU86DA,花蓮縣花蓮市重慶路４８６號十一樓之六,花蓮縣花蓮市民主里15鄰重慶路486號,121.609458,23.972449
RPOOMLMJJHJGFAU58DA,花蓮縣吉安鄉勝安二街５８巷８號,花蓮縣吉安鄉勝安村3鄰勝安二街58巷8號,121.58832,23.976164
RPQOMLLKKIIGFAU88DA,花蓮縣花蓮市國盛一街１４１之３２號,花蓮縣花蓮市國盛里4鄰國盛一街141之32號,121.605862,23.992049
RPRNMLQJKHJGFAU66DA,花蓮縣吉安鄉南昌路１３號,花蓮縣吉安鄉南昌村22鄰南昌路13號,121.581889,23.968298
RPOPMLOKKIIGFAU09DA,花蓮縣花蓮市德安六街７０號十六樓,花蓮縣花蓮市主權里16鄰德安六街70號,121.591815,23.971723
RPRNMLLKKIIGFAU88DA,花蓮縣吉安鄉吉安路三段１３２號,花蓮縣吉安鄉福興村21鄰吉安路三段132號,121.55913,23.967435
RPOOMLMLKIIGFAU88DA,花蓮縣花蓮市林森路２９３巷９號,花蓮縣花蓮市國風里24鄰林森路293巷9號,121.601899,23.980066
RPRSMLPLKIIGFAU27DA,花蓮縣花蓮市東興路３５９巷１號三樓之三,花蓮縣花蓮市民孝里18鄰東興路359巷1號,121.631877,24.003174
RPRNMLMKJHJGFAU88DA,花蓮縣花蓮市中興路１０１號十一樓之二,花蓮縣花蓮市民立里8鄰中興路101號,121.628367,23.993779
RPQOMLTKJHJGFAU96DA,花蓮縣吉安鄉吉興四街１３１號,花蓮縣吉安鄉吉安村26鄰吉興四街131號,121.559282,23.972614
RPVNMLMLKHJGFAU86DA,花蓮縣花蓮市中興路４３巷１號二樓之二,花蓮縣花蓮市民立里9鄰中興路43巷1號,121.630489,23.992034
RPQNMLSJKIIGFAU76DA,花蓮縣花蓮市復興街１２號,花蓮縣花蓮市民族里17鄰復興街12號,121.611255,23.976006
RPTNMLPLKIIGFAU96DA,花蓮縣吉安鄉東海五街１號三樓之二,花蓮縣吉安鄉東昌村11鄰東海五街1號,121.597236,23.964832
RPRNMLNLJHJGFAU09DA,花蓮縣吉安鄉建國路一段１２１巷５１號,花蓮縣吉安鄉吉昌村9鄰建國路一段121巷51號,121.591639,23.984518
RPUNMLLJLHJGFAU56DA,花蓮縣吉安鄉永興三街１０號,花蓮縣吉安鄉永興村1鄰永興三街10號,121.570935,23.953353
RPWNMLNLKHJGFAU07DA,花蓮縣花蓮市中興路４３巷１號八樓之一,花蓮縣花蓮市民立里9鄰中興路43巷1號,121.630489,23.992034
RPQNMLPJJHJGFAU98DA,花蓮縣花蓮市自立路２７號,找不到指定的門牌地址。,,
RPUNMLNLJHJGFAU76DA,花蓮縣吉安鄉自立路二段７５巷８６號,花蓮縣吉安鄉吉昌村9鄰自立路二段75巷86號,121.591514,23.984273
RPRPMLNLKHJGFAU76DA,花蓮縣吉安鄉永興三街８號二樓之二,花蓮縣吉安鄉永興村1鄰永興三街8號,121.571099,23.953294
RPOOMLQJLHJGFAU56DA,花蓮縣吉安鄉南海四街２２３號,花蓮縣吉安鄉仁和村13鄰南海四街223號,121.590052,23.952831
RPOPMLMLJIIGFAU88DA,花蓮縣吉安鄉明義二街１２巷５號,花蓮縣吉安鄉太昌村1鄰明義二街12巷5號,121.57115,23.992657
RPPNMLPLKIIGFAU56DA,花蓮縣吉安鄉東海五街１號七樓之五,花蓮縣吉安鄉東昌村11鄰東海五街1號,121.597236,23.964832
RPUNMLMLKHJGFAU76DA,花蓮縣花蓮市中興路４３巷１號二樓之三,花蓮縣花蓮市民立里9鄰中興路43巷1號,121.630489,23.992034
RPVNMLPLKIIGFAU17DA,花蓮縣吉安鄉東海五街１號六樓之六,花蓮縣吉安鄉東昌村11鄰東海五街1號,121.597236,23.964832
RPOOMLMJKHJGFAU68DA,花蓮縣吉安鄉民治路９６號,花蓮縣吉安鄉勝安村8鄰民治路96號,121.592386,23.979113
RPTNMLMLKHJGFAU66DA,花蓮縣花蓮市中興路４３巷１號三樓之三,花蓮縣花蓮市民立里9鄰中興路43巷1號,121.630489,23.992034
RPVOMLTKKIIGFAU57DA,花蓮縣花蓮市國富二街１０５號八樓之一,花蓮縣花蓮市國富里14鄰國富二街105號,121.594815,23.989823
RPROMLMLKIIGFAU56DA,花蓮縣花蓮市鎮國街１２０巷１號,花蓮縣花蓮市主力里26鄰鎮國街120巷1號,121.598968,23.976576
RPVNMLNLKHJGFAU96DA,花蓮縣花蓮市中興路４３巷１號三樓之二,花蓮縣花蓮市民立里9鄰中興路43巷1號,121.630489,23.992034
RPSNMLNLKHJGFAU66DA,花蓮縣花蓮市中興路４３巷１號十樓,花蓮縣花蓮市民立里9鄰中興路43巷1號,121.630489,23.992034
RPWNMLPLKIIGFAU27DA,花蓮縣吉安鄉東海五街１號三樓之三,花蓮縣吉安鄉東昌村11鄰東海五街1號,121.597236,23.964832
RPUOMLPLKIIGFAU17DA,花蓮縣吉安鄉東海五街１號四樓之一,花蓮縣吉安鄉東昌村11鄰東海五街1號,121.597236,23.964832
RPUNMLMLJHJGFAU66DA,花蓮縣吉安鄉東海五街１號二樓之二,花蓮縣吉安鄉東昌村11鄰東海五街1號,121.597236,23.964832
RPSNMLMLKHJGFAU56DA,花蓮縣花蓮市中興路４３巷１號二樓之一,花蓮縣花蓮市民立里9鄰中興路43巷1號,121.630489,23.992034
RPPNMLMLKHJGFAU88DA,花蓮縣花蓮市中興路４３巷１號三樓之一,花蓮縣花蓮市民立里9鄰中興路43巷1號,121.630489,23.992034
RPWNMLRJKIIGFAU27DA,花蓮縣花蓮市明義街５３巷８之２號四樓,花蓮縣花蓮市主義里5鄰明義街53巷8之2號,121.607135,23.97371
RPPNMLRKJHJGFAU56DA,花蓮縣吉安鄉福興五街４３０之３號,花蓮縣吉安鄉福興村11鄰福興五街430之3號,121.558465,23.967224
RPXRMLPLKIIGFAU77DA,花蓮縣吉安鄉東海五街１號二樓之五,花蓮縣吉安鄉東昌村11鄰東海五街1號,121.597236,23.964832
RPQNMLKKJHJGFAU58DA,花蓮縣吉安鄉吉興路三段７１號,花蓮縣吉安鄉永興村5鄰吉興路三段71號,121.567618,23.955348
RPSNMLKKJHJGFAU78DA,花蓮縣吉安鄉吉興路三段７３號,花蓮縣吉安鄉永興村5鄰吉興路三段73號,121.567594,23.95531
RPSPMLNLKHJGFAU86DA,花蓮縣吉安鄉永興三街８號二樓之一,花蓮縣吉安鄉永興村1鄰永興三街8號,121.571099,23.953294
RPWNMLLJLHJGFAU76DA,花蓮縣吉安鄉永興三街８號五樓之二,花蓮縣吉安鄉永興村1鄰永興三街8號,121.571099,23.953294
RPROMLOLJHJGFAU66DA,花蓮縣吉安鄉東海五街１號六樓之五,花蓮縣吉安鄉東昌村11鄰東海五街1號,121.597236,23.964832
RPTNMLMLJHJGFAU56DA,花蓮縣吉安鄉東海五街１號七樓之一,花蓮縣吉安鄉東昌村11鄰東海五街1號,121.597236,23.964832
RPTOMLNLJHJGFAU76DA,花蓮縣吉安鄉自立路二段７５巷８０號,花蓮縣吉安鄉吉昌村9鄰自立路二段75巷80號,121.591616,23.984234
RPXNMLLJLHJGFAU86DA,花蓮縣吉安鄉永興三街８號四樓之一,花蓮縣吉安鄉永興村1鄰永興三街8號,121.571099,23.953294
RPUNMLNLKHJGFAU86DA,花蓮縣花蓮市中興路４３巷１號四樓之二,花蓮縣花蓮市民立里9鄰中興路43巷1號,121.630489,23.992034
RPQOMLLLKIIGFAU98DA,花蓮縣吉安鄉福興五街４３０之１號,花蓮縣吉安鄉福興村11鄰福興五街430之1號,121.558381,23.96711
RPSNMLNLJHJGFAU56DA,花蓮縣吉安鄉自立路二段７５巷８８號,花蓮縣吉安鄉吉昌村9鄰自立路二段75巷88號,121.591463,23.984314
RPUNMLQLKIIGFAU17DA,花蓮縣花蓮市國富二街１０５號三樓之二,花蓮縣花蓮市國富里14鄰國富二街105號,121.594815,23.989823
RPQNMLMLKHJGFAU98DA,花蓮縣花蓮市中興路４３巷１號四樓之一,花蓮縣花蓮市民立里9鄰中興路43巷1號,121.630489,23.992034
RPTNMLPKJHJGFAU76DA,花蓮縣吉安鄉福興五街４３０之２號,花蓮縣吉安鄉福興村11鄰福興五街430之2號,121.558425,23.967161
RPTNMLNLKHJGFAU76DA,花蓮縣花蓮市中興路４３巷１號六樓之一,花蓮縣花蓮市民立里9鄰中興路43巷1號,121.630489,23.992034
RPOOMLPJJHJGFAU88DA,花蓮縣花蓮市國富二街１０５號五樓之三,花蓮縣花蓮市國富里14鄰國富二街105號,121.594815,23.989823
RPORMLPLKIIGFAU86DA,花蓮縣吉安鄉東海五街１號七樓之七,花蓮縣吉安鄉東昌村11鄰東海五街1號,121.597236,23.964832
RPPRMLPLKIIGFAU96DA,花蓮縣吉安鄉東海五街１號七樓之六,花蓮縣吉安鄉東昌村11鄰東海五街1號,121.597236,23.964832
RPWPMLMLKHJGFAU17DA,花蓮縣花蓮市建華路９１之１７號,花蓮縣花蓮市國興里4鄰建華路91之17號,121.578783,23.995208
RPTOMLSLJIIGFAU27DA,花蓮縣吉安鄉東里八街１５號,花蓮縣吉安鄉東昌村31鄰東里八街15號,121.593213,23.963016
RPWOMLPLKIIGFAU37DA,花蓮縣吉安鄉東海五街１號四樓之五,花蓮縣吉安鄉東昌村11鄰東海五街1號,121.597236,23.964832
RPTRMLPLKIIGFAU37DA,花蓮縣吉安鄉東海五街１號三樓之七,花蓮縣吉安鄉東昌村11鄰東海五街1號,121.597236,23.964832
RPQOMLMLKIIGFAU09DA,花蓮縣花蓮市國富二街１０５號六樓之三,花蓮縣花蓮市國富里14鄰國富二街105號,121.594815,23.989823
RPSOMLPKJHJGFAU76DA,花蓮縣吉安鄉福興五街４３０之４號,花蓮縣吉安鄉福興村11鄰福興五街430之4號,121.558245,23.967143
RPSQMLPLKIIGFAU17DA,花蓮縣吉安鄉東海五街１號五樓之三,花蓮縣吉安鄉東昌村11鄰東海五街1號,121.597236,23.964832
RPPOMLRKJHJGFAU66DA,花蓮縣吉安鄉東海五街１號七樓之三,花蓮縣吉安鄉東昌村11鄰東海五街1號,121.597236,23.964832
RPRRMLMLKHJGFAU86DA,花蓮縣花蓮市中興路４３巷１號五樓之三,花蓮縣花蓮市民立里9鄰中興路43巷1號,121.630489,23.992034
RPUNMLQLKHJGFAU17DA,花蓮縣花蓮市中興路４３巷１號五樓之二,花蓮縣花蓮市民立里9鄰中興路43巷1號,121.630489,23.992034
RPVNMLQLKHJGFAU27DA,花蓮縣花蓮市中興路４３巷１號五樓之一,花蓮縣花蓮市民立里9鄰中興路43巷1號,121.630489,23.992034
RPROMLLLKIIGFAU09DA,花蓮縣吉安鄉福興五街４３０號,花蓮縣吉安鄉福興村11鄰福興五街430號,121.558341,23.967058
RPVOMLPLKIIGFAU27DA,花蓮縣吉安鄉東海五街１號五樓之七,花蓮縣吉安鄉東昌村11鄰東海五街1號,121.597236,23.964832
RPUNMLPLKIIGFAU07DA,花蓮縣吉安鄉東海五街１號五樓之六,花蓮縣吉安鄉東昌村11鄰東海五街1號,121.597236,23.964832
RPQOMLPLKIIGFAU76DA,花蓮縣吉安鄉東海五街１號四樓之七,花蓮縣吉安鄉東昌村11鄰東海五街1號,121.597236,23.964832
RPOQMLPLKIIGFAU76DA,花蓮縣吉安鄉東海五街１號六樓之二,花蓮縣吉安鄉東昌村11鄰東海五街1號,121.597236,23.964832
RPRRMLPLKIIGFAU17DA,花蓮縣吉安鄉東海五街１號四樓之三,花蓮縣吉安鄉東昌村11鄰東海五街1號,121.597236,23.964832
RPOSMLPLKIIGFAU96DA,花蓮縣吉安鄉東海五街１號二樓之三,花蓮縣吉安鄉東昌村11鄰東海五街1號,121.597236,23.964832
RPTOMLMKJHJGFAU56DA,花蓮縣吉安鄉東海五街１號二樓之七,花蓮縣吉安鄉東昌村11鄰東海五街1號,121.597236,23.964832
RPSRMLPLKIIGFAU27DA,花蓮縣吉安鄉東海五街１號三樓之六,花蓮縣吉安鄉東昌村11鄰東海五街1號,121.597236,23.964832
RPVRMLPLKIIGFAU57DA,花蓮縣吉安鄉東海五街１號二樓之六,花蓮縣吉安鄉東昌村11鄰東海五街1號,121.597236,23.964832
RPPQMLPLKIIGFAU86DA,花蓮縣吉安鄉東海五街１號四樓之二,花蓮縣吉安鄉東昌村11鄰東海五街1號,121.597236,23.964832
RPOOMLPLKIIGFAU56DA,花蓮縣吉安鄉東海五街１號六樓之三,花蓮縣吉安鄉東昌村11鄰東海五街1號,121.597236,23.964832
RPQQMLPLKIIGFAU96DA,花蓮縣吉安鄉東海五街１號四樓之六,花蓮縣吉安鄉東昌村11鄰東海五街1號,121.597236,23.964832
RPROMLPLKIIGFAU86DA,花蓮縣吉安鄉東海五街１號六樓之七,花蓮縣吉安鄉東昌村11鄰東海五街1號,121.597236,23.964832
RPTOMLPLKIIGFAU07DA,花蓮縣吉安鄉東海五街１號五樓之二,花蓮縣吉安鄉東昌村11鄰東海五街1號,121.597236,23.964832
RPRQMLPLKIIGFAU07DA,花蓮縣吉安鄉東海五街１號五樓之五,花蓮縣吉安鄉東昌村11鄰東海五街1號,121.597236,23.964832
RPUQMLPLKIIGFAU37DA,花蓮縣吉安鄉東海五街１號六樓之一,花蓮縣吉安鄉東昌村11鄰東海五街1號,121.597236,23.964832
RPSOMLPLKIIGFAU96DA,花蓮縣吉安鄉東海五街１號五樓之一,花蓮縣吉安鄉東昌村11鄰東海五街1號,121.597236,23.964832
RPPSMLPLKIIGFAU07DA,花蓮縣吉安鄉東海五街１號二樓之一,花蓮縣吉安鄉東昌村11鄰東海五街1號,121.597236,23.964832
RPUOMLMLJHJGFAU76DA,花蓮縣吉安鄉東海五街１號三樓之一,花蓮縣吉安鄉東昌村11鄰東海五街1號,121.597236,23.964832
RPURMLPLKIIGFAU47DA,花蓮縣吉安鄉東海五街１號三樓之五,花蓮縣吉安鄉東昌村11鄰東海五街1號,121.597236,23.964832
RPPOMLMLKIIGFAU98DA,花蓮縣花蓮市國富二街１０５號五樓之二,花蓮縣花蓮市國富里14鄰國富二街105號,121.594815,23.989823
RPROMLTKKIIGFAU17DA,花蓮縣花蓮市國富二街１０５號七樓之三,花蓮縣花蓮市國富里14鄰國富二街105號,121.594815,23.989823
RPRNMLMLKIIGFAU09DA,花蓮縣花蓮市國富二街１０３號,花蓮縣花蓮市國富里14鄰國富二街103號,121.594865,23.989751
RPUNMLTKKIIGFAU37DA,花蓮縣花蓮市富國路１３５號,花蓮縣花蓮市國富里14鄰富國路135號,121.594616,23.989899
RPPOMLTKKIIGFAU96DA,花蓮縣花蓮市國富二街１０５號三樓之一,花蓮縣花蓮市國富里14鄰國富二街105號,121.594815,23.989823
RPQOMLTKKIIGFAU07DA,花蓮縣花蓮市國富二街１０５號五樓之一,花蓮縣花蓮市國富里14鄰國富二街105號,121.594815,23.989823
RPQNMLQLKIIGFAU76DA,花蓮縣花蓮市富國路１３７號,花蓮縣花蓮市國富里14鄰富國路137號,121.594575,23.98985
RPUOMLTKKIIGFAU47DA,花蓮縣花蓮市國富二街１０５號六樓之一,花蓮縣花蓮市國富里14鄰國富二街105號,121.594815,23.989823
RPVNMLPJJHJGFAU86DA,花蓮縣花蓮市國富二街１０５號四樓之一,花蓮縣花蓮市國富里14鄰國富二街105號,121.594815,23.989823
RPOOMLTKKIIGFAU86DA,花蓮縣花蓮市富國路１３３號,花蓮縣花蓮市國富里14鄰富國路133號,121.594672,23.989944
RPVNMLOJJHJGFAU76DA,花蓮縣花蓮市國富二街１０５號七樓之一,花蓮縣花蓮市國富里14鄰國富二街105號,121.594815,23.989823
RPVOMLMLKIIGFAU96DA,花蓮縣花蓮市國富二街１０５號八樓之二,花蓮縣花蓮市國富里14鄰國富二街105號,121.594815,23.989823
RPQNMLNLKHJGFAU09DA,花蓮縣花蓮市中興路４３巷１號七樓之三,花蓮縣花蓮市民立里9鄰中興路43巷1號,121.630489,23.992034
RPQOMLNLKHJGFAU56DA,花蓮縣花蓮市中興路４３巷１號九樓之二,花蓮縣花蓮市民立里9鄰中興路43巷1號,121.630489,23.992034
RPTOMLNLKHJGFAU86DA,花蓮縣花蓮市中興路４３巷１號七樓之二,花蓮縣花蓮市民立里9鄰中興路43巷1號,121.630489,23.992034
RPXNMLMLNHJGFAU37DA,花蓮縣吉安鄉北昌一街１５巷１１１之６號,花蓮縣吉安鄉吉昌村8鄰北昌一街15巷111之6號,121.592552,23.984898
RPTOMLMLNHJGFAU07DA,花蓮縣花蓮市富陽路３８號十樓之三,花蓮縣花蓮市國裕里20鄰富陽路38號,121.599031,23.995871
RPVNMLOLNHJGFAU37DA,花蓮縣花蓮市富裕八街２３號,花蓮縣花蓮市國裕里20鄰富裕八街23號,121.599307,23.99633
RPXNMLLLNHJGFAU27DA,花蓮縣吉安鄉東里四街７７巷５號,花蓮縣吉安鄉東昌村5鄰東里四街77巷5號,121.594103,23.96535
RPPOMLLLNHJGFAU56DA,花蓮縣花蓮市民德一街５１號二樓之二,花蓮縣花蓮市民德里10鄰民德一街51號,121.62197,23.985825
RPOOMLRLNHJGFAU07DA,花蓮縣花蓮市中原路３１０號,花蓮縣花蓮市主安里1鄰中原路310號,121.600595,23.968004
RPPNMLSLNHJGFAU17DA,花蓮縣吉安鄉慈惠二街１２４號五樓之四,花蓮縣吉安鄉勝安村25鄰慈惠二街124號,121.584053,23.977201
RPQOMLRLNHJGFAU27DA,花蓮縣吉安鄉南海一街１０９巷８號,花蓮縣吉安鄉仁安村3鄰南海一街109巷8號,121.595682,23.956579
RPTOMLKLNHJGFAU86DA,花蓮縣花蓮市國民八街１０６號二樓之七,花蓮縣花蓮市國盛里28鄰國民八街106號,121.608701,23.993869
RPXNMLTLNHJGFAU08DA,花蓮縣吉安鄉荳蘭五街１２號之５,花蓮縣吉安鄉宜昌村16鄰荳蘭五街12號之5,121.583575,23.971861
RPPNMLKMNHJGFAU09DA,花蓮縣吉安鄉南海五街２４９巷３號,花蓮縣吉安鄉仁和村18鄰南海五街249巷3號,121.589023,23.951034
RPVNMLKMNHJGFAU07DA,花蓮縣吉安鄉南昌北路７６號二樓之二,花蓮縣吉安鄉南昌村20鄰南昌北路76號,121.582145,23.969007
RPROMLKMNHJGFAU76DA,花蓮縣花蓮市國興五街１２２號,花蓮縣花蓮市國聯里18鄰國興五街122號,121.604203,23.98861
RPSNMLOJOHJGFAU96DA,花蓮縣花蓮市中山路二段８２號,花蓮縣花蓮市國福里5鄰中山路二段82號,121.582239,24.012149
RPVNMLLMNHJGFAU17DA,花蓮縣吉安鄉南昌北路６８號四樓之二,花蓮縣吉安鄉南昌村20鄰南昌北路68號,121.582267,23.969173
RPTOMLOJOHJGFAU17DA,花蓮縣花蓮市府前路５０８號七樓之一,花蓮縣花蓮市民意里49鄰府前路508號,121.620298,24.000699
RPVNMLNJOHJGFAU17DA,花蓮縣花蓮市莊敬路３３０號,花蓮縣花蓮市國富里37鄰莊敬路330號,121.592404,23.992218
RPPOMLPJOHJGFAU86DA,花蓮縣花蓮市國民七街５３號三樓之二十二,花蓮縣花蓮市國盛里4鄰國民七街53號,121.605877,23.991365
RPXPMLPKMHJGFAU67DA,花蓮縣花蓮市中正路３３８號,花蓮縣花蓮市主學里11鄰中正路338號,121.602526,23.973883
RPPNMLLLMHJGFAU98DA,花蓮縣花蓮市國民七街５３號九樓之九,花蓮縣花蓮市國盛里4鄰國民七街53號,121.605877,23.991365
RPQTMLPKMHJGFAU37DA,花蓮縣花蓮市國聯五路１３１號四樓之六,花蓮縣花蓮市國聯里28鄰國聯五路131號,121.604895,23.99264
RPSPMLTJMHJGFAU47DA,花蓮縣吉安鄉明義六街１０１號,花蓮縣吉安鄉太昌村18鄰明義六街101號,121.557317,23.993601
RPPNMLPLMHJGFAU86EA,花蓮縣花蓮市國盛八街８９號四樓之十,花蓮縣花蓮市國盛里22鄰國盛八街89號,121.606834,23.995885
RPPPMLSJMHJGFAU07DA,花蓮縣花蓮市福建街３２５號五樓,花蓮縣花蓮市主計里11鄰福建街325號,121.605974,23.972511
RPSNMLPLMHJGFAU07DA,花蓮縣花蓮市綜合市場３６號,花蓮縣花蓮市民生里22鄰綜合市場36號,121.60972,23.977381
RPRNMLKMMHJGFAU56DA,花蓮縣花蓮市富裕一街１１８號,花蓮縣花蓮市國裕里7鄰富裕一街118號,121.596729,23.994564
RPSOMLKKMHJGFAU56DA,花蓮縣吉安鄉南海二街２１７號,花蓮縣吉安鄉仁和村37鄰南海二街217號,121.592141,23.95616
RPRNMLNJNHJGFAU66DA,花蓮縣花蓮市民生路２３號四樓之五,花蓮縣花蓮市民運里7鄰民生路23號,121.633432,23.993504
RPQOMLKKMHJGFAU98DA,花蓮縣花蓮市民享十街６１號,花蓮縣花蓮市民運里42鄰民享十街61號,121.631186,23.996701
RPPNMLNJNHJGFAU56EA,花蓮縣花蓮市國盛一街２００之９號,花蓮縣花蓮市國盛里11鄰國盛一街200之8號,121.6056,23.993957
RPWOMLRKMHJGFAU67DA,花蓮縣花蓮市北昌三街１８巷１０之１號五樓,找不到指定的門牌地址。,,
RPROMLKMMHJGFAU66DA,花蓮縣吉安鄉中山路三段７３４巷１７號四樓之一,花蓮縣吉安鄉慶豐村44鄰中山路三段734巷17號,121.558539,23.985195
RPSOMLKMMHJGFAU76DA,花蓮縣吉安鄉中山路三段７３４巷１７號四樓之二,花蓮縣吉安鄉慶豐村44鄰中山路三段734巷17號,121.558539,23.985195
RPWOMLKMMHJGFAU17DA,花蓮縣吉安鄉中山路三段７３４巷１７號五樓之二,花蓮縣吉安鄉慶豐村44鄰中山路三段734巷17號,121.558539,23.985195
RPXNMLNJNHJGFAU27DA,花蓮縣花蓮市廣東街１８７巷９號,花蓮縣花蓮市主計里9鄰廣東街187巷9號,121.606954,23.972511
RPVOMLNJNHJGFAU17DA,花蓮縣吉安鄉南海三街２００巷６號,花蓮縣吉安鄉仁和村38鄰南海三街200巷6號,121.59191,23.954502
RPUPMLNJNHJGFAU17DA,花蓮縣花蓮市國盛四街５５號四樓之六,花蓮縣花蓮市國盛里22鄰國盛四街55號,121.607277,23.995179
RPOQMLNJNHJGFAU66DA,花蓮縣花蓮市南京街２０３號十二樓之七,花蓮縣花蓮市主信里5鄰南京街203號,121.606539,23.974793
RPPNMLQJNHJGFAU86EA,花蓮縣花蓮市國風街２５號,花蓮縣花蓮市國風里7鄰國風街25號,121.597723,23.977222
RPTNMLNJNHJGFAU86DA,花蓮縣吉安鄉吉安路六段７４５號,花蓮縣吉安鄉干城村10鄰吉安路六段745號,121.526134,23.947855
RPROMLQJNHJGFAU07DA,花蓮縣吉安鄉中正路二段１８６巷１９號七樓之三,花蓮縣吉安鄉仁和村36鄰中正路二段186巷19號,121.58526,23.958917
RPUNMLRJNHJGFAU37DA,花蓮縣花蓮市華興街３３號四樓之二,花蓮縣花蓮市民享里19鄰華興街33號,121.619964,24.003143
RPWNMLRJNHJGFAU57DA,花蓮縣花蓮市國盛二街６３號四樓之三,花蓮縣花蓮市國盛里14鄰國盛二街63號,121.606753,23.991019
RPTOMLQLMHJGFAU37DA,花蓮縣花蓮市建林街５５號,花蓮縣花蓮市國風里14鄰建林街55號,121.598637,23.979227
RPROMLRJNHJGFAU17DA,花蓮縣吉安鄉廣豐二街２２６號,花蓮縣吉安鄉稻香村25鄰廣豐二街226號,121.579911,23.959862
RPWOMLRJNHJGFAU67DA,花蓮縣吉安鄉稻香五街３１號,花蓮縣吉安鄉稻香村5鄰稻香五街31號,121.569252,23.963977
RPTNMLTJNHJGFAU47DA,花蓮縣花蓮市華廈街５號,花蓮縣花蓮市民享里13鄰華廈街5號,121.619125,24.005113
RPQNMLTKMHJGFAU17DA,花蓮縣花蓮市德安二街５５號,花蓮縣花蓮市主權里18鄰德安二街55號,121.592958,23.97342
RPSPMLSJNHJGFAU47DA,花蓮縣花蓮市成功街４５號二樓之二,花蓮縣花蓮市主和里27鄰成功街45號,121.602429,23.97081
RPROMLTJNHJGFAU37DA,花蓮縣花蓮市美工路５７號,花蓮縣花蓮市民心里3鄰美工路57號,121.623617,24.011569
RPVSMLPKMHJGFAU77DA,花蓮縣吉安鄉南山四街１８號,花蓮縣吉安鄉宜昌村30鄰南山四街18號,121.580611,23.9752
RPQOMLMLMHJGFAU66DA,花蓮縣花蓮市民權路１８９之９號,花蓮縣花蓮市民運里46鄰民權路189之9號,121.63065,23.993848
RPVOMLKMMHJGFAU07DA,花蓮縣吉安鄉中山路三段７３４巷１７號五樓之一,花蓮縣吉安鄉慶豐村44鄰中山路三段734巷17號,121.558539,23.985195
RPPNMLTJNHJGFAU07DA,花蓮縣花蓮市和平路３６２號八樓之七,花蓮縣花蓮市主睦里13鄰和平路362號,121.603492,23.974121
RPXNMLTJNHJGFAU87DA,花蓮縣花蓮市中興路１４５巷２號,花蓮縣花蓮市民政里20鄰中興路145巷2號,121.625511,23.995587
RPUOMLTJNHJGFAU67DA,花蓮縣花蓮市民孝街３２號,花蓮縣花蓮市民孝里8鄰民孝街32號,121.630838,24.000301
RPWNMLTJNHJGFAU77DA,花蓮縣花蓮市中興路２號二樓之一,花蓮縣花蓮市民運里5鄰中興路2號,121.633595,23.99274
RPUNMLOKNHJGFAU17DA,花蓮縣花蓮市建興街１３７巷１５弄２０號,花蓮縣花蓮市國興里10鄰建興街137巷15弄20號,121.574225,23.995802
RPUNMLRKMHJGFAU37DA,花蓮縣花蓮市福建街２７４號,花蓮縣花蓮市主和里16鄰福建街274號,121.604324,23.971207
RPOOMLNKNHJGFAU56DA,花蓮縣花蓮市國盛五街５２號三樓之二,花蓮縣花蓮市國盛里27鄰國盛五街52號,121.608318,23.994382
RPVNMLOKNHJGFAU27DA,花蓮縣花蓮市東興二街３５號八樓之三,花蓮縣花蓮市民孝里9鄰東興二街35號,121.629805,24.000105
RPUNMLPKNHJGFAU27DA,花蓮縣吉安鄉永吉一街５５號二樓之五,花蓮縣吉安鄉永興村5鄰永吉一街55號,121.567807,23.955317
RPQOMLPKNHJGFAU96DA,花蓮縣花蓮市中正路１５３巷３７號,花蓮縣花蓮市主安里13鄰中正路153巷37號,121.597221,23.97176
RPPOMLNKNHJGFAU66DA,花蓮縣吉安鄉南海三街３９號,花蓮縣吉安鄉仁安村10鄰南海三街39號,121.597973,23.951854
RPSNMLOKNHJGFAU96DA,花蓮縣吉安鄉南埔八街２１５巷１５號,花蓮縣吉安鄉仁里村19鄰南埔八街215巷15號,121.58908,23.966165
RPTNMLPKNHJGFAU17DA,花蓮縣花蓮市國盛一街１９０號三樓之九,花蓮縣花蓮市國盛里11鄰國盛一街190號,121.60567,23.993649
RPPPMLNJNHJGFAU66DA,花蓮縣吉安鄉吉祥四街４１號四樓之六,花蓮縣吉安鄉宜昌村25鄰吉祥四街41號,121.583872,23.974976
RPXOMLPKNHJGFAU67DA,花蓮縣花蓮市華興街１２０巷１１之２號,花蓮縣花蓮市民享里11鄰華興街120巷11之2號,121.620296,24.006062
RPRNMLQKNHJGFAU07DA,花蓮縣花蓮市中正路２８巷１弄５號,花蓮縣花蓮市主農里17鄰中正路28巷1弄5號,121.59538,23.968712
RPSNMLQKNHJGFAU17DA,花蓮縣花蓮市中正路２８巷１弄６號,花蓮縣花蓮市主農里17鄰中正路28巷1弄6號,121.595339,23.968689
RPROMLQKNHJGFAU17DA,花蓮縣花蓮市富裕五街８８號五樓之三,花蓮縣花蓮市國裕里20鄰富裕五街88號,121.599163,23.996566
RPTNMLRKNHJGFAU37DA,花蓮縣吉安鄉華城六街１９７號,花蓮縣吉安鄉光華村5鄰華城六街197號,121.572501,23.928117
RPWNMLRKNHJGFAU67DA,花蓮縣花蓮市球崙二路２１７號五樓之八,花蓮縣花蓮市民享里15鄰球崙二路217號,121.620874,24.005275
RPROMLKLNHJGFAU66DA,花蓮縣吉安鄉東海十街９８號,花蓮縣吉安鄉東昌村23鄰東海十街98號,121.594593,23.964103
RPSPMLNJNHJGFAU96DA,花蓮縣吉安鄉慶豐一街５號,花蓮縣吉安鄉慶豐村2鄰慶豐一街5號,121.57373,23.975124
RPQNMLRKNHJGFAU07DA,花蓮縣吉安鄉建國路二段２７５之５號,花蓮縣吉安鄉永安村30鄰建國路二段275之5號,121.574371,23.992933
RPPNMLTKNHJGFAU17DA,花蓮縣花蓮市豐村９０號,花蓮縣花蓮市國強里7鄰豐村90號,121.599742,24.002824
RPTNMLKLNHJGFAU76DA,花蓮縣花蓮市福建街２６巷２８號,花蓮縣花蓮市主農里3鄰福建街26巷28號,121.598881,23.966259
RPSOMLKLNHJGFAU76DA,花蓮縣吉安鄉吉昌二街１９３巷２之１號,花蓮縣吉安鄉吉安村24鄰吉昌二街193巷2之1號,121.563119,23.96989
RPUNMLLLNHJGFAU96DA,花蓮縣花蓮市豐村９０之３號,花蓮縣花蓮市國強里7鄰豐村90之3號,121.599678,24.002745
RPVNMLLLNHJGFAU07DA,花蓮縣花蓮市富裕五街７９號,花蓮縣花蓮市國裕里21鄰富裕五街79號,121.59865,23.99613
RPROMLLLNHJGFAU76DA,花蓮縣花蓮市國興六街２２之２號,花蓮縣花蓮市國聯里6鄰國興六街22之2號,121.598733,23.98796
RPQOMLPLMHJGFAU96DA,花蓮縣吉安鄉慶北一街１６７號六樓之二,花蓮縣吉安鄉慶豐村23鄰慶北一街167號,121.567898,23.979901
RPOOMLLLNHJGFAU09DA,花蓮縣花蓮市中美路１７６號五樓之六,花蓮縣花蓮市民立里1鄰中美路176號,121.62582,23.991083
RPSNMLMLNHJGFAU86DA,花蓮縣花蓮市國聯五路３號六樓之十一,花蓮縣花蓮市國聯里20鄰國聯五路3號,121.605902,23.988443
RPUNMLMLNHJGFAU07DA,花蓮縣花蓮市國興一街９５號二樓之二,花蓮縣花蓮市國聯里34鄰國興一街95號,121.603854,23.99555
RPRPMLMLNHJGFAU96DA,花蓮縣花蓮市東興一街７號,花蓮縣花蓮市民孝里8鄰東興一街7號,121.631867,24.000232
RPXNMLNLNHJGFAU47DA,花蓮縣吉安鄉明義五街３４巷８號,花蓮縣吉安鄉太昌村12鄰明義五街34巷8號,121.563864,23.994945
RPTNMLOLNHJGFAU17DA,花蓮縣花蓮市中山路４１１巷１２弄８號,花蓮縣花蓮市國華里4鄰中山路411巷12弄8號,121.604254,23.982537
RPQNMLRLNHJGFAU17DA,花蓮縣花蓮市富裕三街５２號二樓之九,花蓮縣花蓮市國裕里11鄰富裕三街52號,121.598028,23.994125
RPWNMLRLNHJGFAU77DA,花蓮縣吉安鄉中興路３２５巷１號,花蓮縣吉安鄉吉安村19鄰中興路325巷1號,121.565668,23.973458
RPPNMLRLNHJGFAU07DA,花蓮縣吉安鄉東海十五街１０９號,花蓮縣吉安鄉東昌村22鄰東海十五街109號,121.594975,23.962964
RPVOMLQJNHJGFAU47DA,花蓮縣吉安鄉昌隆三街７２號七樓之一,花蓮縣吉安鄉南昌村25鄰昌隆三街72號,121.580225,23.969887
RPPOMLPKNHJGFAU86DA,花蓮縣花蓮市豐村９０之５號,花蓮縣花蓮市國強里7鄰豐村90之5號,121.59966,24.002718
RPPNMLTLNHJGFAU27DA,花蓮縣花蓮市國富十一街２９號,花蓮縣花蓮市國富里12鄰國富十一街29號,121.595766,23.989716
RPVNMLTLNHJGFAU87DA,花蓮縣吉安鄉仁里三街１７巷１２號,花蓮縣吉安鄉仁里村8鄰仁里三街17巷12號,121.592029,23.968962
RPUOMLPKNHJGFAU37DA,花蓮縣吉安鄉舊村六街１３２號,花蓮縣吉安鄉福興村20鄰舊村六街132號,121.561456,23.966494
RPVNMLKLNHJGFAU96DA,花蓮縣吉安鄉太昌路６０６巷６號,花蓮縣吉安鄉太昌村14鄰太昌路606巷6號,121.55919,23.995629
RPUNMLOLNHJGFAU27DA,花蓮縣花蓮市中央路三段６５０號,花蓮縣花蓮市國富里34鄰中央路三段650號,121.590162,23.990337
RPPNMLMLNHJGFAU56DA,花蓮縣吉安鄉全民街１０１號四樓,花蓮縣吉安鄉永興村18鄰全民街101號,121.57004,23.938074
RPTNMLNLNHJGFAU07DA,花蓮縣花蓮市南京街１９１號四樓之十一,花蓮縣花蓮市主信里5鄰南京街191號,121.606202,23.974713
RPXNMLNJOHJGFAU37DA,花蓮縣花蓮市榮正街２０４巷６號,花蓮縣花蓮市主力里23鄰榮正街204巷6號,121.595648,23.975777
RPTOMLPKNHJGFAU27DA,花蓮縣花蓮市莊敬路２４５巷１號,花蓮縣花蓮市國富里26鄰莊敬路250之1號,121.593147,23.991306
RPSNMLPJOHJGFAU07DA,花蓮縣花蓮市國富二十街２５號,花蓮縣花蓮市國富里24鄰國富二十街25號,121.595134,23.992281
RPRNMLNKLHJGFAU56DA,花蓮縣花蓮市博愛街２２３之１號,花蓮縣花蓮市國治里19鄰博愛街223之1號,121.605448,23.97843
RPVNMLKLLHJGFAU76DA,花蓮縣花蓮市南京街２０３號三樓之十六,花蓮縣花蓮市主信里5鄰南京街203號,121.606539,23.974793
RPSNMLPKLHJGFAU86DA,花蓮縣花蓮市自立路８９巷６５弄４號,找不到指定的門牌地址。,,
RPSNMLMLLHJGFAU66DA,花蓮縣花蓮市國聯四路５２之６號,花蓮縣花蓮市國聯里27鄰國聯四路52之6號,121.60493,23.991781
RPTNMLPLLHJGFAU07DA,花蓮縣花蓮市自強路５２７巷１１號,找不到指定的門牌地址。,,
RPPNMLMLLHJGFAU09EA,花蓮縣花蓮市海濱街２０號,花蓮縣花蓮市民主里12鄰海濱街20號,121.614242,23.972239
RPUOMLMLLHJGFAU96DA,花蓮縣吉安鄉建國路３３８號,花蓮縣吉安鄉北昌村41鄰建國路338號,121.597871,23.984684
RPSNMLPLLHJGFAU96DA,花蓮縣花蓮市福建街４０６號七樓之七,花蓮縣花蓮市主計里1鄰福建街406號,121.607769,23.973483
RPSOMLPLLHJGFAU07DA,花蓮縣花蓮市中美九街２號三樓之六,花蓮縣花蓮市民政里32鄰中美九街2號,121.623846,23.993931
RPQNMLQLLHJGFAU86DA,花蓮縣吉安鄉慶豐九街２８３號五樓之二,花蓮縣吉安鄉慶豐村23鄰慶豐九街283號,121.568569,23.979372
RPRNMLQLLHJGFAU96DA,花蓮縣花蓮市中和街２１７號八樓之二,花蓮縣花蓮市主力里21鄰中和街217號,121.597691,23.974049
RPOPMLNLLHJGFAU56DA,花蓮縣花蓮市北昌五街５２號七樓之三,找不到指定的門牌地址。,,
RPRQMLSLLHJGFAU47DA,花蓮縣花蓮市長安街２７號十五樓之六,花蓮縣花蓮市主農里8鄰長安街27號,121.597191,23.967067
RPROMLSJLHJGFAU07DA,花蓮縣吉安鄉東海五街１號六樓之一,花蓮縣吉安鄉東昌村11鄰東海五街1號,121.597236,23.964832
RPUOMLRLLHJGFAU47DA,花蓮縣花蓮市球崙二路２１３號,花蓮縣花蓮市民享里15鄰球崙二路213號,121.620952,24.005106
RPPNMLTLLHJGFAU07DA,花蓮縣花蓮市國興三街７９號四樓之二,花蓮縣花蓮市國聯里17鄰國興三街79號,121.603126,23.988727
RPOOMLPLLHJGFAU66DA,花蓮縣吉安鄉全民街１３１號三樓,花蓮縣吉安鄉永興村19鄰全民街131號,121.570936,23.937574
RPVOMLTLLHJGFAU77DA,花蓮縣花蓮市化道路１３１巷５號,花蓮縣花蓮市民意里48鄰化道路131巷5號,121.620729,24.001041
RPTOMLLJMHJGFAU66DA,花蓮縣花蓮市化道路１０１巷１２號,花蓮縣花蓮市民意里48鄰化道路101巷12號,121.62071,24.000594
RPQNMLPKLHJGFAU66DA,花蓮縣花蓮市豐村２１之４６號二樓之一,花蓮縣花蓮市國強里5鄰豐村21之46號,121.602642,24.001947
RPSNMLRLLHJGFAU17DA,花蓮縣花蓮市中央路三段７３０號六樓之五,花蓮縣花蓮市國富里35鄰中央路三段730號,121.590858,23.991491
RPSPMLSLLHJGFAU47DA,花蓮縣吉安鄉慶豐十二街１６６巷２７弄６號,花蓮縣吉安鄉慶豐村58鄰慶豐十二街166巷27弄6號,121.565471,23.982659
RPTOMLTLLHJGFAU57DA,花蓮縣吉安鄉文化五街６７號二樓,花蓮縣吉安鄉南昌村24鄰文化五街67號,121.580406,23.970286
RPQNMLSJMHJGFAU96DA,花蓮縣花蓮市建昌路３８號四樓之一,找不到指定的門牌地址。,,
RPSNMLSJMHJGFAU17DA,花蓮縣花蓮市國富二十一街２２號二樓之五,花蓮縣花蓮市國富里42鄰國富二十一街22號,121.595868,23.993634
RPOPMLSJMHJGFAU96DA,花蓮縣花蓮市建安街６１巷２２號,花蓮縣花蓮市國興里6鄰建安街61巷22號,121.577262,23.994827
RPOOMLMLLHJGFAU98DA,花蓮縣花蓮市民族路１號九樓之十,花蓮縣花蓮市民運里4鄰民族路1號,121.631201,23.995093
RPQPMLSJMHJGFAU17DA,花蓮縣花蓮市化道路１３１巷３號,花蓮縣花蓮市民意里48鄰化道路131巷3號,121.620717,24.001076
RPVNMLTJMHJGFAU57DA,花蓮縣花蓮市民享八街１３號,花蓮縣花蓮市民運里35鄰民享八街13號,121.632425,23.99601
RPXOMLTJMHJGFAU87DA,花蓮縣花蓮市德安二街１１１號,花蓮縣花蓮市主權里16鄰德安二街111號,121.591994,23.972725
RPSNMLKKMHJGFAU09DA,花蓮縣花蓮市中美五街１２２巷８號三樓,花蓮縣花蓮市民政里30鄰中美五街122巷8號,121.626677,23.994191
RPROMLKKMHJGFAU09DA,花蓮縣花蓮市華泰街７號三樓,花蓮縣花蓮市民享里14鄰華泰街7號,121.619945,24.004653
RPRNMLSKLHJGFAU07DA,花蓮縣花蓮市中央路四段４５０號五樓之二,花蓮縣花蓮市國強里6鄰中央路四段450號,121.600269,24.002323
RPPNMLKKMHJGFAU78DA,花蓮縣吉安鄉南埔十二街２４號,花蓮縣吉安鄉仁里村22鄰南埔十二街24號,121.590846,23.970106
RPUOMLKKMHJGFAU76DA,花蓮縣花蓮市北昌三街１８巷２０號三樓之五,找不到指定的門牌地址。,,
RPWOMLKKMHJGFAU96DA,花蓮縣花蓮市壽昌街２９巷３０號三樓之二,找不到指定的門牌地址。,,
RPQNMLLKMHJGFAU98DA,花蓮縣花蓮市華廈街４０號五樓之五,花蓮縣花蓮市民享里15鄰華廈街40號,121.620655,24.005293
RPSNMLLKMHJGFAU56DA,花蓮縣吉安鄉昌隆七街３３號,花蓮縣吉安鄉南昌村12鄰昌隆七街33號,121.579026,23.968696
RPXNMLLKMHJGFAU07DA,花蓮縣花蓮市國聯五路１２９號四樓之四,花蓮縣花蓮市國聯里28鄰國聯五路129號,121.604913,23.992573
RPROMLMKLHJGFAU56DA,花蓮縣花蓮市國民七街５３號五樓之六,花蓮縣花蓮市國盛里4鄰國民七街53號,121.605877,23.991365
RPSOMLSJMHJGFAU27DA,花蓮縣吉安鄉永興七街７號五樓之一,花蓮縣吉安鄉永興村4鄰永興七街7號,121.566729,23.953212
SPSOMLSJMHJGFAU37DA,花蓮縣吉安鄉永興七街７號七樓之三,花蓮縣吉安鄉永興村4鄰永興七街7號,121.566729,23.953212
TPSOMLSJMHJGFAU47DA,花蓮縣吉安鄉永興七街７號七樓之六,花蓮縣吉安鄉永興村4鄰永興七街7號,121.566729,23.953212
RPUOMLSJMHJGFAU47DA,花蓮縣吉安鄉永興七街９號二樓之一,花蓮縣吉安鄉永興村4鄰永興七街9號,121.566844,23.953365
SPUOMLSJMHJGFAU57DA,花蓮縣吉安鄉永興七街９號四樓之二,花蓮縣吉安鄉永興村4鄰永興七街9號,121.566844,23.953365
TPUOMLSJMHJGFAU67DA,花蓮縣吉安鄉永興七街７號三樓之一,花蓮縣吉安鄉永興村4鄰永興七街7號,121.566729,23.953212
UPUOMLSJMHJGFAU77DA,花蓮縣吉安鄉永興七街７號三樓之五,花蓮縣吉安鄉永興村4鄰永興七街7號,121.566729,23.953212
RPTNMLTJMHJGFAU37DA,花蓮縣吉安鄉慶豐九街２８３號三樓之二,花蓮縣吉安鄉慶豐村23鄰慶豐九街283號,121.568569,23.979372
RPUNMLKKMHJGFAU66DA,花蓮縣吉安鄉慈惠四街８５巷２０號,花蓮縣吉安鄉勝安村19鄰慈惠四街85巷20號,121.587791,23.977661
RPPOMLPLLHJGFAU76DA,花蓮縣花蓮市豐村６１之５號,花蓮縣花蓮市國強里4鄰豐村61之5號,121.601187,24.001944
RPVOMLSJMHJGFAU57DA,花蓮縣吉安鄉永興七街９號六樓之六,花蓮縣吉安鄉永興村4鄰永興七街9號,121.566844,23.953365
TPVOMLSJMHJGFAU77DA,花蓮縣吉安鄉永興七街７號二樓之五,花蓮縣吉安鄉永興村4鄰永興七街7號,121.566729,23.953212
RPWOMLSJMHJGFAU67DA,花蓮縣吉安鄉永興七街９號二樓之六,花蓮縣吉安鄉永興村4鄰永興七街9號,121.566844,23.953365
SPWOMLSJMHJGFAU77DA,花蓮縣吉安鄉永興七街７號二樓之一,花蓮縣吉安鄉永興村4鄰永興七街7號,121.566729,23.953212
TPWOMLSJMHJGFAU87DA,花蓮縣吉安鄉永興七街７號五樓之三,花蓮縣吉安鄉永興村4鄰永興七街7號,121.566729,23.953212
RPXOMLSJMHJGFAU77DA,花蓮縣吉安鄉永興七街７號三樓之二,花蓮縣吉安鄉永興村4鄰永興七街7號,121.566729,23.953212
SPXOMLSJMHJGFAU87DA,花蓮縣吉安鄉永興七街７號四樓之一,花蓮縣吉安鄉永興村4鄰永興七街7號,121.566729,23.953212
RPOPMLMKMHJGFAU09DA,花蓮縣花蓮市國盛三街４６號,花蓮縣花蓮市國盛里22鄰國盛三街46號,121.606759,23.995186
RPPQMLMKMHJGFAU66DA,花蓮縣花蓮市國盛二街１１８號五樓之八,花蓮縣花蓮市國盛里17鄰國盛二街118號,121.605998,23.996006
RPUPMLRLLHJGFAU57DA,花蓮縣吉安鄉東海十街６０之１號二樓之二,花蓮縣吉安鄉東昌村26鄰東海十街60之1號,121.593745,23.96448
RPTOMLMKMHJGFAU86DA,花蓮縣花蓮市華廈街２０號五樓之二,花蓮縣花蓮市民享里14鄰華廈街20號,121.619958,24.005089
RPWOMLPKMHJGFAU47DA,花蓮縣花蓮市自立路１６號,找不到指定的門牌地址。,,
RPPQMLPKMHJGFAU96DA,花蓮縣花蓮市介林二街１０號,花蓮縣花蓮市國興里15鄰介林二街10號,121.572317,23.994415
RPVNMLLLLHJGFAU86DA,花蓮縣花蓮市明禮路３０號,花蓮縣花蓮市國光里4鄰明禮路30號,121.608116,23.982966
RPOOMLLJMHJGFAU78DA,花蓮縣吉安鄉仁里四街１４號,花蓮縣吉安鄉仁里村21鄰仁里四街14號,121.590788,23.969837
RPPQMLTJMHJGFAU27DA,花蓮縣吉安鄉南埔十五街３１巷２０號,花蓮縣吉安鄉仁里村25鄰南埔十五街31巷20號,121.588192,23.971034
RPTSMLPKMHJGFAU57DA,花蓮縣花蓮市自強路５０７巷５號五樓,找不到指定的門牌地址。,,
RPOTMLPKMHJGFAU17DA,花蓮縣花蓮市商校街５０號二樓,花蓮縣花蓮市國聯里18鄰商校街50號,121.605068,23.988264
RPRTMLPKMHJGFAU47DA,花蓮縣花蓮市中央路三段７３０號十樓之三,花蓮縣花蓮市國富里35鄰中央路三段730號,121.590858,23.991491
RPTNMLQKMHJGFAU17DA,花蓮縣吉安鄉永興一街２０１號,花蓮縣吉安鄉稻香村24鄰永興一街201號,121.574454,23.95164
RPPOMLQKMHJGFAU86DA,花蓮縣花蓮市永興路３之２號,花蓮縣花蓮市民立里1鄰永興路3之2號,121.626271,23.991173
RPVNMLRKMHJGFAU47DA,花蓮縣花蓮市中福路１１１號,花蓮縣花蓮市主和里26鄰中福路111號,121.602338,23.971551
RPSSMLMKMHJGFAU17DA,花蓮縣花蓮市中美路９３巷１６號,花蓮縣花蓮市民勤里12鄰中美路93巷16號,121.624305,23.990421
RPPTMLPKMHJGFAU27DA,花蓮縣花蓮市中美三街２３巷８號五樓,花蓮縣花蓮市民勤里30鄰中美三街23巷8號,121.624621,23.991582
RPQNMLRKMHJGFAU96DA,花蓮縣花蓮市德安六街１０２號八樓之二,花蓮縣花蓮市主權里1鄰德安六街102號,121.589581,23.973341
RPXNMLRKMHJGFAU67DA,花蓮縣花蓮市國盛四街５１號五樓之三,花蓮縣花蓮市國盛里23鄰國盛四街51號,121.607395,23.994675
RPTOMLSKMHJGFAU47DA,花蓮縣花蓮市府前路３８２號,花蓮縣花蓮市民意里1鄰府前路382號,121.621252,23.997788
RPPNMLLJMHJGFAU78DA,花蓮縣花蓮市球崙二路５２巷１３號,花蓮縣花蓮市民享里3鄰球崙二路52巷13號,121.622735,24.002188
RPWNMLMJMHJGFAU96DA,花蓮縣吉安鄉南山四街１１號,花蓮縣吉安鄉宜昌村30鄰南山四街11號,121.580402,23.974893
RPXPMLTJMHJGFAU97DA,花蓮縣花蓮市建中街１３巷５號五樓,花蓮縣花蓮市國魂里20鄰建中街13巷5號,121.599604,23.984584
RPRNMLQKMHJGFAU96DA,花蓮縣花蓮市府前路１５６號二樓之一,花蓮縣花蓮市民勤里16鄰府前路156號,121.621827,23.990705
RPVNMLQKMHJGFAU37DA,花蓮縣花蓮市國盛一街１４１之３號,花蓮縣花蓮市國盛里4鄰國盛一街141之3號,121.605862,23.992049
RPVOMLSKMHJGFAU67DA,花蓮縣花蓮市民德四街９號七樓之三,花蓮縣花蓮市民德里6鄰民德四街9號,121.621551,23.984332
RPWPMLSKMHJGFAU87DA,花蓮縣花蓮市中原路５３３巷３２之１２號五樓之三,花蓮縣花蓮市主權里12鄰中原路533巷32之12號,121.594956,23.972346
RPXPMLSKMHJGFAU97DA,花蓮縣花蓮市中原路５３３巷３２之１２號四樓之ㄧ,花蓮縣花蓮市主權里12鄰中原路533巷32之12號,121.594956,23.972346
RPPPMLSLLHJGFAU17DA,花蓮縣花蓮市中興路６號八樓之二,花蓮縣花蓮市民運里5鄰中興路6號,121.633495,23.992723
RPUOMLMJMHJGFAU86DA,花蓮縣花蓮市榮正街１８６巷９號,花蓮縣花蓮市主力里23鄰榮正街186巷9號,121.595882,23.97567
RPQSMLMKMHJGFAU96DA,花蓮縣吉安鄉永興七街７號四樓之六,花蓮縣吉安鄉永興村4鄰永興七街7號,121.566729,23.953212
RPUOMLSKMHJGFAU57DA,花蓮縣吉安鄉舊村六街６９號,花蓮縣吉安鄉福興村13鄰舊村六街69號,121.562573,23.967748
RPOQMLSKMHJGFAU17DA,花蓮縣花蓮市中原路５３３巷３２之１２號二樓之一,花蓮縣花蓮市主權里12鄰中原路533巷32之12號,121.594956,23.972346
RPSNMLTKMHJGFAU37DA,花蓮縣吉安鄉廣賢一街２０６巷３６號五樓之一,花蓮縣吉安鄉稻香村24鄰廣賢一街206巷36號,121.575705,23.954447
RPVPMLSLLHJGFAU77DA,花蓮縣花蓮市國民八街６３號四樓之六,花蓮縣花蓮市國盛里11鄰國民八街63號,121.60578,23.993442
RPTNMLMJMHJGFAU66DA,花蓮縣花蓮市民德二街８號,花蓮縣花蓮市民德里1鄰民德二街8號,121.618838,23.981857
RPTNMLRKMHJGFAU27DA,花蓮縣花蓮市南京街１８７號,花蓮縣花蓮市主信里5鄰南京街187號,121.606223,23.974602
RPOOMLTKMHJGFAU07DA,花蓮縣花蓮市博愛街１７８之１０號,花蓮縣花蓮市國威里31鄰博愛街178之10號,121.60489,23.979395
RPSNMLMLMHJGFAU76DA,花蓮縣吉安鄉東里四街７７巷２４號,花蓮縣吉安鄉東昌村6鄰東里四街77巷24號,121.594416,23.964843
RPRNMLOKLHJGFAU66DA,花蓮縣花蓮市豐村１１７之５６號,花蓮縣花蓮市國強里9鄰豐村117之56號,121.594224,24.007079
RPSOMLTKLHJGFAU37DA,花蓮縣花蓮市國民八街６０號,花蓮縣花蓮市國盛里12鄰國民八街60號,121.605808,23.993279
RPROMLLKMHJGFAU56DA,花蓮縣花蓮市自強路５９４巷７號之５,找不到指定的門牌地址。,,
RPVSMLMKMHJGFAU47DA,花蓮縣花蓮市府前路２９６巷１５號四樓之六,花蓮縣花蓮市民政里16鄰府前路296巷15號,121.62253,23.995581
RPPNMLRKMHJGFAU86DA,花蓮縣花蓮市福建街４０６號六樓之一,花蓮縣花蓮市主計里1鄰福建街406號,121.607769,23.973483
RPRNMLTKMHJGFAU27DA,花蓮縣花蓮市府前路５０６之１號二樓,花蓮縣花蓮市民意里49鄰府前路506之1號,121.620338,24.000651
RPROMLMLMHJGFAU76DA,花蓮縣花蓮市國富十三街３９號,花蓮縣花蓮市國富里10鄰國富十三街39號,121.596307,23.990387
RPPOMLOLMHJGFAU76DA,花蓮縣花蓮市德安六街１０５巷１號八樓之一,花蓮縣花蓮市主權里1鄰德安六街105巷1號,121.589552,23.973607
RPVOMLOLMHJGFAU37DA,花蓮縣吉安鄉吉昌二街１９４巷３６號,花蓮縣吉安鄉吉安村29鄰吉昌二街194巷36號,121.563976,23.970673
RPOPMLOLMHJGFAU76DA,花蓮縣花蓮市國富十二街１６號二樓之三,花蓮縣花蓮市國富里9鄰國富十二街16號,121.597312,23.990482
RPWPMLRLLHJGFAU77DA,花蓮縣吉安鄉南海一街１０９巷３２號,花蓮縣吉安鄉仁安村3鄰南海一街109巷32號,121.595484,23.956114
RPQOMLRKMHJGFAU07DA,花蓮縣花蓮市國聯四路５２之２４號,花蓮縣花蓮市國聯里27鄰國聯四路52之24號,121.60493,23.991781
RPUNMLOLMHJGFAU17DA,花蓮縣吉安鄉民治路３３６巷２７號,花蓮縣吉安鄉勝安村34鄰民治路336巷27號,121.586838,23.982986
RPOOMLOLMHJGFAU66DA,花蓮縣花蓮市富裕六街１８號四樓之一,花蓮縣花蓮市國裕里8鄰富裕六街18號,121.597323,23.994261
RPXNMLQLMHJGFAU67DA,花蓮縣花蓮市中央路三段７２０巷５號八樓之七,花蓮縣花蓮市國富里35鄰中央路三段720巷5號,121.591137,23.99133
RPVNMLPLLHJGFAU27DA,花蓮縣花蓮市重慶路４８６號九樓之六,花蓮縣花蓮市民主里15鄰重慶路486號,121.609458,23.972449
RPOQMLTJMHJGFAU17DA,花蓮縣吉安鄉東海五街１號二樓之二,花蓮縣吉安鄉東昌村11鄰東海五街1號,121.597236,23.964832
RPROMLPLMHJGFAU07DA,花蓮縣吉安鄉東海十街１３４號,花蓮縣吉安鄉東昌村22鄰東海十街134號,121.595506,23.963615
RPSOMLPLMHJGFAU17DA,花蓮縣花蓮市中原路５３３巷３２之１２號三樓之一,花蓮縣花蓮市主權里12鄰中原路533巷32之12號,121.594956,23.972346
RPRNMLQLMHJGFAU07DA,花蓮縣花蓮市府前路２９６巷１５號六樓之二,花蓮縣花蓮市民政里16鄰府前路296巷15號,121.62253,23.995581
RPRNMLLKMHJGFAU09DA,花蓮縣吉安鄉南華四街１２５巷１６號二樓之二,花蓮縣吉安鄉南華村2鄰南華四街125巷16號,121.550999,23.953113
RPQNMLPLMHJGFAU86DA,花蓮縣花蓮市富安路１４７號七樓之三,花蓮縣花蓮市國裕里19鄰富安路147號,121.600004,23.996302
RPUNMLPLMHJGFAU27DA,花蓮縣吉安鄉慈惠四街２３６巷２６號,花蓮縣吉安鄉勝安村29鄰慈惠四街236巷26號,121.585871,23.979574
RPVOMLPLMHJGFAU47DA,花蓮縣花蓮市中原路５３３巷３２之１２號三樓之二,花蓮縣花蓮市主權里12鄰中原路533巷32之12號,121.594956,23.972346
RPUNMLQLMHJGFAU37DA,花蓮縣花蓮市德安六街１０５巷２號九樓之三,花蓮縣花蓮市主權里1鄰德安六街105巷2號,121.589473,23.973599
RPVNMLQLMHJGFAU47DA,花蓮縣花蓮市自立路１４０號三樓,找不到指定的門牌地址。,,
RPPOMLQLMHJGFAU96DA,花蓮縣花蓮市上海街８１號七樓之五,花蓮縣花蓮市主學里6鄰上海街81號,121.602513,23.973182
RPWNMLTLMHJGFAU87DA,花蓮縣花蓮市中原路５３３巷３２之１２號五樓之一,花蓮縣花蓮市主權里12鄰中原路533巷32之12號,121.594956,23.972346
RPXNMLTLMHJGFAU97DA,花蓮縣花蓮市中原路５３３巷３２之１２號三樓之三,花蓮縣花蓮市主權里12鄰中原路533巷32之12號,121.594956,23.972346
RPSOMLTLMHJGFAU57DA,花蓮縣花蓮市國盛四街５１號六樓之二十一,花蓮縣花蓮市國盛里23鄰國盛四街51號,121.607395,23.994675
RPTNMLKMMHJGFAU76DA,花蓮縣花蓮市民德一街６３號二樓之二,花蓮縣花蓮市民德里10鄰民德一街63號,121.622101,23.986257
RPRPMLTJMHJGFAU37DA,花蓮縣花蓮市南京街１７０、１７２號,找不到指定的門牌地址。,,
RPTNMLLKMHJGFAU66DA,花蓮縣吉安鄉慶豐十街１２６巷１４號,花蓮縣吉安鄉慶豐村55鄰慶豐十街126巷14號,121.567464,23.981525
RPSOMLMLMHJGFAU86DA,花蓮縣花蓮市國盛一街１８０之９號二樓,花蓮縣花蓮市國盛里12鄰國盛一街180之9號,121.605765,23.993224
RPWOMLOLMHJGFAU47DA,花蓮縣花蓮市國盛一街６６巷４之１４號,花蓮縣花蓮市國盛里14鄰國盛一街66巷4之14號,121.606542,23.990684
RPXNMLKMMHJGFAU17DA,花蓮縣花蓮市福建街３２３號四樓,花蓮縣花蓮市主計里11鄰福建街323號,121.605918,23.97248
RPQQMLTJMHJGFAU37DA,花蓮縣花蓮市國民七街５３號五樓之七,花蓮縣花蓮市國盛里4鄰國民七街53號,121.605877,23.991365
RPQOMLOLMHJGFAU86DA,花蓮縣花蓮市中央路四段２８８巷５弄１０號,花蓮縣花蓮市國裕里35鄰中央路四段288巷5弄10號,121.598185,23.99969
RPQNMLTLMHJGFAU27DA,花蓮縣花蓮市睦和街１１號,花蓮縣花蓮市主權里26鄰睦和街11號,121.591641,23.974913
RPWOMLTLMHJGFAU97DA,花蓮縣吉安鄉仁光９９號,花蓮縣吉安鄉仁和村30鄰仁光99號,121.580875,23.943321
RPPNMLLJNHJGFAU88DA,花蓮縣吉安鄉慶北三街５７０號,花蓮縣吉安鄉慶豐村43鄰慶北三街570號,121.562535,23.984911
RPPOMLLJNHJGFAU98DA,花蓮縣花蓮市德安二街６８巷１２號二樓,花蓮縣花蓮市主權里20鄰德安二街68巷12號,121.59226,23.973666
RPVNMLMJNHJGFAU96DA,花蓮縣花蓮市國聯二路７１號六樓之六,花蓮縣花蓮市國聯里16鄰國聯二路71號,121.603375,23.989803
RPVPMLRLLHJGFAU67DA,花蓮縣吉安鄉慈惠六街７號,花蓮縣吉安鄉勝安村7鄰慈惠六街7號,121.592213,23.97776
RPOPMLKMMHJGFAU09DA,花蓮縣吉安鄉海岸路５６６號,花蓮縣吉安鄉仁和村21鄰海岸路566號,121.588793,23.947265
RPTNMLMJNHJGFAU76DA,花蓮縣花蓮市國聯二路７１號六樓之五,花蓮縣花蓮市國聯里16鄰國聯二路71號,121.603375,23.989803
RPOOMLMJNHJGFAU98DA,花蓮縣吉安鄉慶豐四街１４５號,花蓮縣吉安鄉慶豐村51鄰慶豐四街145號,121.572199,23.97782
RPWQMLSLLHJGFAU97DA,花蓮縣花蓮市府前路２９６巷２６號,花蓮縣花蓮市民政里34鄰府前路296巷26號,121.622311,23.996317
RPSNMLSKMHJGFAU27DA,花蓮縣花蓮市商校街１９５號四樓之三,花蓮縣花蓮市國魂里18鄰商校街195號,121.598461,23.986336
RPUNMLKMMHJGFAU86DA,花蓮縣吉安鄉中山路三段７３４巷１７號一樓之二,花蓮縣吉安鄉慶豐村44鄰中山路三段734巷17號,121.558539,23.985195
RPWNMLKMMHJGFAU07DA,花蓮縣吉安鄉中山路三段７３４巷１７號二樓之二,花蓮縣吉安鄉慶豐村44鄰中山路三段734巷17號,121.558539,23.985195
RPOOMLKMMHJGFAU98DA,花蓮縣吉安鄉中山路三段７３４巷１７號三樓之一,花蓮縣吉安鄉慶豐村44鄰中山路三段734巷17號,121.558539,23.985195
RPSNMLNJNHJGFAU76DA,花蓮縣花蓮市民權九街４９號三樓之二,花蓮縣花蓮市民勤里10鄰民權九街49號,121.624409,23.990573
RPROMLNJNHJGFAU76DA,花蓮縣吉安鄉民治路２６０號,花蓮縣吉安鄉勝安村13鄰民治路260號,121.588813,23.981133
RPUOMLQKMHJGFAU37DA,花蓮縣花蓮市莊敬路１５８之１號四樓之七,花蓮縣花蓮市國富里13鄰莊敬路158之1號,121.5946,23.989004
RPUOMLMLMHJGFAU07DA,花蓮縣花蓮市國興四街２６號四樓之一,花蓮縣花蓮市國聯里19鄰國興四街26號,121.604277,23.989097
RPPOMLKMMHJGFAU09DA,花蓮縣吉安鄉中山路三段７３４巷１７號三樓之二,花蓮縣吉安鄉慶豐村44鄰中山路三段734巷17號,121.558539,23.985195
RPPNMLMJNHJGFAU98DA,花蓮縣花蓮市中原路５３３巷３２之１２號四樓之二,花蓮縣花蓮市主權里12鄰中原路533巷32之12號,121.594956,23.972346
RPQNMLMJNHJGFAU09DA,花蓮縣花蓮市中原路５３３巷３２之１２號二樓之三,花蓮縣花蓮市主權里12鄰中原路533巷32之12號,121.594956,23.972346
RPSNMLMJNHJGFAU66DA,花蓮縣花蓮市國聯五路１２９號五樓之三,花蓮縣花蓮市國聯里28鄰國聯五路129號,121.604913,23.992573
RPPOMLMJNHJGFAU09DA,花蓮縣花蓮市仁愛街３巷５號,花蓮縣花蓮市主計里10鄰仁愛街3巷5號,121.606924,23.971658
RPPNMLNJNHJGFAU09DA,花蓮縣花蓮市新港街１１巷１５號三樓之二,花蓮縣花蓮市國治里12鄰新港街11巷15號,121.607342,23.977665
RPUNMLQJNHJGFAU27DA,花蓮縣花蓮市廣東街１７９號,花蓮縣花蓮市主計里9鄰廣東街179號,121.607027,23.972273
RPPOMLQJNHJGFAU86DA,花蓮縣花蓮市建林街４５之２號,花蓮縣花蓮市國風里14鄰建林街45之2號,121.598561,23.97914
RPQOMLQJNHJGFAU96DA,花蓮縣吉安鄉南埔八街９４巷１９號,花蓮縣吉安鄉仁里村33鄰南埔八街94巷19號,121.589353,23.968191
RPOOMLRJNHJGFAU86DA,花蓮縣花蓮市民德四街２之２５號十一樓,花蓮縣花蓮市民德里2鄰民德四街2之25號,121.620643,23.982814
RPWNMLLJMHJGFAU86DA,花蓮縣花蓮市富裕五街３０號三樓之五號,花蓮縣花蓮市國裕里11鄰富裕五街30號,121.597827,23.994268
RPTOMLOLMHJGFAU17DA,花蓮縣花蓮市介林九街３號,花蓮縣花蓮市國興里17鄰介林九街3號,121.573804,23.996549
RPVOMLMJNHJGFAU07DA,花蓮縣吉安鄉明太街１號,花蓮縣吉安鄉太昌村4鄰明太街2號,121.569225,23.990746
RPSOMLSKMHJGFAU37DA,花蓮縣花蓮市南京街２０３號七樓之十一,花蓮縣花蓮市主信里5鄰南京街203號,121.606539,23.974793
RPRNMLMJNHJGFAU56DA,花蓮縣花蓮市國盛四街５３號七樓之五,花蓮縣花蓮市國盛里22鄰國盛四街53號,121.607349,23.995044
RPWOMLQJNHJGFAU57DA,花蓮縣花蓮市建林街５１號,花蓮縣花蓮市國風里14鄰建林街51號,121.598584,23.979164
RPXNMLRJNHJGFAU67DA,花蓮縣花蓮市長春街１１巷６號,花蓮縣花蓮市主農里18鄰長春街11巷6號,121.595817,23.968776
RPQOMLRJNHJGFAU07DA,花蓮縣吉安鄉自強路２９號,花蓮縣吉安鄉勝安村25鄰自強路29號,121.585001,23.977022
RPQOMLTJNHJGFAU27DA,花蓮縣花蓮市鎮國街６６巷９號,花蓮縣花蓮市主力里16鄰鎮國街66巷9號,121.599825,23.975985
RPVNMLKMMHJGFAU96DA,花蓮縣吉安鄉中山路三段７３４巷１７號一樓之一,花蓮縣吉安鄉慶豐村44鄰中山路三段734巷17號,121.558539,23.985195
RPUOMLKMMHJGFAU96DA,花蓮縣花蓮市中華路１８２之２號,花蓮縣花蓮市主工里10鄰中華路182之2號,121.602937,23.975622
RPXOMLKMMHJGFAU27DA,花蓮縣吉安鄉中山路三段７３４巷１７號二樓之一,花蓮縣吉安鄉慶豐村44鄰中山路三段734巷17號,121.558539,23.985195
RPQOMLSJNHJGFAU17DA,花蓮縣花蓮市德安二街１６１號,花蓮縣花蓮市主權里16鄰德安二街161號,121.591258,23.972203
RPOOMLTJNHJGFAU07DA,花蓮縣花蓮市中興路４３巷６號四樓之八,花蓮縣花蓮市民立里9鄰中興路43巷6號,121.630056,23.991555
RPOOMLRKMHJGFAU86DA,花蓮縣花蓮市國民十二街２８號,花蓮縣花蓮市國盛里10鄰國民十二街28號,121.605577,23.995466
RPTOMLRKMHJGFAU37DA,花蓮縣花蓮市中美十三街５２號一樓之一,花蓮縣花蓮市民政里35鄰中美十三街52號,121.623687,23.998049
RPPOMLTKMHJGFAU17DA,花蓮縣吉安鄉廣豐路４９號,花蓮縣吉安鄉稻香村27鄰廣豐路49號,121.576717,23.954478
RPOPMLNJNHJGFAU56DA,花蓮縣花蓮市德安三街１３號三樓之三,花蓮縣花蓮市主權里21鄰德安三街13號,121.590806,23.972891
RPSNMLTJNHJGFAU37DA,花蓮縣花蓮市國聯五路１２９號五樓之五,花蓮縣花蓮市國聯里28鄰國聯五路129號,121.604913,23.992573
RPUNMLTJNHJGFAU57DA,花蓮縣花蓮市北昌一街９７巷１０號,找不到指定的門牌地址。,,
RPSNMLSJNHJGFAU27DA,花蓮縣吉安鄉東海六街１２４號,花蓮縣吉安鄉東昌村10鄰東海六街124號之1,121.597361,23.964213
RPTPMLSJNHJGFAU57DA,花蓮縣吉安鄉東海二街１３號,花蓮縣吉安鄉東昌村1鄰東海二街13號,121.594849,23.967642
RPSOMLTJNHJGFAU47DA,花蓮縣吉安鄉海岸路２７７號,花蓮縣吉安鄉仁安村8鄰海岸路277號,121.59272,23.954874
RPQNMLNKNHJGFAU66DA,花蓮縣花蓮市建國路二段２６８巷７號,花蓮縣花蓮市國興里2鄰建國路二段268巷7號,121.578036,23.992289
RPSNMLNKNHJGFAU86DA,花蓮縣花蓮市建國路二段２６８巷５號,花蓮縣花蓮市國興里2鄰建國路二段268巷5號,121.578007,23.992236
RPPNMLOKNHJGFAU66DA,花蓮縣花蓮市北昌四街５８巷７弄３號,找不到指定的門牌地址。,,
RPUPMLKMMHJGFAU07DA,花蓮縣花蓮市國盛四街５１號三樓之二十三,花蓮縣花蓮市國盛里23鄰國盛四街51號,121.607395,23.994675
RPROMLOKNHJGFAU96DA,花蓮縣花蓮市中原路５３３巷３２之１２號五樓之二,花蓮縣花蓮市主權里12鄰中原路533巷32之12號,121.594956,23.972346
RPVOMLPKNHJGFAU47DA,花蓮縣花蓮市北昌三街５４巷１０之５號,找不到指定的門牌地址。,,
RPPPMLPKNHJGFAU96DA,花蓮縣花蓮市國盛四街６５號二樓之二,花蓮縣花蓮市國盛里22鄰國盛四街65號,121.607263,23.995521
RPSPMLKKMHJGFAU66DA,花蓮縣花蓮市鎮國街６３號,花蓮縣花蓮市主力里29鄰鎮國街63號,121.5998,23.97565
RPVNMLRKNHJGFAU57DA,花蓮縣吉安鄉稻香路４９號,花蓮縣吉安鄉稻香村14鄰稻香路49號,121.570722,23.962368
RPXNMLRKNHJGFAU77DA,花蓮縣花蓮市莊敬路２４５巷２９號,花蓮縣花蓮市國富里26鄰莊敬路250之1號,121.593147,23.991306
RPPOMLRKNHJGFAU07DA,花蓮縣花蓮市豐村９０之１號,花蓮縣花蓮市國強里7鄰豐村90之1號,121.59972,24.002797
RPTOMLRKNHJGFAU47DA,花蓮縣花蓮市民生路２３號三樓之五,花蓮縣花蓮市民運里7鄰民生路23號,121.633432,23.993504
RPUOMLKLNHJGFAU96DA,花蓮縣花蓮市國聯二路７１號六樓之七,花蓮縣花蓮市國聯里16鄰國聯二路71號,121.603375,23.989803
RPPNMLLLNHJGFAU09DA,花蓮縣花蓮市中強街１１２號,花蓮縣花蓮市主安里6鄰中強街112號,121.601237,23.969639
RPXNMLSKLHJGFAU67DA,花蓮縣花蓮市豐村１２９之１０號,花蓮縣花蓮市國強里10鄰豐村129之10號,121.594927,24.010542
RPUOMLQLMHJGFAU47DA,花蓮縣花蓮市建興街１３７巷９號,花蓮縣花蓮市國興里10鄰建興街137巷9號,121.574692,23.995974
RPWOMLMLNHJGFAU37DA,花蓮縣花蓮市重慶路４８６號十一樓之六,花蓮縣花蓮市民主里15鄰重慶路486號,121.609458,23.972449
RPQPMLMLNHJGFAU86DA,花蓮縣吉安鄉吉安路一段１６０巷２３弄２號,花蓮縣吉安鄉永安村28鄰吉安路一段160巷23弄2號,121.569407,23.986851
RPWOMLMLMHJGFAU27DA,花蓮縣花蓮市建國路二段４７２巷９號,花蓮縣花蓮市國興里13鄰建國路二段472巷9號,121.57374,23.993932
RPROMLQLMHJGFAU17DA,花蓮縣花蓮市中正路１６８巷３號,花蓮縣花蓮市主安里10鄰中正路168巷3號,121.598609,23.970497
RPROMLOLNHJGFAU07DA,花蓮縣花蓮市中美三街２１巷７號五樓,花蓮縣花蓮市民勤里31鄰中美三街21巷7號,121.624205,23.991221
RPOOMLOLNHJGFAU76DA,花蓮縣花蓮市中興路１２之１號四樓之二,花蓮縣花蓮市民運里5鄰中興路12之1號,121.63323,23.992691
RPXNMLOLNHJGFAU57DA,花蓮縣花蓮市中興路１２之１號四樓之一,花蓮縣花蓮市民運里5鄰中興路12之1號,121.63323,23.992691
RPTRMLMKMHJGFAU17DA,花蓮縣花蓮市球崙一路２２５號三樓,花蓮縣花蓮市民享里6鄰球崙一路225號,121.622919,24.003874
RPQNMLLMNHJGFAU66DA,花蓮縣吉安鄉海濱９３之５號,花蓮縣吉安鄉仁安村21鄰海濱93之5號,121.605716,23.947258
RPUNMLLMNHJGFAU07DA,花蓮縣吉安鄉太昌路４１０之２號,花蓮縣吉安鄉太昌村5鄰太昌路410之2號,121.567391,23.991644
RPUOMLLJMHJGFAU76DA,花蓮縣吉安鄉福興五街４３０之６號,花蓮縣吉安鄉福興村11鄰福興五街430之6號,121.558333,23.967241
RPWNMLNJOHJGFAU27DA,花蓮縣吉安鄉南埔四街１１４巷１２弄６號,花蓮縣吉安鄉仁里村19鄰南埔四街114巷12弄6號,121.589873,23.966387
RPRNMLSLNHJGFAU37DA,花蓮縣吉安鄉中興路２１４巷２５號,花蓮縣吉安鄉吉安村14鄰中興路214巷25號,121.568732,23.972918
RPTNMLSLNHJGFAU57DA,花蓮縣吉安鄉中興路２１４巷２３號,花蓮縣吉安鄉吉安村14鄰中興路214巷23號,121.568703,23.972866
RPRNMLTLNHJGFAU47DA,花蓮縣吉安鄉中興路２１４巷２１號,花蓮縣吉安鄉吉安村14鄰中興路214巷21號,121.568663,23.972816
RPXOMLOJOHJGFAU57DA,花蓮縣花蓮市仁愛街３５號,花蓮縣花蓮市主睦里9鄰仁愛街35號,121.60493,23.97454
RPUOMLPJLHJGFAU07DA,花蓮縣花蓮市國盛四街５１號八樓之八,花蓮縣花蓮市國盛里23鄰國盛四街51號,121.607395,23.994675
RPSPMLRJLHJGFAU17DA,花蓮縣吉安鄉海岸路２８１號,花蓮縣吉安鄉仁安村8鄰海岸路281號,121.592679,23.954784
RPXOMLLJLHJGFAU96DA,花蓮縣花蓮市和平路５５１號五樓,花蓮縣花蓮市國風里5鄰和平路551號,121.600399,23.977637
RPVOMLOJLHJGFAU07DA,花蓮縣花蓮市國民九街８４號,花蓮縣花蓮市國盛里23鄰國民九街84號,121.607197,23.994683
RPQNMLLKLHJGFAU88DA,花蓮縣吉安鄉南埔十六街５７號,花蓮縣吉安鄉仁里村25鄰南埔十六街57號,121.58829,23.971375
RPWNMLTLKHJGFAU67DA,花蓮縣花蓮市中和街２１３號十樓之一,花蓮縣花蓮市主力里21鄰中和街213號,121.597877,23.974246
RPQPMLLJLHJGFAU98DA,花蓮縣花蓮市中興路６號六樓之五,花蓮縣花蓮市民運里5鄰中興路6號,121.633495,23.992723
RPWNMLMKLHJGFAU96DA,花蓮縣花蓮市長安街２６號四樓之六,花蓮縣花蓮市主農里8鄰長安街26號,121.596978,23.96724
RPOOMLNKLHJGFAU98DA,花蓮縣花蓮市中興路２３１號六樓之五,花蓮縣花蓮市民政里26鄰中興路231號,121.623333,23.997214
RPPNMLOKLHJGFAU09DA,花蓮縣花蓮市國民七街５１號十二樓之二十二,花蓮縣花蓮市國盛里3鄰國民七街51號,121.60583,23.991358
RPSOMLRLKHJGFAU17DA,花蓮縣吉安鄉南埔二街１５號二樓,花蓮縣吉安鄉仁里村14鄰南埔二街15號,121.591731,23.966788
RPOPMLPJLHJGFAU56DA,花蓮縣吉安鄉南海二街１９３巷５號,花蓮縣吉安鄉仁安村7鄰南海二街193巷5號,121.593333,23.955569
RPQNMLMKLHJGFAU98DA,花蓮縣花蓮市中山路７９１巷２號,花蓮縣花蓮市國富里43鄰中山路791巷2號,121.596753,23.992621
RPVOMLNKLHJGFAU07DA,花蓮縣花蓮市中央路三段６９２號,花蓮縣花蓮市國富里34鄰中央路三段692號,121.590535,23.990959
RPOPMLNKLHJGFAU09DA,花蓮縣花蓮市中興路３２號九樓之五,花蓮縣花蓮市民運里5鄰中興路32號,121.632298,23.992605
RPWNMLOKLHJGFAU17DA,花蓮縣吉安鄉太昌路５８４巷１１號,花蓮縣吉安鄉太昌村13鄰太昌路584巷11號,121.560587,23.995466
RPWOMLQKKHJGFAU37DA,花蓮縣吉安鄉明仁二街１７５巷４號,花蓮縣吉安鄉永安村33鄰明仁二街175巷4號,121.575388,23.98931
RPSNMLQJLHJGFAU86DA,花蓮縣花蓮市富裕五街３５號三樓之一,花蓮縣花蓮市國裕里8鄰富裕五街35號,121.597618,23.994325
RPROMLNKLHJGFAU66DA,花蓮縣花蓮市富裕十街１２巷３號,花蓮縣花蓮市國裕里23鄰富裕十街12巷3號,121.59775,23.997115
RPPOMLSKLHJGFAU96DA,花蓮縣花蓮市中正路４３４巷３號,花蓮縣花蓮市主信里10鄰中正路434巷3號,121.604954,23.975124
RPROMLSKLHJGFAU17DA,花蓮縣花蓮市國盛八街１２１號五樓之二,花蓮縣花蓮市國盛里9鄰國盛八街121號,121.605503,23.996614
RPUOMLQJLHJGFAU17DA,花蓮縣吉安鄉廣賢一街２３９巷１弄３號,花蓮縣吉安鄉稻香村27鄰廣賢一街239巷1弄3號,121.576072,23.953316
RPVOMLOKLHJGFAU17DA,花蓮縣吉安鄉昌隆三街７７號五樓,花蓮縣吉安鄉南昌村24鄰昌隆三街77號,121.580475,23.969939
RPOPMLOKLHJGFAU56DA,花蓮縣花蓮市國民五街５３之３號,花蓮縣花蓮市國聯里19鄰國民五街53之3號,121.604158,23.989484
RPOOMLPKLHJGFAU56DA,花蓮縣花蓮市軒轅路２號二樓２號,花蓮縣花蓮市民族里11鄰軒轅路2號,121.61175,23.97456
RPPNMLSKLHJGFAU86DA,花蓮縣花蓮市北昌四街３３號六樓之一,找不到指定的門牌地址。,,
RPUOMLSKLHJGFAU47DA,花蓮縣吉安鄉慶北二街３９８號四樓,花蓮縣吉安鄉慶豐村31鄰慶北二街398號,121.56721,23.981124
RPVOMLSKLHJGFAU57DA,花蓮縣吉安鄉慶北二街３９８號二樓,花蓮縣吉安鄉慶豐村31鄰慶北二街398號,121.56721,23.981124
RPWOMLSKLHJGFAU67DA,花蓮縣吉安鄉慶北二街３９８號三樓,花蓮縣吉安鄉慶豐村31鄰慶北二街398號,121.56721,23.981124
RPOPMLLJLHJGFAU78DA,花蓮縣花蓮市中興路３２號十一樓之一,花蓮縣花蓮市民運里5鄰中興路32號,121.632298,23.992605
RPWOMLPJLHJGFAU27DA,花蓮縣花蓮市華德街５之２號,花蓮縣花蓮市民心里14鄰華德街5之2號,121.621699,24.008989
RPOOMLSKLHJGFAU86DA,花蓮縣花蓮市府前路１５６號六樓之三,花蓮縣花蓮市民勤里16鄰府前路156號,121.621827,23.990705
RPSPMLSKLHJGFAU37DA,花蓮縣花蓮市建昌路１１５號,找不到指定的門牌地址。,,
RPQNMLTKLHJGFAU07DA,花蓮縣花蓮市東興一街８０號五樓之一,花蓮縣花蓮市民孝里11鄰東興一街80號,121.63198,24.001245
RPPOMLTKLHJGFAU07DA,花蓮縣吉安鄉廣賢一街２０６巷３６號四樓之七,花蓮縣吉安鄉稻香村24鄰廣賢一街206巷36號,121.575705,23.954447
RPUOMLTKLHJGFAU57DA,花蓮縣花蓮市化道路８９巷２６號六樓之一,花蓮縣花蓮市民意里48鄰化道路89巷26號,121.621193,24.000548
RPPNMLKLLHJGFAU78DA,花蓮縣花蓮市國富二十一街１６號六樓之五,花蓮縣花蓮市國富里42鄰國富二十一街16號,121.596053,23.993388
RPTOMLPJLHJGFAU96DA,花蓮縣花蓮市介林五街１２２號,花蓮縣花蓮市國興里9鄰介林五街122號,121.575447,23.994596
RPVOMLTKLHJGFAU67DA,花蓮縣花蓮市民享一街６０號,花蓮縣花蓮市民運里18鄰民享一街60號,121.631773,23.992991
RPRPMLLJLHJGFAU09DA,花蓮縣吉安鄉福興三街８號,花蓮縣吉安鄉福興村10鄰福興三街8號,121.560748,23.967292
RPXOMLSKLHJGFAU77DA,花蓮縣花蓮市國盛四街５３號六樓之二,花蓮縣花蓮市國盛里22鄰國盛四街53號,121.607349,23.995044
RPTNMLTKLHJGFAU37DA,花蓮縣花蓮市建和街２５巷３０弄９號,花蓮縣花蓮市國興里8鄰建和街25巷30弄9號,121.575551,23.993977
RPOOMLKLLHJGFAU78DA,花蓮縣花蓮市長安街２６號十二樓之八,花蓮縣花蓮市主農里8鄰長安街26號,121.596978,23.96724
RPTOMLKLLHJGFAU66DA,花蓮縣花蓮市國富十三街９號五樓之一,花蓮縣花蓮市國富里9鄰國富十三街9號,121.597128,23.990897
RPSNMLSJLHJGFAU07DA,花蓮縣花蓮市中美十三街５６號四樓之二,花蓮縣花蓮市民政里35鄰中美十三街56號,121.623858,23.99822
RPOOMLLLLHJGFAU88DA,花蓮縣花蓮市國富十三街９號四樓之七,花蓮縣花蓮市國富里9鄰國富十三街9號,121.597128,23.990897
RPROMLLLLHJGFAU56DA,花蓮縣吉安鄉中山路一段２２２號七樓之五,花蓮縣吉安鄉仁里村32鄰中山路一段222號,121.586352,23.969221
RPQNMLMLLHJGFAU09DA,花蓮縣花蓮市商校街１６７號,花蓮縣花蓮市國魂里12鄰商校街167號,121.599349,23.98654
RPQNMLPLLHJGFAU76DA,花蓮縣花蓮市國富二街１６４號,花蓮縣花蓮市國富里23鄰國富二街164號,121.593844,23.991285
RPTNMLSKLHJGFAU27DA,花蓮縣吉安鄉文化二街６６號七樓,花蓮縣吉安鄉南昌村23鄰文化二街66號,121.581485,23.967877
RPSNMLLLLHJGFAU56DA,花蓮縣花蓮市豐村１１７之２６號,花蓮縣花蓮市國強里9鄰豐村117之26號,121.593796,24.006964
RPQOMLLLLHJGFAU09DA,花蓮縣吉安鄉南昌北路７６號七樓之二,花蓮縣吉安鄉南昌村20鄰南昌北路76號,121.582145,23.969007
RPXNMLMLLHJGFAU17DA,花蓮縣花蓮市介林五街３１８號,花蓮縣花蓮市國興里23鄰介林五街318號,121.569506,23.996493
RPUOMLPLLHJGFAU27DA,花蓮縣花蓮市中美三街６６號四樓之三,花蓮縣花蓮市民勤里19鄰中美三街66號,121.622947,23.988491
RPQPMLRJLHJGFAU96DA,花蓮縣吉安鄉吉祥四街４１號五樓之二,花蓮縣吉安鄉宜昌村25鄰吉祥四街41號,121.583872,23.974976
RPSNMLQLLHJGFAU07DA,花蓮縣吉安鄉文化二街６６號四樓之一,花蓮縣吉安鄉南昌村23鄰文化二街66號,121.581485,23.967877
RPWNMLQLLHJGFAU47DA,花蓮縣吉安鄉東里三街２９號,花蓮縣吉安鄉東昌村32鄰東里三街29號,121.592004,23.963183
RPQNMLPKKHJGFAU56DA,花蓮縣花蓮市豐村１３３之１０號,花蓮縣花蓮市國強里10鄰豐村133之3號,121.594778,24.010802
RPPNMLOLLHJGFAU56DA,花蓮縣花蓮市中央路三段７３０號八樓之二十,花蓮縣花蓮市國富里35鄰中央路三段730號,121.590858,23.991491
RPROMLRLLHJGFAU17DA,花蓮縣吉安鄉文化五街５７號,花蓮縣吉安鄉南昌村24鄰文化五街57號,121.580601,23.970129
RPWPMLSLLHJGFAU87DA,花蓮縣花蓮市民光４１０之１１號,花蓮縣花蓮市民意里36鄰民光410之11號,121.616453,24.000585
RPPOMLSLLHJGFAU07DA,花蓮縣花蓮市民享三街１２號,花蓮縣花蓮市民運里27鄰民享三街12號,121.632763,23.993942
RPVQMLSLLHJGFAU87DA,花蓮縣花蓮市中興路１４５巷２號,花蓮縣花蓮市民政里20鄰中興路145巷2號,121.625511,23.995587
RPSNMLTLLHJGFAU37DA,花蓮縣吉安鄉東里十五街７６巷１５號,花蓮縣吉安鄉東昌村16鄰東里十五街76巷15號,121.597699,23.962803
RPTNMLTLLHJGFAU47DA,花蓮縣吉安鄉慶北一街１６７號七樓之二,花蓮縣吉安鄉慶豐村23鄰慶北一街167號,121.567898,23.979901
RPVNMLTLLHJGFAU67DA,花蓮縣花蓮市福光街３４７巷６０號,花蓮縣花蓮市國福里1鄰福光街347巷60號,121.586325,24.013117
RPUOMLTLLHJGFAU67DA,花蓮縣花蓮市國民六街４３巷１號,花蓮縣花蓮市國聯里20鄰國民六街43巷1號,121.605419,23.988588
RPQOMLMLLHJGFAU56DA,花蓮縣花蓮市上海街２０６號,花蓮縣花蓮市主信里9鄰上海街206號,121.605532,23.974938
RPRNMLPLLHJGFAU86DA,花蓮縣花蓮市建德街１３號,花蓮縣花蓮市國興里23鄰建德街13號,121.57066,23.996247
RPQNMLTLLHJGFAU17DA,花蓮縣花蓮市中美路１２１號,花蓮縣花蓮市民政里1鄰中美路121號,121.627275,23.993351
RPTOMLOJLHJGFAU86DA,花蓮縣花蓮市國盛四街５３號三樓之九,花蓮縣花蓮市國盛里22鄰國盛四街53號,121.607349,23.995044
RPVNMLSKLHJGFAU47DA,花蓮縣吉安鄉東里七街７０巷４號,花蓮縣吉安鄉東昌村32鄰東里七街70巷4號,121.592134,23.962962
RPPOMLLLLHJGFAU98DA,花蓮縣花蓮市國聯二路７９號,花蓮縣花蓮市國聯里16鄰國聯二路79號,121.603281,23.989712
RPVNMLQLLHJGFAU37DA,花蓮縣花蓮市富陽路３８號八樓之五,花蓮縣花蓮市國裕里20鄰富陽路38號,121.599031,23.995871
RPXPMLSLLHJGFAU97DA,花蓮縣吉安鄉南海十街１４３巷１弄１３號,花蓮縣吉安鄉仁安村23鄰南海十街143巷1弄13號,121.588381,23.941244
RPRNMLMJMHJGFAU09DA,花蓮縣花蓮市中華路４１６巷１弄５號,花蓮縣花蓮市主權里23鄰中華路416巷1弄5號,121.594528,23.975344
RPSNMLMJMHJGFAU56DA,花蓮縣花蓮市國富十二街１５號,花蓮縣花蓮市國富里8鄰國富十二街15號,121.597403,23.990314
RPPNMLMJMHJGFAU98EA,花蓮縣花蓮市重慶路８７號,花蓮縣花蓮市主農里6鄰重慶路87號,121.600528,23.967095
RPPOMLMJMHJGFAU98DA,花蓮縣花蓮市中美十三街５８號及地下室,花蓮縣花蓮市民政里35鄰中美十三街58號,121.623906,23.998272
RPSOMLMJMHJGFAU66DA,花蓮縣花蓮市豐村９０之６號,花蓮縣花蓮市國強里7鄰豐村90之6號,121.599639,24.002692
RPTNMLRJMHJGFAU17DA,花蓮縣花蓮市裕祥路１６５號,花蓮縣花蓮市國裕里35鄰裕祥路165號,121.598471,23.999884
RPTNMLKKMHJGFAU56DA,花蓮縣吉安鄉南海六街３０９巷３３號,花蓮縣吉安鄉仁和村20鄰南海六街309巷33號,121.585109,23.949822
RPQPMLKKMHJGFAU09DA,花蓮縣吉安鄉廣賢一街２０６巷３６號五樓之三,花蓮縣吉安鄉稻香村24鄰廣賢一街206巷36號,121.575705,23.954447
RPWOMLTJMHJGFAU77DA,花蓮縣花蓮市球崙二路２１７號二樓之二,花蓮縣花蓮市民享里15鄰球崙二路217號,121.620874,24.005275
RPXOMLMKMHJGFAU27DA,花蓮縣花蓮市長春街２８號,花蓮縣花蓮市主農里10鄰長春街28號,121.596418,23.968596
RPWNMLQKMHJGFAU47DA,花蓮縣花蓮市中央路三段５６２號,找不到指定的門牌地址。,,
RPPOMLQLKHJGFAU76DA,花蓮縣花蓮市明心街２３號七樓之三,花蓮縣花蓮市國防里2鄰明心街23號,121.607573,23.985882
RPRPMLPKMHJGFAU07DA,花蓮縣花蓮市水源街５５巷６號,花蓮縣花蓮市民勤里32鄰水源街55巷6號,121.616834,23.985384
RPPSMLPKMHJGFAU17DA,花蓮縣花蓮市綜合市場１６號,花蓮縣花蓮市民生里21鄰綜合市場16號,121.609699,23.976918
RPUSMLPKMHJGFAU67DA,花蓮縣花蓮市府前路３９６號,花蓮縣花蓮市民意里1鄰府前路396號,121.621153,23.998131
RPXNMLLJMHJGFAU96DA,花蓮縣花蓮市民樂三街２之１號十三樓之一,花蓮縣花蓮市民樂里11鄰民樂三街2之1號,121.633493,23.990753
RPUPMLSKMHJGFAU67DA,花蓮縣花蓮市和平路３５６號,花蓮縣花蓮市主睦里13鄰和平路356號,121.603562,23.974027
RPOOMLMLMHJGFAU09DA,花蓮縣花蓮市長安街２７號十三樓之一,花蓮縣花蓮市主農里8鄰長安街27號,121.597191,23.967067
RPROMLRKMHJGFAU17DA,花蓮縣花蓮市富裕十六街５號,花蓮縣花蓮市國裕里5鄰富裕十六街5號,121.596399,23.996939
RPSOMLSKLHJGFAU27DA,花蓮縣吉安鄉全民街１４５號五樓,花蓮縣吉安鄉永興村19鄰全民街145號,121.571309,23.937536
RPTNMLOLMHJGFAU07DA,花蓮縣吉安鄉建國路二段１８５巷１號,花蓮縣吉安鄉永安村3鄰建國路二段185巷1號,121.577408,23.991781
RPSOMLQLMHJGFAU27DA,花蓮縣花蓮市建國路二段２８０號,花蓮縣花蓮市國興里2鄰建國路二段280號,121.577791,23.992069
RPUSMLMKMHJGFAU37DA,花蓮縣花蓮市南京街８２巷２弄７號,花蓮縣花蓮市主和里10鄰南京街82巷2弄7號,121.602807,23.971938
RPSOMLMJNHJGFAU76DA,花蓮縣花蓮市國興一街８７之１號,花蓮縣花蓮市國聯里34鄰國興一街87之1號,121.603247,23.994928
RPXNMLQKMHJGFAU57DA,花蓮縣花蓮市進豐街１１３巷１弄２６號,花蓮縣花蓮市國防里8鄰進豐街113巷1弄26號,121.60553,23.986484
RPTOMLRJNHJGFAU37DA,花蓮縣花蓮市林森路３１５巷７３號,花蓮縣花蓮市國華里20鄰林森路315巷73號,121.601125,23.981589
RPPOMLTJNHJGFAU17DA,花蓮縣花蓮市富吉路２９號,花蓮縣花蓮市國裕里11鄰富吉路29號,121.598204,23.99445
RPSNMLKMMHJGFAU66DA,花蓮縣花蓮市大同街９８巷３號,花蓮縣花蓮市國威里14鄰大同街98巷3號,121.608463,23.981463
RPROMLTLNHJGFAU57DA,花蓮縣花蓮市北昌一街９７巷２７號三樓,找不到指定的門牌地址。,,
RPPNMLPJOHJGFAU76DA,花蓮縣吉安鄉廣豐三街１１０號,花蓮縣吉安鄉稻香村26鄰廣豐三街110號,121.578394,23.954664
RPSQMLMJKHJGFAU66DA,花蓮縣花蓮市民權六街２８之１６號,花蓮縣花蓮市民立里10鄰民權六街28之16號,121.623307,23.987497
RPTNMLLLKHJGFAU56DA,花蓮縣花蓮市德安四街２號三樓,花蓮縣花蓮市主權里27鄰德安四街2號,121.594877,23.973426
RPUNMLPJLHJGFAU96DA,花蓮縣吉安鄉南昌北路６６號四樓之三,花蓮縣吉安鄉南昌村20鄰南昌北路66號,121.582171,23.969272
RPSOMLPJLHJGFAU86DA,花蓮縣花蓮市復興街３３之９號,花蓮縣花蓮市民生里7鄰復興街33之9號,121.609274,23.977692
RPQOMLQJLHJGFAU76DA,花蓮縣花蓮市忠義三街６之１４號,花蓮縣花蓮市民樂里15鄰忠義三街6之14號,121.632059,23.990632
RPUPMLRKJHJGFAU27DA,花蓮縣花蓮市豐村１２９之５號,花蓮縣花蓮市國強里10鄰豐村129之5號,121.59518,24.010501
RPTNMLRJKHJGFAU96DA,花蓮縣吉安鄉全民街６７號三樓,花蓮縣吉安鄉永興村16鄰全民街67號,121.570246,23.938803
RPXOMLOJLHJGFAU27DA,花蓮縣花蓮市中和街２１４巷１２號,花蓮縣花蓮市主力里19鄰中和街214巷12號,121.599034,23.974156
RPSOMLQJLHJGFAU96DA,花蓮縣花蓮市國興一街９５號四樓之七,花蓮縣花蓮市國聯里34鄰國興一街95號,121.603854,23.99555
RPVOMLRJLHJGFAU37DA,花蓮縣吉安鄉吉興三街９９巷２０弄１５號,花蓮縣吉安鄉吉安村21鄰吉興三街99巷20弄15號,121.564552,23.972615
RPQPMLRKKHJGFAU96DA,花蓮縣花蓮市民權九街８號,花蓮縣花蓮市民勤里24鄰民權九街8號,121.624345,23.99097
RPQNMLSJLHJGFAU86DA,花蓮縣花蓮市中央路三段７２０巷５號七樓之一,花蓮縣花蓮市國富里35鄰中央路三段720巷5號,121.591137,23.99133
RPXNMLSJLHJGFAU57DA,花蓮縣花蓮市廣東街１７９號,花蓮縣花蓮市主計里9鄰廣東街179號,121.607027,23.972273
RPXNMLLLKHJGFAU96DA,花蓮縣花蓮市德安三街１３號五樓之五,花蓮縣花蓮市主權里21鄰德安三街13號,121.590806,23.972891
RPUOMLKLKHJGFAU66DA,花蓮縣花蓮市東興路２９３號二樓之二,花蓮縣花蓮市民孝里10鄰東興路293號,121.632436,24.001045
RPUPMLLJLHJGFAU76DA,花蓮縣花蓮市府前路１５６號六樓之七,花蓮縣花蓮市民勤里16鄰府前路156號,121.621827,23.990705
RPXOMLRJLHJGFAU57DA,花蓮縣吉安鄉海岸路２５３號,花蓮縣吉安鄉仁安村7鄰海岸路253號,121.592955,23.955469
RPOOMLSJLHJGFAU76DA,花蓮縣吉安鄉仁里五街２１８巷７號,花蓮縣吉安鄉仁里村28鄰仁里五街218巷7號,121.586383,23.970064
RPOOMLTKKHJGFAU86DA,花蓮縣花蓮市中美三街２３巷２０號三樓,花蓮縣花蓮市民勤里30鄰中美三街23巷20號,121.624275,23.991834
RPPNMLSJLHJGFAU76DA,花蓮縣花蓮市民權九街２８巷６號五樓,花蓮縣花蓮市民勤里26鄰民權九街28巷6號,121.623683,23.992246
RPOOMLLKLHJGFAU78DA,花蓮縣花蓮市中美路２７５之２１號,花蓮縣花蓮市民孝里1鄰中美路275之21號,121.63041,23.998014
RPROMLOKLHJGFAU76DA,花蓮縣吉安鄉太昌路１２２巷６號,花蓮縣吉安鄉永安村23鄰太昌路122巷6號,121.574982,23.987794
RPQOMLSJLHJGFAU96DA,花蓮縣花蓮市成功街４１號六樓之三,花蓮縣花蓮市主和里27鄰成功街41號,121.601983,23.970913
RPXNMLOKLHJGFAU27DA,花蓮縣花蓮市長安街２７號十三樓之二,花蓮縣花蓮市主農里8鄰長安街27號,121.597191,23.967067
RPUOMLOKLHJGFAU07DA,花蓮縣花蓮市中興路３２號十二樓之一,花蓮縣花蓮市民運里5鄰中興路32號,121.632298,23.992605
RPTNMLPKLHJGFAU96DA,花蓮縣吉安鄉全民街１０１號五樓,花蓮縣吉安鄉永興村18鄰全民街101號,121.57004,23.938074
RPWNMLSKLHJGFAU57DA,花蓮縣花蓮市國興三街１２號,花蓮縣花蓮市國聯里21鄰國興三街12號,121.604091,23.990129
RPXNMLPKLHJGFAU37DA,花蓮縣吉安鄉仁里六街７９號,花蓮縣吉安鄉仁里村15鄰仁里六街79號,121.59077,23.968063
RPVOMLRKKHJGFAU37DA,花蓮縣花蓮市沙基拉雅街３９巷３０弄７３號,花蓮縣花蓮市國福里8鄰沙基拉雅街39巷30弄73號,121.578571,24.010227
RPOPMLSKLHJGFAU96DA,花蓮縣花蓮市國民八街１０６號五樓之三,花蓮縣花蓮市國盛里28鄰國民八街106號,121.608701,23.993869
RPWNMLTKLHJGFAU67DA,花蓮縣花蓮市中正路１８４巷１７號,花蓮縣花蓮市主安里11鄰中正路184巷17號,121.599146,23.970689
RPPOMLKLLHJGFAU88DA,花蓮縣花蓮市國聯五路２之３號,花蓮縣花蓮市國盛里1鄰國聯五路2之3號,121.606268,23.988341
RPPNMLKLLHJGFAU88EA,花蓮縣花蓮市東興二街１８巷３號,花蓮縣花蓮市民孝里8鄰東興二街18巷3號,121.630605,23.999396
RPXNMLLKLHJGFAU96DA,花蓮縣吉安鄉東海十四街２９號,花蓮縣吉安鄉東昌村32鄰東海十四街29號,121.59152,23.963031
RPROMLKLLHJGFAU09DA,花蓮縣花蓮市國民八街６３號七樓之八,花蓮縣花蓮市國盛里11鄰國民八街63號,121.60578,23.993442
RPOPMLTKLHJGFAU07DA,花蓮縣花蓮市延平街４６之１號,花蓮縣花蓮市國魂里2鄰延平街46之1號,121.60249,23.984826
RPPOMLLKLHJGFAU88DA,花蓮縣花蓮市福建街４０６號五樓之一,花蓮縣花蓮市主計里1鄰福建街406號,121.607769,23.973483
RPPOMLNKLHJGFAU09DA,花蓮縣花蓮市自立路７５號,找不到指定的門牌地址。,,
RPVNMLRLLHJGFAU47DA,花蓮縣吉安鄉永興三街８號一樓之二,花蓮縣吉安鄉永興村1鄰永興三街8號,121.571099,23.953294
RPPNMLLLLHJGFAU98EA,花蓮縣吉安鄉舊村六街１５６巷２６號,花蓮縣吉安鄉福興村20鄰舊村六街156巷26號,121.560813,23.966307
RPUNMLTLKHJGFAU47DA,花蓮縣花蓮市成功街８３巷１０號,花蓮縣花蓮市主和里9鄰成功街83巷10號,121.603461,23.972004
RPUNMLLJMHJGFAU66DA,花蓮縣花蓮市德安六街１０５巷２號八樓之二,花蓮縣花蓮市主權里1鄰德安六街105巷2號,121.589473,23.973599
RPVNMLKKMHJGFAU76DA,花蓮縣花蓮市和平路６１７號,花蓮縣花蓮市國風里14鄰和平路617號,121.598451,23.979555
RPOOMLKKMHJGFAU78DA,花蓮縣花蓮市建昌路９５號,找不到指定的門牌地址。,,
RPSPMLPKMHJGFAU17DA,花蓮縣花蓮市信義街１８之１２號,花蓮縣花蓮市主計里11鄰信義街18之12號,121.605793,23.972479
RPRPMLKKMHJGFAU56DA,花蓮縣花蓮市球崙二路９６巷３號,花蓮縣花蓮市民享里4鄰球崙二路96巷3號,121.622203,24.002956
RPPNMLTKMHJGFAU07DA,花蓮縣花蓮市富陽路９８號,花蓮縣花蓮市國裕里22鄰富陽路98號,121.597393,23.996471
RPSOMLOLMHJGFAU07DA,花蓮縣花蓮市介林四街３９號,花蓮縣花蓮市國興里20鄰介林四街39號,121.571065,23.995422
RPTNMLQJNHJGFAU17DA,花蓮縣花蓮市光復街９１之１號,花蓮縣花蓮市國威里30鄰光復街91之1號,121.605481,23.979288
RPUOMLNJNHJGFAU07DA,花蓮縣吉安鄉明仁三街２６５巷３號,花蓮縣吉安鄉太昌村3鄰明仁三街265巷3號,121.567671,23.986498
RPROMLRLNHJGFAU37DA,花蓮縣花蓮市中正路１６９巷５８號,花蓮縣花蓮市主安里14鄰中正路169巷58號,121.597862,23.972321
RPWNMLPKKHJGFAU17DA,花蓮縣吉安鄉永興三街１２號,花蓮縣吉安鄉永興村1鄰永興三街12號,121.570969,23.953406
RPWOMLNKLHJGFAU17DA,花蓮縣吉安鄉文化二街６６號五樓之三,花蓮縣吉安鄉南昌村23鄰文化二街66號,121.581485,23.967877
RPRNMLTKLHJGFAU17DA,花蓮縣花蓮市國盛一街１９２號,花蓮縣花蓮市國盛里11鄰國盛一街192號,121.605661,23.993728
RPUNMLKLLHJGFAU66DA,花蓮縣吉安鄉南昌路１１５號五樓之五,花蓮縣吉安鄉南昌村14鄰南昌路115號,121.579457,23.969608
RPRPMLOLJHJGFAU76DA,花蓮縣花蓮市豐村１３３之８號,花蓮縣花蓮市國強里10鄰豐村133之3號,121.594778,24.010802
RPWNMLKLLHJGFAU86DA,花蓮縣花蓮市中正路３５號,花蓮縣花蓮市主農里22鄰中正路35號,121.595153,23.969401
RPTNMLQLLHJGFAU17DA,花蓮縣花蓮市建林街１７７巷１６弄１號,花蓮縣花蓮市國魂里16鄰建林街177巷16弄1號,121.600767,23.983211
RPUNMLQLLHJGFAU27DA,花蓮縣花蓮市建林街１７７巷１６弄１號三樓,花蓮縣花蓮市國魂里16鄰建林街177巷16弄1號,121.600767,23.983211
RPVOMLMLLHJGFAU07DA,花蓮縣花蓮市林園二街３５號,花蓮縣花蓮市民孝里16鄰林園二街35號,121.630831,24.003202
RPWNMLSJMHJGFAU57DA,花蓮縣花蓮市建興街１１０巷３弄１號,花蓮縣花蓮市國興里9鄰建興街110巷3弄1號,121.576134,23.994902
RPUNMLMLMHJGFAU96DA,花蓮縣花蓮市大同街７５巷６號,花蓮縣花蓮市國光里6鄰大同街75巷6號,121.607977,23.982299
RPXOMLSKMHJGFAU87DA,花蓮縣花蓮市中美五街６５巷１０號,花蓮縣花蓮市民政里30鄰中美五街65巷10號,121.626092,23.994567
RPRNMLLJMHJGFAU98DA,花蓮縣吉安鄉華南二路５號,花蓮縣吉安鄉光華村12鄰華南二路5號,121.590909,23.928363
RPXNMLMJNHJGFAU17DA,花蓮縣花蓮市中央路三段７３０號十一樓之二,花蓮縣花蓮市國富里35鄰中央路三段730號,121.590858,23.991491
RPTNMLNKNHJGFAU96DA,花蓮縣花蓮市國民七街５１號十二樓之十二,花蓮縣花蓮市國盛里3鄰國民七街51號,121.60583,23.991358
RPQNMLSLNHJGFAU27DA,花蓮縣花蓮市建林街１７７巷１６弄１號二樓,花蓮縣花蓮市國魂里16鄰建林街177巷16弄1號,121.600767,23.983211
RPQOMLMKLHJGFAU09DA,花蓮縣花蓮市中正路３１號,花蓮縣花蓮市主農里22鄰中正路31號,121.595093,23.969367
RPSOMLSJLHJGFAU17DA,花蓮縣花蓮市中山路７９１巷１０號,花蓮縣花蓮市國富里43鄰中山路791巷10號,121.596635,23.992512
RPQOMLQKMHJGFAU96DA,花蓮縣花蓮市中和街１６３號五樓之二,花蓮縣花蓮市主力里5鄰中和街163號,121.598698,23.9734
RPRPMLSJMHJGFAU27DA,花蓮縣吉安鄉慶北一街２０１之１號,花蓮縣吉安鄉慶豐村34鄰慶北一街201之1號,121.565502,23.981444
RPXNMLOLMHJGFAU47DA,花蓮縣花蓮市仁愛街１６之１號,花蓮縣花蓮市主計里9鄰仁愛街16之1號,121.606669,23.9726
RPSOMLMJJIIGFAU98DA,花蓮縣吉安鄉福興五街４３０之５號,花蓮縣吉安鄉福興村11鄰福興五街430之5號,121.558288,23.967192
RPQPMLKMMHJGFAU66DA,花蓮縣吉安鄉中正路二段２４２之３號,花蓮縣吉安鄉仁和村36鄰中正路二段242之3號,121.584671,23.957273
RPUNMLNKNHJGFAU07DA,花蓮縣吉安鄉中正路二段２４２之５號,花蓮縣吉安鄉仁和村36鄰中正路二段242之5號,121.584635,23.957294
RPQOMLTLMHJGFAU37DA,花蓮縣花蓮市介林五街２８０號五樓,花蓮縣花蓮市國興里23鄰介林五街280號,121.570612,23.996077
RPQNMLSKLHJGFAU96DA,花蓮縣吉安鄉中興路３２５巷１號,花蓮縣吉安鄉吉安村19鄰中興路325巷1號,121.565668,23.973458
RPVNMLMKLHJGFAU86DA,花蓮縣吉安鄉永興三街８號三樓之二,花蓮縣吉安鄉永興村1鄰永興三街8號,121.571099,23.953294
RPROMLTLMHJGFAU47DA,花蓮縣花蓮市介林五街２８０號三樓,花蓮縣花蓮市國興里23鄰介林五街280號,121.570612,23.996077
RPQNMLRJNHJGFAU96DA,花蓮縣花蓮市介林五街２８０號四樓,花蓮縣花蓮市國興里23鄰介林五街280號,121.570612,23.996077
RPWNMLSLLHJGFAU67DA,花蓮縣吉安鄉永吉一街５５號二樓之五,花蓮縣吉安鄉永興村5鄰永吉一街55號,121.567807,23.955317
RPVPMLSJMHJGFAU67DA,花蓮縣吉安鄉永吉一街５５號三樓之二,花蓮縣吉安鄉永興村5鄰永吉一街55號,121.567807,23.955317
RPROMLSLLHJGFAU27DA,花蓮縣吉安鄉永吉一街５５號二樓之六,花蓮縣吉安鄉永興村5鄰永吉一街55號,121.567807,23.955317
RPQOMLSLLHJGFAU17DA,花蓮縣吉安鄉永吉一街５５號五樓之五,花蓮縣吉安鄉永興村5鄰永吉一街55號,121.567807,23.955317
RPPQMLNLKHJGFAU66DA,花蓮縣花蓮市中興路４３巷１號七樓之一,花蓮縣花蓮市民立里9鄰中興路43巷1號,121.630489,23.992034
RPTOMLRLLHJGFAU37DA,花蓮縣吉安鄉永吉一街５５號四樓之一,花蓮縣吉安鄉永興村5鄰永吉一街55號,121.567807,23.955317
RPUQMLSLLHJGFAU77DA,花蓮縣吉安鄉永吉一街５５號二樓之八,花蓮縣吉安鄉永興村5鄰永吉一街55號,121.567807,23.955317
RPTNMLMKLHJGFAU66DA,花蓮縣吉安鄉永興三街８號四樓之二,花蓮縣吉安鄉永興村1鄰永興三街8號,121.571099,23.953294
RPUPMLSJMHJGFAU57DA,花蓮縣吉安鄉永吉一街５５號三樓之一,花蓮縣吉安鄉永興村5鄰永吉一街55號,121.567807,23.955317
RPWPMLSJMHJGFAU77DA,花蓮縣吉安鄉永吉一街５５號三樓之七,花蓮縣吉安鄉永興村5鄰永吉一街55號,121.567807,23.955317
RPTOMLTJMHJGFAU47DA,花蓮縣吉安鄉永吉一街５５號六樓之五,花蓮縣吉安鄉永興村5鄰永吉一街55號,121.567807,23.955317
RPVOMLSLLHJGFAU67DA,花蓮縣吉安鄉永吉一街５５號四樓之八,花蓮縣吉安鄉永興村5鄰永吉一街55號,121.567807,23.955317
RPXOMLSLLHJGFAU87DA,花蓮縣吉安鄉永吉一街５５號二樓之七,花蓮縣吉安鄉永興村5鄰永吉一街55號,121.567807,23.955317
RPQNMLRJMHJGFAU86DA,花蓮縣吉安鄉永吉一街５５號三樓之八,花蓮縣吉安鄉永興村5鄰永吉一街55號,121.567807,23.955317
RPSPMLSJMHJGFAU37DA,花蓮縣吉安鄉永吉一街５５號二樓之一,花蓮縣吉安鄉永興村5鄰永吉一街55號,121.567807,23.955317
RPQNMLTJMHJGFAU07DA,花蓮縣吉安鄉永吉一街５５號四樓之二,花蓮縣吉安鄉永興村5鄰永吉一街55號,121.567807,23.955317
RPPOMLTJMHJGFAU07DA,花蓮縣吉安鄉永吉一街５５號五樓之二,花蓮縣吉安鄉永興村5鄰永吉一街55號,121.567807,23.955317
RPUOMLNLLHJGFAU07DA,花蓮縣吉安鄉東里八街６６號四樓之三,花蓮縣吉安鄉東昌村31鄰東里八街66號,121.593018,23.962864
RPPQMLNLLHJGFAU76DA,花蓮縣吉安鄉東里八街６６號二樓之二,花蓮縣吉安鄉東昌村31鄰東里八街66號,121.593018,23.962864
RPUNMLTJMHJGFAU47DA,花蓮縣吉安鄉永吉一街５５號四樓之七,花蓮縣吉安鄉永興村5鄰永吉一街55號,121.567807,23.955317
RPUOMLTJMHJGFAU57DA,花蓮縣吉安鄉永吉一街５５號六樓之七,花蓮縣吉安鄉永興村5鄰永吉一街55號,121.567807,23.955317
RPOQMLNLJHJGFAU09DA,花蓮縣花蓮市德安三街１３號三樓之二,花蓮縣花蓮市主權里21鄰德安三街13號,121.590806,23.972891
RPTOMLNLLHJGFAU96DA,花蓮縣吉安鄉東里八街６６號二樓之三,花蓮縣吉安鄉東昌村31鄰東里八街66號,121.593018,23.962864
RPRPMLNLLHJGFAU86DA,花蓮縣吉安鄉東里八街６６號七樓之二,花蓮縣吉安鄉東昌村31鄰東里八街66號,121.593018,23.962864
RPOOMLSLLHJGFAU96DA,花蓮縣吉安鄉永吉一街５５號四樓之五,花蓮縣吉安鄉永興村5鄰永吉一街55號,121.567807,23.955317
RPTNMLLLNHJGFAU86DA,花蓮縣吉安鄉永吉一街５５號六樓之三,花蓮縣吉安鄉永興村5鄰永吉一街55號,121.567807,23.955317
RPVPMLNLJHJGFAU07DA,花蓮縣花蓮市德安三街１３號三樓之一,花蓮縣花蓮市主權里21鄰德安三街13號,121.590806,23.972891
RPUPMLOLJHJGFAU07DA,花蓮縣花蓮市德安三街１３號四樓之七,花蓮縣花蓮市主權里21鄰德安三街13號,121.590806,23.972891
RPWOMLSLLHJGFAU77DA,花蓮縣吉安鄉永吉一街５５號五樓之八,花蓮縣吉安鄉永興村5鄰永吉一街55號,121.567807,23.955317
RPSNMLSLLHJGFAU27DA,花蓮縣吉安鄉永吉一街５５號六樓之二,花蓮縣吉安鄉永興村5鄰永吉一街55號,121.567807,23.955317
RPSPMLNLJHJGFAU76DA,花蓮縣花蓮市德安三街１３號二樓之五,花蓮縣花蓮市主權里21鄰德安三街13號,121.590806,23.972891
RPXPMLOLJHJGFAU37DA,花蓮縣花蓮市德安三街１３號五樓之一,花蓮縣花蓮市主權里21鄰德安三街13號,121.590806,23.972891
RPQPMLNLLHJGFAU76DA,花蓮縣吉安鄉東里八街６６號六樓之三,花蓮縣吉安鄉東昌村31鄰東里八街66號,121.593018,23.962864
RPVNMLSLLHJGFAU57DA,花蓮縣吉安鄉永吉一街５５號四樓之三,花蓮縣吉安鄉永興村5鄰永吉一街55號,121.567807,23.955317
RPQQMLSLLHJGFAU37DA,花蓮縣吉安鄉永吉一街５５號三樓之六,花蓮縣吉安鄉永興村5鄰永吉一街55號,121.567807,23.955317
RPQQMLNLKHJGFAU76DA,花蓮縣花蓮市中興路４３巷１號九樓之一,花蓮縣花蓮市民立里9鄰中興路43巷1號,121.630489,23.992034
RPQOMLNLLHJGFAU66DA,花蓮縣吉安鄉東里八街６６號四樓之二,花蓮縣吉安鄉東昌村31鄰東里八街66號,121.593018,23.962864
RPQQMLNLLHJGFAU86DA,花蓮縣吉安鄉東里八街６６號五樓之三,花蓮縣吉安鄉東昌村31鄰東里八街66號,121.593018,23.962864
RPWPMLNLLHJGFAU37DA,花蓮縣吉安鄉東里八街６６號六樓之五,花蓮縣吉安鄉東昌村31鄰東里八街66號,121.593018,23.962864
RPWNMLRJLHJGFAU37DA,花蓮縣吉安鄉東里八街６６號三樓之三,花蓮縣吉安鄉東昌村31鄰東里八街66號,121.593018,23.962864
RPTNMLSLLHJGFAU37DA,花蓮縣吉安鄉永吉一街５５號二樓之三,花蓮縣吉安鄉永興村5鄰永吉一街55號,121.567807,23.955317
RPUNMLSLLHJGFAU47DA,花蓮縣吉安鄉永吉一街５５號三樓之三,花蓮縣吉安鄉永興村5鄰永吉一街55號,121.567807,23.955317
RPRNMLRJMHJGFAU96DA,花蓮縣吉安鄉永吉一街５５號五樓之六,花蓮縣吉安鄉永興村5鄰永吉一街55號,121.567807,23.955317
RPQNMLKKNHJGFAU98DA,花蓮縣吉安鄉中正路二段２４２之１號,花蓮縣吉安鄉仁和村36鄰中正路二段242之1號,121.584757,23.957225
RPSPMLNLLHJGFAU96DA,花蓮縣吉安鄉東里八街６６號二樓之五,花蓮縣吉安鄉東昌村31鄰東里八街66號,121.593018,23.962864
RPQNMLSLLHJGFAU07DA,花蓮縣吉安鄉永吉一街５５號六樓之一,花蓮縣吉安鄉永興村5鄰永吉一街55號,121.567807,23.955317
RPTOMLSLLHJGFAU47DA,花蓮縣吉安鄉永吉一街５５號六樓之六,花蓮縣吉安鄉永興村5鄰永吉一街55號,121.567807,23.955317
RPQNMLKMMHJGFAU09DA,花蓮縣吉安鄉永興三街８號五樓之一,花蓮縣吉安鄉永興村1鄰永興三街8號,121.571099,23.953294
RPRNMLOLJHJGFAU56DA,花蓮縣花蓮市德安三街１３號三樓之六,花蓮縣花蓮市主權里21鄰德安三街13號,121.590806,23.972891
RPOPMLOLJHJGFAU09DA,花蓮縣花蓮市德安三街１３號四樓之六,花蓮縣花蓮市主權里21鄰德安三街13號,121.590806,23.972891
RPQNMLPLJHJGFAU56DA,花蓮縣花蓮市德安三街１３號五樓之六,花蓮縣花蓮市主權里21鄰德安三街13號,121.590806,23.972891
RPTNMLOLJHJGFAU76DA,花蓮縣花蓮市德安三街１３號三樓之七,花蓮縣花蓮市主權里21鄰德安三街13號,121.590806,23.972891
RPPNMLNLLHJGFAU09DA,花蓮縣吉安鄉東里八街６６號二樓之一,花蓮縣吉安鄉東昌村31鄰東里八街66號,121.593018,23.962864
RPTQMLSLLHJGFAU67DA,花蓮縣吉安鄉永吉一街５５號三樓之五,花蓮縣吉安鄉永興村5鄰永吉一街55號,121.567807,23.955317
RPQPMLRLLHJGFAU17DA,花蓮縣吉安鄉永吉一街５５號五樓之一,花蓮縣吉安鄉永興村5鄰永吉一街55號,121.567807,23.955317
RPUOMLSLLHJGFAU57DA,花蓮縣吉安鄉永吉一街５５號五樓之七,花蓮縣吉安鄉永興村5鄰永吉一街55號,121.567807,23.955317
RPSQMLSLLHJGFAU57DA,花蓮縣吉安鄉永吉一街５５號五樓之三,花蓮縣吉安鄉永興村5鄰永吉一街55號,121.567807,23.955317
RPPPMLTJMHJGFAU17DA,花蓮縣花蓮市德安三街１３號二樓之六,花蓮縣花蓮市主權里21鄰德安三街13號,121.590806,23.972891
RPTPMLSJMHJGFAU47DA,花蓮縣吉安鄉永吉一街５５號二樓之二,花蓮縣吉安鄉永興村5鄰永吉一街55號,121.567807,23.955317
RPQOMLOLJHJGFAU56DA,花蓮縣花蓮市德安三街１３號四樓之三,花蓮縣花蓮市主權里21鄰德安三街13號,121.590806,23.972891
RPRNMLMLLHJGFAU56DA,花蓮縣吉安鄉永興三街８號三樓之一,花蓮縣吉安鄉永興村1鄰永興三街8號,121.571099,23.953294
RPTPMLNLLHJGFAU07DA,花蓮縣吉安鄉東里八街６６號三樓之五,花蓮縣吉安鄉東昌村31鄰東里八街66號,121.593018,23.962864
RPPOMLNJNHJGFAU56DA,花蓮縣花蓮市府前路１５６號六樓之一,花蓮縣花蓮市民勤里16鄰府前路156號,121.621827,23.990705
RPQOMLNJNHJGFAU66DA,花蓮縣花蓮市府前路１５６號六樓之二,花蓮縣花蓮市民勤里16鄰府前路156號,121.621827,23.990705
RPVRMLPKMHJGFAU67DA,花蓮縣花蓮市中山路５７１巷３１之１號三樓之三,花蓮縣花蓮市國聯里8鄰中山路571巷31之1號,121.599793,23.987473
RPSSMLPKMHJGFAU47DA,花蓮縣花蓮市中山路５７１巷３１之１號四樓之三,花蓮縣花蓮市國聯里8鄰中山路571巷31之1號,121.599793,23.987473
RPWRMLPKMHJGFAU77DA,花蓮縣花蓮市中山路５７１巷３１之１號四樓之一,花蓮縣花蓮市國聯里8鄰中山路571巷31之1號,121.599793,23.987473
RPUNMLSKMHJGFAU47DA,花蓮縣花蓮市中山路５７１巷３１之１號五樓之三,花蓮縣花蓮市國聯里8鄰中山路571巷31之1號,121.599793,23.987473
RPVNMLLJMHJGFAU76DA,花蓮縣吉安鄉福興五街４３０之７號,花蓮縣吉安鄉福興村11鄰福興五街430之7號,121.558379,23.967285
RPQRMLPKMHJGFAU17DA,花蓮縣花蓮市國興五街２０２號,花蓮縣花蓮市國聯里4鄰國興五街202號,121.599929,23.987292
RPSRMLPKMHJGFAU37DA,花蓮縣花蓮市國興五街２００號,花蓮縣花蓮市國聯里4鄰國興五街200號,121.599996,23.987307
RPTRMLPKMHJGFAU47DA,花蓮縣花蓮市中山路５７１巷３１之１號二樓之二,花蓮縣花蓮市國聯里8鄰中山路571巷31之1號,121.599793,23.987473
RPXQMLPKMHJGFAU77DA,花蓮縣花蓮市中山路５７１巷３１之１號六樓之二,花蓮縣花蓮市國聯里8鄰中山路571巷31之1號,121.599793,23.987473
RPORMLPKMHJGFAU96DA,花蓮縣花蓮市中山路５７１巷３１之１號六樓之三,花蓮縣花蓮市國聯里8鄰中山路571巷31之1號,121.599793,23.987473
RPRRMLPKMHJGFAU27DA,花蓮縣花蓮市中山路５７１巷３１之１號七樓之二,花蓮縣花蓮市國聯里8鄰中山路571巷31之1號,121.599793,23.987473
RPXRMLPKMHJGFAU87DA,花蓮縣花蓮市中山路５７１巷３１之１號三樓之二,花蓮縣花蓮市國聯里8鄰中山路571巷31之1號,121.599793,23.987473
RPOSMLPKMHJGFAU07DA,花蓮縣花蓮市中山路５７１巷３１之１號四樓之二,花蓮縣花蓮市國聯里8鄰中山路571巷31之1號,121.599793,23.987473
RPRSMLPKMHJGFAU37DA,花蓮縣花蓮市中山路５７１巷３１之１號二樓之一,花蓮縣花蓮市國聯里8鄰中山路571巷31之1號,121.599793,23.987473
RPRQMLPKMHJGFAU17DA,花蓮縣花蓮市中山路５７１巷３１之１號五樓之一,花蓮縣花蓮市國聯里8鄰中山路571巷31之1號,121.599793,23.987473
RPTQMLPKMHJGFAU37DA,花蓮縣花蓮市中山路５７１巷３１之１號五樓之二,花蓮縣花蓮市國聯里8鄰中山路571巷31之1號,121.599793,23.987473
RPWQMLPKMHJGFAU67DA,花蓮縣花蓮市中山路５７１巷３１之１號六樓之一,花蓮縣花蓮市國聯里8鄰中山路571巷31之1號,121.599793,23.987473
RPURMLPKMHJGFAU57DA,花蓮縣花蓮市中山路５７１巷３１之１號二樓之三,花蓮縣花蓮市國聯里8鄰中山路571巷31之1號,121.599793,23.987473
RPPOMLSKMHJGFAU07DA,花蓮縣花蓮市中山路５７１巷３１之１號七樓之一,花蓮縣花蓮市國聯里8鄰中山路571巷31之1號,121.599793,23.987473
RPWOMLOLJHJGFAU17DA,花蓮縣花蓮市德安三街１３號四樓之五,花蓮縣花蓮市主權里21鄰德安三街13號,121.590806,23.972891
RPRNMLNLLHJGFAU66DA,花蓮縣吉安鄉東里八街６６號四樓之一,花蓮縣吉安鄉東昌村31鄰東里八街66號,121.593018,23.962864
RPPOMLNLLHJGFAU56DA,花蓮縣吉安鄉東里八街６６號三樓之二,花蓮縣吉安鄉東昌村31鄰東里八街66號,121.593018,23.962864
RPQNMLNLLHJGFAU56DA,花蓮縣吉安鄉東里八街６６號三樓之一,花蓮縣吉安鄉東昌村31鄰東里八街66號,121.593018,23.962864
RPPNMLOLJHJGFAU98DA,花蓮縣花蓮市德安三街１３號三樓之三,花蓮縣花蓮市主權里21鄰德安三街13號,121.590806,23.972891
RPQNMLOLJHJGFAU09DA,花蓮縣花蓮市德安三街１３號三樓之五,花蓮縣花蓮市主權里21鄰德安三街13號,121.590806,23.972891
RPUNMLNLLHJGFAU96DA,花蓮縣吉安鄉東里八街６６號五樓之一,花蓮縣吉安鄉東昌村31鄰東里八街66號,121.593018,23.962864
RPVNMLNLLHJGFAU07DA,花蓮縣吉安鄉東里八街６６號六樓之一,花蓮縣吉安鄉東昌村31鄰東里八街66號,121.593018,23.962864
RPWNMLNLLHJGFAU17DA,花蓮縣吉安鄉東里八街６６號七樓之一,花蓮縣吉安鄉東昌村31鄰東里八街66號,121.593018,23.962864
RPROMLNLLHJGFAU76DA,花蓮縣吉安鄉東里八街６６號五樓之二,花蓮縣吉安鄉東昌村31鄰東里八街66號,121.593018,23.962864
RPSOMLNLLHJGFAU86DA,花蓮縣吉安鄉東里八街６６號六樓之二,花蓮縣吉安鄉東昌村31鄰東里八街66號,121.593018,23.962864
RPUPMLNLLHJGFAU17DA,花蓮縣吉安鄉東里八街６６號四樓之五,花蓮縣吉安鄉東昌村31鄰東里八街66號,121.593018,23.962864
RPVPMLNLLHJGFAU27DA,花蓮縣吉安鄉東里八街６６號五樓之五,花蓮縣吉安鄉東昌村31鄰東里八街66號,121.593018,23.962864
RPXPMLNLLHJGFAU47DA,花蓮縣吉安鄉東里八街６６號七樓之三,花蓮縣吉安鄉東昌村31鄰東里八街66號,121.593018,23.962864
RPTNMLNLJHJGFAU66DA,花蓮縣花蓮市德安三街１３號二樓之一,花蓮縣花蓮市主權里21鄰德安三街13號,121.590806,23.972891
RPSOMLNLJHJGFAU66DA,花蓮縣花蓮市德安三街１３號二樓之二,花蓮縣花蓮市主權里21鄰德安三街13號,121.590806,23.972891
RPXOMLNLJHJGFAU17DA,花蓮縣花蓮市德安三街１３號二樓之三,花蓮縣花蓮市主權里21鄰德安三街13號,121.590806,23.972891
RPTNMLPJLHJGFAU86DA,花蓮縣花蓮市德安三街１３號四樓之一,花蓮縣花蓮市主權里21鄰德安三街13號,121.590806,23.972891
RPVNMLOLJHJGFAU96DA,花蓮縣花蓮市德安三街１３號四樓之二,花蓮縣花蓮市主權里21鄰德安三街13號,121.590806,23.972891
RPOQMLOLJHJGFAU56DA,花蓮縣花蓮市德安三街１３號五樓之二,花蓮縣花蓮市主權里21鄰德安三街13號,121.590806,23.972891
RPPQMLOLJHJGFAU66DA,花蓮縣花蓮市德安三街１３號五樓之三,花蓮縣花蓮市主權里21鄰德安三街13號,121.590806,23.972891
RPUPMLNLKHJGFAU07DA,花蓮縣花蓮市中興路４３巷１號六樓之二,花蓮縣花蓮市民立里9鄰中興路43巷1號,121.630489,23.992034
RPXPMLNLKHJGFAU37DA,花蓮縣花蓮市中興路４３巷１號六樓之三,花蓮縣花蓮市民立里9鄰中興路43巷1號,121.630489,23.992034
RPPOMLSJLHJGFAU86DA,花蓮縣花蓮市中興路４３巷１號八樓之二,花蓮縣花蓮市民立里9鄰中興路43巷1號,121.630489,23.992034
RPUOMLQJRHJGFAU77DA,花蓮縣吉安鄉太昌路２４２巷３５號,花蓮縣吉安鄉永安村19鄰太昌路242巷35號,121.572551,23.989777
RPTNMLSJQHJGFAU67DA,花蓮縣花蓮市民樂三街２之２號四樓之二,花蓮縣花蓮市民樂里11鄰民樂三街2之2號,121.633549,23.99076
RPOOMLOKQHJGFAU96DA,花蓮縣花蓮市國民七街５１號六樓之十二,花蓮縣花蓮市國盛里3鄰國民七街51號,121.60583,23.991358
RPSOMLOKQHJGFAU37DA,花蓮縣花蓮市中美五街１２０號四樓,花蓮縣花蓮市民政里30鄰中美五街120號,121.626507,23.994312
RPQNMLTKQHJGFAU57DA,花蓮縣花蓮市中興路１２之１號五樓之二,花蓮縣花蓮市民運里5鄰中興路12之1號,121.63323,23.992691
RPRNMLKLQHJGFAU86DA,花蓮縣花蓮市國興一街９５號八樓之十六,花蓮縣花蓮市國聯里34鄰國興一街95號,121.603854,23.99555
RPPNMLNKQHJGFAU86DA,花蓮縣花蓮市國興四街１５號,花蓮縣花蓮市國聯里18鄰國興四街15號,121.60455,23.989066
RPVOMLRJQHJGFAU87DA,花蓮縣花蓮市榮正街５２號五樓之六,花蓮縣花蓮市主力里5鄰榮正街52號,121.598404,23.973057
RPPOMLTJQHJGFAU47DA,花蓮縣花蓮市大同街９８巷７號,花蓮縣花蓮市國威里14鄰大同街98巷7號,121.60866,23.981216
RPXNMLQLQHJGFAU08DA,花蓮縣吉安鄉中興路１８０巷１８號,花蓮縣吉安鄉吉安村14鄰中興路180巷18號,121.570122,23.972073
RPOPMLMLQHJGFAU96DA,花蓮縣花蓮市中正路１１０巷５弄４號,花蓮縣花蓮市主農里15鄰中正路110巷5弄4號,121.598235,23.96975
RPWNMLNLQHJGFAU67DA,花蓮縣花蓮市國民七街５３號九樓之十七,花蓮縣花蓮市國盛里4鄰國民七街53號,121.605877,23.991365
RPQOMLQLQHJGFAU47DA,花蓮縣花蓮市國盛一街７６號六樓之三,花蓮縣花蓮市國盛里14鄰國盛一街76號,121.606299,23.99106
RPOPMLQLQHJGFAU37DA,花蓮縣花蓮市富裕六街２６號二樓之二,花蓮縣花蓮市國裕里8鄰富裕六街26號,121.597269,23.994454
RPRPMLLLQHJGFAU17DA,花蓮縣花蓮市德安三街１３號四樓之二,花蓮縣花蓮市主權里21鄰德安三街13號,121.590806,23.972891
RPPOMLPJQHJGFAU07DA,花蓮縣花蓮市林森路２７３巷４９號,花蓮縣花蓮市國風里22鄰林森路273巷49號,121.600568,23.980169
RPRPMLTLQHJGFAU97DA,花蓮縣吉安鄉太昌路４１０之２號,花蓮縣吉安鄉太昌村5鄰太昌路410之2號,121.567391,23.991644
RPSPMLTLQHJGFAU08DA,花蓮縣吉安鄉慶豐五街１２５巷６號,花蓮縣吉安鄉慶豐村14鄰慶豐五街125巷6號,121.570502,23.97711
RPTNMLKMQHJGFAU17DA,花蓮縣吉安鄉中原路一段２４３號,花蓮縣吉安鄉勝安村31鄰中原路一段243號,121.585795,23.980091
RPPOMLNLQHJGFAU07DA,花蓮縣花蓮市國盛一街７６號二樓之三,花蓮縣花蓮市國盛里14鄰國盛一街76號,121.606299,23.99106
RPQNMLLJRHJGFAU76DA,花蓮縣花蓮市建國路二段８０８號,花蓮縣花蓮市國興里26鄰建國路二段808號,121.566934,23.995643
RPRNMLRLQHJGFAU57DA,花蓮縣花蓮市林森路１９６巷２之５號,花蓮縣花蓮市國威里35鄰林森路196巷2之5號,121.603785,23.979817
RPSNMLMJRHJGFAU07DA,花蓮縣吉安鄉華工六路６２巷６３號,花蓮縣吉安鄉光華村16鄰華工六路62巷63號,121.592793,23.938566
RPTPMLMJRHJGFAU37DA,花蓮縣吉安鄉自強路８３號,花蓮縣吉安鄉勝安村27鄰自強路83號,121.585524,23.978166
RPUPMLMJRHJGFAU47DA,花蓮縣吉安鄉自強路８３號,花蓮縣吉安鄉勝安村27鄰自強路83號,121.585524,23.978166
RPROMLNJRHJGFAU17DA,花蓮縣花蓮市鎮國街３１號,花蓮縣花蓮市主力里29鄰鎮國街31號,121.600731,23.975769
RPRNMLOJRHJGFAU17DA,花蓮縣吉安鄉北昌一街１５巷１１１之７號,花蓮縣吉安鄉吉昌村8鄰北昌一街15巷111之7號,121.592511,23.984831
RPUNMLOJRHJGFAU47DA,花蓮縣花蓮市中山路５７１巷３１之１號三樓之一,花蓮縣花蓮市國聯里8鄰中山路571巷31之1號,121.599793,23.987473
RPWNMLOJRHJGFAU67DA,花蓮縣花蓮市開興路２號,花蓮縣花蓮市民政里32鄰開興路2號,121.624322,23.994154
RPTOMLNJRHJGFAU37DA,花蓮縣花蓮市化道路１７４巷１５號,花蓮縣花蓮市民享里2鄰化道路174巷15號,121.621583,24.001635
RPSNMLLLQHJGFAU07DA,花蓮縣花蓮市北昌一街９７巷９號三樓,找不到指定的門牌地址。,,
RPXOMLQLQHJGFAU18DA,花蓮縣花蓮市東興一街１３３巷１號,花蓮縣花蓮市民孝里20鄰東興一街133巷1號,121.631067,24.003971
RPSNMLPJRHJGFAU37DA,花蓮縣花蓮市信義街３６之５號四樓,花蓮縣花蓮市主睦里8鄰信義街36之5號,121.60445,23.974184
RPPOMLQJRHJGFAU27DA,花蓮縣花蓮市國盛四街５３號五樓之八,花蓮縣花蓮市國盛里22鄰國盛四街53號,121.607349,23.995044
RPPOMLSJPHJGFAU27DA,花蓮縣花蓮市南京街１９１號五樓之三,花蓮縣花蓮市主信里5鄰南京街191號,121.606202,23.974713
RPUOMLRKPHJGFAU77DA,花蓮縣花蓮市國民七街５３號五樓之七,花蓮縣花蓮市國盛里4鄰國民七街53號,121.605877,23.991365
RPVNMLRKPHJGFAU77DA,花蓮縣花蓮市國盛四街１１６號四樓之十,花蓮縣花蓮市國盛里24鄰國盛四街116號,121.607495,23.995089
RPRNMLNLPHJGFAU07DA,花蓮縣花蓮市南京街２０３號二樓之十五,花蓮縣花蓮市主信里5鄰南京街203號,121.606539,23.974793
RPQNMLPLPHJGFAU17DA,花蓮縣花蓮市建林街１３９號,花蓮縣花蓮市國華里24鄰建林街139號,121.600534,23.981618
RPSOMLPKPHJGFAU37DA,花蓮縣花蓮市中興路４３巷２號五樓之一,花蓮縣花蓮市民立里9鄰中興路43巷2號,121.630359,23.991963
RPQOMLQLPHJGFAU37DA,花蓮縣吉安鄉慶豐五街１２５巷６號,花蓮縣吉安鄉慶豐村14鄰慶豐五街125巷6號,121.570502,23.97711
RPOOMLTLPHJGFAU47DA,花蓮縣吉安鄉慶北二街２９７號,花蓮縣吉安鄉慶豐村53鄰慶北二街297號,121.568876,23.98002
RPQOMLTLPHJGFAU67DA,花蓮縣花蓮市福光街３４７巷２３弄６號,花蓮縣花蓮市國福里1鄰福光街347巷23弄6號,121.586397,24.012685
RPSNMLKMPHJGFAU96DA,花蓮縣花蓮市裕民路１１５巷１號,花蓮縣花蓮市國裕里35鄰裕民路115巷1號,121.599194,23.999766
RPRNMLLJQHJGFAU76DA,花蓮縣吉安鄉中興路２１２號,花蓮縣吉安鄉吉安村14鄰中興路212號,121.56838,23.972211
RPPPMLKMPHJGFAU86DA,花蓮縣花蓮市東興三街３６號,花蓮縣花蓮市民孝里9鄰東興三街36號,121.629641,24.000059
RPWPMLKMPHJGFAU57DA,花蓮縣吉安鄉廣賢路一段３４９巷７號四樓之二,花蓮縣吉安鄉稻香村28鄰廣賢路一段349巷7號,121.579342,23.953603
RPXNMLLJQHJGFAU37DA,花蓮縣花蓮市府前路４０８巷１８弄２號三樓之二,花蓮縣花蓮市民意里1鄰府前路408巷18弄2號,121.621622,23.998294
RPOOMLLJQHJGFAU56DA,花蓮縣花蓮市民光１１７號,花蓮縣花蓮市民意里11鄰民光117號,121.617493,24.004308
RPPNMLPJQHJGFAU96DA,花蓮縣花蓮市中強街１４１號三樓,花蓮縣花蓮市主和里35鄰中強街141號,121.601855,23.969421
RPXNMLPJQHJGFAU77DA,花蓮縣吉安鄉全民街６７號三樓,花蓮縣吉安鄉永興村16鄰全民街67號,121.570246,23.938803
RPQNMLQJQHJGFAU17DA,花蓮縣吉安鄉吉興路三段７５號,花蓮縣吉安鄉永興村5鄰吉興路三段75號,121.567573,23.955273
RPOOMLPJQHJGFAU96DA,花蓮縣花蓮市民權八街５８之３號,花蓮縣花蓮市民勤里15鄰民權八街58之3號,121.623791,23.989566
RPVNMLQJQHJGFAU67DA,花蓮縣花蓮市中美十街５５巷１弄１９號,花蓮縣花蓮市民政里23鄰中美十街55巷1弄19號,121.624212,23.996338
RPSNMLPJPHJGFAU17DA,花蓮縣花蓮市民權二街１號二樓,花蓮縣花蓮市民德里1鄰民權二街1號,121.619285,23.981704
RPWPMLTLPHJGFAU38DA,花蓮縣吉安鄉吉安路六段７５７號,花蓮縣吉安鄉干城村10鄰吉安路六段757號,121.525865,23.947935
RPWOMLNLPHJGFAU67DA,花蓮縣吉安鄉吉安路三段４７號,花蓮縣吉安鄉福興村6鄰吉安路三段47號,121.560547,23.969045
RPSNMLQJQHJGFAU37DA,花蓮縣吉安鄉東里十四街９２號,花蓮縣吉安鄉東昌村18鄰東里十四街92號,121.596802,23.962205
RPUNMLSJQHJGFAU77DA,花蓮縣花蓮市中興路１２之１號二樓之二,花蓮縣花蓮市民運里5鄰中興路12之1號,121.63323,23.992691
RPWNMLSJQHJGFAU97DA,花蓮縣花蓮市中原路６３８巷２１號,花蓮縣花蓮市主權里25鄰中原路638巷21號,121.595299,23.97417
RPPOMLSJQHJGFAU37DA,花蓮縣花蓮市國民七街５１號十二樓之二十,花蓮縣花蓮市國盛里3鄰國民七街51號,121.60583,23.991358
RPUOMLSJQHJGFAU87DA,花蓮縣吉安鄉中華路二段２９６號,花蓮縣吉安鄉宜昌村32鄰中華路二段296號,121.580287,23.973542
RPUNMLSKPHJGFAU77DA,花蓮縣吉安鄉慶北三街４４２巷１８號,花蓮縣吉安鄉慶豐村59鄰慶北三街442巷18號,121.566055,23.98336
RPTNMLRJQHJGFAU57DA,花蓮縣花蓮市國聯二路８３號五樓之六,花蓮縣花蓮市國聯里16鄰國聯二路83號,121.603223,23.989657
RPTOMLSJQHJGFAU77DA,花蓮縣花蓮市明心街３９號,花蓮縣花蓮市國防里2鄰明心街39號,121.60781,23.986079
RPPNMLTJQHJGFAU37DA,花蓮縣花蓮市中華路４號,花蓮縣花蓮市民生里1鄰中華路4號,121.60954,23.976396
RPWNMLTJQHJGFAU08DA,花蓮縣花蓮市國盛一街２１７號二樓之九,花蓮縣花蓮市國盛里7鄰國盛一街217號,121.605082,23.994769
RPSNMLMKQHJGFAU07DA,花蓮縣花蓮市建華路８９巷１號,花蓮縣花蓮市國興里4鄰建華路89巷1號,121.578667,23.994651
RPTOMLRJQHJGFAU67DA,花蓮縣花蓮市忠孝街３１號六樓之二,花蓮縣花蓮市主計里8鄰忠孝街31號,121.60718,23.972943
RPUOMLMKQHJGFAU37DA,花蓮縣花蓮市國興一街９５號五樓之十五,花蓮縣花蓮市國聯里34鄰國興一街95號,121.603854,23.99555
RPSPMLMKQHJGFAU27DA,花蓮縣花蓮市華廈街５４巷１０號,花蓮縣花蓮市民享里8鄰華廈街54巷10號,121.621328,24.005296
RPVNMLNKQHJGFAU47DA,花蓮縣花蓮市中美五街１４６號,花蓮縣花蓮市民政里29鄰中美五街146號,121.626867,23.994706
RPPOMLNKQHJGFAU96DA,花蓮縣吉安鄉全民街６７號,花蓮縣吉安鄉永興村16鄰全民街67號,121.570246,23.938803
RPPOMLMKQHJGFAU86DA,花蓮縣花蓮市國盛一街２０６之６號四樓,花蓮縣花蓮市國盛里11鄰國盛一街206之6號,121.605565,23.994112
RPROMLMKQHJGFAU07DA,花蓮縣花蓮市中山路一段１８號,花蓮縣花蓮市國慶里1鄰中山路一段18號,121.594206,23.996739
RPOPMLMKQHJGFAU86DA,花蓮縣花蓮市建昌路１４０巷８弄８號,找不到指定的門牌地址。,,
RPTNMLOKQHJGFAU37DA,花蓮縣花蓮市重慶路５號七樓之一,花蓮縣花蓮市主農里2鄰重慶路5號,121.598844,23.965903
RPRNMLTJQHJGFAU57DA,花蓮縣花蓮市民光１２號,花蓮縣花蓮市民意里2鄰民光12號,121.617848,24.004922
RPQNMLOKQHJGFAU07DA,花蓮縣花蓮市林森路３２２號三樓之二,花蓮縣花蓮市國光里4鄰林森路322號,121.609238,23.983798
RPQNMLRKPHJGFAU27DA,花蓮縣花蓮市國盛三街５９號,花蓮縣花蓮市國盛里18鄰國盛三街59號,121.606581,23.995138
RPQNMLRJQHJGFAU27DA,花蓮縣吉安鄉慶北一街１６７號三樓之一,花蓮縣吉安鄉慶豐村23鄰慶北一街167號,121.567898,23.979901
RPXNMLRJQHJGFAU97DA,花蓮縣花蓮市中興路１９號五樓之二,花蓮縣花蓮市民樂里10鄰中興路19號,121.632842,23.992329
RPWNMLSKPHJGFAU97DA,花蓮縣花蓮市中正路４２３號,花蓮縣花蓮市主信里10鄰中正路426之1號,121.604602,23.975275
RPPOMLRJQHJGFAU27DA,花蓮縣吉安鄉民治路３２９巷１８號,花蓮縣吉安鄉勝安村33鄰民治路329巷18號,121.58693,23.981228
RPTPMLMKQHJGFAU37DA,花蓮縣吉安鄉中正路二段１８６巷１９號七樓之三,花蓮縣吉安鄉仁和村36鄰中正路二段186巷19號,121.58526,23.958917
RPROMLOKQHJGFAU27DA,花蓮縣花蓮市中美九街１２９之１號,花蓮縣花蓮市民政里4鄰中美九街129之1號,121.625317,23.995908
RPVNMLPKQHJGFAU67DA,花蓮縣花蓮市中美九街９１號,花蓮縣花蓮市民政里4鄰中美九街91號,121.624698,23.995221
RPQNMLQKQHJGFAU27DA,花蓮縣花蓮市富裕一街６７號五樓,花蓮縣花蓮市國裕里3鄰富裕一街67號,121.597239,23.993411
RPUOMLOKQHJGFAU57DA,花蓮縣花蓮市國富二十八街７０號,花蓮縣花蓮市國富里34鄰國富二十八街70號,121.590692,23.990689
RPOOMLQKQHJGFAU17DA,花蓮縣花蓮市國民八街６３號五樓之七,花蓮縣花蓮市國盛里11鄰國民八街63號,121.60578,23.993442
RPPNMLRKQHJGFAU27DA,花蓮縣花蓮市介林九街２８號,花蓮縣花蓮市國興里5鄰介林九街28號,121.577558,23.995522
RPPNMLTKQHJGFAU47DA,花蓮縣吉安鄉慶北二街３９８號五樓,花蓮縣吉安鄉慶豐村31鄰慶北二街398號,121.56721,23.981124
RPVNMLTKQHJGFAU08DA,花蓮縣花蓮市林森路２１７巷１弄１５號,花蓮縣花蓮市國風里17鄰林森路217巷1弄15號,121.600424,23.978815
RPOOMLTKQHJGFAU47DA,花蓮縣花蓮市中美十三街８５巷１２號,花蓮縣花蓮市民政里24鄰中美十三街85巷12號,121.623745,23.99893
RPSOMLTKQHJGFAU87DA,花蓮縣花蓮市中央路四段４５０號四樓之五,花蓮縣花蓮市國強里6鄰中央路四段450號,121.600269,24.002323
RPPNMLKLQHJGFAU66DA,花蓮縣花蓮市中美三街２３巷１０號五樓,花蓮縣花蓮市民勤里30鄰中美三街23巷10號,121.624559,23.991627
RPQNMLKLQHJGFAU76DA,花蓮縣花蓮市中原路６３８巷７號,花蓮縣花蓮市主權里25鄰中原路638巷7號,121.594898,23.974314
RPUOMLKMPHJGFAU27DA,花蓮縣吉安鄉北昌一街２９號五樓之二,花蓮縣吉安鄉吉昌村6鄰北昌一街29號,121.596265,23.984503
RPXOMLKMPHJGFAU57DA,花蓮縣吉安鄉北昌一街２９號四樓之三,花蓮縣吉安鄉吉昌村6鄰北昌一街29號,121.596265,23.984503
RPQPMLKMPHJGFAU96DA,花蓮縣吉安鄉北昌一街２９號五樓之三,花蓮縣吉安鄉吉昌村6鄰北昌一街29號,121.596265,23.984503
RPRPMLKMPHJGFAU07DA,花蓮縣吉安鄉北昌一街２９號三樓之二,花蓮縣吉安鄉吉昌村6鄰北昌一街29號,121.596265,23.984503
RPPOMLOKQHJGFAU07DA,花蓮縣花蓮市北昌二街６巷２９號,找不到指定的門牌地址。,,
RPQNMLLLQHJGFAU86DA,花蓮縣花蓮市新港街１３號,花蓮縣花蓮市國治里8鄰新港街8號,121.607815,23.977827
RPQNMLNLQHJGFAU07DA,花蓮縣吉安鄉稻香三街１８號,花蓮縣吉安鄉稻香村6鄰稻香三街18號,121.570944,23.964376
RPTOMLNLQHJGFAU47DA,花蓮縣花蓮市國民八街６９之１號,花蓮縣花蓮市國盛里19鄰國民八街69之1號,121.606583,23.993801
RPSNMLQLQHJGFAU57DA,花蓮縣花蓮市國富九街４３號二樓之一,花蓮縣花蓮市國富里9鄰國富九街43號,121.597615,23.990912
RPWNMLQLQHJGFAU97DA,花蓮縣吉安鄉海岸路６４５巷６４號,花蓮縣吉安鄉仁安村16鄰海岸路645巷64號,121.588526,23.940528
RPRNMLKMPHJGFAU86DA,花蓮縣吉安鄉海岸路２３８號,花蓮縣吉安鄉仁和村38鄰海岸路238號,121.592371,23.955029
RPQNMLRLQHJGFAU47DA,花蓮縣吉安鄉吉興二街２２２號,花蓮縣吉安鄉吉安村13鄰吉興二街222號,121.566919,23.969099
RPOOMLRLQHJGFAU37DA,花蓮縣花蓮市介林五街１１５號,花蓮縣花蓮市國興里8鄰介林五街115號,121.57507,23.994413
RPSOMLRLQHJGFAU77DA,花蓮縣吉安鄉稻香二街９號,花蓮縣吉安鄉稻香村12鄰稻香二街9號,121.571543,23.963096
RPTNMLSLQHJGFAU87DA,花蓮縣吉安鄉南昌路１１５號五樓之五,花蓮縣吉安鄉南昌村14鄰南昌路115號,121.579457,23.969608
RPQPMLTLQHJGFAU87DA,花蓮縣吉安鄉東里一街１４２號,花蓮縣吉安鄉仁里村4鄰東里一街142號,121.592198,23.965582
RPRNMLTLQHJGFAU77DA,花蓮縣花蓮市明義街５３巷８之２號五樓,花蓮縣花蓮市主義里5鄰明義街53巷8之2號,121.607135,23.97371
RPQOMLTLQHJGFAU77DA,花蓮縣吉安鄉東海十街１５６巷２１之１號一樓之二,花蓮縣吉安鄉東昌村42鄰東海十街156巷21之1號,121.59665,23.961255
RPPNMLKMQHJGFAU76DA,花蓮縣吉安鄉稻香二街１巷７號,花蓮縣吉安鄉稻香村10鄰稻香二街1巷7號,121.572121,23.963754
RPVOMLKMPHJGFAU37DA,花蓮縣吉安鄉北昌一街２９號二樓之二,花蓮縣吉安鄉吉昌村6鄰北昌一街29號,121.596265,23.984503
RPPPMLLLQHJGFAU96DA,花蓮縣吉安鄉吉興路二段４５號,花蓮縣吉安鄉稻香村16鄰吉興路二段45號,121.572247,23.962558
RPSPMLLLQHJGFAU27DA,花蓮縣吉安鄉吉興路二段４７號,花蓮縣吉安鄉稻香村16鄰吉興路二段47號,121.572222,23.962526
RPPOMLRLQHJGFAU47DA,花蓮縣花蓮市國民六街３９號五樓之一,花蓮縣花蓮市國聯里20鄰國民六街39號,121.605331,23.989234
RPWNMLKMPHJGFAU37DA,花蓮縣吉安鄉北昌一街２９號七樓之二,花蓮縣吉安鄉吉昌村6鄰北昌一街29號,121.596265,23.984503
RPTPMLKMPHJGFAU27DA,花蓮縣吉安鄉北昌一街２９號六樓之二,花蓮縣吉安鄉吉昌村6鄰北昌一街29號,121.596265,23.984503
RPRNMLQJQHJGFAU27DA,花蓮縣吉安鄉北昌一街２９號七樓之一,花蓮縣吉安鄉吉昌村6鄰北昌一街29號,121.596265,23.984503
RPVOMLKMQHJGFAU47DA,花蓮縣吉安鄉自強路２０１巷３１弄１８號,花蓮縣吉安鄉勝安村32鄰自強路201巷31弄18號,121.586136,23.980726
RPVNMLMJRHJGFAU37DA,花蓮縣花蓮市建昌路１８０號,找不到指定的門牌地址。,,
RPSNMLNJRHJGFAU17DA,花蓮縣花蓮市豐村１０５之６號,花蓮縣花蓮市國強里8鄰豐村105之6號,121.597765,24.005125
RPUOMLRJQHJGFAU77DA,花蓮縣吉安鄉慶豐十二街１５１巷６號,花蓮縣吉安鄉慶豐村37鄰慶豐十二街151巷6號,121.563491,23.981483
RPQNMLNJRHJGFAU96DA,花蓮縣花蓮市國風街５６號四樓,花蓮縣花蓮市國風里9鄰國風街56號,121.596926,23.978161
RPWPMLNJRHJGFAU77DA,花蓮縣吉安鄉中山路一段６６號七樓之三,花蓮縣吉安鄉仁里村20鄰中山路一段66號,121.589065,23.965896
RPROMLOJRHJGFAU27DA,花蓮縣吉安鄉南海五街２４２號,花蓮縣吉安鄉仁和村15鄰南海五街242號,121.589184,23.951402
RPPNMLPJRHJGFAU07DA,花蓮縣花蓮市中山路一段１５３號,花蓮縣花蓮市國慶里8鄰中山路一段153號,121.590767,24.000662
RPRPMLNJRHJGFAU27DA,花蓮縣吉安鄉明義五街４１號四樓,花蓮縣吉安鄉太昌村11鄰明義五街41號,121.563866,23.993939
RPRNMLPJRHJGFAU27DA,花蓮縣花蓮市中正路１６８巷１弄３號,花蓮縣花蓮市主安里10鄰中正路168巷1弄3號,121.598304,23.970869
RPTNMLPJRHJGFAU47DA,花蓮縣吉安鄉仁里五街６５巷１之２號,花蓮縣吉安鄉仁里村29鄰仁里五街65巷1號之2,121.590157,23.968989
RPQNMLTJRHJGFAU57DA,花蓮縣花蓮市國興三街７９號八樓之一,花蓮縣花蓮市國聯里17鄰國興三街79號,121.603126,23.988727
RPPOMLQJOHJGFAU96DA,花蓮縣花蓮市民德四街２之１３號九樓,花蓮縣花蓮市民德里2鄰民德四街2之13號,121.62033,23.982537
RPOOMLLLOHJGFAU56DA,花蓮縣吉安鄉吉昌三街８３號,花蓮縣吉安鄉稻香村4鄰吉昌三街83號,121.570278,23.964983
RPUNMLOLOHJGFAU37DA,花蓮縣花蓮市商校街２６２號七樓,花蓮縣花蓮市國聯里9鄰商校街262號,121.598607,23.986765
RPUOMLRKOHJGFAU67DA,花蓮縣花蓮市中美十三街５６號七樓之七,花蓮縣花蓮市民政里35鄰中美十三街56號,121.623858,23.99822
RPROMLOLOHJGFAU17DA,花蓮縣吉安鄉太昌路４６３巷２１號,花蓮縣吉安鄉太昌村9鄰太昌路463巷21號,121.56494,23.992144
RPSNMLPLOHJGFAU27DA,花蓮縣吉安鄉北昌一街１５巷１１３之７號,花蓮縣吉安鄉吉昌村8鄰北昌一街15巷113之7號,121.592448,23.984935
RPQNMLPLOHJGFAU07DA,花蓮縣花蓮市東興二街１２巷３０號,花蓮縣花蓮市民孝里8鄰東興二街12巷30號,121.63111,23.99903
RPTNMLQLOHJGFAU47DA,花蓮縣花蓮市國盛五街５２號,花蓮縣花蓮市國盛里27鄰國盛五街52號,121.608318,23.994382
RPPNMLRLOHJGFAU17DA,花蓮縣花蓮市南京街７１之２號,花蓮縣花蓮市主學里2鄰南京街71之2號,121.603149,23.972594
RPXOMLOKOHJGFAU67DA,花蓮縣花蓮市中美路１３３之１號,花蓮縣花蓮市民政里1鄰中美路133之1號,121.627537,23.993613
RPROMLLLOHJGFAU86DA,花蓮縣花蓮市建昌路１１９巷６號五樓之二,找不到指定的門牌地址。,,
RPUNMLQLOHJGFAU57DA,花蓮縣花蓮市國盛二街１１８號五樓之六,花蓮縣花蓮市國盛里17鄰國盛二街118號,121.605998,23.996006
RPSNMLRLOHJGFAU47DA,花蓮縣花蓮市國聯二路８３號十一樓之八,花蓮縣花蓮市國聯里16鄰國聯二路83號,121.603223,23.989657
RPTNMLRLOHJGFAU57DA,花蓮縣花蓮市府前路１０２之６號,花蓮縣花蓮市民勤里20鄰府前路102之6號,121.621605,23.989137
RPQNMLSLOHJGFAU37DA,花蓮縣花蓮市國盛一街１４１之２４號,花蓮縣花蓮市國盛里4鄰國盛一街141之24號,121.605862,23.992049
RPVNMLSLOHJGFAU87DA,花蓮縣花蓮市中山路５７１巷３１之１號六樓之三,花蓮縣花蓮市國聯里8鄰中山路571巷31之1號,121.599793,23.987473
RPSNMLMKOHJGFAU86DA,花蓮縣吉安鄉宜昌六街２之２號,花蓮縣吉安鄉宜昌村14鄰宜昌六街2之2號,121.582796,23.972753
RPWOMLRLOHJGFAU97DA,花蓮縣花蓮市化道路１３１巷２６號,花蓮縣花蓮市民意里48鄰化道路131巷26號,121.620628,24.000807
RPXNMLMJPHJGFAU37DA,花蓮縣吉安鄉仁里一街１號二樓之一,花蓮縣吉安鄉仁里村5鄰仁里一街1號,121.593877,23.968876
RPRNMLNJPHJGFAU86DA,花蓮縣吉安鄉南埔十二街２之３號五樓之三,花蓮縣吉安鄉仁里村41鄰南埔十二街2號之3,121.591362,23.970713
RPUOMLQLOHJGFAU67DA,花蓮縣花蓮市球崙二路５２巷１８號,花蓮縣花蓮市民享里3鄰球崙二路52巷18號,121.622657,24.001933
RPOOMLRLOHJGFAU17DA,花蓮縣花蓮市長安街２６號十樓之九,花蓮縣花蓮市主農里8鄰長安街26號,121.596978,23.96724
RPSNMLSLOHJGFAU57DA,花蓮縣花蓮市中正路２４９巷３６號,花蓮縣花蓮市主學里14鄰中正路249巷36號,121.600036,23.973156
RPVNMLNJPHJGFAU27DA,花蓮縣花蓮市東興一街１３２號,花蓮縣花蓮市民孝里19鄰東興一街132號,121.631562,24.003976
RPPNMLOJPHJGFAU76DA,花蓮縣花蓮市府前路５０８號三樓之二,花蓮縣花蓮市民意里49鄰府前路508號,121.620298,24.000699
RPSNMLOJPHJGFAU07DA,花蓮縣花蓮市中山路４１１巷１２弄１號,花蓮縣花蓮市國華里4鄰中山路411巷12弄1號,121.604159,23.982697
RPUNMLRLOHJGFAU67DA,花蓮縣花蓮市富裕十六街４１號七樓,花蓮縣花蓮市國裕里5鄰富裕十六街41號,121.595958,23.996365
RPWNMLPJPHJGFAU57DA,花蓮縣花蓮市中興路１２之１號二樓之一,花蓮縣花蓮市民運里5鄰中興路12之1號,121.63323,23.992691
RPVOMLSKOHJGFAU87DA,花蓮縣吉安鄉慶南三街３２８巷２０號,花蓮縣吉安鄉慶豐村57鄰慶南三街328巷20號,121.564949,23.979514
RPWOMLLLOHJGFAU37DA,花蓮縣花蓮市國聯二路７５號,花蓮縣花蓮市國聯里16鄰國聯二路75號,121.603326,23.989757
RPVOMLRLOHJGFAU87DA,花蓮縣花蓮市中興路１６３號,花蓮縣花蓮市民政里4鄰中興路163號,121.625255,23.996034
RPTNMLNJPHJGFAU07DA,花蓮縣吉安鄉南海一街１０９巷３６號,花蓮縣吉安鄉仁安村3鄰南海一街109巷36號,121.595465,23.956078
RPXNMLOJPHJGFAU57DA,花蓮縣吉安鄉南海二街２１７號,花蓮縣吉安鄉仁和村37鄰南海二街217號,121.592141,23.95616
RPTOMLOJPHJGFAU27DA,花蓮縣吉安鄉吉興路一段１０５號,花蓮縣吉安鄉南昌村8鄰吉興路一段105號,121.577136,23.97004
RPOOMLPJPHJGFAU86DA,花蓮縣花蓮市莊敬路５８號,花蓮縣花蓮市國富里2鄰莊敬路58號,121.59678,23.987901
RPPOMLPJPHJGFAU96DA,花蓮縣花蓮市莊敬路６０號,花蓮縣花蓮市國富里2鄰莊敬路56號,121.596817,23.987877
RPTNMLTJPHJGFAU67DA,花蓮縣吉安鄉文化八街９０巷２號,花蓮縣吉安鄉南昌村11鄰文化八街90巷2號,121.578061,23.968387
RPPOMLTJPHJGFAU37DA,花蓮縣花蓮市國盛四街１１６號四樓之九,花蓮縣花蓮市國盛里24鄰國盛四街116號,121.607495,23.995089
RPWNMLRLOHJGFAU87DA,花蓮縣花蓮市中原路３９４巷２號四樓之一,花蓮縣花蓮市主安里7鄰中原路394巷2號,121.599211,23.969576
RPUNMLKKPHJGFAU96DA,花蓮縣花蓮市新港街６８號,花蓮縣花蓮市國威里4鄰新港街68號,121.606133,23.980018
RPTNMLTKOHJGFAU67DA,花蓮縣花蓮市建昌路３８號七樓之二,找不到指定的門牌地址。,,
RPQNMLTJPHJGFAU37DA,花蓮縣花蓮市國盛二街１１８之９號五樓,花蓮縣花蓮市國盛里17鄰國盛二街118之7號,121.605998,23.996006
RPUNMLTJPHJGFAU77DA,花蓮縣吉安鄉中山路三段５３２之３號,花蓮縣吉安鄉慶豐村34鄰中山路三段532之3號,121.565355,23.980979
RPSNMLLKPHJGFAU86DA,花蓮縣花蓮市化道路２２０號三樓,花蓮縣花蓮市民享里2鄰化道路220號,121.619992,24.002213
RPTNMLLKPHJGFAU96DA,花蓮縣花蓮市化道路２２０號三樓,花蓮縣花蓮市民享里2鄰化道路220號,121.619992,24.002213
RPQNMLMKPHJGFAU76DA,花蓮縣花蓮市德安三街１３號三樓之二,花蓮縣花蓮市主權里21鄰德安三街13號,121.590806,23.972891
RPPOMLPKPHJGFAU07DA,花蓮縣吉安鄉文化五街６７號四樓,花蓮縣吉安鄉南昌村24鄰文化五街67號,121.580406,23.970286
RPOOMLTJPHJGFAU27DA,花蓮縣吉安鄉民治路３２９巷１２號,花蓮縣吉安鄉勝安村33鄰民治路329巷12號,121.587005,23.981342
RPQNMLPKPHJGFAU07DA,花蓮縣吉安鄉慶南一街４６號,花蓮縣吉安鄉慶豐村4鄰慶南一街46號,121.572643,23.976386
RPTOMLPKPHJGFAU47DA,花蓮縣吉安鄉和平路一段６７號,花蓮縣吉安鄉勝安村10鄰和平路一段67號,121.591376,23.981629
RPOPMLPKPHJGFAU07DA,花蓮縣花蓮市國民八街８號十一樓之五,花蓮縣花蓮市國聯里29鄰國民八街8號,121.60415,23.993065
RPRPMLPKPHJGFAU37DA,花蓮縣吉安鄉南海五街２１０巷３號,花蓮縣吉安鄉仁和村15鄰南海五街210巷3號,121.589876,23.951281
RPUNMLQKPHJGFAU57DA,花蓮縣花蓮市林園二街３５號,花蓮縣花蓮市民孝里16鄰林園二街35號,121.630831,24.003202
RPPNMLNKOHJGFAU66DA,花蓮縣吉安鄉東里十四街７６巷２號,花蓮縣吉安鄉東昌村42鄰東里十四街76巷2號,121.59658,23.96159
RPVNMLKKPHJGFAU07DA,花蓮縣花蓮市國興六街１１號四樓之三,花蓮縣花蓮市國聯里9鄰國興六街11號,121.599127,23.987186
RPPNMLLKPHJGFAU56DA,花蓮縣花蓮市國盛五街２號四樓之三,花蓮縣花蓮市國盛里28鄰國盛五街2號,121.608598,23.993365
RPUOMLPKPHJGFAU57DA,花蓮縣吉安鄉海濱１０５之１號,花蓮縣吉安鄉仁安村19鄰海濱105之1號,121.601707,23.944783
RPVNMLQKPHJGFAU67DA,花蓮縣花蓮市和平路３６２號四樓之一,花蓮縣花蓮市主睦里13鄰和平路362號,121.603492,23.974121
RPVPMLLJPHJGFAU27DA,花蓮縣吉安鄉吉昌三街２６８之１５號,花蓮縣吉安鄉吉安村24鄰吉昌三街268號之15,121.562383,23.969549
RPOOMLPKPHJGFAU96DA,花蓮縣吉安鄉荳蘭五街６巷２３號,花蓮縣吉安鄉宜昌村17鄰荳蘭五街6巷23號,121.582063,23.9723
RPROMLPKPHJGFAU27DA,花蓮縣吉安鄉荳蘭五街６巷１１之１號,花蓮縣吉安鄉宜昌村17鄰荳蘭五街6巷11之1號,121.582095,23.972408
RPQOMLRKPHJGFAU37DA,花蓮縣花蓮市富裕一街６７號四樓,花蓮縣花蓮市國裕里3鄰富裕一街67號,121.597239,23.993411
RPSNMLTKPHJGFAU67DA,花蓮縣吉安鄉全民街１３２號三樓,花蓮縣吉安鄉永興村19鄰全民街132號,121.571385,23.937657
RPOOMLRKPHJGFAU17DA,花蓮縣吉安鄉太昌路３７２巷１２號,花蓮縣吉安鄉太昌村4鄰太昌路372巷12號,121.569154,23.991019
RPRNMLTKPHJGFAU57DA,花蓮縣花蓮市東興二街１５３號十二樓之一,花蓮縣花蓮市民孝里22鄰東興二街153號,121.63018,24.004422
RPTNMLTKPHJGFAU77DA,花蓮縣花蓮市大同街９之４號,花蓮縣花蓮市國威里33鄰大同街9之4號,121.604726,23.979728
RPUNMLTKPHJGFAU87DA,花蓮縣花蓮市和平路４９７號,花蓮縣花蓮市主力里14鄰和平路497號,121.601222,23.976586
RPOOMLTKPHJGFAU37DA,花蓮縣花蓮市北昌五街５２號三樓之五,找不到指定的門牌地址。,,
RPROMLTKPHJGFAU67DA,花蓮縣吉安鄉全民街８５號,花蓮縣吉安鄉永興村17鄰全民街85號,121.569346,23.938592
RPVNMLMLPHJGFAU37DA,花蓮縣花蓮市軒轅路２２號之１,花蓮縣花蓮市民族里14鄰軒轅路22之1號,121.611852,23.975435
RPPNMLQKPHJGFAU07DA,花蓮縣花蓮市北昌五街５２號,找不到指定的門牌地址。,,
RPXNMLSKPHJGFAU08DA,花蓮縣花蓮市東興二街３３號五樓之五,花蓮縣花蓮市民孝里9鄰東興二街33號,121.629769,23.999789
RPPNMLTKPHJGFAU37DA,花蓮縣花蓮市中華路３３５之１４號,花蓮縣花蓮市主力里22鄰中華路335之14號,121.596625,23.974724
RPPNMLMLPHJGFAU76DA,花蓮縣吉安鄉廣豐路１１號,花蓮縣吉安鄉稻香村29鄰廣豐路11號,121.577999,23.953717
RPTNMLMLPHJGFAU17DA,花蓮縣吉安鄉東里十街４５號,花蓮縣吉安鄉東昌村9鄰東里十街45號,121.596232,23.965198
RPUOMLNLPHJGFAU47DA,花蓮縣吉安鄉太昌路３３２號,花蓮縣吉安鄉太昌村2鄰太昌路332號,121.570001,23.9902
RPTNMLNLPHJGFAU27DA,花蓮縣花蓮市忠孝街３１號二樓之一,花蓮縣花蓮市主計里8鄰忠孝街31號,121.60718,23.972943
RPVNMLNLPHJGFAU47DA,花蓮縣花蓮市忠孝街３１號二樓之二,花蓮縣花蓮市主計里8鄰忠孝街31號,121.60718,23.972943
RPWNMLNLPHJGFAU57DA,花蓮縣花蓮市忠孝街３１號三樓之一,花蓮縣花蓮市主計里8鄰忠孝街31號,121.60718,23.972943
RPXNMLNLPHJGFAU67DA,花蓮縣花蓮市忠孝街３１號三樓之二,花蓮縣花蓮市主計里8鄰忠孝街31號,121.60718,23.972943
RPOOMLNLPHJGFAU86DA,花蓮縣花蓮市忠孝街３１號四樓之一,花蓮縣花蓮市主計里8鄰忠孝街31號,121.60718,23.972943
RPQOMLNLPHJGFAU07DA,花蓮縣吉安鄉中興路１５０巷１９號,花蓮縣吉安鄉吉安村14鄰中興路150巷19號,121.570548,23.971973
RPROMLNLPHJGFAU17DA,花蓮縣花蓮市忠孝街３１號五樓之一,花蓮縣花蓮市主計里8鄰忠孝街31號,121.60718,23.972943
RPPNMLPLPHJGFAU07DA,花蓮縣吉安鄉仁光９５號,花蓮縣吉安鄉仁和村30鄰仁光95號,121.580822,23.942782
RPUNMLQLPHJGFAU67DA,花蓮縣花蓮市國盛一街１９０號四樓６號,花蓮縣花蓮市國盛里11鄰國盛一街190號,121.60567,23.993649
RPXOMLPKPHJGFAU87DA,花蓮縣花蓮市國盛二街２１３號八樓之六,花蓮縣花蓮市國盛里11鄰國盛二街213號,121.606033,23.99434
RPPNMLNLPHJGFAU86DA,花蓮縣花蓮市民享十街１３號,花蓮縣花蓮市民運里43鄰民享十街13號,121.632309,23.996831
RPXNMLQLPHJGFAU97DA,花蓮縣花蓮市民德四街９號五樓之一,花蓮縣花蓮市民德里6鄰民德四街9號,121.621551,23.984332
RPOOMLQLPHJGFAU17DA,花蓮縣花蓮市國興三街３９之１號,花蓮縣花蓮市國聯里19鄰國興三街39之1號,121.603984,23.989576
RPPNMLNJPHJGFAU66DA,花蓮縣花蓮市民享九街３５號,花蓮縣花蓮市民運里39鄰民享九街35號,121.63193,23.996393
RPQNMLLKPHJGFAU66DA,花蓮縣花蓮市中興路１２之１號三樓之一,花蓮縣花蓮市民運里5鄰中興路12之1號,121.63323,23.992691
RPQOMLTKPHJGFAU57DA,花蓮縣花蓮市德安四街３１之１號,花蓮縣花蓮市主權里18鄰德安四街31之1號,121.594082,23.973647
RPQNMLNLPHJGFAU96DA,花蓮縣吉安鄉吉安路六段４１１號,花蓮縣吉安鄉干城村9鄰吉安路六段411號,121.542734,23.942523
RPQNMLQLPHJGFAU27DA,花蓮縣花蓮市國盛四街５３號五樓之二,花蓮縣花蓮市國盛里22鄰國盛四街53號,121.607349,23.995044
RPTNMLQLPHJGFAU57DA,花蓮縣吉安鄉東海十一街１號三樓之六,花蓮縣吉安鄉東昌村27鄰東海十一街1號,121.592419,23.965087
RPVNMLQLPHJGFAU77DA,花蓮縣花蓮市國盛二街２１３號五樓之一,花蓮縣花蓮市國盛里11鄰國盛二街213號,121.606033,23.99434
RPROMLQKPHJGFAU37DA,花蓮縣花蓮市國興二街１２５號二樓之七,花蓮縣花蓮市國聯里11鄰國興二街125號,121.601857,23.9892
RPPOMLTLPHJGFAU57DA,花蓮縣花蓮市林森路２７３巷５６號,花蓮縣花蓮市國風里23鄰林森路273巷56號,121.600838,23.980194
RPROMLTLPHJGFAU77DA,花蓮縣吉安鄉南海五街２７６號,花蓮縣吉安鄉仁和村16鄰南海五街276號,121.588234,23.951747
RPSPMLKMPHJGFAU17DA,花蓮縣花蓮市中美路３之２６號四樓,花蓮縣花蓮市民勤里2鄰中美路3之26號,121.618979,23.983616
RPUNMLKMPHJGFAU17DA,花蓮縣吉安鄉全民街５２號三樓,花蓮縣吉安鄉永興村16鄰全民街52號,121.570689,23.938966
RPQQMLKMPHJGFAU07DA,花蓮縣花蓮市富安路１４７號三樓之五號,花蓮縣花蓮市國裕里19鄰富安路147號,121.600004,23.996302
RPQNMLLJQHJGFAU66DA,花蓮縣花蓮市中興路１２之１號五樓之一,花蓮縣花蓮市民運里5鄰中興路12之1號,121.63323,23.992691
RPXNMLMLPHJGFAU57DA,花蓮縣吉安鄉東里十五街７９號,花蓮縣吉安鄉東昌村15鄰東里十五街79號,121.597998,23.962215
RPRQMLTLPHJGFAU97DA,花蓮縣吉安鄉南海八街１６１巷３６號,花蓮縣吉安鄉仁安村24鄰南海八街161巷36號,121.589921,23.943961
RPOQMLKMPHJGFAU86DA,花蓮縣花蓮市國盛一街１６０之５號,花蓮縣花蓮市國盛里12鄰國盛一街160之5號,121.605931,23.992791
RPPNMLMJQHJGFAU66DA,花蓮縣吉安鄉南華六街１１８號,花蓮縣吉安鄉南華村10鄰南華六街118號,121.548372,23.953415
RPVNMLMJQHJGFAU27DA,花蓮縣吉安鄉山下路７號,花蓮縣吉安鄉南華村15鄰山下路7號,121.547171,23.960545
RPRNMLPJQHJGFAU17DA,花蓮縣吉安鄉慶南一街１９１號,花蓮縣吉安鄉慶豐村25鄰慶南一街191號,121.567457,23.978752
RPVNMLPJQHJGFAU57DA,花蓮縣吉安鄉海岸路３２巷２３號,花蓮縣吉安鄉仁和村1鄰海岸路32巷23號,121.590479,23.961663
RPUNMLPJPHJGFAU37DA,花蓮縣花蓮市中央路四段４５０號三樓之一,花蓮縣花蓮市國強里6鄰中央路四段450號,121.600269,24.002323
RPUNMLQJQHJGFAU57DA,花蓮縣花蓮市中華路３１７巷４弄１１號,花蓮縣花蓮市主力里31鄰中華路317巷4弄11號,121.599716,23.974074
RPQOMLRJQHJGFAU37DA,花蓮縣吉安鄉慈惠二街１２４號三樓之三,花蓮縣吉安鄉勝安村25鄰慈惠二街124號,121.584053,23.977201
RPROMLSJQHJGFAU57DA,花蓮縣花蓮市國盛一街７６號七樓之五,花蓮縣花蓮市國盛里14鄰國盛一街76號,121.606299,23.99106
RPSOMLLJQHJGFAU96DA,花蓮縣花蓮市中央路三段７２０巷５號二樓之八,花蓮縣花蓮市國富里35鄰中央路三段720巷5號,121.591137,23.99133
RPVNMLSJQHJGFAU87DA,花蓮縣吉安鄉吉興一街４０７號,花蓮縣吉安鄉吉安村4鄰吉興一街407號,121.577606,23.97464
RPPNMLMKQHJGFAU76DA,花蓮縣吉安鄉中山路三段６９號,花蓮縣吉安鄉吉安村5鄰中山路三段69號,121.576426,23.974484
RPWOMLRJQHJGFAU97DA,花蓮縣花蓮市忠孝街３１號五樓之二,花蓮縣花蓮市主計里8鄰忠孝街31號,121.60718,23.972943
RPVPMLMKQHJGFAU57DA,花蓮縣花蓮市豐村１０５之２０號,花蓮縣花蓮市國強里8鄰豐村105之20號,121.597269,24.004957
RPVOMLNKQHJGFAU57DA,花蓮縣吉安鄉東里八街６６號五樓之二,花蓮縣吉安鄉東昌村31鄰東里八街66號,121.593018,23.962864
RPPPMLMKQHJGFAU96DA,花蓮縣吉安鄉南埔八街５３號,花蓮縣吉安鄉仁里村9鄰南埔八街53號,121.591266,23.969373
RPROMLNKQHJGFAU17DA,花蓮縣吉安鄉自強路１８號,花蓮縣吉安鄉勝安村22鄰自強路18號,121.585218,23.97669
RPVNMLOKQHJGFAU57DA,花蓮縣花蓮市南京街３０６巷８號,花蓮縣花蓮市主勤里9鄰南京街306巷8號,121.60762,23.975175
RPWNMLOKQHJGFAU67DA,花蓮縣花蓮市南京街３０６巷１０號,花蓮縣花蓮市主勤里9鄰南京街306巷10號,121.607635,23.975149
RPROMLKMPHJGFAU96DA,花蓮縣吉安鄉慈惠四街２３６巷７號,花蓮縣吉安鄉勝安村29鄰慈惠四街236巷7號,121.585776,23.979346
RPQNMLMKQHJGFAU86DA,花蓮縣花蓮市長安街１９號,花蓮縣花蓮市主農里9鄰長安街19號,121.596479,23.967518
RPWNMLQKQHJGFAU87DA,花蓮縣吉安鄉仁里十二街４０巷２號,花蓮縣吉安鄉仁里村36鄰仁里十二街40巷2號,121.588089,23.968412
RPVNMLQKQHJGFAU77DA,花蓮縣花蓮市富強路３６號,花蓮縣花蓮市國裕里6鄰富強路36號,121.596498,23.995743
RPROMLTKQHJGFAU77DA,花蓮縣花蓮市林政街８８巷１３號,花蓮縣花蓮市國風里14鄰林政街88巷13號,121.597725,23.979257
RPSNMLQKQHJGFAU47DA,花蓮縣花蓮市林森路２５７巷５號,花蓮縣花蓮市國風里21鄰林森路257巷5號,121.601431,23.979458
RPVOMLOKQHJGFAU67DA,花蓮縣吉安鄉中正路二段２４２之３號,花蓮縣吉安鄉仁和村36鄰中正路二段242之3號,121.584671,23.957273
RPXNMLTKQHJGFAU28DA,花蓮縣吉安鄉南海一街２０１之６９號,花蓮縣吉安鄉仁和村2鄰南海一街201之69號,121.591945,23.958141
RPTNMLLLQHJGFAU17DA,花蓮縣花蓮市富裕八街３６號,花蓮縣花蓮市國裕里19鄰富裕八街36號,121.599744,23.996438
RPROMLLLQHJGFAU07DA,花蓮縣吉安鄉福昌一街９５號,花蓮縣吉安鄉福興村21鄰福昌一街95號,121.558327,23.968433
RPTNMLTKQHJGFAU87DA,花蓮縣吉安鄉福興二街１３號四樓之一,花蓮縣吉安鄉福興村8鄰福興二街13號,121.560935,23.968565
RPUOMLMLQHJGFAU47DA,花蓮縣吉安鄉明太街７號,花蓮縣吉安鄉太昌村4鄰明太街2號,121.569225,23.990746
RPXNMLNLQHJGFAU77DA,花蓮縣吉安鄉仁里五街１２９號,花蓮縣吉安鄉仁里村31鄰仁里五街129號,121.588241,23.969393
RPOOMLQLQHJGFAU27DA,花蓮縣吉安鄉南埔十六街７９巷８號,花蓮縣吉安鄉仁里村25鄰南埔十六街79巷8號,121.58783,23.97087
RPUNMLTKQHJGFAU97DA,花蓮縣吉安鄉南海二街２４７巷４號,花蓮縣吉安鄉仁和村6鄰南海二街247巷4號,121.590774,23.956631
RPSNMLTKQHJGFAU77DA,花蓮縣花蓮市中興路１２之１號三樓之二,花蓮縣花蓮市民運里5鄰中興路12之1號,121.63323,23.992691
RPRNMLQLQHJGFAU47DA,花蓮縣花蓮市富陽路３８號十樓之一,花蓮縣花蓮市國裕里20鄰富陽路38號,121.599031,23.995871
RPXOMLKMQHJGFAU67DA,花蓮縣花蓮市光復街６９巷１號,花蓮縣花蓮市主商里17鄰光復街68之1號,121.607564,23.976949
RPWOMLKMQHJGFAU57DA,花蓮縣花蓮市國盛五街５３號三樓之一,花蓮縣花蓮市國盛里25鄰國盛五街53號,121.608204,23.994056
RPWNMLPKPHJGFAU67DA,花蓮縣吉安鄉復興四街４０２號,花蓮縣吉安鄉永興村14鄰復興四街402號,121.561897,23.936534
RPPOMLMLQHJGFAU96DA,花蓮縣吉安鄉福德街４１號,花蓮縣吉安鄉福興村8鄰福德街41號,121.561599,23.967749
RPRNMLMJRHJGFAU96DA,花蓮縣吉安鄉太昌路１６０巷２號,花蓮縣吉安鄉永安村22鄰太昌路160巷2號,121.574428,23.988119
RPRPMLMJRHJGFAU17DA,花蓮縣吉安鄉慈惠五街２０號,花蓮縣吉安鄉勝安村7鄰慈惠五街20號,121.591998,23.977688
RPQOMLOJRHJGFAU17DA,花蓮縣吉安鄉慶豐九街２８３號三樓之一,花蓮縣吉安鄉慶豐村23鄰慶豐九街283號,121.568569,23.979372
RPOPMLLLQHJGFAU86DA,花蓮縣花蓮市中興路１９號八樓之六,花蓮縣花蓮市民樂里10鄰中興路19號,121.632842,23.992329
RPUNMLPJRHJGFAU57DA,花蓮縣花蓮市建昌路８８號,找不到指定的門牌地址。,,
RPVNMLTJRHJGFAU08DA,花蓮縣花蓮市華德街１８巷１３號,花蓮縣花蓮市民心里14鄰華德街18巷13號,121.621599,24.009882
RPUOMLQKNHJGFAU47DA,花蓮縣花蓮市中正路１１０巷５弄５之２號,花蓮縣花蓮市主農里15鄰中正路110巷5弄5之2號,121.598299,23.96976
RPSOMLKMNHJGFAU86DA,花蓮縣吉安鄉仁里五街１６４號,花蓮縣吉安鄉仁里村28鄰仁里五街164號,121.587771,23.969611
RPRNMLPJOHJGFAU96DA,花蓮縣吉安鄉永興七街１００號,花蓮縣吉安鄉永興村4鄰永興七街100號,121.568563,23.955556
RPOOMLPJOHJGFAU76DA,花蓮縣花蓮市自立路３４巷８號六樓之一,找不到指定的門牌地址。,,
RPQOMLQJOHJGFAU07DA,花蓮縣花蓮市中華路４８８之１２號,花蓮縣花蓮市主權里4鄰中華路488之12號,121.59281,23.975185
RPVNMLQJOHJGFAU47DA,花蓮縣花蓮市豐村９０之２號,花蓮縣花蓮市國強里7鄰豐村90之2號,121.599698,24.002769
RPUNMLQJOHJGFAU37DA,花蓮縣吉安鄉太昌路２５４巷３號,花蓮縣吉安鄉永安村20鄰太昌路254巷3號,121.571783,23.989321
RPOOMLQJOHJGFAU86DA,花蓮縣吉安鄉東海六街９８號二樓,花蓮縣吉安鄉東昌村9鄰東海六街98號,121.596524,23.965233
RPSNMLLKOHJGFAU76DA,花蓮縣吉安鄉文化二街１２２號,花蓮縣吉安鄉南昌村23鄰文化二街122號,121.579894,23.967089
RPTOMLLKOHJGFAU96DA,花蓮縣花蓮市富裕三街５２號二樓之一,花蓮縣花蓮市國裕里11鄰富裕三街52號,121.598028,23.994125
RPPOMLTLNHJGFAU37DA,花蓮縣花蓮市建昌路１９７巷３０號二樓,花蓮縣花蓮市國富里32鄰建昌路202號,121.590999,23.989858
RPRNMLMKOHJGFAU76DA,花蓮縣吉安鄉華工六路９０巷１０５號,花蓮縣吉安鄉光華村17鄰華工六路90巷105號,121.59327,23.939605
RPTNMLMKOHJGFAU96DA,花蓮縣花蓮市國盛四街１０６號七樓之七,花蓮縣花蓮市國盛里25鄰國盛四街106號,121.607615,23.994783
RPUNMLMKOHJGFAU07DA,花蓮縣吉安鄉稻香路１２之１號,花蓮縣吉安鄉稻香村16鄰稻香路12之1號,121.572243,23.962119
RPRNMLOKNHJGFAU86DA,花蓮縣花蓮市中央路四段４５０號四樓之二,花蓮縣花蓮市國強里6鄰中央路四段450號,121.600269,24.002323
RPSPMLMLNHJGFAU07DA,花蓮縣吉安鄉明太街９號,花蓮縣吉安鄉太昌村4鄰明太街6號,121.569246,23.990777
RPTOMLOLNHJGFAU27DA,花蓮縣吉安鄉明義五街３４巷４號,花蓮縣吉安鄉太昌村12鄰明義五街34巷4號,121.563916,23.995011
RPQOMLPJOHJGFAU96DA,花蓮縣吉安鄉中山路三段６８２巷１３號,花蓮縣吉安鄉慶豐村46鄰中山路三段682巷13號,121.560216,23.984528
RPPOMLMKOHJGFAU66DA,花蓮縣花蓮市介林五街９９號,花蓮縣花蓮市國興里8鄰介林五街99號,121.575548,23.99427
RPROMLSLNHJGFAU47DA,花蓮縣花蓮市國盛四街１１６號四樓之十九,花蓮縣花蓮市國盛里24鄰國盛四街116號,121.607495,23.995089
RPTOMLLMNHJGFAU07DA,花蓮縣花蓮市中美五街１４０巷３號二樓,花蓮縣花蓮市民政里29鄰中美五街140巷3號,121.627008,23.994572
RPQNMLOJOHJGFAU76DA,花蓮縣花蓮市林森路３１５巷１７號二樓之一,花蓮縣花蓮市國華里20鄰林森路315巷17號,121.602639,23.980674
RPSOMLNKOHJGFAU07DA,花蓮縣吉安鄉慈惠二街１２４號三樓之三,花蓮縣吉安鄉勝安村25鄰慈惠二街124號,121.584053,23.977201
RPRNMLOKOHJGFAU96DA,花蓮縣花蓮市東興二街１４７號九樓之五,花蓮縣花蓮市民孝里21鄰東興二街147號,121.629829,24.003733
RPOPMLRKOHJGFAU17DA,花蓮縣花蓮市介智街３０號,花蓮縣花蓮市國興里19鄰介智街30號,121.57149,23.995331
RPQNMLTLNHJGFAU37DA,花蓮縣吉安鄉南埔十三街３１號六樓之八,花蓮縣吉安鄉仁里村42鄰南埔十三街31號,121.590688,23.97042
RPOOMLLKOHJGFAU09DA,花蓮縣吉安鄉慶南三街３２８巷６號,花蓮縣吉安鄉慶豐村57鄰慶南三街328巷6號,121.564682,23.979099
RPQOMLNLNHJGFAU86DA,花蓮縣花蓮市林森路２７３巷４弄２之３號,花蓮縣花蓮市國華里8鄰林森路273巷4弄2之3號,121.600082,23.98122
RPUOMLQJOHJGFAU47DA,花蓮縣花蓮市富裕十六街１１號,花蓮縣花蓮市國裕里5鄰富裕十六街11號,121.59627,23.99705
RPPOMLNKOHJGFAU76DA,花蓮縣吉安鄉南海二街１４６巷９號,花蓮縣吉安鄉仁安村5鄰南海二街146巷9號,121.594818,23.955911
RPXOMLRKOHJGFAU97DA,花蓮縣吉安鄉永吉一街５５號六樓之八,花蓮縣吉安鄉永興村5鄰永吉一街55號,121.567807,23.955317
RPPNMLSKOHJGFAU17DA,花蓮縣花蓮市明心街４３號,花蓮縣花蓮市國防里2鄰明心街43號,121.607907,23.986139
RPRNMLTKOHJGFAU47DA,花蓮縣吉安鄉慶北二街３７３號,花蓮縣吉安鄉慶豐村39鄰慶北二街373號,121.564148,23.982551
RPPNMLMKOHJGFAU56DA,花蓮縣花蓮市國民八街１１５號,花蓮縣花蓮市國盛里23鄰國民八街115號,121.607529,23.993828
RPPNMLOKOHJGFAU76DA,花蓮縣花蓮市國民八街１１７號,花蓮縣花蓮市國盛里23鄰國民八街117號,121.607596,23.993842
RPQNMLSKOHJGFAU27DA,花蓮縣吉安鄉全民街１２６號四樓,花蓮縣吉安鄉永興村19鄰全民街126號,121.571021,23.937878
RPVNMLSKOHJGFAU77DA,花蓮縣吉安鄉海岸路２５３號,花蓮縣吉安鄉仁安村7鄰海岸路253號,121.592955,23.955469
RPSNMLTKOHJGFAU57DA,花蓮縣吉安鄉吉興一街４００號,花蓮縣吉安鄉吉安村3鄰吉興一街400號,121.578278,23.975155
RPWNMLTKOHJGFAU97DA,花蓮縣花蓮市國興五街６３號七樓之五,花蓮縣花蓮市國聯里18鄰國興五街63號,121.605009,23.988572
RPXNMLTKOHJGFAU08DA,花蓮縣花蓮市國盛一街５０號五樓之三,花蓮縣花蓮市國盛里15鄰國盛一街50號,121.606623,23.990041
RPVNMLKLOHJGFAU07DA,花蓮縣花蓮市建興街１１０巷４弄４０號,花蓮縣花蓮市國興里6鄰建興街110巷4弄40號,121.576547,23.995163
RPVOMLLLOHJGFAU27DA,花蓮縣花蓮市德安五街３２號二樓之一,花蓮縣花蓮市主權里13鄰德安五街32號,121.593002,23.97257
RPSOMLSLNHJGFAU57DA,花蓮縣花蓮市中美十三街５６號六樓之五,花蓮縣花蓮市民政里35鄰中美十三街56號,121.623858,23.99822
RPQNMLTKOHJGFAU37DA,花蓮縣花蓮市北昌三街１８巷６號,找不到指定的門牌地址。,,
RPSOMLKLOHJGFAU86DA,花蓮縣吉安鄉民治路３２９巷１８號,花蓮縣吉安鄉勝安村33鄰民治路329巷18號,121.58693,23.981228
RPXNMLLLOHJGFAU37DA,花蓮縣吉安鄉慶豐十一街１９８號,花蓮縣吉安鄉慶豐村56鄰慶豐十一街198號,121.566306,23.982835
RPSPMLKLOHJGFAU96DA,花蓮縣花蓮市壽昌街６０號,找不到指定的門牌地址。,,
RPTPMLKLOHJGFAU07DA,花蓮縣花蓮市民光２８０號,花蓮縣花蓮市民意里26鄰民光280號,121.618016,24.003746
RPPOMLOLOHJGFAU96DA,花蓮縣花蓮市豐村６之５號,花蓮縣花蓮市國強里2鄰豐村6之5號,121.60395,24.001349
RPOOMLKLNHJGFAU98DA,花蓮縣吉安鄉華工六路９２巷７８號,花蓮縣吉安鄉光華村15鄰華工六路92巷78號,121.592084,23.939713
RPPQMLKLOHJGFAU76DA,花蓮縣花蓮市佐倉街３５０巷１７號,花蓮縣花蓮市國福里2鄰佐倉街350巷17號,121.579426,24.018342
RPQNMLLLOHJGFAU66DA,花蓮縣花蓮市豐村９０之７號,花蓮縣花蓮市國強里7鄰豐村90之7號,121.59962,24.002665
RPSOMLLLOHJGFAU96DA,花蓮縣吉安鄉舊村六街１３５號,花蓮縣吉安鄉福興村14鄰舊村六街135號,121.561571,23.96628
RPRNMLOLOHJGFAU07DA,花蓮縣花蓮市建昌路２號二樓,找不到指定的門牌地址。,,
RPQNMLQLOHJGFAU17DA,花蓮縣吉安鄉中山路三段２５２號,花蓮縣吉安鄉慶豐村10鄰中山路三段252號,121.571689,23.977536
RPVOMLQJOHJGFAU57DA,花蓮縣吉安鄉中山路三段７３４巷１７號二樓之一,花蓮縣吉安鄉慶豐村44鄰中山路三段734巷17號,121.558539,23.985195
RPTNMLPLOHJGFAU37DA,花蓮縣花蓮市林森路３６１巷４弄１０號,花蓮縣花蓮市國華里9鄰林森路361巷4弄10號,121.603781,23.982198
RPWNMLQLOHJGFAU77DA,花蓮縣吉安鄉南埔十二街２之３號二樓之一,花蓮縣吉安鄉仁里村41鄰南埔十二街2號之3,121.591362,23.970713
RPROMLQLOHJGFAU37DA,花蓮縣花蓮市德安三街１３號二樓之五,花蓮縣花蓮市主權里21鄰德安三街13號,121.590806,23.972891
RPVNMLRLOHJGFAU77DA,花蓮縣吉安鄉慶北三街４８１巷８號,花蓮縣吉安鄉慶豐村52鄰慶北三街481巷8號,121.568708,23.980837
RPQOMLTLNHJGFAU47DA,花蓮縣花蓮市德安三街１３號三樓之六,花蓮縣花蓮市主權里21鄰德安三街13號,121.590806,23.972891
RPPNMLQLOHJGFAU07DA,花蓮縣花蓮市建國路１２３號,花蓮縣花蓮市國華里16鄰建國路123號,121.60207,23.983604
RPVNMLQLOHJGFAU67DA,花蓮縣花蓮市國民七街５１號八樓之十八,花蓮縣花蓮市國盛里3鄰國民七街51號,121.60583,23.991358
RPRNMLRLOHJGFAU37DA,花蓮縣花蓮市成功街１８５號,花蓮縣花蓮市主義里10鄰成功街185號,121.606314,23.973655
RPSOMLRLOHJGFAU57DA,花蓮縣花蓮市國聯五路２之２１號,花蓮縣花蓮市國盛里1鄰國聯五路2之21號,121.606609,23.988689
RPTOMLRLOHJGFAU67DA,花蓮縣花蓮市長春街１１巷１７號五樓之一,花蓮縣花蓮市主農里17鄰長春街11巷17號,121.595624,23.968888
RPROMLSLOHJGFAU57DA,花蓮縣花蓮市公正街１１之１號,花蓮縣花蓮市民生里3鄰公正街11之1號,121.608797,23.977107
RPSPMLLJPHJGFAU96DA,花蓮縣吉安鄉仁里四街２５號,花蓮縣吉安鄉仁里村27鄰仁里四街25號,121.590104,23.96983
RPOQMLLJPHJGFAU66DA,花蓮縣花蓮市華泰街３３號三樓之二,花蓮縣花蓮市民享里15鄰華泰街33號,121.620756,24.004901
RPUOMLOKOHJGFAU37DA,花蓮縣吉安鄉南山三街２５號,花蓮縣吉安鄉宜昌村30鄰南山三街25號,121.580634,23.975456
RPUNMLMJPHJGFAU07DA,花蓮縣吉安鄉南埔八街２１１號,花蓮縣吉安鄉仁里村19鄰南埔八街211號,121.588776,23.966495
RPOOMLMJPHJGFAU56DA,花蓮縣花蓮市林森路３３３之５號,花蓮縣花蓮市國華里11鄰林森路333之5號,121.604219,23.980754
RPQNMLOJPHJGFAU86DA,花蓮縣花蓮市重慶路４８６號八樓之五,花蓮縣花蓮市民主里15鄰重慶路486號,121.609458,23.972449
RPVNMLOJPHJGFAU37DA,花蓮縣花蓮市國興一街９７號,花蓮縣花蓮市國聯里34鄰國興一街97號,121.603877,23.995583
RPUPMLLJPHJGFAU17DA,花蓮縣花蓮市南京街３０６巷２０號,花蓮縣花蓮市主勤里9鄰南京街306巷20號,121.607716,23.975038
RPXNMLNJPHJGFAU47DA,花蓮縣花蓮市民享五街１１號,花蓮縣花蓮市民運里30鄰民享五街11號,121.63229,23.994478
RPPNMLSJPHJGFAU17DA,花蓮縣吉安鄉吉興一街４２２號,花蓮縣吉安鄉吉安村1鄰吉興一街422號,121.57941,23.975769
RPQNMLNJOHJGFAU66DA,花蓮縣花蓮市中美路２２７號五樓之一,花蓮縣花蓮市民孝里2鄰中美路227號,121.629562,23.99606
RPWOMLLKOHJGFAU27DA,花蓮縣吉安鄉知卡宣大道三段６４７巷１號,花蓮縣吉安鄉永興村10鄰知卡宣大道三段647巷1號,121.561379,23.950793
RPOPMLLKOHJGFAU56DA,花蓮縣吉安鄉知卡宣大道三段６４７巷１號,花蓮縣吉安鄉永興村10鄰知卡宣大道三段647巷1號,121.561379,23.950793
RPWNMLNJPHJGFAU37DA,花蓮縣吉安鄉廣賢一街９９巷２５號,花蓮縣吉安鄉稻香村23鄰廣賢一街99巷25號,121.578087,23.957882
RPQOMLPJPHJGFAU07DA,花蓮縣吉安鄉吉豐路三段６０３號,花蓮縣吉安鄉永興村11鄰吉豐路三段603號,121.553263,23.947129
RPWNMLNLNHJGFAU37DA,花蓮縣吉安鄉太昌路２４２巷３５號,花蓮縣吉安鄉永安村19鄰太昌路242巷35號,121.572551,23.989777
RPVNMLLKPHJGFAU17DA,花蓮縣吉安鄉慈惠四街２１巷５號,花蓮縣吉安鄉勝安村4鄰慈惠四街21巷5號,121.590638,23.976227
RPWNMLTLNHJGFAU97DA,花蓮縣花蓮市中華路４９８巷１弄９號,花蓮縣花蓮市主權里3鄰中華路498巷1弄9號,121.59094,23.974847
RPVNMLMKPHJGFAU27DA,花蓮縣吉安鄉明義一街３０號,花蓮縣吉安鄉永安村8鄰明義一街30號,121.575132,23.992213
RPPPMLPKPHJGFAU17DA,花蓮縣花蓮市國富十四街２５號四樓之十一,花蓮縣花蓮市國富里19鄰國富十四街25號,121.59553,23.991757
RPXNMLQKPHJGFAU87DA,花蓮縣花蓮市建林街１８８號,花蓮縣花蓮市國華里16鄰建林街188號,121.601373,23.983298
RPTOMLQKPHJGFAU57DA,花蓮縣花蓮市自立路３８號,找不到指定的門牌地址。,,
RPSNMLQKPHJGFAU37DA,花蓮縣花蓮市重慶路５號二樓之一,花蓮縣花蓮市主農里2鄰重慶路5號,121.598844,23.965903
RPXNMLTJPHJGFAU08DA,花蓮縣吉安鄉吉昌二街２０７巷５號,花蓮縣吉安鄉吉安村24鄰吉昌二街207巷5號,121.563046,23.969961
RPVNMLTKPHJGFAU97DA,花蓮縣吉安鄉福興路１８６巷１號,花蓮縣吉安鄉福興村8鄰福興路186巷1號,121.561632,23.967648
RPPOMLNLPHJGFAU96DA,花蓮縣花蓮市忠孝街３１號四樓之二,花蓮縣花蓮市主計里8鄰忠孝街31號,121.60718,23.972943
RPSOMLNLPHJGFAU27DA,花蓮縣花蓮市忠孝街３１號六樓之一,花蓮縣花蓮市主計里8鄰忠孝街31號,121.60718,23.972943
RPXOMLTLPHJGFAU38DA,花蓮縣花蓮市民享三街５８號,花蓮縣花蓮市民運里26鄰民享三街58號,121.631692,23.993811
RPPOMLLMPHJGFAU86DA,花蓮縣吉安鄉光華十街１７號,花蓮縣吉安鄉光華村2鄰光華十街17號,121.559683,23.933503
RPSOMLKMPHJGFAU07DA,花蓮縣花蓮市民德四街４號,花蓮縣花蓮市民德里5鄰民德四街4號,121.620839,23.982986
RPTNMLMJQHJGFAU07DA,花蓮縣吉安鄉光華二街４６巷４３號,花蓮縣吉安鄉光華村9鄰光華二街46巷43號,121.579888,23.9387
RPXNMLSJQHJGFAU08DA,花蓮縣花蓮市中華路１９７號,花蓮縣花蓮市主睦里17鄰中華路197號,121.603258,23.975411
RPXNMLNKQHJGFAU67DA,花蓮縣吉安鄉光華街２１６號,花蓮縣吉安鄉光華村9鄰光華街216號,121.576183,23.934918
RPROMLQKQHJGFAU47DA,花蓮縣花蓮市建國路二段５３２號,花蓮縣花蓮市國興里14鄰建國路二段532號,121.572695,23.993821
RPPOMLTKQHJGFAU57DA,花蓮縣花蓮市東興一街９５號,花蓮縣花蓮市民孝里17鄰東興一街95號,121.631434,24.003119
RPTNMLNKQHJGFAU27DA,花蓮縣吉安鄉福興二街１３號三樓之五,花蓮縣吉安鄉福興村8鄰福興二街13號,121.560935,23.968565
RPUNMLNKQHJGFAU37DA,花蓮縣吉安鄉福興二街１３號三樓之三,花蓮縣吉安鄉福興村8鄰福興二街13號,121.560935,23.968565
RPROMLNLQHJGFAU27DA,花蓮縣花蓮市重慶路４８６號九樓之三,花蓮縣花蓮市民主里15鄰重慶路486號,121.609458,23.972449
RPRNMLKMQHJGFAU96DA,花蓮縣吉安鄉仁光１０３號,花蓮縣吉安鄉仁和村30鄰仁光103號,121.580642,23.943273
RPRNMLOJOHJGFAU86DA,花蓮縣花蓮市和平路４０５巷１３號,花蓮縣花蓮市主學里16鄰和平路405巷13號,121.602359,23.974637
RPQNMLNLNHJGFAU76DA,花蓮縣花蓮市中正路１６８巷４６號,花蓮縣花蓮市主安里10鄰中正路168巷46號,121.599206,23.970001
RPRNMLRJOHJGFAU17DA,花蓮縣花蓮市國盛四街５１號五樓之二十一,花蓮縣花蓮市國盛里23鄰國盛四街51號,121.607395,23.994675
RPTNMLLJNHJGFAU66DA,花蓮縣吉安鄉東里八街６６號六樓之二,花蓮縣吉安鄉東昌村31鄰東里八街66號,121.593018,23.962864
RPVNMLLKOHJGFAU07DA,花蓮縣吉安鄉南山二街３７號,花蓮縣吉安鄉宜昌村9鄰南山二街37號,121.585359,23.974533
RPSOMLLMNHJGFAU96DA,花蓮縣花蓮市富陽路９６號,花蓮縣花蓮市國裕里22鄰富陽路96號,121.597441,23.996452
RPQNMLQKOHJGFAU07DA,花蓮縣吉安鄉全民街７０號四樓,花蓮縣吉安鄉永興村17鄰全民街70號,121.569897,23.938738
RPQOMLOKOHJGFAU96DA,花蓮縣花蓮市國興一街９５號八樓之十四,花蓮縣花蓮市國聯里34鄰國興一街95號,121.603854,23.99555
RPOPMLOKOHJGFAU86DA,花蓮縣花蓮市明義街６３之１號四樓,花蓮縣花蓮市主義里1鄰明義街63之1號,121.60686,23.974454
RPSOMLSKOHJGFAU57DA,花蓮縣花蓮市民權路１３８號,花蓮縣花蓮市民運里26鄰民權路138號,121.631314,23.994036
RPUOMLSKOHJGFAU77DA,花蓮縣花蓮市民權路１３６號,花蓮縣花蓮市民運里26鄰民權路136號,121.631285,23.994005
RPVNMLTKOHJGFAU87DA,花蓮縣花蓮市國聯二路９９號,花蓮縣花蓮市國聯里16鄰國聯二路99號,121.602866,23.989291
RPPNMLKLOHJGFAU09DA,花蓮縣花蓮市國盛四街１０４號,花蓮縣花蓮市國盛里25鄰國盛四街104號,121.607624,23.994727
RPVOMLOKOHJGFAU47DA,花蓮縣花蓮市國興二街１０２號,花蓮縣花蓮市國聯里14鄰國興二街102號,121.602441,23.990233
RPWNMLLMNHJGFAU27DA,花蓮縣花蓮市建華路５０號,花蓮縣花蓮市國興里2鄰建華路50號,121.578289,23.993469
RPPOMLSLOHJGFAU37DA,花蓮縣吉安鄉北昌一街１５巷１１１之５號,花蓮縣吉安鄉吉昌村8鄰北昌一街15巷111之5號,121.592606,23.984953
RPRPMLLKOHJGFAU86DA,花蓮縣花蓮市德安二街６２之１號八樓,花蓮縣花蓮市主權里19鄰德安二街62之1號,121.59258,23.973481
RPWNMLQLMHJGFAU57DA,花蓮縣花蓮市明義街５３巷４號,花蓮縣花蓮市主義里5鄰明義街53巷8之1號,121.607333,23.973562
RPTOMLSLOHJGFAU77DA,花蓮縣吉安鄉東海十五街８０巷１９弄１２號,花蓮縣吉安鄉東昌村43鄰東海十五街80巷19弄12號,121.594087,23.962101
RPSOMLMJPHJGFAU96DA,花蓮縣花蓮市忠孝街２８號,花蓮縣花蓮市主計里6鄰忠孝街28號,121.607507,23.972784
RPRPMLKMMHJGFAU76DA,花蓮縣吉安鄉明義五街３５號,花蓮縣吉安鄉太昌村11鄰明義五街35號,121.563965,23.994095
RPPPMLLKOHJGFAU66DA,花蓮縣花蓮市府前路５０８號七樓之二,花蓮縣花蓮市民意里49鄰府前路508號,121.620298,24.000699
RPXPMLLJPHJGFAU47DA,花蓮縣花蓮市建國路二段４７２巷１０號,花蓮縣花蓮市國興里12鄰建國路二段472巷10號,121.573939,23.993662
RPXOMLLKOHJGFAU37DA,花蓮縣花蓮市府前路５０８號二樓之二,花蓮縣花蓮市民意里49鄰府前路508號,121.620298,24.000699
RPTNMLKKPHJGFAU86DA,花蓮縣花蓮市文光街８４號,花蓮縣花蓮市主和里45鄰文光街84號,121.604021,23.967576
RPRNMLQKPHJGFAU27DA,花蓮縣吉安鄉南海四街２４６巷２弄１４號,花蓮縣吉安鄉仁和村11鄰南海四街246巷2弄14號,121.589018,23.953961
RPUNMLLKPHJGFAU07DA,花蓮縣吉安鄉永興七街７號二樓之一,花蓮縣吉安鄉永興村4鄰永興七街7號,121.566729,23.953212
RPVOMLLKPHJGFAU27DA,花蓮縣花蓮市中美路２９９之１５號六樓,花蓮縣花蓮市民孝里6鄰中美路299之15號,121.631601,23.998707
RPPOMLQKPHJGFAU17DA,花蓮縣花蓮市國盛二街１０３之１號,花蓮縣花蓮市國盛里12鄰國盛二街103之1號,121.606381,23.992795
RPQOMLQKPHJGFAU27DA,花蓮縣花蓮市國盛二街１０５號,花蓮縣花蓮市國盛里12鄰國盛二街105號,121.606256,23.992778
RPRNMLSKPHJGFAU47DA,花蓮縣花蓮市福建街３０３巷５號,花蓮縣花蓮市主計里13鄰福建街303巷5號,121.6052,23.972335
RPTOMLKMMHJGFAU86DA,花蓮縣花蓮市建德街２３號,花蓮縣花蓮市國興里22鄰建德街23號,121.570779,23.996604
RPQNMLKMPHJGFAU76DA,花蓮縣吉安鄉勝安二街３０巷９弄６２號,花蓮縣吉安鄉勝安村3鄰勝安二街30巷9弄62號,121.589135,23.975505
RPVNMLLMPHJGFAU37DA,花蓮縣花蓮市光復街１２８號五樓,花蓮縣花蓮市國威里16鄰光復街128號,121.604782,23.980508
RPWNMLLMPHJGFAU47DA,花蓮縣花蓮市光復街１２８號五樓,花蓮縣花蓮市國威里16鄰光復街128號,121.604782,23.980508
RPSNMLPJQHJGFAU27DA,花蓮縣吉安鄉仁里十三街５６號,花蓮縣吉安鄉仁里村32鄰仁里十三街56號,121.587435,23.969014
RPSOMLSJQHJGFAU67DA,花蓮縣花蓮市中和街１８８號二樓,花蓮縣花蓮市主力里19鄰中和街188號,121.599253,23.97341
RPXNMLTLQHJGFAU38DA,花蓮縣花蓮市富強路２２號四樓之一,花蓮縣花蓮市國裕里3鄰富強路22號,121.5962,23.995263
RPVNMLSLQHJGFAU08DA,花蓮縣花蓮市豐村１７之９號二樓之一,花蓮縣花蓮市國強里1鄰豐村17之9號,121.603389,24.001473
RPTNMLRLQHJGFAU77DA,花蓮縣花蓮市華西１０６之１６號,花蓮縣花蓮市民心里10鄰華西106之16號,121.624752,24.015851
RPQNMLLKOHJGFAU56DA,花蓮縣花蓮市中山路５８號,花蓮縣花蓮市民族里6鄰中山路58號,121.611459,23.974543
RPQPMLOLMHJGFAU96DA,花蓮縣花蓮市榮正街７８巷１之３號四樓,花蓮縣花蓮市主力里21鄰榮正街78巷1之3號,121.59787,23.973597
RPQNMLQLMHJGFAU96DA,花蓮縣吉安鄉建國路３５０巷１８弄２號,花蓮縣吉安鄉北昌村41鄰建國路350巷18弄2號,121.597969,23.985001
RPOOMLQLLHJGFAU76DA,花蓮縣吉安鄉東里七街７０巷８號,花蓮縣吉安鄉東昌村32鄰東里七街70巷8號,121.592057,23.963011
RPOPMLRJNHJGFAU96DA,花蓮縣吉安鄉南華一街２０２號,花蓮縣吉安鄉南華村1鄰南華一街202號,121.555206,23.957191
RPOOMLNJNHJGFAU09DA,花蓮縣吉安鄉太昌路４６號,花蓮縣吉安鄉永安村24鄰太昌路46號,121.579701,23.985462
RPOOMLMLNHJGFAU56DA,花蓮縣花蓮市國富十七街１０號二樓之六,花蓮縣花蓮市國富里22鄰國富十七街10號,121.59386,23.990258
RPUNMLRKOHJGFAU57DA,花蓮縣吉安鄉太昌路５０８號三樓之一,花蓮縣吉安鄉太昌村12鄰太昌路508號,121.563425,23.994001
RPSOMLNJNHJGFAU86DA,花蓮縣花蓮市介林二街２６號,花蓮縣花蓮市國興里19鄰介林二街26號,121.571545,23.994617
RPOPMLNLPHJGFAU96DA,花蓮縣花蓮市富裕五街６０號,花蓮縣花蓮市國裕里15鄰富裕五街60號,121.598586,23.995555
RPQOMLLLQHJGFAU96DA,花蓮縣花蓮市豐村１７之１０號二樓之二,花蓮縣花蓮市國強里1鄰豐村17之10號,121.603247,24.001321
RPXPMLNJRHJGFAU87DA,花蓮縣吉安鄉東里九街８７號七樓之三,花蓮縣吉安鄉東昌村23鄰東里九街87號,121.594334,23.963391
RPQNMLPJOHJGFAU86DA,花蓮縣吉安鄉中正路二段２４２之２號,花蓮縣吉安鄉仁和村36鄰中正路二段242之2號,121.584709,23.957249
RPPOMLOLNHJGFAU86DA,花蓮縣花蓮市中興路１２之１號,花蓮縣花蓮市民運里5鄰中興路12之1號,121.63323,23.992691
RPWNMLSKOHJGFAU87DA,花蓮縣花蓮市中美路２２７號二樓之一,花蓮縣花蓮市民孝里2鄰中美路227號,121.629562,23.99606
RPRNMLLMPHJGFAU96DA,花蓮縣吉安鄉南埔八街２３號,花蓮縣吉安鄉仁里村9鄰南埔八街23號,121.5918,23.969854
RPOPMLNKQHJGFAU96DA,花蓮縣吉安鄉福興二街１３號五樓之二,花蓮縣吉安鄉福興村8鄰福興二街13號,121.560935,23.968565
RPRNMLRKOHJGFAU27DA,花蓮縣吉安鄉太昌路５０８號二樓之五,花蓮縣吉安鄉太昌村12鄰太昌路508號,121.563425,23.994001
RPQPMLKLOHJGFAU76DA,花蓮縣花蓮市東興路３１９號,花蓮縣花蓮市民孝里12鄰東興路319號,121.63231,24.001906
RPTNMLTLQHJGFAU97DA,花蓮縣花蓮市豐村１７之９號三樓之一,花蓮縣花蓮市國強里1鄰豐村17之9號,121.603389,24.001473
RPVNMLTLQHJGFAU18DA,花蓮縣花蓮市豐村１７之９號三樓之二,花蓮縣花蓮市國強里1鄰豐村17之9號,121.603389,24.001473
RPUPMLTLQHJGFAU28DA,花蓮縣花蓮市豐村１７之１０號三樓之二,花蓮縣花蓮市國強里1鄰豐村17之10號,121.603247,24.001321
RPPPMLKMQHJGFAU96DA,花蓮縣吉安鄉東海五街４１之１號,花蓮縣吉安鄉東昌村13鄰東海五街41號之1,121.598783,23.964475
RPSNMLNKQHJGFAU17DA,花蓮縣吉安鄉福興二街１３號二樓之五,花蓮縣吉安鄉福興村8鄰福興二街13號,121.560935,23.968565
RPRNMLNKQHJGFAU07DA,花蓮縣吉安鄉福興二街１３號二樓之三,花蓮縣吉安鄉福興村8鄰福興二街13號,121.560935,23.968565
RPQOMLNKQHJGFAU07DA,花蓮縣吉安鄉福興二街１３號四樓之三,花蓮縣吉安鄉福興村8鄰福興二街13號,121.560935,23.968565
RPSOMLLLQHJGFAU17DA,花蓮縣吉安鄉慈惠二街５２巷１２號,花蓮縣吉安鄉勝安村20鄰慈惠二街52巷12號,121.586941,23.97612
SPSOMLLLQHJGFAU27DA,花蓮縣吉安鄉慈惠二街５２巷１４號,花蓮縣吉安鄉勝安村20鄰慈惠二街52巷14號,121.586963,23.976157
RPVNMLRKOHJGFAU67DA,花蓮縣吉安鄉太昌路５０８號四樓之五,花蓮縣吉安鄉太昌村12鄰太昌路508號,121.563425,23.994001
RPWOMLLLQHJGFAU57DA,花蓮縣花蓮市豐村１７之１０號四樓之三,花蓮縣花蓮市國強里1鄰豐村17之10號,121.603247,24.001321
RPQPMLLLQHJGFAU07DA,花蓮縣花蓮市豐村１７之１０號五樓之二,花蓮縣花蓮市國強里1鄰豐村17之10號,121.603247,24.001321
RPVNMLPKPHJGFAU57DA,花蓮縣吉安鄉中正路二段２４２之９號,花蓮縣吉安鄉仁和村36鄰中正路二段242之9號,121.584586,23.957228
RPTOMLNKQHJGFAU37DA,花蓮縣吉安鄉福興二街１３號四樓之二,花蓮縣吉安鄉福興村8鄰福興二街13號,121.560935,23.968565
RPUNMLLMPHJGFAU27DA,花蓮縣花蓮市和平路３１０號,花蓮縣花蓮市主睦里5鄰和平路310號,121.604434,23.972973
RPROMLTLQHJGFAU87DA,花蓮縣花蓮市豐村１７之９號五樓之二,花蓮縣花蓮市國強里1鄰豐村17之9號,121.603389,24.001473
RPXOMLLLQHJGFAU67DA,花蓮縣花蓮市豐村１７之１０號五樓之一,花蓮縣花蓮市國強里1鄰豐村17之10號,121.603247,24.001321
RPOOMLTLQHJGFAU57DA,花蓮縣花蓮市豐村１７之１０號三樓之一,花蓮縣花蓮市國強里1鄰豐村17之10號,121.603247,24.001321
RPWNMLTLQHJGFAU28DA,花蓮縣花蓮市豐村１７之９號三樓之三,花蓮縣花蓮市國強里1鄰豐村17之9號,121.603389,24.001473
RPTOMLTLQHJGFAU08DA,花蓮縣花蓮市豐村１７之９號五樓之三,花蓮縣花蓮市國強里1鄰豐村17之9號,121.603389,24.001473
RPWNMLQJRHJGFAU87DA,花蓮縣吉安鄉太昌路５０８號七樓之五,花蓮縣吉安鄉太昌村12鄰太昌路508號,121.563425,23.994001
RPTNMLLKOHJGFAU86DA,花蓮縣花蓮市介林五街２８０號二樓,花蓮縣花蓮市國興里23鄰介林五街280號,121.570612,23.996077
RPPPMLTLQHJGFAU77DA,花蓮縣花蓮市豐村１７之１０號五樓之三,花蓮縣花蓮市國強里1鄰豐村17之10號,121.603247,24.001321
RPSOMLNKQHJGFAU27DA,花蓮縣吉安鄉福興二街１３號三樓之二,花蓮縣吉安鄉福興村8鄰福興二街13號,121.560935,23.968565
RPRNMLMLQHJGFAU07DA,花蓮縣花蓮市豐村１７之９號四樓之三,花蓮縣花蓮市國強里1鄰豐村17之9號,121.603389,24.001473
RPPOMLTLQHJGFAU67DA,花蓮縣花蓮市豐村１７之１０號四樓之一,花蓮縣花蓮市國強里1鄰豐村17之10號,121.603247,24.001321
RPQNMLMLQHJGFAU96DA,花蓮縣花蓮市豐村１７之９號四樓之二,花蓮縣花蓮市國強里1鄰豐村17之9號,121.603389,24.001473
RPUNMLTLQHJGFAU08DA,花蓮縣花蓮市豐村１７之９號二樓之三,花蓮縣花蓮市國強里1鄰豐村17之9號,121.603389,24.001473
RPXOMLNKQHJGFAU77DA,花蓮縣吉安鄉福興二街１３號五樓之一,花蓮縣吉安鄉福興村8鄰福興二街13號,121.560935,23.968565
RPTOMLLLQHJGFAU27DA,花蓮縣花蓮市豐村１７之１０號二樓之三,花蓮縣花蓮市國強里1鄰豐村17之10號,121.603247,24.001321
RPROMLRKOHJGFAU37DA,花蓮縣吉安鄉太昌路５０８號六樓之五,花蓮縣吉安鄉太昌村12鄰太昌路508號,121.563425,23.994001
RPSNMLRKOHJGFAU37DA,花蓮縣吉安鄉太昌路５０８號二樓之三,花蓮縣吉安鄉太昌村12鄰太昌路508號,121.563425,23.994001
RPTOMLRKOHJGFAU57DA,花蓮縣吉安鄉太昌路５０８號七樓之一,花蓮縣吉安鄉太昌村12鄰太昌路508號,121.563425,23.994001
RPQPMLLJPHJGFAU76DA,花蓮縣吉安鄉吉興一街３２１巷７６號,花蓮縣吉安鄉吉安村9鄰吉興一街321巷76號,121.574229,23.972511
RPXNMLLLQHJGFAU57DA,花蓮縣花蓮市豐村１７之９號二樓之二,花蓮縣花蓮市國強里1鄰豐村17之9號,121.603389,24.001473
RPPOMLLJPHJGFAU56DA,花蓮縣吉安鄉太昌路５０８號七樓之二,花蓮縣吉安鄉太昌村12鄰太昌路508號,121.563425,23.994001
RPSNMLTLQHJGFAU87DA,花蓮縣花蓮市豐村１７之１０號二樓之一,花蓮縣花蓮市國強里1鄰豐村17之10號,121.603247,24.001321
RPSNMLKKPHJGFAU76DA,花蓮縣吉安鄉太昌路５０８號七樓之三,花蓮縣吉安鄉太昌村12鄰太昌路508號,121.563425,23.994001
RPQOMLRKOHJGFAU27DA,花蓮縣吉安鄉太昌路５０８號五樓之一,花蓮縣吉安鄉太昌村12鄰太昌路508號,121.563425,23.994001
RPWNMLRKOHJGFAU77DA,花蓮縣吉安鄉太昌路５０８號四樓之三,花蓮縣吉安鄉太昌村12鄰太昌路508號,121.563425,23.994001
RPVOMLQKPHJGFAU77DA,花蓮縣吉安鄉太昌路５０８號三樓之三,花蓮縣吉安鄉太昌村12鄰太昌路508號,121.563425,23.994001
RPRNMLMKQHJGFAU96DA,花蓮縣吉安鄉太昌路５０８號五樓之二,花蓮縣吉安鄉太昌村12鄰太昌路508號,121.563425,23.994001
RPPOMLRKOHJGFAU17DA,花蓮縣吉安鄉太昌路５０８號五樓之三,花蓮縣吉安鄉太昌村12鄰太昌路508號,121.563425,23.994001
RPTNMLNLQHJGFAU37DA,花蓮縣吉安鄉福德街３５號,花蓮縣吉安鄉福興村8鄰福德街35號,121.56168,23.967901
RPRNMLNLQHJGFAU17DA,花蓮縣吉安鄉福德街３９號,花蓮縣吉安鄉福興村8鄰福德街39號,121.561628,23.967801
RPSNMLNLQHJGFAU27DA,花蓮縣吉安鄉福德街３７號,花蓮縣吉安鄉福興村8鄰福德街37號,121.561654,23.967852
RPTNMLNKOHJGFAU07DA,花蓮縣吉安鄉太昌路５０８號六樓之三,花蓮縣吉安鄉太昌村12鄰太昌路508號,121.563425,23.994001
RPXNMLRKOHJGFAU87DA,花蓮縣吉安鄉太昌路５０８號四樓之二,花蓮縣吉安鄉太昌村12鄰太昌路508號,121.563425,23.994001
RPTNMLRKPHJGFAU57DA,花蓮縣吉安鄉中正路二段２４２之６號,花蓮縣吉安鄉仁和村36鄰中正路二段242之6號,121.584729,23.957166
RPTNMLRKOHJGFAU47DA,花蓮縣吉安鄉太昌路５０８號三樓之五,花蓮縣吉安鄉太昌村12鄰太昌路508號,121.563425,23.994001
RPSOMLRKOHJGFAU47DA,花蓮縣吉安鄉太昌路５０８號六樓之一,花蓮縣吉安鄉太昌村12鄰太昌路508號,121.563425,23.994001
RPTOMLNJNHJGFAU96DA,花蓮縣花蓮市介林二街２６號二樓之一,花蓮縣花蓮市國興里19鄰介林二街26號,121.571545,23.994617
RPRNMLSLQHJGFAU67DA,花蓮縣吉安鄉永吉一街５５號四樓之六,花蓮縣吉安鄉永興村5鄰永吉一街55號,121.567807,23.955317
RPVPMLNJRHJGFAU67DA,花蓮縣吉安鄉東里九街８７號六樓之二,花蓮縣吉安鄉東昌村23鄰東里九街87號,121.594334,23.963391
RPOOMLRKOHJGFAU07DA,花蓮縣吉安鄉太昌路５０８號五樓之五,花蓮縣吉安鄉太昌村12鄰太昌路508號,121.563425,23.994001
RPTNMLSJPHJGFAU57DA,花蓮縣吉安鄉太昌路５０８號二樓之二,花蓮縣吉安鄉太昌村12鄰太昌路508號,121.563425,23.994001
RPRNMLKKPHJGFAU66DA,花蓮縣吉安鄉太昌路５０８號三樓之二,花蓮縣吉安鄉太昌村12鄰太昌路508號,121.563425,23.994001
RPQQMLNJRHJGFAU27DA,花蓮縣吉安鄉東里九街８７號六樓之五,花蓮縣吉安鄉東昌村23鄰東里九街87號,121.594334,23.963391
RPOPMLMJRHJGFAU86DA,花蓮縣吉安鄉吉祥一街３５號二樓之二,花蓮縣吉安鄉宜昌村10鄰吉祥一街35號,121.585674,23.975275
RPRPMLRKOHJGFAU47DA,花蓮縣花蓮市介林二街２６號二樓之二,花蓮縣花蓮市國興里19鄰介林二街26號,121.571545,23.994617
RPXOMLNJRHJGFAU77DA,花蓮縣吉安鄉東里九街８７號二樓之一,花蓮縣吉安鄉東昌村23鄰東里九街87號,121.594334,23.963391
RPOPMLNJRHJGFAU96DA,花蓮縣吉安鄉東里九街８７號三樓之三,花蓮縣吉安鄉東昌村23鄰東里九街87號,121.594334,23.963391
RPPPMLNJRHJGFAU07DA,花蓮縣吉安鄉東里九街８７號三樓之五,花蓮縣吉安鄉東昌村23鄰東里九街87號,121.594334,23.963391
RPPOMLLMNHJGFAU66DA,花蓮縣花蓮市中山路５７１巷３１之１號三樓之一,花蓮縣花蓮市國聯里8鄰中山路571巷31之1號,121.599793,23.987473
RPXNMLSJNHJGFAU77DA,花蓮縣花蓮市介林二街２６號三樓之二,花蓮縣花蓮市國興里19鄰介林二街26號,121.571545,23.994617
RPXOMLSJNHJGFAU87DA,花蓮縣花蓮市介林二街２６號五樓之一,花蓮縣花蓮市國興里19鄰介林二街26號,121.571545,23.994617
RPOPMLSJNHJGFAU07DA,花蓮縣花蓮市介林二街２６號五樓之二,花蓮縣花蓮市國興里19鄰介林二街26號,121.571545,23.994617
RPWNMLSJNHJGFAU67DA,花蓮縣花蓮市介林二街２６號三樓之一,花蓮縣花蓮市國興里19鄰介林二街26號,121.571545,23.994617
RPQPMLRKOHJGFAU37DA,花蓮縣花蓮市介林二街２６號四樓之一,花蓮縣花蓮市國興里19鄰介林二街26號,121.571545,23.994617
RPWOMLSJNHJGFAU77DA,花蓮縣花蓮市介林二街２６號四樓之二,花蓮縣花蓮市國興里19鄰介林二街26號,121.571545,23.994617
RPQOMLMJRHJGFAU96DA,花蓮縣吉安鄉吉祥一街３５號二樓之四,花蓮縣吉安鄉宜昌村10鄰吉祥一街35號,121.585674,23.975275
RPROMLMJRHJGFAU07DA,花蓮縣吉安鄉吉祥一街３５號三樓之一,花蓮縣吉安鄉宜昌村10鄰吉祥一街35號,121.585674,23.975275
SPROMLMJRHJGFAU17DA,花蓮縣吉安鄉吉祥一街３５號三樓之二,花蓮縣吉安鄉宜昌村10鄰吉祥一街35號,121.585674,23.975275
RPUNMLTJQHJGFAU87DA,花蓮縣花蓮市建華路９１之５號,花蓮縣花蓮市國興里4鄰建華路91之5號,121.578704,23.995062
RPVNMLNJRHJGFAU47DA,花蓮縣吉安鄉東里九街８７號五樓之三,花蓮縣吉安鄉東昌村23鄰東里九街87號,121.594334,23.963391
RPSPMLNJRHJGFAU37DA,花蓮縣吉安鄉東里九街８７號四樓之三,花蓮縣吉安鄉東昌村23鄰東里九街87號,121.594334,23.963391
RPPQMLNJRHJGFAU17DA,花蓮縣吉安鄉東里九街８７號六樓之三,花蓮縣吉安鄉東昌村23鄰東里九街87號,121.594334,23.963391
RPSOMLMJRHJGFAU17DA,花蓮縣吉安鄉吉祥一街３５號四樓之二,花蓮縣吉安鄉宜昌村10鄰吉祥一街35號,121.585674,23.975275
RPTOMLMJRHJGFAU27DA,花蓮縣吉安鄉吉祥一街３５號四樓之三,花蓮縣吉安鄉宜昌村10鄰吉祥一街35號,121.585674,23.975275
RPVOMLMJRHJGFAU47DA,花蓮縣吉安鄉吉祥一街３５號五樓之三,花蓮縣吉安鄉宜昌村10鄰吉祥一街35號,121.585674,23.975275
RPXOMLMJRHJGFAU67DA,花蓮縣吉安鄉吉祥一街３５號十一樓之二,花蓮縣吉安鄉宜昌村10鄰吉祥一街35號,121.585674,23.975275
RPUNMLMJRHJGFAU27DA,花蓮縣吉安鄉吉祥一街３５號六樓之三,花蓮縣吉安鄉宜昌村10鄰吉祥一街35號,121.585674,23.975275
RPWNMLMJRHJGFAU47DA,花蓮縣吉安鄉吉祥一街３５號六樓之四,花蓮縣吉安鄉宜昌村10鄰吉祥一街35號,121.585674,23.975275
RPPPMLMJRHJGFAU96DA,花蓮縣吉安鄉吉祥一街３５號九樓之二,花蓮縣吉安鄉宜昌村10鄰吉祥一街35號,121.585674,23.975275
RPQPMLMJRHJGFAU07DA,花蓮縣吉安鄉吉祥一街３５號十四樓之一,花蓮縣吉安鄉宜昌村10鄰吉祥一街35號,121.585674,23.975275
RPUOMLMJRHJGFAU37DA,花蓮縣吉安鄉吉祥一街３５號五樓之二,花蓮縣吉安鄉宜昌村10鄰吉祥一街35號,121.585674,23.975275
RPWOMLMJRHJGFAU57DA,花蓮縣吉安鄉吉祥一街３５號七樓之三,花蓮縣吉安鄉宜昌村10鄰吉祥一街35號,121.585674,23.975275
RPXNMLOKJIJGFAU17DA,花蓮縣吉安鄉廣賢路一段３４９巷７號四樓之一,花蓮縣吉安鄉稻香村28鄰廣賢路一段349巷7號,121.579342,23.953603
RPSPMLSKJIJGFAU27DA,花蓮縣花蓮市國盛八街１２１號四樓之二,花蓮縣花蓮市國盛里9鄰國盛八街121號,121.605503,23.996614
RPPNMLMKJIJGFAU78DA,花蓮縣花蓮市國盛二街２１３號九樓之八,花蓮縣花蓮市國盛里11鄰國盛二街213號,121.606033,23.99434
RPSNMLMLJIJGFAU56DA,花蓮縣吉安鄉昌隆三街７２號四樓之一,花蓮縣吉安鄉南昌村25鄰昌隆三街72號,121.580225,23.969887
RPWNMLMLJIJGFAU96DA,花蓮縣花蓮市富裕三街５２號三樓之五,花蓮縣花蓮市國裕里11鄰富裕三街52號,121.598028,23.994125
RPUOMLRLJIJGFAU37DA,花蓮縣吉安鄉南山一街６２號四樓,花蓮縣吉安鄉宜昌村27鄰南山一街62號,121.582256,23.975795
RPTRMLMKJIJGFAU96DA,花蓮縣花蓮市中央路三段７３０號十樓之九,花蓮縣花蓮市國富里35鄰中央路三段730號,121.590858,23.991491
RPUNMLQLJIJGFAU17DA,花蓮縣花蓮市福建街１２２號,花蓮縣花蓮市主安里2鄰福建街122號,121.60038,23.968596
RPUPMLQLJIJGFAU37DA,花蓮縣花蓮市豐村７之３號三樓之五,花蓮縣花蓮市國強里2鄰豐村7之3號,121.604164,24.001619
RPXOMLSLJIJGFAU77DA,花蓮縣花蓮市莊敬路２８９號四樓之二,找不到指定的門牌地址。,,
RPSNMLOJKIJGFAU66DA,花蓮縣花蓮市北昌五街２３號,找不到指定的門牌地址。,,
RPTNMLPJKIJGFAU86DA,花蓮縣花蓮市中央路三段７３０號六樓之十七,花蓮縣花蓮市國富里35鄰中央路三段730號,121.590858,23.991491
RPRNMLNJKIJGFAU09DA,花蓮縣花蓮市建國路１９０號,花蓮縣花蓮市國魂里1鄰建國路190號,121.601067,23.984074
RPOOMLOJKIJGFAU98DA,花蓮縣花蓮市中興路５號四樓之二,花蓮縣花蓮市民樂里14鄰中興路5號,121.633253,23.992381
RPRNMLQJKIJGFAU76DA,花蓮縣花蓮市國民九街７６號,花蓮縣花蓮市國盛里23鄰國民九街76號,121.606996,23.99462
RPTNMLQJKIJGFAU96DA,花蓮縣花蓮市南京街１９１號六樓之十六,花蓮縣花蓮市主信里5鄰南京街191號,121.606202,23.974713
RPQOMLRJIIJGFAU66DA,花蓮縣花蓮市國民七街５３號九樓之八,花蓮縣花蓮市國盛里4鄰國民七街53號,121.605877,23.991365
RPUNMLQKIIJGFAU96DA,花蓮縣花蓮市國盛六街５３號四樓之九,花蓮縣花蓮市國盛里27鄰國盛六街53號,121.608667,23.994657
RPQNMLLLIIJGFAU78DA,花蓮縣吉安鄉東里九街８７號二樓之五,花蓮縣吉安鄉東昌村23鄰東里九街87號,121.594334,23.963391
RPVNMLMLIIJGFAU76DA,花蓮縣吉安鄉中山路三段４２之１號,花蓮縣吉安鄉吉安村4鄰中山路三段42之1號,121.577457,23.97435
RPXNMLNLIIJGFAU07DA,花蓮縣花蓮市中興路５號十樓之二,花蓮縣花蓮市民樂里14鄰中興路5號,121.633253,23.992381
RPTOMLOLIIJGFAU86DA,花蓮縣花蓮市中美五街１４０巷３號四樓,花蓮縣花蓮市民政里29鄰中美五街140巷3號,121.627008,23.994572
RPOQMLPLIIJGFAU66DA,花蓮縣花蓮市國盛六街５３號二樓之十六,花蓮縣花蓮市國盛里27鄰國盛六街53號,121.608667,23.994657
RPPNMLTLIIJGFAU86DA,花蓮縣花蓮市國聯五路２之８號七樓之八,花蓮縣花蓮市國盛里1鄰國聯五路2之8號,121.606274,23.988692
RPXNMLMLIIJGFAU96DA,花蓮縣花蓮市國民七街５３號四樓之二十五,花蓮縣花蓮市國盛里4鄰國民七街53號,121.605877,23.991365
RPXNMLKMIIJGFAU86DA,花蓮縣花蓮市重慶路３２７號,花蓮縣花蓮市主計里4鄰重慶路327號,121.60747,23.971644
RPPNMLKMIIJGFAU78EA,花蓮縣花蓮市府前路１５６號五樓之六,花蓮縣花蓮市民勤里16鄰府前路156號,121.621827,23.990705
RPVNMLRKIIJGFAU17DA,花蓮縣花蓮市國聯二路８３號,花蓮縣花蓮市國聯里16鄰國聯二路83號,121.603223,23.989657
RPPNMLKMIIJGFAU68DA,花蓮縣花蓮市國興五街５３號,花蓮縣花蓮市國聯里20鄰國興五街53號,121.605384,23.988719
RPTNMLLJJIJGFAU98DA,花蓮縣吉安鄉吉安路一段１３號,花蓮縣吉安鄉永安村6鄰吉安路一段13號,121.575622,23.992273
RPVOMLOJJIJGFAU96DA,花蓮縣花蓮市國聯五路１３１號五樓之五,花蓮縣花蓮市國聯里28鄰國聯五路131號,121.604895,23.99264
RPXOMLPLIIJGFAU37DA,花蓮縣吉安鄉建國路一段１２１巷３９號二樓之二,花蓮縣吉安鄉吉昌村9鄰建國路一段121巷39號,121.591945,23.984327
RPQPMLPLIIJGFAU76DA,花蓮縣吉安鄉建國路一段１２１巷３９號三樓之二,花蓮縣吉安鄉吉昌村9鄰建國路一段121巷39號,121.591945,23.984327
RPQNMLOJJIJGFAU98DA,花蓮縣花蓮市富裕七街１９號六樓之三,花蓮縣花蓮市國裕里14鄰富裕七街19號,121.598772,23.994976
RPUOMLOJJIJGFAU86DA,花蓮縣花蓮市國聯五路１３１號五樓之六,花蓮縣花蓮市國聯里28鄰國聯五路131號,121.604895,23.99264
RPXOMLOJJIJGFAU17DA,花蓮縣花蓮市國民七街５３號十樓之十八,花蓮縣花蓮市國盛里4鄰國民七街53號,121.605877,23.991365
RPVNMLPJJIJGFAU96DA,花蓮縣花蓮市南京街２０３號八樓之七,花蓮縣花蓮市主信里5鄰南京街203號,121.606539,23.974793
RPTPMLPLIIJGFAU07DA,花蓮縣吉安鄉建國路一段１２１巷３９號四樓之一,花蓮縣吉安鄉吉昌村9鄰建國路一段121巷39號,121.591945,23.984327
RPVPMLPLIIJGFAU27DA,花蓮縣吉安鄉建國路一段１２１巷３９號四樓之三,花蓮縣吉安鄉吉昌村9鄰建國路一段121巷39號,121.591945,23.984327
RPXPMLPLIIJGFAU47DA,花蓮縣吉安鄉建國路一段１２１巷３９號五樓之一,花蓮縣吉安鄉吉昌村9鄰建國路一段121巷39號,121.591945,23.984327
RPTOMLMLIIJGFAU66DA,花蓮縣花蓮市介智街３３號五樓之二,花蓮縣花蓮市國興里20鄰介智街33號,121.57134,23.995348
RPPPMLSLIIJGFAU96DA,花蓮縣花蓮市介智街３３號五樓之一,花蓮縣花蓮市國興里20鄰介智街33號,121.57134,23.995348
RPPOMLKMIIJGFAU78DA,花蓮縣吉安鄉吉安路三段１０８號,花蓮縣吉安鄉福興村21鄰吉安路三段108號,121.559386,23.967884
RPQNMLQJJIJGFAU56DA,花蓮縣花蓮市國盛二街１１８號二樓之五,花蓮縣花蓮市國盛里17鄰國盛二街118號,121.605998,23.996006
RPRNMLQJJIJGFAU66DA,花蓮縣花蓮市國聯二路７１號十一樓之九,花蓮縣花蓮市國聯里16鄰國聯二路71號,121.603375,23.989803
RPSPMLPLIIJGFAU96DA,花蓮縣吉安鄉建國路一段１２１巷３９號三樓之五,花蓮縣吉安鄉吉昌村9鄰建國路一段121巷39號,121.591945,23.984327
RPUNMLRJJIJGFAU07DA,花蓮縣花蓮市中美七街３９號三樓之六,花蓮縣花蓮市民政里32鄰中美七街39號,121.624283,23.993554
RPPOMLRJJIJGFAU66DA,花蓮縣花蓮市北昌五街９６號四樓,找不到指定的門牌地址。,,
RPPOMLPKIIJGFAU09DA,花蓮縣吉安鄉南海五街２４６巷９號,花蓮縣吉安鄉仁和村16鄰南海五街246巷9號,121.589157,23.951813
RPOPMLPLIIJGFAU56DA,花蓮縣吉安鄉建國路一段１２１巷３９號二樓之三,花蓮縣吉安鄉吉昌村9鄰建國路一段121巷39號,121.591945,23.984327
RPRPMLPLIIJGFAU86DA,花蓮縣吉安鄉建國路一段１２１巷３９號三樓之三,花蓮縣吉安鄉吉昌村9鄰建國路一段121巷39號,121.591945,23.984327
RPXNMLLJJIJGFAU76DA,花蓮縣吉安鄉福興一街５１之８號,花蓮縣吉安鄉福興村5鄰福興一街51之8號,121.559999,23.969833
RPUNMLSJJIJGFAU17DA,花蓮縣花蓮市延平街１６９號,花蓮縣花蓮市國魂里19鄰延平街169號,121.599697,23.985323
RPSNMLSJJIJGFAU96DA,花蓮縣吉安鄉南海五街２７６號,花蓮縣吉安鄉仁和村16鄰南海五街276號,121.588234,23.951747
RPTNMLLKJIJGFAU09DA,花蓮縣吉安鄉中山路一段１０２號,花蓮縣吉安鄉仁里村37鄰中山路一段102號,121.588127,23.967158
RPWNMLMKJIJGFAU86DA,花蓮縣吉安鄉昌隆二街１０７號三樓,花蓮縣吉安鄉南昌村15鄰昌隆二街107號,121.580781,23.970642
RPPQMLPLIIJGFAU76DA,花蓮縣吉安鄉建國路一段１２１巷３９號六樓之二,花蓮縣吉安鄉吉昌村9鄰建國路一段121巷39號,121.591945,23.984327
RPOOMLRJJIJGFAU56DA,花蓮縣花蓮市商校街９８號三樓,花蓮縣花蓮市國聯里17鄰商校街98號,121.603182,23.98778
RPPOMLSJJIJGFAU76DA,花蓮縣吉安鄉福興一街５１號四樓之二,花蓮縣吉安鄉福興村5鄰福興一街51號,121.559959,23.96955
RPSRMLMKJIJGFAU86DA,花蓮縣花蓮市富祥街７０號七樓之二,花蓮縣花蓮市國富里38鄰富祥街70號,121.593099,23.992784
RPORMLPLIIJGFAU76DA,花蓮縣吉安鄉建國路一段１２１巷３９號五樓之三,花蓮縣吉安鄉吉昌村9鄰建國路一段121巷39號,121.591945,23.984327
RPPNMLQJJIJGFAU09DA,花蓮縣花蓮市建國路二段８１０號,花蓮縣花蓮市國興里26鄰建國路二段810號,121.566897,23.995657
RPRNMLMKJIJGFAU98DA,花蓮縣花蓮市國盛八街１０３號五樓之二,花蓮縣花蓮市國盛里17鄰國盛八街103號,121.606444,23.996123
RPPOMLOKJIJGFAU09DA,花蓮縣花蓮市國盛八街５３號二樓之三,花蓮縣花蓮市國盛里24鄰國盛八街53號,121.60787,23.995376
RPPNMLNLIIJGFAU88DA,花蓮縣吉安鄉東海十五街９２號,花蓮縣吉安鄉東昌村43鄰東海十五街92號,121.594043,23.962608
RPWNMLSKJIJGFAU47DA,花蓮縣花蓮市自立路３４巷７號,找不到指定的門牌地址。,,
RPXNMLSKJIJGFAU57DA,花蓮縣花蓮市林森路３２１巷３號,花蓮縣花蓮市國華里18鄰林森路321巷3號,121.60346,23.98064
RPVNMLTKJIJGFAU47DA,花蓮縣花蓮市中美十三街６８號二樓之五號,花蓮縣花蓮市民政里35鄰中美十三街68號,121.624073,23.998445
RPOOMLTKJIJGFAU86DA,花蓮縣花蓮市建華路８９巷２２號,花蓮縣花蓮市國興里4鄰建華路89巷22號,121.578344,23.995108
RPUOMLSKJIJGFAU37DA,花蓮縣吉安鄉文化七街８５號,花蓮縣吉安鄉南昌村24鄰文化七街85號,121.580012,23.970288
RPVNMLMLJIJGFAU86DA,花蓮縣吉安鄉建國路一段１７號,花蓮縣吉安鄉吉昌村6鄰建國路一段17號,121.59607,23.984708
RPPNMLTKJIJGFAU96EA,花蓮縣花蓮市福建街８３巷１弄３號,花蓮縣花蓮市主農里14鄰福建街83巷1弄3號,121.599144,23.968256
RPQNMLPLJIJGFAU66DA,花蓮縣吉安鄉慶北一街１５８巷１６號,花蓮縣吉安鄉慶豐村17鄰慶北一街158巷16號,121.569897,23.97936
RPPNMLPLJIJGFAU56DA,花蓮縣吉安鄉南海四街２１９巷１９號,花蓮縣吉安鄉仁和村14鄰南海四街219巷19號,121.590038,23.95229
RPXNMLPLJIJGFAU37DA,花蓮縣花蓮市建國路二段２６８巷７１號,花蓮縣花蓮市國興里2鄰建國路二段268巷71號,121.57834,23.993566
RPQOMLPLJIJGFAU76DA,花蓮縣花蓮市林園二街２８號四樓之二,花蓮縣花蓮市民孝里20鄰林園二街28號,121.630911,24.003546
RPQOMLSLIIJGFAU96DA,花蓮縣吉安鄉北昌一街２９號七樓之三,花蓮縣吉安鄉吉昌村6鄰北昌一街29號,121.596265,23.984503
RPSOMLPLJIJGFAU96DA,花蓮縣吉安鄉華城五街３８６號,花蓮縣吉安鄉光華村4鄰華城五街386號,121.567605,23.928038
RPRNMLNKJIJGFAU09DA,花蓮縣吉安鄉慈惠四街７９號五樓之三,花蓮縣吉安鄉勝安村19鄰慈惠四街79號,121.588387,23.977475
RPSQMLQLJIJGFAU27DA,花蓮縣吉安鄉吉興一街４１１巷４弄１６號四樓,花蓮縣吉安鄉吉安村4鄰吉興一街411巷4弄16號,121.577461,23.975338
RPPOMLRLJIJGFAU86DA,花蓮縣花蓮市國富十二街１６號六樓之一,花蓮縣花蓮市國富里9鄰國富十二街16號,121.597312,23.990482
RPOOMLRLJIJGFAU76DA,花蓮縣吉安鄉自強路１４６號,花蓮縣吉安鄉勝安村17鄰自強路146號,121.586669,23.979095
RPSOMLRLJIJGFAU17DA,花蓮縣花蓮市和平路４１６號,花蓮縣花蓮市主睦里17鄰和平路416號,121.602662,23.9752
RPRNMLSLJIJGFAU07DA,花蓮縣吉安鄉吉昌二街１９９號,花蓮縣吉安鄉吉安村24鄰吉昌二街199號,121.563203,23.97004
RPUOMLSLJIJGFAU47DA,花蓮縣花蓮市國聯五路２之８號五樓之２,花蓮縣花蓮市國盛里1鄰國聯五路2之8號,121.606274,23.988692
RPTOMLPLJIJGFAU07DA,花蓮縣花蓮市北昌二街１８號,找不到指定的門牌地址。,,
RPOQMLQLJIJGFAU86DA,花蓮縣花蓮市豐村７之３號二樓之五,花蓮縣花蓮市國強里2鄰豐村7之3號,121.604164,24.001619
RPWNMLSLJIJGFAU57DA,花蓮縣花蓮市國富十街１９１號五樓之五,花蓮縣花蓮市國富里30鄰國富十街191號,121.594853,23.993373
RPURMLMKJIJGFAU07DA,花蓮縣花蓮市富裕一街６７號三樓,花蓮縣花蓮市國裕里3鄰富裕一街67號,121.597239,23.993411
RPQNMLPKJIJGFAU56DA,花蓮縣花蓮市府前路４９４號,花蓮縣花蓮市民意里49鄰府前路494號,121.620512,24.00033
RPPOMLQLJIJGFAU76DA,花蓮縣花蓮市豐村７之３號,花蓮縣花蓮市國強里2鄰豐村7之3號,121.604164,24.001619
RPQPMLQLJIJGFAU96DA,花蓮縣花蓮市豐村７之３號三樓之一,花蓮縣花蓮市國強里2鄰豐村7之3號,121.604164,24.001619
RPWPMLQLJIJGFAU57DA,花蓮縣花蓮市豐村７之３號三樓之二,花蓮縣花蓮市國強里2鄰豐村7之3號,121.604164,24.001619
RPQQMLQLJIJGFAU07DA,花蓮縣花蓮市豐村７之３號二樓之三,花蓮縣花蓮市國強里2鄰豐村7之3號,121.604164,24.001619
RPTNMLTLJIJGFAU37DA,花蓮縣花蓮市華安街１１巷１２號,花蓮縣花蓮市民享里17鄰華安街11巷12號,121.621149,24.003822
RPSNMLMJKIJGFAU09DA,花蓮縣花蓮市博愛街１６６之５號,花蓮縣花蓮市國治里18鄰博愛街166之5號,121.605757,23.97832
RPTNMLMJKIJGFAU56DA,花蓮縣吉安鄉南山五街８６號,花蓮縣吉安鄉宜昌村31鄰南山五街86號,121.580195,23.974491
RPQOMLNJKIJGFAU09DA,花蓮縣花蓮市中美路１１５巷６號七樓,花蓮縣花蓮市民政里31鄰中美路115巷6號,121.626536,23.992937
RPUOMLNJKIJGFAU86DA,花蓮縣花蓮市上海街８１號三樓之五,花蓮縣花蓮市主學里6鄰上海街81號,121.602513,23.973182
RPVNMLOJKIJGFAU96DA,花蓮縣花蓮市自強路５４１號,找不到指定的門牌地址。,,
RPXNMLOJKIJGFAU17DA,花蓮縣花蓮市國聯三路５３號七樓之一,花蓮縣花蓮市國聯里26鄰國聯三路53號,121.604427,23.990743
RPVOMLQLJIJGFAU37DA,花蓮縣花蓮市豐村７之３號二樓之一,花蓮縣花蓮市國強里2鄰豐村7之3號,121.604164,24.001619
RPRPMLQLJIJGFAU07DA,花蓮縣花蓮市豐村７之３號四樓之二,花蓮縣花蓮市國強里2鄰豐村7之3號,121.604164,24.001619
RPSPMLQLJIJGFAU17DA,花蓮縣花蓮市豐村７之３號五樓之三,花蓮縣花蓮市國強里2鄰豐村7之3號,121.604164,24.001619
RPVPMLQLJIJGFAU47DA,花蓮縣花蓮市豐村７之３號三樓之三,花蓮縣花蓮市國強里2鄰豐村7之3號,121.604164,24.001619
RPWOMLNJKIJGFAU07DA,花蓮縣花蓮市中正路１６８巷１１弄２９號,花蓮縣花蓮市主安里11鄰中正路168巷11弄29號,121.599749,23.970178
RPUNMLQJKIJGFAU07DA,花蓮縣花蓮市中強街１７７巷７號,花蓮縣花蓮市主和里39鄰中強街177巷7號,121.602718,23.968917
RPTNMLOJRHJGFAU37DA,花蓮縣花蓮市中山路５３５巷１弄１１號,花蓮縣花蓮市國魂里3鄰中山路535巷1弄11號,121.601909,23.9859
RPVOMLQJRHJGFAU87DA,花蓮縣吉安鄉廣賢路一段３４９巷７號四樓之一,花蓮縣吉安鄉稻香村28鄰廣賢路一段349巷7號,121.579342,23.953603
RPQOMLQJRHJGFAU37DA,花蓮縣花蓮市睦和街３６巷７號,花蓮縣花蓮市主權里26鄰睦和街36巷7號,121.59152,23.976164
RPWNMLPLRHJGFAU97DA,花蓮縣花蓮市自強路５０７巷３３號四樓,找不到指定的門牌地址。,,
RPSNMLRLRHJGFAU77DA,花蓮縣花蓮市中興路２５８號四樓之二,花蓮縣花蓮市民政里24鄰中興路258號,121.622891,23.997695
RPWOMLKMRHJGFAU67DA,花蓮縣花蓮市國興二街１４３號六樓之二,花蓮縣花蓮市國聯里11鄰國興二街143號,121.601699,23.988918
RPSOMLKMRHJGFAU27DA,花蓮縣花蓮市國聯五路１３１號四樓之二,花蓮縣花蓮市國聯里28鄰國聯五路131號,121.604895,23.99264
RPQNMLOJIIJGFAU88DA,花蓮縣吉安鄉東海十街１５６巷２１之２號一樓之一,花蓮縣吉安鄉東昌村42鄰東海十街156巷21之2號,121.596787,23.961175
RPVNMLOJIIJGFAU76DA,花蓮縣花蓮市國盛一街６６巷３之２號二樓,花蓮縣花蓮市國盛里14鄰國盛一街66巷3之2號,121.606561,23.990808
RPSOMLOJIIJGFAU56DA,花蓮縣花蓮市林園二街２６號四樓之五,花蓮縣花蓮市民孝里20鄰林園二街26號,121.631138,24.003575
RPVOMLOJIIJGFAU86DA,花蓮縣吉安鄉吉興路一段２９號之３,花蓮縣吉安鄉南昌村6鄰吉興路一段29號之3,121.578373,23.971989
RPWNMLRJIIJGFAU17DA,花蓮縣花蓮市國富十七街１０號五樓之十一,花蓮縣花蓮市國富里22鄰國富十七街10號,121.59386,23.990258
RPQOMLQLRHJGFAU57DA,花蓮縣花蓮市中興路５號六樓之三,花蓮縣花蓮市民樂里14鄰中興路5號,121.633253,23.992381
RPOPMLSJIIJGFAU66DA,花蓮縣花蓮市明智街８３號,花蓮縣花蓮市國防里9鄰明智街83號,121.605034,23.985797
RPUPMLSKRHJGFAU18DA,花蓮縣花蓮市富裕五街８８號二樓之一,花蓮縣花蓮市國裕里20鄰富裕五街88號,121.599163,23.996566
RPVOMLKMRHJGFAU57DA,花蓮縣花蓮市南京街１４７號五樓之二,花蓮縣花蓮市主睦里8鄰南京街147號,121.605103,23.973868
RPXNMLOJIIJGFAU96DA,花蓮縣吉安鄉仁里十二街４０巷２號,花蓮縣吉安鄉仁里村36鄰仁里十二街40巷2號,121.588089,23.968412
RPQNMLTJIIJGFAU76DA,花蓮縣花蓮市富陽路３８號六樓之九,花蓮縣花蓮市國裕里20鄰富陽路38號,121.599031,23.995871
RPUNMLTJIIJGFAU17DA,花蓮縣花蓮市國聯五路１３１號六樓之五,花蓮縣花蓮市國聯里28鄰國聯五路131號,121.604895,23.99264
RPQPMLSJIIJGFAU86DA,花蓮縣花蓮市明智街８５號,花蓮縣花蓮市國防里9鄰明智街85號,121.605073,23.985821
RPTNMLTJIIJGFAU07DA,花蓮縣花蓮市國聯五路１３１號六樓之六,花蓮縣花蓮市國聯里28鄰國聯五路131號,121.604895,23.99264
RPRNMLKKIIJGFAU68DA,花蓮縣花蓮市中美路１１５巷７號三樓之二,花蓮縣花蓮市民政里31鄰中美路115巷7號,121.626458,23.992992
RPSNMLOKIIJGFAU56DA,花蓮縣花蓮市中興路４３巷６號四樓之八,花蓮縣花蓮市民立里9鄰中興路43巷6號,121.630056,23.991555
RPVNMLOLRHJGFAU77DA,花蓮縣花蓮市府前路４９２號,花蓮縣花蓮市民意里49鄰府前路492號,121.620531,24.00029
RPOOMLTJIIJGFAU66DA,花蓮縣花蓮市北昌二街８巷９弄１２號五樓,找不到指定的門牌地址。,,
RPWNMLOKIIJGFAU96DA,花蓮縣花蓮市國富二街１０５號四樓之二,花蓮縣花蓮市國富里14鄰國富二街105號,121.594815,23.989823
RPQOMLPKIIJGFAU56DA,花蓮縣花蓮市東興二街２５號,花蓮縣花蓮市民孝里9鄰東興二街25號,121.630174,23.999416
RPWNMLLKIIJGFAU66DA,花蓮縣吉安鄉南海二街２３１巷３弄１７號,花蓮縣吉安鄉仁和村37鄰南海二街231巷3弄17號,121.5921,23.955611
RPOOMLQKIIJGFAU09DA,花蓮縣花蓮市民權二街９號四樓,花蓮縣花蓮市民德里1鄰民權二街9號,121.618894,23.982075
RPPNMLLKIIJGFAU58DA,花蓮縣吉安鄉慶北三街２４８巷３１號,花蓮縣吉安鄉慶豐村9鄰慶北三街248巷31號,121.571465,23.980636
RPPNMLPKIIJGFAU98DA,花蓮縣花蓮市博愛街２６０號,花蓮縣花蓮市國華里17鄰博愛街260號,121.602406,23.981736
RPTOMLQKIIJGFAU96DA,花蓮縣吉安鄉文化十二街９６號,花蓮縣吉安鄉南昌村10鄰文化十二街96號,121.577132,23.968347
RPXNMLPLRHJGFAU08DA,花蓮縣花蓮市德安一街１０８巷１５號,花蓮縣花蓮市主權里12鄰德安一街108巷15號,121.593836,23.972898
RPRNMLRKIIJGFAU76DA,花蓮縣花蓮市府前路５０８號六樓之六,花蓮縣花蓮市民意里49鄰府前路508號,121.620298,24.000699
RPWNMLLLIIJGFAU76DA,花蓮縣花蓮市中正路４８７之１號,花蓮縣花蓮市主工里2鄰中正路487之1號,121.605635,23.976213
RPROMLPKIIJGFAU66DA,花蓮縣吉安鄉慶北一街１９７號,花蓮縣吉安鄉慶豐村34鄰慶北一街197號,121.56604,23.981075
RPSNMLLLIIJGFAU98DA,花蓮縣花蓮市福建街１９６號,花蓮縣花蓮市主和里36鄰福建街196號,121.602177,23.969767
RPPNMLMLIIJGFAU78DA,花蓮縣花蓮市國福街１１０巷３２號,花蓮縣花蓮市國福里8鄰國福街110巷32號,121.577468,24.008596
RPVNMLNLIIJGFAU86DA,花蓮縣吉安鄉華工六路９０巷４２號,花蓮縣吉安鄉光華村15鄰華工六路90巷42號,121.591813,23.939222
RPVNMLSKIIJGFAU27DA,花蓮縣吉安鄉昌隆三街６７號六樓,花蓮縣吉安鄉南昌村24鄰昌隆三街67號,121.580251,23.970071
RPQOMLNLIIJGFAU09DA,花蓮縣花蓮市中山路８５號,花蓮縣花蓮市民族里5鄰中山路85號,121.611007,23.974675
RPPNMLOLIIJGFAU98DA,花蓮縣吉安鄉仁里五街９５號,花蓮縣吉安鄉仁里村30鄰仁里五街95號,121.589395,23.969387
RPQQMLPLIIJGFAU86DA,花蓮縣吉安鄉東海十一街４２號,花蓮縣吉安鄉東昌村28鄰東海十一街42號,121.59311,23.964303
RPSQMLPLIIJGFAU07DA,花蓮縣吉安鄉吉昌一街１８９巷１７號,花蓮縣吉安鄉吉安村23鄰吉昌一街189巷17號,121.564428,23.971499
RPQOMLOKIIJGFAU09DA,花蓮縣吉安鄉中正路二段１８６巷１９號五樓之六,花蓮縣吉安鄉仁和村36鄰中正路二段186巷19號,121.58526,23.958917
RPVOMLOLIIJGFAU07DA,花蓮縣吉安鄉中興路２１４巷２１號,花蓮縣吉安鄉吉安村14鄰中興路214巷21號,121.568663,23.972816
RPUQMLPLIIJGFAU27DA,花蓮縣花蓮市國民八街６５號四樓之七,花蓮縣花蓮市國盛里19鄰國民八街65號,121.606613,23.993677
RPVQMLPLIIJGFAU37DA,花蓮縣花蓮市德安六街１０３號三樓之二,花蓮縣花蓮市主權里1鄰德安六街103號,121.589527,23.973396
RPQNMLSLIIJGFAU86DA,花蓮縣花蓮市化道路５５之８號六樓之一,花蓮縣花蓮市民政里24鄰化道路55之8號,121.624081,23.998847
RPWPMLPLIIJGFAU37DA,花蓮縣吉安鄉建國路一段１２１巷３９號四樓之五,花蓮縣吉安鄉吉昌村9鄰建國路一段121巷39號,121.591945,23.984327
RPXNMLSLIIJGFAU57DA,花蓮縣吉安鄉福興一街５１之９號,花蓮縣吉安鄉福興村5鄰福興一街51之9號,121.560041,23.969895
RPSNMLTLIIJGFAU17DA,花蓮縣花蓮市自強路５０７巷１５號,找不到指定的門牌地址。,,
RPUNMLKMIIJGFAU56DA,花蓮縣吉安鄉南昌路１６５之１號,花蓮縣吉安鄉南昌村8鄰南昌路165之1號,121.578058,23.97041
RPROMLRJIIJGFAU76DA,花蓮縣吉安鄉慶豐十一街１８４號,花蓮縣吉安鄉慶豐村33鄰慶豐十一街184號,121.565831,23.982082
RPUPMLPLIIJGFAU17DA,花蓮縣吉安鄉建國路一段１２１巷３９號四樓之二,花蓮縣吉安鄉吉昌村9鄰建國路一段121巷39號,121.591945,23.984327
RPXQMLPLIIJGFAU57DA,花蓮縣吉安鄉建國路一段１２１巷３９號五樓之二,花蓮縣吉安鄉吉昌村9鄰建國路一段121巷39號,121.591945,23.984327
RPVRMLPLIIJGFAU47DA,花蓮縣吉安鄉建國路一段１２１巷３９號二樓之五,花蓮縣吉安鄉吉昌村9鄰建國路一段121巷39號,121.591945,23.984327
RPOOMLKMIIJGFAU68DA,花蓮縣吉安鄉吉興一街３７２巷３６號,花蓮縣吉安鄉吉安村3鄰吉興一街372巷36號,121.578441,23.974128
RPPRMLPLIIJGFAU86DA,花蓮縣花蓮市中山路５７１巷３１之１號四樓之一,花蓮縣花蓮市國聯里8鄰中山路571巷31之1號,121.599793,23.987473
RPPNMLSLIIJGFAU76DA,花蓮縣吉安鄉和平路一段１４２巷２弄１６號,花蓮縣吉安鄉吉昌村2鄰和平路一段142巷2弄16號,121.590289,23.982883
RPPNMLLJJIJGFAU58DA,花蓮縣花蓮市民樂二街１４號,花蓮縣花蓮市民樂里12鄰民樂二街14號,121.633551,23.991683
RPWNMLLJJIJGFAU66DA,花蓮縣花蓮市華安街３號,花蓮縣花蓮市民享里17鄰華安街3號,121.620741,24.003969
RPPNMLOJJIJGFAU88DA,花蓮縣花蓮市中美二街６７號,花蓮縣花蓮市民運里3鄰中美二街67號,121.630703,23.996134
RPPOMLOJJIJGFAU98DA,花蓮縣花蓮市國富二十七街１０號,花蓮縣花蓮市國富里33鄰國富二十七街10號,121.591289,23.990987
RPQRMLPLIIJGFAU96DA,花蓮縣吉安鄉建國路一段１２１巷３９號五樓之五,花蓮縣吉安鄉吉昌村9鄰建國路一段121巷39號,121.591945,23.984327
RPSRMLPLIIJGFAU17DA,花蓮縣吉安鄉建國路一段１２１巷３９號六樓之三,花蓮縣吉安鄉吉昌村9鄰建國路一段121巷39號,121.591945,23.984327
RPVOMLSLIIJGFAU47DA,花蓮縣花蓮市介智街３３號二樓之一,花蓮縣花蓮市國興里20鄰介智街33號,121.57134,23.995348
RPQNMLSKIIJGFAU76DA,花蓮縣花蓮市介智街３３號四樓之二,花蓮縣花蓮市國興里20鄰介智街33號,121.57134,23.995348
RPPOMLNLIIJGFAU98DA,花蓮縣花蓮市介智街３３號三樓之二,花蓮縣花蓮市國興里20鄰介智街33號,121.57134,23.995348
RPTOMLSLIIJGFAU27DA,花蓮縣花蓮市介智街３３號二樓之二,花蓮縣花蓮市國興里20鄰介智街33號,121.57134,23.995348
RPWOMLSLIIJGFAU57DA,花蓮縣花蓮市介智街３３號三樓之一,花蓮縣花蓮市國興里20鄰介智街33號,121.57134,23.995348
RPOPMLSLIIJGFAU86DA,花蓮縣花蓮市介智街３３號四樓之一,花蓮縣花蓮市國興里20鄰介智街33號,121.57134,23.995348
RPUOMLSLIIJGFAU37DA,花蓮縣花蓮市國盛八街１０９號五樓之五,花蓮縣花蓮市國盛里17鄰國盛八街109號,121.606264,23.996234
RPXOMLSLIIJGFAU67DA,花蓮縣花蓮市華興街１２０巷１０弄１０號,花蓮縣花蓮市民享里12鄰華興街120巷10弄10號,121.619832,24.005614
RPOOMLTLIIJGFAU86DA,花蓮縣吉安鄉明義五街８０巷２號,花蓮縣吉安鄉太昌村12鄰明義五街80巷2號,121.563294,23.993319
RPTNMLQJJIJGFAU86DA,花蓮縣吉安鄉福興一街５１號三樓之一,花蓮縣吉安鄉福興村5鄰福興一街51號,121.559959,23.96955
RPQOMLQJJIJGFAU66DA,花蓮縣花蓮市東興路３５９巷１號三樓之三,花蓮縣花蓮市民孝里18鄰東興路359巷1號,121.631877,24.003174
RPOOMLSJJIJGFAU66DA,花蓮縣花蓮市水源街９１巷１１號,花蓮縣花蓮市民勤里33鄰水源街91巷11號,121.617368,23.985896
RPWNMLSJJIJGFAU37DA,花蓮縣花蓮市國民六街３９號五樓之一,花蓮縣花蓮市國聯里20鄰國民六街39號,121.605331,23.989234
RPQOMLSJJIJGFAU86DA,花蓮縣吉安鄉福興一街５１之７號,花蓮縣吉安鄉福興村5鄰福興一街51之7號,121.559955,23.96976
RPROMLSJJIJGFAU96DA,花蓮縣吉安鄉中山路一段６６號五樓之一,花蓮縣吉安鄉仁里村20鄰中山路一段66號,121.589065,23.965896
RPVNMLMKJIJGFAU76DA,花蓮縣吉安鄉南埔十街２７號,花蓮縣吉安鄉仁里村35鄰南埔十街27號,121.588455,23.967994
RPUPMLMKJIJGFAU86DA,花蓮縣吉安鄉南海三街１５４號,花蓮縣吉安鄉仁安村9鄰南海三街154號,121.593677,23.953773
RPOQMLMKJIJGFAU98DA,花蓮縣花蓮市中興路５號三樓之三,花蓮縣花蓮市民樂里14鄰中興路5號,121.633253,23.992381
RPUOMLOJIIJGFAU76DA,花蓮縣花蓮市榮正街２５巷４弄３號,花蓮縣花蓮市主安里16鄰榮正街25巷4弄3號,121.598313,23.972387
RPRRMLPLIIJGFAU07DA,花蓮縣吉安鄉建國路一段１２１巷３９號六樓之一,花蓮縣吉安鄉吉昌村9鄰建國路一段121巷39號,121.591945,23.984327
RPUNMLOKJIJGFAU86DA,花蓮縣花蓮市南京街２０３號五樓之六,花蓮縣花蓮市主信里5鄰南京街203號,121.606539,23.974793
RPPPMLPLIIJGFAU66DA,花蓮縣吉安鄉建國路一段１２１巷３９號三樓之一,花蓮縣吉安鄉吉昌村9鄰建國路一段121巷39號,121.591945,23.984327
RPTRMLPLIIJGFAU27DA,花蓮縣吉安鄉建國路一段１２１巷３９號六樓之五,花蓮縣吉安鄉吉昌村9鄰建國路一段121巷39號,121.591945,23.984327
RPPOMLNKJIJGFAU98DA,花蓮縣花蓮市福德一街１２號,花蓮縣花蓮市主和里17鄰福德一街12號,121.604787,23.971036
RPROMLNKJIJGFAU56DA,花蓮縣花蓮市福德一街１６號,花蓮縣花蓮市主和里17鄰福德一街16號,121.604744,23.971093
RPTNMLOKJIJGFAU76DA,花蓮縣吉安鄉太昌路４９０號二樓,花蓮縣吉安鄉太昌村11鄰太昌路490號,121.563773,23.993639
RPWNMLPKJIJGFAU17DA,花蓮縣花蓮市南京街２１６巷７號,花蓮縣花蓮市主義里12鄰南京街216巷7號,121.606066,23.974059
RPSNMLKLJIJGFAU98DA,花蓮縣花蓮市球崙一路２９７之１號,花蓮縣花蓮市民享里10鄰球崙一路297之1號,121.622029,24.006639
RPPNMLTKJIJGFAU86DA,花蓮縣吉安鄉福興一街５１號五樓之二,花蓮縣吉安鄉福興村5鄰福興一街51號,121.559959,23.96955
RPVQMLMKJIJGFAU07DA,花蓮縣花蓮市榮正街２５３號,花蓮縣花蓮市主權里6鄰榮正街253號,121.594669,23.976078
RPPNMLMLRHJGFAU96DA,花蓮縣花蓮市林森路３２巷３號,花蓮縣花蓮市主力里24鄰林森路32巷3號,121.597329,23.975408
RPROMLLLJIJGFAU09DA,花蓮縣花蓮市菁華街１６之１０號六樓,花蓮縣花蓮市民權里2鄰菁華街16之10號,121.616382,23.980971
RPQNMLLKJIJGFAU78DA,花蓮縣吉安鄉舊村四街９號,花蓮縣吉安鄉吉安村13鄰舊村四街5號,121.565288,23.968131
RPPNMLKLJIJGFAU78EA,花蓮縣花蓮市國興五街６９號五樓之一,花蓮縣花蓮市國聯里18鄰國興五街69號,121.604819,23.988524
RPVOMLPLJIJGFAU27DA,花蓮縣吉安鄉明仁一街１２９巷１號,花蓮縣吉安鄉永安村13鄰明仁一街129巷1號,121.576244,23.991133
RPPNMLRKIIJGFAU56DA,花蓮縣花蓮市華西１０６之２號,花蓮縣花蓮市民心里10鄰華西106之2號,121.625128,24.013888
RPPNMLMLJIJGFAU88DA,花蓮縣吉安鄉中原路７６０號,找不到指定的門牌地址。,,
RPQOMLOJKIJGFAU56DA,花蓮縣花蓮市中央路三段７４２號,花蓮縣花蓮市國富里35鄰中央路三段742號,121.59099,23.991693
RPOOMLTJKIJGFAU86DA,花蓮縣花蓮市中美七街３９號二樓之二,花蓮縣花蓮市民政里32鄰中美七街39號,121.624283,23.993554
RPSNMLKMQHJGFAU07DA,花蓮縣花蓮市中央路三段７２０巷５號八樓之三,花蓮縣花蓮市國富里35鄰中央路三段720巷5號,121.591137,23.99133
RPTQMLNJRHJGFAU57DA,花蓮縣吉安鄉文化十三街１８號四樓之一,花蓮縣吉安鄉南昌村6鄰文化十三街18號,121.57877,23.971482
RPUNMLQJRHJGFAU67DA,花蓮縣花蓮市重慶路４８６號十樓之七,花蓮縣花蓮市民主里15鄰重慶路486號,121.609458,23.972449
RPSNMLTJRHJGFAU77DA,花蓮縣吉安鄉北昌一街１５巷１１１之２號,花蓮縣吉安鄉吉昌村8鄰北昌一街15巷111之2號,121.592688,23.985066
RPXNMLTJRHJGFAU28DA,花蓮縣花蓮市國民七街５３號六樓之十,花蓮縣花蓮市國盛里4鄰國民七街53號,121.605877,23.991365
RPWOMLNJRHJGFAU67DA,花蓮縣花蓮市福建街４０６號五樓之二,花蓮縣花蓮市主計里1鄰福建街406號,121.607769,23.973483
RPSOMLTJRHJGFAU87DA,花蓮縣花蓮市富陽路３８號六樓之六,花蓮縣花蓮市國裕里20鄰富陽路38號,121.599031,23.995871
RPOPMLPJQHJGFAU07DA,花蓮縣花蓮市中原路３９８號,花蓮縣花蓮市主安里9鄰中原路398號,121.599045,23.969687
RPXOMLTJRHJGFAU38DA,花蓮縣吉安鄉南昌北路２７號五樓之七,花蓮縣吉安鄉南昌村19鄰南昌北路27號,121.583371,23.969939
RPRPMLKKRHJGFAU07DA,花蓮縣吉安鄉華城六街１５６號,花蓮縣吉安鄉光華村6鄰華城六街156號,121.57398,23.92799
RPOOMLLKRHJGFAU76DA,花蓮縣吉安鄉昌隆四街３５號,花蓮縣吉安鄉南昌村23鄰昌隆四街35號,121.580974,23.968205
RPWNMLLKRHJGFAU47DA,花蓮縣花蓮市基泰商場２０號,花蓮縣花蓮市民德里17鄰基泰商場20號,121.622067,23.98552
RPSNMLMKRHJGFAU17DA,花蓮縣花蓮市和平路３１６號,花蓮縣花蓮市主睦里5鄰和平路316號,121.604361,23.973075
RPVNMLMKRHJGFAU47DA,花蓮縣吉安鄉南海五街３０６巷５號,花蓮縣吉安鄉仁和村17鄰南海五街306巷5號,121.58721,23.951671
RPWNMLMKRHJGFAU57DA,花蓮縣吉安鄉吉安路三段１５號,花蓮縣吉安鄉福興村4鄰吉安路三段15號,121.56101,23.969684
RPUNMLKLQHJGFAU17DA,花蓮縣花蓮市國民八街６５號五樓之六,花蓮縣花蓮市國盛里19鄰國民八街65號,121.606613,23.993677
RPWOMLQJRHJGFAU97DA,花蓮縣花蓮市北昌一街９７巷２５號四樓,找不到指定的門牌地址。,,
RPXOMLQJRHJGFAU08DA,花蓮縣花蓮市富安路９７號五樓之八,花蓮縣花蓮市國裕里15鄰富安路97號,121.599293,23.994973
RPUNMLNKRHJGFAU47DA,花蓮縣吉安鄉廣賢一街２０６巷３６號五樓之五,花蓮縣吉安鄉稻香村24鄰廣賢一街206巷36號,121.575705,23.954447
RPPNMLQKRHJGFAU27DA,花蓮縣花蓮市國民七街５１號七樓之十八,花蓮縣花蓮市國盛里3鄰國民七街51號,121.60583,23.991358
RPQPMLKMQHJGFAU07DA,花蓮縣吉安鄉東海五街１號七樓之五,花蓮縣吉安鄉東昌村11鄰東海五街1號,121.597236,23.964832
RPQNMLQKRHJGFAU37DA,花蓮縣吉安鄉明義七街１３６號,花蓮縣吉安鄉太昌村24鄰明義七街136號,121.554868,23.990165
RPRNMLQKRHJGFAU47DA,花蓮縣吉安鄉慈惠四街６６號,花蓮縣吉安鄉勝安村5鄰慈惠四街66號,121.589039,23.97744
RPOOMLQKRHJGFAU27DA,花蓮縣吉安鄉吉昌二街２７６巷２號,花蓮縣吉安鄉吉安村26鄰吉昌二街276巷2號,121.561442,23.971447
RPPPMLSKRHJGFAU67DA,花蓮縣花蓮市中原路５７６巷１５號,花蓮縣花蓮市主權里27鄰中原路576巷15號,121.596064,23.973559
RPUQMLNJRHJGFAU67DA,花蓮縣吉安鄉太昌路４９２號,花蓮縣吉安鄉太昌村11鄰太昌路492號,121.563689,23.993677
RPOPMLNKRHJGFAU07DA,花蓮縣吉安鄉太昌路４９０號,花蓮縣吉安鄉太昌村11鄰太昌路490號,121.563773,23.993639
RPVPMLSKRHJGFAU28DA,花蓮縣花蓮市民權二街１號二樓,花蓮縣花蓮市民德里1鄰民權二街1號,121.619285,23.981704
RPPNMLTKRHJGFAU57DA,花蓮縣吉安鄉吉安路二段３２２巷４號,花蓮縣吉安鄉慶豐村24鄰吉安路二段322巷4號,121.567446,23.979196
RPQNMLTKRHJGFAU67DA,花蓮縣花蓮市國盛八街１２１號四樓之一,花蓮縣花蓮市國盛里9鄰國盛八街121號,121.605503,23.996614
RPTNMLTKRHJGFAU97DA,花蓮縣吉安鄉文化九街１１號,花蓮縣吉安鄉南昌村5鄰文化九街11號,121.579524,23.970921
RPQNMLKLRHJGFAU96EA,花蓮縣花蓮市中興路４３巷１號九樓之一,花蓮縣花蓮市民立里9鄰中興路43巷1號,121.630489,23.992034
RPXNMLKLQHJGFAU47DA,花蓮縣花蓮市建國路２７６巷９號,花蓮縣花蓮市國魂里14鄰建國路276巷9號,121.599282,23.984704
RPSPMLKMQHJGFAU27DA,花蓮縣吉安鄉民治路３０７巷１４號,花蓮縣吉安鄉勝安村15鄰民治路307巷14號,121.588044,23.980581
RPTOMLNKRHJGFAU47DA,花蓮縣花蓮市府前路５０８號八樓之三,花蓮縣花蓮市民意里49鄰府前路508號,121.620298,24.000699
RPWPMLSKRHJGFAU38DA,花蓮縣花蓮市國富十街６４號,花蓮縣花蓮市國富里7鄰國富十街64號,121.597174,23.989816
RPUNMLKLRHJGFAU27DA,花蓮縣吉安鄉華工六路６０巷７號二樓之一,花蓮縣吉安鄉光華村14鄰華工六路60巷7號,121.591134,23.938046
RPWOMLQLQHJGFAU08DA,花蓮縣花蓮市民生路２３號六樓之一,花蓮縣花蓮市民運里7鄰民生路23號,121.633432,23.993504
RPQNMLNLRHJGFAU17DA,花蓮縣花蓮市德安三街１３號三樓之三,花蓮縣花蓮市主權里21鄰德安三街13號,121.590806,23.972891
RPXNMLNLRHJGFAU87DA,花蓮縣花蓮市建和街４５巷７號,花蓮縣花蓮市國興里9鄰建和街45巷7號,121.575565,23.994596
RPUOMLNLRHJGFAU67DA,花蓮縣花蓮市德安四街６３號,花蓮縣花蓮市主權里19鄰德安四街63號,121.593014,23.974264
RPRPMLKMQHJGFAU17DA,花蓮縣吉安鄉東里十五街３９巷１０號,花蓮縣吉安鄉東昌村15鄰東里十五街39巷10號,121.599115,23.96376
RPPNMLMKRHJGFAU86DA,花蓮縣吉安鄉吉興一街３７２巷２２號,花蓮縣吉安鄉吉安村3鄰吉興一街372巷22號,121.578253,23.974204
RPUNMLNLRHJGFAU57DA,花蓮縣吉安鄉海岸路６３７巷５２號,花蓮縣吉安鄉仁安村16鄰海岸路637巷52號,121.588835,23.940553
RPSOMLNLRHJGFAU47DA,花蓮縣吉安鄉民治路３５１號,花蓮縣吉安鄉勝安村34鄰民治路354號,121.585942,23.982675
RPTOMLNLRHJGFAU57DA,花蓮縣吉安鄉民治路３４９號,花蓮縣吉安鄉勝安村34鄰民治路354號,121.585942,23.982675
RPRNMLPLRHJGFAU47DA,花蓮縣吉安鄉明仁一街１０７巷５號,花蓮縣吉安鄉永安村14鄰明仁一街107巷5號,121.577135,23.990586
RPUNMLQLRHJGFAU87DA,花蓮縣花蓮市中美十三街６８號五樓之一號,花蓮縣花蓮市民政里35鄰中美十三街68號,121.624073,23.998445
RPUNMLRLRHJGFAU97DA,花蓮縣吉安鄉東海二街１３號,花蓮縣吉安鄉東昌村1鄰東海二街13號,121.594849,23.967642
RPQNMLSKRHJGFAU57DA,花蓮縣吉安鄉福興二街１３號五樓之三,花蓮縣吉安鄉福興村8鄰福興二街13號,121.560935,23.968565
RPVNMLQLRHJGFAU97DA,花蓮縣吉安鄉稻香六街３巷５號,花蓮縣吉安鄉稻香村1鄰稻香六街3巷5號,121.569173,23.96507
RPUOMLRLRHJGFAU08DA,花蓮縣花蓮市成功街１６０號,花蓮縣花蓮市主睦里2鄰成功街155號,121.605442,23.973105
RPSNMLOJRHJGFAU27DA,花蓮縣吉安鄉吉昌一街２０３之７號,花蓮縣吉安鄉吉安村22鄰吉昌一街203之7號,121.563564,23.972194
RPSOMLQLRHJGFAU77DA,花蓮縣花蓮市中興路５號五樓之三,花蓮縣花蓮市民樂里14鄰中興路5號,121.633253,23.992381
RPPOMLOJIIJGFAU88DA,花蓮縣花蓮市民德四街２之２０號三樓,花蓮縣花蓮市民德里2鄰民德四街2之20號,121.620527,23.982711
RPROMLOJIIJGFAU09DA,花蓮縣花蓮市中順街５３號,花蓮縣花蓮市主農里11鄰中順街53號,121.597272,23.968375
RPXNMLQLRHJGFAU18DA,花蓮縣花蓮市中興路５號四樓之三,花蓮縣花蓮市民樂里14鄰中興路5號,121.633253,23.992381
RPPOMLQLRHJGFAU47DA,花蓮縣花蓮市中興路５號四樓之五,花蓮縣花蓮市民樂里14鄰中興路5號,121.633253,23.992381
RPXNMLTJIIJGFAU47DA,花蓮縣花蓮市中山路４１５號,花蓮縣花蓮市國華里5鄰中山路415號,121.604821,23.982533
RPOPMLKMQHJGFAU86DA,花蓮縣花蓮市德安二街６８巷２８號七樓,花蓮縣花蓮市主權里20鄰德安二街68巷28號,121.592059,23.973801
RPQNMLSJIIJGFAU66DA,花蓮縣花蓮市華廈街７５號二樓之三,花蓮縣花蓮市民享里9鄰華廈街75號,121.621697,24.00588
RPRNMLSJIIJGFAU76DA,花蓮縣花蓮市華廈街７５號三樓之三,花蓮縣花蓮市民享里9鄰華廈街75號,121.621697,24.00588
RPQOMLTJIIJGFAU86DA,花蓮縣吉安鄉慈惠四街２３６巷８號,花蓮縣吉安鄉勝安村29鄰慈惠四街236巷8號,121.585943,23.979171
RPRNMLLKIIJGFAU78DA,花蓮縣花蓮市中美一街１之１號,花蓮縣花蓮市民運里2鄰中美一街1之1號,121.62954,23.993556
RPVNMLOJRHJGFAU57DA,花蓮縣花蓮市東興二街１５３號二樓之二,花蓮縣花蓮市民孝里22鄰東興二街153號,121.63018,24.004422
RPPNMLLKRHJGFAU76DA,花蓮縣花蓮市中正路２８巷４號,花蓮縣花蓮市主農里17鄰中正路28巷4號,121.595197,23.968734
RPXNMLQKRHJGFAU08DA,花蓮縣花蓮市國福街１１０巷２８號,花蓮縣花蓮市國福里8鄰國福街110巷28號,121.577378,24.008486
RPSNMLPLRHJGFAU57DA,花蓮縣花蓮市榮正街１８６巷９號,花蓮縣花蓮市主力里23鄰榮正街186巷9號,121.595882,23.97567
RPWNMLOJIIJGFAU86DA,花蓮縣花蓮市進豐街６之１號,花蓮縣花蓮市國光里9鄰進豐街6之1號,121.60728,23.98306
RPTNMLSJIIJGFAU96DA,花蓮縣花蓮市華廈街７５號三樓之一,花蓮縣花蓮市民享里9鄰華廈街75號,121.621697,24.00588
RPWNMLSJIIJGFAU27DA,花蓮縣花蓮市華廈街７５號三樓之二,花蓮縣花蓮市民享里9鄰華廈街75號,121.621697,24.00588
RPOOMLSJIIJGFAU56DA,花蓮縣花蓮市華廈街７５號七樓之一,花蓮縣花蓮市民享里9鄰華廈街75號,121.621697,24.00588
RPPOMLSJIIJGFAU66DA,花蓮縣花蓮市華廈街７５號七樓之二,花蓮縣花蓮市民享里9鄰華廈街75號,121.621697,24.00588
RPQOMLSJIIJGFAU76DA,花蓮縣花蓮市華廈街７５號四樓之三,花蓮縣花蓮市民享里9鄰華廈街75號,121.621697,24.00588
RPUNMLLKIIJGFAU09DA,花蓮縣花蓮市福建街５３５號二樓之一,花蓮縣花蓮市民族里16鄰福建街535號,121.611619,23.976216
RPRNMLOKIIJGFAU09DA,花蓮縣花蓮市中山路４５５巷２３號三樓之一,花蓮縣花蓮市國華里9鄰中山路455巷23號,121.603823,23.982762
RPTNMLOKIIJGFAU66DA,花蓮縣花蓮市自立路８９巷６３號四樓,找不到指定的門牌地址。,,
RPXNMLPKIIJGFAU17DA,花蓮縣吉安鄉慶南一街１３３號,花蓮縣吉安鄉慶豐村15鄰慶南一街133號,121.569604,23.977747
RPXNMLQKIIJGFAU27DA,花蓮縣花蓮市富裕一街７巷１弄１７號,花蓮縣花蓮市國裕里1鄰富裕一街7巷1弄17號,121.59837,23.991942
RPWNMLMLIIJGFAU86DA,花蓮縣花蓮市豐村９９之７號,花蓮縣花蓮市國強里8鄰豐村99之7號,121.598192,24.003225
RPOOMLRLRHJGFAU47DA,花蓮縣花蓮市建興街２９號,花蓮縣花蓮市國興里11鄰建興街29號,121.574821,23.993825
RPWNMLNLIIJGFAU96DA,花蓮縣花蓮市中興路５號六樓之五,花蓮縣花蓮市民樂里14鄰中興路5號,121.633253,23.992381
RPTOMLOKQHJGFAU47DA,花蓮縣花蓮市豐村１０５之１６號,花蓮縣花蓮市國強里8鄰豐村105之16號,121.597702,24.005365
RPQNMLKKRHJGFAU76DA,花蓮縣吉安鄉東海十一街１號六樓之一,花蓮縣吉安鄉東昌村27鄰東海十一街1號,121.592419,23.965087
RPUNMLSLIIJGFAU27DA,花蓮縣花蓮市富裕一街１７３號二樓之一,花蓮縣花蓮市國裕里6鄰富裕一街173號,121.597078,23.996001
RPQOMLKMIIJGFAU88DA,花蓮縣花蓮市府前路３７之３號,花蓮縣花蓮市民意里24鄰府前路37之3號,121.618942,24.003647
RPQNMLKMIIJGFAU78DA,花蓮縣花蓮市中華路５８號,花蓮縣花蓮市主商里5鄰中華路58號,121.607632,23.976154
RPVNMLKMIIJGFAU66DA,花蓮縣吉安鄉中華路二段２４３號,花蓮縣吉安鄉宜昌村19鄰中華路二段243號,121.579966,23.973216
RPWNMLPJJIJGFAU07DA,花蓮縣花蓮市進豐街７０號,花蓮縣花蓮市國防里5鄰進豐街70號,121.606787,23.986151
RPQOMLRKIIJGFAU76DA,花蓮縣吉安鄉廣賢路一段３４９巷７號五樓之二,花蓮縣吉安鄉稻香村28鄰廣賢路一段349巷7號,121.579342,23.953603
RPSOMLOJJIJGFAU66DA,花蓮縣吉安鄉吉昌二街２２９巷５號,花蓮縣吉安鄉吉安村25鄰吉昌二街229巷5號,121.562032,23.970527
RPQOMLOJJIJGFAU09DA,花蓮縣花蓮市府前路５０８號八樓之六,花蓮縣花蓮市民意里49鄰府前路508號,121.620298,24.000699
RPTQMLMKJIJGFAU86DA,花蓮縣花蓮市華廈街７５號二樓之一,花蓮縣花蓮市民享里9鄰華廈街75號,121.621697,24.00588
RPTNMLRJIIJGFAU86DA,花蓮縣花蓮市國盛三街３８號六樓之一,花蓮縣花蓮市國盛里22鄰國盛三街38號,121.606887,23.995086
RPOOMLOKJIJGFAU98DA,花蓮縣花蓮市中山路一段１０３號,花蓮縣花蓮市國慶里9鄰中山路一段103號,121.591695,23.999354
RPSNMLSKJIJGFAU07DA,花蓮縣花蓮市公正街４之１３號,花蓮縣花蓮市民生里22鄰公正街4之13號,121.60978,23.977525
RPTNMLLLJIJGFAU56DA,花蓮縣花蓮市林森路３６１巷４弄１２號,花蓮縣花蓮市國華里9鄰林森路361巷4弄12號,121.603807,23.982227
RPTNMLNLIIJGFAU66DA,花蓮縣花蓮市五權街２８號,花蓮縣花蓮市民主里2鄰五權街28號,121.613907,23.973893
RPQNMLMLJIJGFAU98DA,花蓮縣花蓮市建國路３１８巷２弄５號,花蓮縣花蓮市國魂里14鄰建國路318巷2弄5號,121.598771,23.984708
RPSNMLQLJIJGFAU96DA,花蓮縣吉安鄉廣賢路二段６１號,花蓮縣吉安鄉光華村8鄰廣賢路二段61號,121.57397,23.942035
RPSOMLSLJIJGFAU27DA,花蓮縣花蓮市國盛五街５３號五樓之一,花蓮縣花蓮市國盛里25鄰國盛五街53號,121.608204,23.994056
RPQNMLOJKIJGFAU09DA,花蓮縣花蓮市華廈街７５號二樓之二,花蓮縣花蓮市民享里9鄰華廈街75號,121.621697,24.00588
RPRQMLNJRHJGFAU37DA,花蓮縣吉安鄉東里九街８７號七樓之一,花蓮縣吉安鄉東昌村23鄰東里九街87號,121.594334,23.963391
RPSQMLNJRHJGFAU47DA,花蓮縣吉安鄉東里九街８７號七樓之五,花蓮縣吉安鄉東昌村23鄰東里九街87號,121.594334,23.963391
RPUOMLTJRHJGFAU08DA,花蓮縣花蓮市府前路３００之２號三樓,花蓮縣花蓮市民政里16鄰府前路300之2號,121.622176,23.995434
RPVOMLTJRHJGFAU18DA,花蓮縣花蓮市福建街１５８號,花蓮縣花蓮市主安里4鄰福建街158號,121.60129,23.969148
RPSOMLTJQHJGFAU77DA,花蓮縣吉安鄉吉昌二街２６１巷１３號,花蓮縣吉安鄉吉安村30鄰吉昌二街261巷13號,121.560198,23.971432
RPQPMLNJRHJGFAU17DA,花蓮縣吉安鄉東海五街１６號,花蓮縣吉安鄉東昌村12鄰東海五街16號,121.598181,23.964458
RPSNMLKKRHJGFAU96DA,花蓮縣吉安鄉中華路二段２１２號,花蓮縣吉安鄉宜昌村12鄰中華路二段212號,121.583032,23.973761
RPWOMLKMPHJGFAU47DA,花蓮縣吉安鄉北昌一街２９號三樓之一,花蓮縣吉安鄉吉昌村6鄰北昌一街29號,121.596265,23.984503
RPWOMLTJRHJGFAU28DA,花蓮縣花蓮市國盛四街５１號六樓之二,花蓮縣花蓮市國盛里23鄰國盛四街51號,121.607395,23.994675
RPXOMLKKRHJGFAU57DA,花蓮縣花蓮市文明街２６號,找不到指定的門牌地址。,,
RPUNMLLKRHJGFAU27DA,花蓮縣花蓮市國富二十四街２１號,花蓮縣花蓮市國富里27鄰國富二十四街21號,121.593665,23.991969
RPTOMLKMPHJGFAU17DA,花蓮縣吉安鄉北昌一街２９號四樓之一,花蓮縣吉安鄉吉昌村6鄰北昌一街29號,121.596265,23.984503
RPOPMLKMPHJGFAU76DA,花蓮縣吉安鄉北昌一街２９號四樓之二,花蓮縣吉安鄉吉昌村6鄰北昌一街29號,121.596265,23.984503
RPOOMLMKRHJGFAU86DA,花蓮縣花蓮市長安街２７號六樓之八,花蓮縣花蓮市主農里8鄰長安街27號,121.597191,23.967067
RPSNMLSJQHJGFAU57DA,花蓮縣吉安鄉海岸路７８５巷４８之１號,花蓮縣吉安鄉光華村12鄰海岸路785巷48之1號,121.587391,23.933596
RPUNMLQKRHJGFAU77DA,花蓮縣吉安鄉中興路３２５巷１號,花蓮縣吉安鄉吉安村19鄰中興路325巷1號,121.565668,23.973458
RPTOMLSKRHJGFAU97DA,花蓮縣吉安鄉東海五街１號六樓之六,花蓮縣吉安鄉東昌村11鄰東海五街1號,121.597236,23.964832
RPTNMLSKRHJGFAU87DA,花蓮縣花蓮市忠孝街４２號,花蓮縣花蓮市主義里4鄰忠孝街42號,121.606947,23.973497
RPSOMLSKRHJGFAU87DA,花蓮縣花蓮市國盛一街１４１之１８號,花蓮縣花蓮市國盛里4鄰國盛一街141之18號,121.605862,23.992049
RPXOMLSKRHJGFAU38DA,花蓮縣吉安鄉明仁二街１８０巷２９號,花蓮縣吉安鄉永安村18鄰明仁二街180巷29號,121.575413,23.99049
RPPNMLNLRHJGFAU07DA,花蓮縣花蓮市北濱街１１８號,花蓮縣花蓮市民權里13鄰北濱街118號,121.616327,23.976514
RPQNMLTJQHJGFAU47DA,花蓮縣花蓮市新港街４３號,花蓮縣花蓮市國治里15鄰新港街43號,121.607038,23.978552
RPROMLNLRHJGFAU37DA,花蓮縣花蓮市建華路９１之１６號,花蓮縣花蓮市國興里4鄰建華路91之16號,121.578761,23.995173
RPPNMLLJRHJGFAU66DA,花蓮縣花蓮市南京街６７號,花蓮縣花蓮市主學里1鄰南京街67號,121.603007,23.972508
RPWNMLQKRHJGFAU97DA,花蓮縣吉安鄉全民街３０號三樓,花蓮縣吉安鄉永興村15鄰全民街30號,121.571507,23.938829
RPQNMLOLRHJGFAU27DA,花蓮縣吉安鄉東里九街８７號四樓之一,花蓮縣吉安鄉東昌村23鄰東里九街87號,121.594334,23.963391
RPTNMLPLRHJGFAU67DA,花蓮縣花蓮市海濱街８號,花蓮縣花蓮市民主里13鄰海濱街8號,121.613765,23.971648
RPPOMLRLRHJGFAU57DA,花蓮縣吉安鄉東海十街１４０號,花蓮縣吉安鄉東昌村22鄰東海十街140號,121.595626,23.963555
RPUNMLPLRHJGFAU77DA,花蓮縣花蓮市富祥街１２２號,花蓮縣花蓮市國富里36鄰富祥街122號,121.592237,23.991683
RPWNMLRLRHJGFAU18DA,花蓮縣花蓮市球崙二路５２巷１５弄２號,花蓮縣花蓮市民享里3鄰球崙二路52巷15弄2號,121.622828,24.002323
RPTNMLOJIIJGFAU56DA,花蓮縣吉安鄉昌隆六街６號,花蓮縣吉安鄉南昌村14鄰昌隆六街6號,121.579848,23.969096
RPPQMLTLPHJGFAU77DA,花蓮縣吉安鄉北昌一街２９號六樓之一,花蓮縣吉安鄉吉昌村6鄰北昌一街29號,121.596265,23.984503
RPOOMLKMPHJGFAU66DA,花蓮縣吉安鄉北昌一街２９號二樓之三,花蓮縣吉安鄉吉昌村6鄰北昌一街29號,121.596265,23.984503
RPVPMLKMPHJGFAU47DA,花蓮縣吉安鄉北昌一街２９號五樓之一,花蓮縣吉安鄉吉昌村6鄰北昌一街29號,121.596265,23.984503
RPQOMLLMPHJGFAU96DA,花蓮縣吉安鄉北昌一街２９號六樓之三,花蓮縣吉安鄉吉昌村6鄰北昌一街29號,121.596265,23.984503
RPUPMLKMPHJGFAU37DA,花蓮縣吉安鄉北昌一街２９號二樓之一,花蓮縣吉安鄉吉昌村6鄰北昌一街29號,121.596265,23.984503
RPQNMLSJQHJGFAU37DA,花蓮縣花蓮市建興街４５號,花蓮縣花蓮市國興里11鄰建興街45號,121.574727,23.994264
RPQOMLKMPHJGFAU86DA,花蓮縣吉安鄉北昌一街２９號三樓之三,花蓮縣吉安鄉吉昌村6鄰北昌一街29號,121.596265,23.984503
RPQNMLOKIIJGFAU98DA,花蓮縣花蓮市東興二街２８巷８２號,花蓮縣花蓮市民孝里8鄰東興二街28巷82號,121.63157,23.999739
RPUNMLRKIIJGFAU07DA,花蓮縣花蓮市國民九街９１號,花蓮縣花蓮市國盛里22鄰國民九街91號,121.607101,23.994899
RPVNMLOKIIJGFAU86DA,花蓮縣花蓮市壽昌街２９巷３０號四樓之三,找不到指定的門牌地址。,,
RPTNMLMLIIJGFAU56DA,花蓮縣花蓮市南京街１２２號,花蓮縣花蓮市主和里8鄰南京街122號,121.603534,23.972617
RPUOMLOLIIJGFAU96DA,花蓮縣吉安鄉中興路２１４巷１９號,花蓮縣吉安鄉吉安村14鄰中興路214巷19號,121.568628,23.972774
RPTNMLSLIIJGFAU17DA,花蓮縣吉安鄉東里九街１８號四樓之二,花蓮縣吉安鄉東昌村6鄰東里九街18號,121.595071,23.965136
RPROMLPKJIJGFAU76DA,花蓮縣花蓮市莊敬路１５６號,花蓮縣花蓮市國富里13鄰莊敬路156之1號,121.594774,23.988909
RPUNMLMLJIJGFAU76DA,花蓮縣吉安鄉文化一街１巷６號,花蓮縣吉安鄉南昌村18鄰文化一街1巷6號,121.584751,23.969591
RPPPMLSKJIJGFAU96DA,花蓮縣吉安鄉慈惠二街７２巷８號三樓之五,花蓮縣吉安鄉勝安村21鄰慈惠二街72巷8號,121.586493,23.976635
RPWNMLLLJIJGFAU86DA,花蓮縣吉安鄉東海十街５８之１號四樓之二,花蓮縣吉安鄉東昌村27鄰東海十街58之1號,121.5933,23.964672
RPVNMLKKRHJGFAU27DA,花蓮縣花蓮市和平路４９３巷９號,花蓮縣花蓮市主力里11鄰和平路493巷9號,121.601136,23.976353
RPTNMLKKRHJGFAU07DA,花蓮縣吉安鄉南海十二街２９２巷５之１號,花蓮縣吉安鄉光華村10鄰南海十二街292巷5之1號,121.581717,23.93786
RPRNMLSKRHJGFAU67DA,花蓮縣花蓮市長安街４６巷２４號,花蓮縣花蓮市主農里13鄰長安街46巷24號,121.598665,23.967714
RPPNMLSKRHJGFAU57EA,花蓮縣吉安鄉吉昌二街２３６巷３０弄１６號,花蓮縣吉安鄉吉安村22鄰吉昌二街236巷30弄16號,121.563164,23.97128
RPPNMLKLRHJGFAU76DA,花蓮縣吉安鄉吉祥七街５４號之２,花蓮縣吉安鄉宜昌村23鄰吉祥七街54之2號,121.581678,23.974921
RPTNMLNLRHJGFAU47DA,花蓮縣花蓮市進豐街６之３號,花蓮縣花蓮市國光里9鄰進豐街6之3號,121.60723,23.983125
RPSNMLOJIIJGFAU09DA,花蓮縣吉安鄉南海四街１７１號,花蓮縣吉安鄉仁安村15鄰南海四街171號,121.59231,23.951924
RPPNMLSJIIJGFAU56DA,花蓮縣吉安鄉南海二街２０１巷１７號,花蓮縣吉安鄉仁和村38鄰南海二街201巷17號,121.592235,23.955582
RPTNMLQLRHJGFAU77DA,花蓮縣花蓮市府前路５０８號十樓之三,花蓮縣花蓮市民意里49鄰府前路508號,121.620298,24.000699
RPOOMLSKIIJGFAU66DA,花蓮縣花蓮市復興街４０之６號,花蓮縣花蓮市民生里9鄰復興街40之6號,121.610304,23.977201
RPUOMLRKIIJGFAU17DA,花蓮縣吉安鄉福興一街５１號二樓之二,花蓮縣吉安鄉福興村5鄰福興一街51號,121.559959,23.96955
RPWNMLTKRHJGFAU28DA,花蓮縣花蓮市民光２３９號,花蓮縣花蓮市民意里20鄰民光239號,121.617628,24.003737
RPSOMLRLRHJGFAU87DA,花蓮縣花蓮市仁愛街１６號,花蓮縣花蓮市主計里9鄰仁愛街16號,121.606669,23.9726
RPUNMLTLIIJGFAU37DA,花蓮縣花蓮市國盛一街１６８號七樓之二,花蓮縣花蓮市國盛里12鄰國盛一街168號,121.605838,23.992956
RPRNMLPKJIJGFAU66DA,花蓮縣花蓮市豐村９５之９號,花蓮縣花蓮市國強里7鄰豐村95之9號,121.599214,24.002096
RPUNMLMKRHJGFAU37DA,花蓮縣花蓮市國富十街１５０號,花蓮縣花蓮市國富里16鄰國富十街150號,121.596006,23.992395
RPSOMLMLIIJGFAU56DA,花蓮縣吉安鄉勝安二街３２號二樓之二,花蓮縣吉安鄉勝安村3鄰勝安二街32號,121.588106,23.975681
RPRPMLSKJIJGFAU17DA,花蓮縣吉安鄉東海十街５８之１號六樓之一,花蓮縣吉安鄉東昌村27鄰東海十街58之1號,121.5933,23.964672
RPOOMLRKIIJGFAU56DA,花蓮縣吉安鄉廣賢路一段３４９巷７號五樓之一,花蓮縣吉安鄉稻香村28鄰廣賢路一段349巷7號,121.579342,23.953603
RPVNMLQLJIJGFAU27DA,花蓮縣花蓮市豐村９５之１３號,花蓮縣花蓮市國強里7鄰豐村95之13號,121.599033,24.002023
RPQNMLOJRHJGFAU07DA,花蓮縣吉安鄉南埔八街１９號,花蓮縣吉安鄉仁里村9鄰南埔八街19號,121.591868,23.96995
RPXNMLSKRHJGFAU28DA,花蓮縣吉安鄉東里九街８７號四樓之二,花蓮縣吉安鄉東昌村23鄰東里九街87號,121.594334,23.963391
RPSPMLSKRHJGFAU97DA,花蓮縣花蓮市中興路６號四樓之五,花蓮縣花蓮市民運里5鄰中興路6號,121.633495,23.992723
RPWNMLQJJIJGFAU17DA,花蓮縣吉安鄉東海十街５８之１號三樓之一,花蓮縣吉安鄉東昌村27鄰東海十街58之1號,121.5933,23.964672
RPTNMLMKRHJGFAU27DA,花蓮縣吉安鄉南海四街２４６巷１弄７號,花蓮縣吉安鄉仁和村11鄰南海四街246巷1弄7號,121.589139,23.953633
RPXNMLTLIIJGFAU67DA,花蓮縣吉安鄉福興一街５１之３號,花蓮縣吉安鄉福興村5鄰福興一街51之3號,121.560072,23.969695
RPOOMLQJJIJGFAU09DA,花蓮縣吉安鄉東海十街５８之１號五樓之一,花蓮縣吉安鄉東昌村27鄰東海十街58之1號,121.5933,23.964672
RPRRMLMKJIJGFAU76DA,花蓮縣吉安鄉東海十街５８之１號五樓之二,花蓮縣吉安鄉東昌村27鄰東海十街58之1號,121.5933,23.964672
RPTPMLSKJIJGFAU37DA,花蓮縣吉安鄉東海十街５８之１號六樓之二,花蓮縣吉安鄉東昌村27鄰東海十街58之1號,121.5933,23.964672
RPVNMLSKRHJGFAU08DA,花蓮縣吉安鄉東里九街８７號三樓之一,花蓮縣吉安鄉東昌村23鄰東里九街87號,121.594334,23.963391
RPPOMLPLJIJGFAU66DA,花蓮縣吉安鄉南海四街２２１號,花蓮縣吉安鄉仁和村13鄰南海四街221號,121.590096,23.952815
RPVNMLTKRHJGFAU18DA,花蓮縣花蓮市豐村１７之１０號四樓之二,花蓮縣花蓮市國強里1鄰豐村17之10號,121.603247,24.001321
RPQNMLPLIIJGFAU56DA,花蓮縣花蓮市富陽路５２號二樓之三,花蓮縣花蓮市國裕里21鄰富陽路52號,121.598511,23.996044
RPXNMLQJJIJGFAU27DA,花蓮縣吉安鄉東海十街５８之１號四樓之一,花蓮縣吉安鄉東昌村27鄰東海十街58之1號,121.5933,23.964672
RPSOMLSKJIJGFAU17DA,花蓮縣吉安鄉勝安二街３２號三樓之二,花蓮縣吉安鄉勝安村3鄰勝安二街32號,121.588106,23.975681
RPUOMLPKJIJGFAU07DA,花蓮縣吉安鄉勝安二街３２號五樓之二,花蓮縣吉安鄉勝安村3鄰勝安二街32號,121.588106,23.975681
RPOOMLLLJIJGFAU78DA,花蓮縣吉安鄉勝安二街３２號三樓之一,花蓮縣吉安鄉勝安村3鄰勝安二街32號,121.588106,23.975681
RPUNMLTKRHJGFAU08DA,花蓮縣花蓮市豐村１７之１０號三樓之三,花蓮縣花蓮市國強里1鄰豐村17之10號,121.603247,24.001321
RPRNMLTKRHJGFAU77DA,花蓮縣花蓮市豐村１７之９號四樓之一,花蓮縣花蓮市國強里1鄰豐村17之9號,121.603389,24.001473
RPPOMLRJIIJGFAU56DA,花蓮縣吉安鄉東里九街８７號五樓之五,花蓮縣吉安鄉東昌村23鄰東里九街87號,121.594334,23.963391
RPPOMLLLJIJGFAU88DA,花蓮縣吉安鄉勝安二街３２號四樓之二,花蓮縣吉安鄉勝安村3鄰勝安二街32號,121.588106,23.975681
RPTOMLKMRHJGFAU37DA,花蓮縣吉安鄉東里九街８７號二樓之五,花蓮縣吉安鄉東昌村23鄰東里九街87號,121.594334,23.963391
RPQOMLQKIIJGFAU66DA,花蓮縣花蓮市國福街１１０巷３５號,花蓮縣花蓮市國福里8鄰國福街110巷35號,121.577402,24.008724
RPROMLQKIIJGFAU76DA,花蓮縣花蓮市國福街１１０巷３１號,花蓮縣花蓮市國福里8鄰國福街110巷31號,121.577337,24.008655
RPVNMLPKJIJGFAU07DA,花蓮縣花蓮市豐村９５之６號,花蓮縣花蓮市國強里7鄰豐村95之6號,121.599135,24.002172
RPPNMLSLJIJGFAU86DA,花蓮縣花蓮市富陽路５２號七樓之一,花蓮縣花蓮市國裕里21鄰富陽路52號,121.598511,23.996044
RPSNMLQLRHJGFAU67DA,花蓮縣花蓮市裕祥路４８號七樓之二,花蓮縣花蓮市國裕里31鄰裕祥路48號,121.60015,23.997996
RPSNMLPLIIJGFAU76DA,花蓮縣花蓮市富陽路５２號六樓之一,花蓮縣花蓮市國裕里21鄰富陽路52號,121.598511,23.996044
RPUPMLSKJIJGFAU47DA,花蓮縣花蓮市豐村９５之５號,花蓮縣花蓮市國強里7鄰豐村95之5號,121.599107,24.002199
RPSOMLNKJIJGFAU66DA,花蓮縣花蓮市富陽路５２號三樓之一,花蓮縣花蓮市國裕里21鄰富陽路52號,121.598511,23.996044
RPXNMLNKJIJGFAU07DA,花蓮縣花蓮市富陽路５２號四樓之一,花蓮縣花蓮市國裕里21鄰富陽路52號,121.598511,23.996044
RPSOMLPKJIJGFAU86DA,花蓮縣吉安鄉勝安二街３２號二樓之一,花蓮縣吉安鄉勝安村3鄰勝安二街32號,121.588106,23.975681
RPTOMLPKJIJGFAU96DA,花蓮縣吉安鄉勝安二街３２號五樓之一,花蓮縣吉安鄉勝安村3鄰勝安二街32號,121.588106,23.975681
RPSNMLNJKIJGFAU56DA,花蓮縣吉安鄉明仁二街１７６巷３號三樓,花蓮縣吉安鄉永安村13鄰明仁二街176巷3號,121.57549,23.989773
RPPNMLOJKIJGFAU98DA,花蓮縣吉安鄉明仁二街１７６巷３號四樓,花蓮縣吉安鄉永安村13鄰明仁二街176巷3號,121.57549,23.989773
RPXNMLMLJIJGFAU07DA,花蓮縣花蓮市豐村９５之２號,花蓮縣花蓮市國強里7鄰豐村95之2號,121.599041,24.002268
RPQOMLTJRHJGFAU67DA,花蓮縣花蓮市裕祥路４８號七樓之一,花蓮縣花蓮市國裕里31鄰裕祥路48號,121.60015,23.997996
RPSOMLQJRHJGFAU57DA,花蓮縣花蓮市裕祥路４８號二樓之二,花蓮縣花蓮市國裕里31鄰裕祥路48號,121.60015,23.997996
RPWNMLPKIIJGFAU07DA,花蓮縣花蓮市富陽路５２號七樓之三,花蓮縣花蓮市國裕里21鄰富陽路52號,121.598511,23.996044
RPQNMLSKJIJGFAU86DA,花蓮縣花蓮市豐村９５之８號,花蓮縣花蓮市國強里7鄰豐村95之8號,121.599186,24.00212
RPVNMLQJKIJGFAU17DA,花蓮縣花蓮市豐村９５之１１號,花蓮縣花蓮市國強里7鄰豐村95之11號,121.598949,24.002078
RPQPMLKKRHJGFAU96DA,花蓮縣花蓮市裕祥路４８號六樓之一,花蓮縣花蓮市國裕里31鄰裕祥路48號,121.60015,23.997996
RPQOMLMKQHJGFAU96DA,花蓮縣花蓮市國民七街５３號三樓之二十三,花蓮縣花蓮市國盛里4鄰國民七街53號,121.605877,23.991365
RPOOMLPLIIJGFAU09DA,花蓮縣花蓮市富陽路５２號七樓之二,花蓮縣花蓮市國裕里21鄰富陽路52號,121.598511,23.996044
RPWNMLKLJIJGFAU76DA,花蓮縣花蓮市富陽路５２號六樓之二,花蓮縣花蓮市國裕里21鄰富陽路52號,121.598511,23.996044
RPWNMLKKRHJGFAU37DA,花蓮縣花蓮市裕祥路４８號四樓之二,花蓮縣花蓮市國裕里31鄰裕祥路48號,121.60015,23.997996
RPXNMLKKRHJGFAU47DA,花蓮縣花蓮市裕祥路４８號三樓之二,花蓮縣花蓮市國裕里31鄰裕祥路48號,121.60015,23.997996
RPROMLKKRHJGFAU96DA,花蓮縣花蓮市裕祥路４８號四樓之一,花蓮縣花蓮市國裕里31鄰裕祥路48號,121.60015,23.997996
RPTNMLPKIIJGFAU76DA,花蓮縣花蓮市富陽路５２號二樓之二,花蓮縣花蓮市國裕里21鄰富陽路52號,121.598511,23.996044
RPUNMLPKIIJGFAU86DA,花蓮縣花蓮市富陽路５２號三樓之二,花蓮縣花蓮市國裕里21鄰富陽路52號,121.598511,23.996044
RPVNMLKLJIJGFAU66DA,花蓮縣花蓮市富陽路５２號四樓之二,花蓮縣花蓮市國裕里21鄰富陽路52號,121.598511,23.996044
RPUNMLNLQHJGFAU47DA,花蓮縣吉安鄉福興路１８８號,花蓮縣吉安鄉福興村8鄰福興路188號,121.561553,23.967672
RPQNMLPKIIJGFAU09DA,花蓮縣花蓮市富陽路５２號二樓之一,花蓮縣花蓮市國裕里21鄰富陽路52號,121.598511,23.996044
RPSOMLQKIIJGFAU86DA,花蓮縣花蓮市國福街１１０巷３９號,花蓮縣花蓮市國福里8鄰國福街110巷39號,121.577451,24.008797
RPQOMLLLIIJGFAU88DA,花蓮縣花蓮市國福街１１０巷２９號,花蓮縣花蓮市國福里8鄰國福街110巷29號,121.577282,24.00859
RPVNMLLLIIJGFAU66DA,花蓮縣花蓮市國福街１１０巷３３號,花蓮縣花蓮市國福里8鄰國福街110巷33號,121.577371,24.00869
RPXNMLLLIIJGFAU86DA,花蓮縣花蓮市國福街１１０巷３７號,花蓮縣花蓮市國福里8鄰國福街110巷37號,121.57743,24.008759
RPPOMLLLIIJGFAU78DA,花蓮縣花蓮市國福街１１０巷３０號,花蓮縣花蓮市國福里8鄰國福街110巷30號,121.577423,24.008541
RPWNMLPLIIJGFAU17DA,花蓮縣花蓮市富陽路５２號三樓之三,花蓮縣花蓮市國裕里21鄰富陽路52號,121.598511,23.996044
RPRNMLSLIIJGFAU96DA,花蓮縣花蓮市富陽路５２號六樓之三,花蓮縣花蓮市國裕里21鄰富陽路52號,121.598511,23.996044
RPROMLPJJIJGFAU66DA,花蓮縣花蓮市國福街１１０巷３８號,花蓮縣花蓮市國福里8鄰國福街110巷38號,121.577534,24.008686
RPVNMLRJJIJGFAU17DA,花蓮縣花蓮市國福街１１０巷４２號,花蓮縣花蓮市國福里8鄰國福街110巷42號,121.577571,24.008725
RPOOMLMLJIJGFAU88DA,花蓮縣花蓮市豐村９５之７號,花蓮縣花蓮市國強里7鄰豐村95之7號,121.599159,24.002146
RPSNMLLKJIJGFAU98DA,花蓮縣花蓮市富陽路５２號四樓之三,花蓮縣花蓮市國裕里21鄰富陽路52號,121.598511,23.996044
RPPOMLSLIIJGFAU86DA,花蓮縣吉安鄉福興一街５１之１號,花蓮縣吉安鄉福興村5鄰福興一街51之1號,121.560148,23.969835
RPWNMLTLIIJGFAU57DA,花蓮縣吉安鄉福興一街５１之５號,花蓮縣吉安鄉福興村5鄰福興一街51之5號,121.56003,23.969626
RPOOMLKLJIJGFAU68DA,花蓮縣吉安鄉福興一街５１之６號,花蓮縣吉安鄉福興村5鄰福興一街51之6號,121.559912,23.969695
RPOOMLTJRHJGFAU47DA,花蓮縣花蓮市裕祥路４８號五樓之二,花蓮縣花蓮市國裕里31鄰裕祥路48號,121.60015,23.997996
RPVNMLNLQHJGFAU57DA,花蓮縣吉安鄉福興路１９０號,花蓮縣吉安鄉福興村8鄰福興路190號,121.561505,23.967706
RPRNMLPKIIJGFAU56DA,花蓮縣花蓮市富陽路５２號五樓之二,花蓮縣花蓮市國裕里21鄰富陽路52號,121.598511,23.996044
RPSNMLPKIIJGFAU66DA,花蓮縣花蓮市富陽路５２號五樓之三,花蓮縣花蓮市國裕里21鄰富陽路52號,121.598511,23.996044
RPOOMLSLIIJGFAU76DA,花蓮縣吉安鄉福興一街５１號三樓之二,花蓮縣吉安鄉福興村5鄰福興一街51號,121.559959,23.96955
RPSNMLLJJIJGFAU88DA,花蓮縣吉安鄉吉祥一街３５號八樓之四,花蓮縣吉安鄉宜昌村10鄰吉祥一街35號,121.585674,23.975275
RPVNMLPKIIJGFAU96DA,花蓮縣花蓮市富陽路５２號五樓之一,花蓮縣花蓮市國裕里21鄰富陽路52號,121.598511,23.996044
RPROMLQJRHJGFAU47DA,花蓮縣花蓮市裕祥路４８號二樓之一,花蓮縣花蓮市國裕里31鄰裕祥路48號,121.60015,23.997996
RPVOMLKKRHJGFAU37DA,花蓮縣花蓮市裕祥路４８號三樓之一,花蓮縣花蓮市國裕里31鄰裕祥路48號,121.60015,23.997996
RPWOMLKKRHJGFAU47DA,花蓮縣花蓮市裕祥路４８號六樓之二,花蓮縣花蓮市國裕里31鄰裕祥路48號,121.60015,23.997996
RPXNMLNKRHJGFAU77DA,花蓮縣吉安鄉吉祥一街３５號八樓之三,花蓮縣吉安鄉宜昌村10鄰吉祥一街35號,121.585674,23.975275
RPPOMLSKRHJGFAU57DA,花蓮縣吉安鄉東里九街８７號五樓之二,花蓮縣吉安鄉東昌村23鄰東里九街87號,121.594334,23.963391
RPQOMLSKRHJGFAU67DA,花蓮縣吉安鄉東里九街８７號七樓之二,花蓮縣吉安鄉東昌村23鄰東里九街87號,121.594334,23.963391
RPQOMLLKRHJGFAU96DA,花蓮縣花蓮市裕祥路４８號五樓之一,花蓮縣花蓮市國裕里31鄰裕祥路48號,121.60015,23.997996
RPWNMLSKRHJGFAU18DA,花蓮縣吉安鄉東里九街８７號四樓之五,花蓮縣吉安鄉東昌村23鄰東里九街87號,121.594334,23.963391
RPOOMLLKPHJGFAU56DA,花蓮縣吉安鄉華工六路６０巷４３號二樓之一,花蓮縣吉安鄉光華村16鄰華工六路60巷43號,121.592618,23.938119
RPWOMLRLJIJGFAU57DA,花蓮縣吉安鄉明仁二街１７６巷３號五樓,花蓮縣吉安鄉永安村13鄰明仁二街176巷3號,121.57549,23.989773
RPUNMLSKRHJGFAU97DA,花蓮縣吉安鄉東里九街８７號二樓之三,花蓮縣吉安鄉東昌村23鄰東里九街87號,121.594334,23.963391
RPROMLKMRHJGFAU17DA,花蓮縣吉安鄉吉祥一街３５號二樓之一,花蓮縣吉安鄉宜昌村10鄰吉祥一街35號,121.585674,23.975275
RPQOMLPKJIJGFAU66DA,花蓮縣吉安鄉東里九街８７號六樓之一,花蓮縣吉安鄉東昌村23鄰東里九街87號,121.594334,23.963391
RPVQMLNJRHJGFAU77DA,花蓮縣吉安鄉東里九街８７號三樓之二,花蓮縣吉安鄉東昌村23鄰東里九街87號,121.594334,23.963391
RPPNMLNKRHJGFAU96DA,花蓮縣吉安鄉吉祥一街３５號四樓之一,花蓮縣吉安鄉宜昌村10鄰吉祥一街35號,121.585674,23.975275
RPOOMLSKRHJGFAU47DA,花蓮縣吉安鄉東里九街８７號五樓之一,花蓮縣吉安鄉東昌村23鄰東里九街87號,121.594334,23.963391
RPROMLSKRHJGFAU77DA,花蓮縣吉安鄉東里九街８７號八樓之二,花蓮縣吉安鄉東昌村23鄰東里九街87號,121.594334,23.963391
RPWOMLPLIIJGFAU27DA,花蓮縣吉安鄉東里九街８７號二樓之二,花蓮縣吉安鄉東昌村23鄰東里九街87號,121.594334,23.963391
RPROMLKMIIJGFAU98DA,花蓮縣吉安鄉吉祥一街３５號二樓之三,花蓮縣吉安鄉宜昌村10鄰吉祥一街35號,121.585674,23.975275
RPUNMLRJIIJGFAU96DA,花蓮縣吉安鄉吉祥一街３５號五樓之一,花蓮縣吉安鄉宜昌村10鄰吉祥一街35號,121.585674,23.975275
RPTOMLKMIIJGFAU56DA,花蓮縣吉安鄉吉祥一街３５號六樓之二,花蓮縣吉安鄉宜昌村10鄰吉祥一街35號,121.585674,23.975275
RPRNMLNJRHJGFAU07DA,花蓮縣吉安鄉吉祥一街３５號三樓之四,花蓮縣吉安鄉宜昌村10鄰吉祥一街35號,121.585674,23.975275
RPSOMLNKRHJGFAU37DA,花蓮縣吉安鄉吉祥一街３５號十四樓之二,花蓮縣吉安鄉宜昌村10鄰吉祥一街35號,121.585674,23.975275
RPWNMLKMRHJGFAU57DA,花蓮縣吉安鄉吉祥一街３５號十三樓之二,花蓮縣吉安鄉宜昌村10鄰吉祥一街35號,121.585674,23.975275
RPOOMLKMRHJGFAU86DA,花蓮縣吉安鄉吉祥一街３５號十四樓之三,花蓮縣吉安鄉宜昌村10鄰吉祥一街35號,121.585674,23.975275
RPSOMLKMIIJGFAU09DA,花蓮縣吉安鄉吉祥一街３５號三樓之三,花蓮縣吉安鄉宜昌村10鄰吉祥一街35號,121.585674,23.975275
RPQNMLNKRHJGFAU07DA,花蓮縣吉安鄉吉祥一街３５號六樓之一,花蓮縣吉安鄉宜昌村10鄰吉祥一街35號,121.585674,23.975275
RPRNMLNKRHJGFAU17DA,花蓮縣吉安鄉吉祥一街３５號七樓之一,花蓮縣吉安鄉宜昌村10鄰吉祥一街35號,121.585674,23.975275
RPSNMLNKRHJGFAU27DA,花蓮縣吉安鄉吉祥一街３５號七樓之二,花蓮縣吉安鄉宜昌村10鄰吉祥一街35號,121.585674,23.975275
RPVNMLNKRHJGFAU57DA,花蓮縣吉安鄉吉祥一街３５號八樓之一,花蓮縣吉安鄉宜昌村10鄰吉祥一街35號,121.585674,23.975275
RPWNMLNKRHJGFAU67DA,花蓮縣吉安鄉吉祥一街３５號八樓之二,花蓮縣吉安鄉宜昌村10鄰吉祥一街35號,121.585674,23.975275
RPPNMLKMRHJGFAU86DA,花蓮縣吉安鄉吉祥一街３５號四樓之四,花蓮縣吉安鄉宜昌村10鄰吉祥一街35號,121.585674,23.975275
RPQNMLKMRHJGFAU96DA,花蓮縣吉安鄉吉祥一街３５號十樓之一,花蓮縣吉安鄉宜昌村10鄰吉祥一街35號,121.585674,23.975275
RPRNMLKMRHJGFAU07DA,花蓮縣吉安鄉吉祥一街３５號十樓之二,花蓮縣吉安鄉宜昌村10鄰吉祥一街35號,121.585674,23.975275
RPTNMLKMRHJGFAU27DA,花蓮縣吉安鄉吉祥一街３５號十一樓之一,花蓮縣吉安鄉宜昌村10鄰吉祥一街35號,121.585674,23.975275
RPUNMLKMRHJGFAU37DA,花蓮縣吉安鄉吉祥一街３５號十二樓之二,花蓮縣吉安鄉宜昌村10鄰吉祥一街35號,121.585674,23.975275
RPVNMLKMRHJGFAU47DA,花蓮縣吉安鄉吉祥一街３５號十三樓之一,花蓮縣吉安鄉宜昌村10鄰吉祥一街35號,121.585674,23.975275
RPTNMLNKRHJGFAU37DA,花蓮縣吉安鄉吉祥一街３５號七樓之四,花蓮縣吉安鄉宜昌村10鄰吉祥一街35號,121.585674,23.975275
RPOOMLNKRHJGFAU96DA,花蓮縣吉安鄉吉祥一街３５號九樓之四,花蓮縣吉安鄉宜昌村10鄰吉祥一街35號,121.585674,23.975275
RPPOMLNKRHJGFAU07DA,花蓮縣吉安鄉吉祥一街３５號十一樓之三,花蓮縣吉安鄉宜昌村10鄰吉祥一街35號,121.585674,23.975275
SPPOMLNKRHJGFAU17DA,花蓮縣吉安鄉吉祥一街３５號十一樓之四,花蓮縣吉安鄉宜昌村10鄰吉祥一街35號,121.585674,23.975275
RPQOMLNKRHJGFAU17DA,花蓮縣吉安鄉吉祥一街３５號十二樓之一,花蓮縣吉安鄉宜昌村10鄰吉祥一街35號,121.585674,23.975275
RPROMLNKRHJGFAU27DA,花蓮縣吉安鄉吉祥一街３５號十二樓之三,花蓮縣吉安鄉宜昌村10鄰吉祥一街35號,121.585674,23.975275
RPSNMLKMRHJGFAU17DA,花蓮縣吉安鄉吉祥一街３５號十樓之三,花蓮縣吉安鄉宜昌村10鄰吉祥一街35號,121.585674,23.975275
RPQOMLKMRHJGFAU07DA,花蓮縣吉安鄉吉祥一街３５號五樓之四,花蓮縣吉安鄉宜昌村10鄰吉祥一街35號,121.585674,23.975275
RPXNMLKMRHJGFAU67DA,花蓮縣吉安鄉吉祥一街３５號十三樓之三,花蓮縣吉安鄉宜昌村10鄰吉祥一街35號,121.585674,23.975275
RPPOMLKMRHJGFAU96DA,花蓮縣吉安鄉吉祥一街３５號一樓之一,花蓮縣吉安鄉宜昌村10鄰吉祥一街35號,121.585674,23.975275
RPVNMLRJIIJGFAU07DA,花蓮縣吉安鄉吉祥一街３５號九樓之三,花蓮縣吉安鄉宜昌村10鄰吉祥一街35號,121.585674,23.975275
RPXNMLRJIIJGFAU27DA,花蓮縣吉安鄉吉祥一街３５號九樓之一,花蓮縣吉安鄉宜昌村10鄰吉祥一街35號,121.585674,23.975275
RPUOMLKMIIJGFAU66DA,花蓮縣吉安鄉吉祥一街３５號一樓之二,花蓮縣吉安鄉宜昌村10鄰吉祥一街35號,121.585674,23.975275
RPPOMLNJKIJGFAU98DA,花蓮縣吉安鄉吉祥一街３５號十三樓之四,花蓮縣吉安鄉宜昌村10鄰吉祥一街35號,121.585674,23.975275
RPWNMLLKKHKGFAU86DA,花蓮縣花蓮市莊敬路２８９號三樓之二,找不到指定的門牌地址。,,
RPSPMLRJKHKGFAU17DA,花蓮縣吉安鄉永吉一街５５號五樓之六,花蓮縣吉安鄉永興村5鄰永吉一街55號,121.567807,23.955317
RPWOMLOJKHKGFAU17DA,花蓮縣花蓮市國聯二路１０８之１號,花蓮縣花蓮市國聯里11鄰國聯二路108之1號,121.602057,23.989011
RPQOMLRKKHKGFAU96DA,花蓮縣花蓮市復興街４０之６號,花蓮縣花蓮市民生里9鄰復興街40之6號,121.610304,23.977201
RPWNMLSKKHKGFAU57DA,花蓮縣吉安鄉吉祥七街８號,花蓮縣吉安鄉宜昌村22鄰吉祥七街8號,121.581008,23.973784
RPTNMLLKKHKGFAU56DA,花蓮縣吉安鄉全民街３２號二樓,花蓮縣吉安鄉永興村15鄰全民街32號,121.57151,23.938611
RPPNMLLLKHKGFAU98EA,花蓮縣花蓮市國聯二路８３號八樓之八,花蓮縣花蓮市國聯里16鄰國聯二路83號,121.603223,23.989657
RPTNMLSJKHKGFAU17DA,花蓮縣吉安鄉民治路２巷１弄３０號,花蓮縣吉安鄉勝安村9鄰民治路2巷1弄30號,121.592895,23.979416
RPPNMLRLKHKGFAU86DA,花蓮縣花蓮市中正路１６８巷１３弄８號,花蓮縣花蓮市主安里8鄰中正路168巷13弄8號,121.600121,23.969915
RPXNMLQLKHKGFAU57DA,花蓮縣花蓮市中央路三段７３０號九樓之二二,花蓮縣花蓮市國富里35鄰中央路三段730號,121.590858,23.991491
RPSNMLRLKHKGFAU17DA,花蓮縣花蓮市國民八街６３號六樓之二,花蓮縣花蓮市國盛里11鄰國民八街63號,121.60578,23.993442
RPOOMLRLKHKGFAU86DA,花蓮縣花蓮市國盛六街５３號四樓之十六,花蓮縣花蓮市國盛里27鄰國盛六街53號,121.608667,23.994657
RPSNMLOJLHKGFAU76DA,花蓮縣花蓮市國盛四街１１６號五樓之一,花蓮縣花蓮市國盛里24鄰國盛四街116號,121.607495,23.995089
RPVNMLOJLHKGFAU07DA,花蓮縣花蓮市德安三街１３號二樓之六,花蓮縣花蓮市主權里21鄰德安三街13號,121.590806,23.972891
RPTOMLPJLHKGFAU07DA,花蓮縣花蓮市國民七街５１號五樓之二,花蓮縣花蓮市國盛里3鄰國民七街51號,121.60583,23.991358
RPRNMLNJLHKGFAU56DA,花蓮縣花蓮市中美七街１０９號,花蓮縣花蓮市民政里21鄰中美七街109號,121.625527,23.994975
RPUNMLQJLHKGFAU17DA,花蓮縣吉安鄉吉昌二街２４７巷１０號,花蓮縣吉安鄉吉安村30鄰吉昌二街247巷10號,121.560425,23.97126
RPWNMLRJJHKGFAU27DA,花蓮縣花蓮市鎮國街５４巷３６號,花蓮縣花蓮市主力里28鄰鎮國街54巷36號,121.600016,23.976716
RPPOMLPKJHKGFAU56DA,花蓮縣花蓮市長春街１１巷１７號五樓之一,花蓮縣花蓮市主農里17鄰長春街11巷17號,121.595624,23.968888
RPQOMLOKJHKGFAU56DA,花蓮縣花蓮市國盛四街１１６號三樓之十七,花蓮縣花蓮市國盛里24鄰國盛四街116號,121.607495,23.995089
RPVNMLOJKHKGFAU96DA,花蓮縣花蓮市國盛八街１２１號四樓之一,花蓮縣花蓮市國盛里9鄰國盛八街121號,121.605503,23.996614
RPPPMLNKJHKGFAU09DA,花蓮縣花蓮市富強路４８號五樓之十,花蓮縣花蓮市國裕里6鄰富強路48號,121.596538,23.995974
RPRNMLOJKHKGFAU56DA,花蓮縣吉安鄉中央路三段１９６號,花蓮縣吉安鄉勝安村30鄰中央路三段196號,121.584125,23.980215
RPPNMLPJKHKGFAU09DA,花蓮縣花蓮市中山路１８之１號六樓之二,花蓮縣花蓮市民主里14鄰中山路18之1號,121.613173,23.972346
RPROMLPJKHKGFAU76DA,花蓮縣花蓮市明心街２３號五樓之五,花蓮縣花蓮市國防里2鄰明心街23號,121.607573,23.985882
RPTOMLRJKHKGFAU17DA,花蓮縣花蓮市化道路８９巷２６號三樓之二,花蓮縣花蓮市民意里48鄰化道路89巷26號,121.621193,24.000548
RPWOMLMJJHKGFAU86DA,花蓮縣花蓮市民權路１０９之１號五樓,花蓮縣花蓮市民立里5鄰民權路109之1號,121.625716,23.988161
RPROMLSJKHKGFAU07DA,花蓮縣花蓮市北昌五街５７巷２號,找不到指定的門牌地址。,,
RPPNMLKKKHKGFAU68DA,花蓮縣花蓮市介林五街８１號,花蓮縣花蓮市國興里8鄰介林五街81號,121.575875,23.994159
RPQPMLRJKHKGFAU96DA,花蓮縣花蓮市國興一街９５號六樓之十六,花蓮縣花蓮市國聯里34鄰國興一街95號,121.603854,23.99555
RPQNMLSJKHKGFAU86DA,花蓮縣花蓮市豐村１０５之３７號,花蓮縣花蓮市國強里8鄰豐村105之37號,121.597562,24.00478
RPRNMLKKKHKGFAU88DA,花蓮縣花蓮市林森路２７３巷２２號,花蓮縣花蓮市國風里23鄰林森路273巷22號,121.601416,23.979814
RPXNMLMKKHKGFAU07DA,花蓮縣花蓮市國富十三街９號四樓之五,花蓮縣花蓮市國富里9鄰國富十三街9號,121.597128,23.990897
RPPOMLMKKHKGFAU98DA,花蓮縣吉安鄉仁里一街１號八樓之五,花蓮縣吉安鄉仁里村5鄰仁里一街1號,121.593877,23.968876
RPSNMLNKKHKGFAU66DA,花蓮縣花蓮市和平路２３５號,花蓮縣花蓮市主和里1鄰和平路235號,121.605509,23.971084
RPTOMLRKKHKGFAU27DA,花蓮縣花蓮市林森路２４３巷３４號,花蓮縣花蓮市國風里19鄰林森路243巷34號,121.600488,23.979476
RPXNMLSKKHKGFAU67DA,花蓮縣花蓮市南京街１９１號七樓之二十一,花蓮縣花蓮市主信里5鄰南京街191號,121.606202,23.974713
RPOOMLSKKHKGFAU86DA,花蓮縣吉安鄉明仁一街７３巷１０號,花蓮縣吉安鄉永安村14鄰明仁一街73巷10號,121.577269,23.990456
RPRNMLTKKHKGFAU17DA,花蓮縣花蓮市國興一街９５號二樓之七,花蓮縣花蓮市國聯里34鄰國興一街95號,121.603854,23.99555
RPTOMLSKKHKGFAU37DA,花蓮縣吉安鄉建國路一段１２１巷３９號二樓之二,花蓮縣吉安鄉吉昌村9鄰建國路一段121巷39號,121.591945,23.984327
RPPOMLSKKHKGFAU96DA,花蓮縣吉安鄉南海三街３７巷８號,花蓮縣吉安鄉仁安村10鄰南海三街37巷8號,121.597873,23.951633
RPQOMLSKKHKGFAU07DA,花蓮縣花蓮市仁愛街２７巷２號,花蓮縣花蓮市主睦里9鄰仁愛街27巷2號,121.605124,23.974233
RPVNMLKLKHKGFAU76DA,花蓮縣吉安鄉吉興一街３７３巷５８弄６號,花蓮縣吉安鄉吉安村28鄰吉興一街373巷58弄6號,121.575695,23.974034
RPWNMLKLKHKGFAU86DA,花蓮縣花蓮市介林五街２５９號,花蓮縣花蓮市國興里20鄰介林五街259號,121.570961,23.995694
RPUNMLOLKHKGFAU07DA,花蓮縣吉安鄉吉祥十二街３５號三樓之五,花蓮縣吉安鄉宜昌村28鄰吉祥十二街35號,121.581568,23.976054
RPPOMLOLKHKGFAU66DA,花蓮縣花蓮市豐村１１６之１６號,花蓮縣花蓮市國強里9鄰豐村116之16號,121.594376,24.006947
RPWNMLPLKHKGFAU37DA,花蓮縣花蓮市民德四街２之９號十一樓,花蓮縣花蓮市民德里1鄰民德四街2之9號,121.620152,23.982378
RPOOMLQLKHKGFAU76DA,花蓮縣吉安鄉慈惠四街２６巷３號,花蓮縣吉安鄉勝安村6鄰慈惠四街26巷3號,121.59047,23.976877
RPRNMLRLKHKGFAU07DA,花蓮縣吉安鄉知卡宣大道二段１６１號,花蓮縣吉安鄉光華村13鄰知卡宣大道二段161號,121.584182,23.939622
RPUNMLRLKHKGFAU37DA,花蓮縣吉安鄉慶南二街２００號,花蓮縣吉安鄉慶豐村28鄰慶南二街200號,121.565786,23.979448
RPVNMLRLKHKGFAU47DA,花蓮縣吉安鄉吉祥一街３５號十三樓之四,花蓮縣吉安鄉宜昌村10鄰吉祥一街35號,121.585674,23.975275
RPTNMLNJKHKGFAU66DA,花蓮縣吉安鄉慈惠四街１７０巷１７弄２號,花蓮縣吉安鄉勝安村18鄰慈惠四街170巷17弄2號,121.587303,23.978997
RPQOMLRLKHKGFAU07DA,花蓮縣花蓮市德安六街１０５巷１號六樓之二,花蓮縣花蓮市主權里1鄰德安六街105巷1號,121.589552,23.973607
RPSNMLNJLHKGFAU66DA,花蓮縣吉安鄉文化十三街１２號,花蓮縣吉安鄉南昌村6鄰文化十三街12號,121.578723,23.971278
RPXNMLOJLHKGFAU27DA,花蓮縣花蓮市富強路１７號,花蓮縣花蓮市國裕里4鄰富強路17號,121.595837,23.995332
RPSNMLPJLHKGFAU86DA,花蓮縣吉安鄉中原路７０７號三樓,找不到指定的門牌地址。,,
RPVNMLQLKHKGFAU37DA,花蓮縣花蓮市國富六街３０號,花蓮縣花蓮市國富里8鄰國富六街30號,121.59782,23.989871
RPXNMLNJLHKGFAU17DA,花蓮縣吉安鄉吉昌一街６７巷１號,花蓮縣吉安鄉吉安村10鄰吉昌一街67巷1號,121.570297,23.968575
RPPOMLOJLHKGFAU56DA,花蓮縣花蓮市民德一街２０７之１號,花蓮縣花蓮市民立里14鄰民德一街207之1號,121.627426,23.99227
RPWNMLPJLHKGFAU27DA,花蓮縣花蓮市民德四街３７巷１弄１１號二樓,花蓮縣花蓮市民德里11鄰民德四街37巷1弄11號,121.622555,23.985931
RPSOMLQJLHKGFAU07DA,花蓮縣花蓮市富裕二街１９１號,花蓮縣花蓮市國裕里28鄰富裕二街191號,121.601226,23.996993
RPPOMLPJLHKGFAU66DA,花蓮縣吉安鄉建國路一段１５５巷４３號,花蓮縣吉安鄉吉昌村14鄰建國路一段155巷43號,121.589754,23.984711
RPROMLPJLHKGFAU86DA,花蓮縣花蓮市德安一街１７８巷２弄２號,花蓮縣花蓮市主權里15鄰德安一街178巷2弄2號,121.592412,23.971325
RPPOMLQJLHKGFAU76DA,花蓮縣花蓮市中華路３１７巷４弄２０號,花蓮縣花蓮市主力里31鄰中華路317巷4弄20號,121.599479,23.974001
RPRNMLNKKIJGFAU56DA,花蓮縣花蓮市莊敬路３１６號,花蓮縣花蓮市國富里26鄰莊敬路316號,121.592704,23.991703
RPVOMLQKKIJGFAU37DA,花蓮縣吉安鄉民治路２８２號七樓之六,花蓮縣吉安鄉勝安村34鄰民治路282號,121.587509,23.981959
RPWNMLTKKIJGFAU67DA,花蓮縣吉安鄉東海十街５８之１號二樓之二,花蓮縣吉安鄉東昌村27鄰東海十街58之1號,121.5933,23.964672
RPVNMLKLKIJGFAU76DA,花蓮縣花蓮市中興路６號十樓之一,花蓮縣花蓮市民運里5鄰中興路6號,121.633495,23.992723
RPQNMLPLKIJGFAU76DA,花蓮縣花蓮市富裕六街２６號四樓之三,花蓮縣花蓮市國裕里8鄰富裕六街26號,121.597269,23.994454
RPPNMLMLKIJGFAU98DA,花蓮縣吉安鄉廣賢路一段３４９巷７號七樓,花蓮縣吉安鄉稻香村28鄰廣賢路一段349巷7號,121.579342,23.953603
RPSNMLNLKIJGFAU76DA,花蓮縣花蓮市國福街１１０巷３６號,花蓮縣花蓮市國福里8鄰國福街110巷36號,121.5775,24.008645
RPTNMLQLKIJGFAU17DA,花蓮縣花蓮市莊敬路１５８之１號七樓之一,花蓮縣花蓮市國富里13鄰莊敬路158之1號,121.5946,23.989004
RPQNMLRLKIJGFAU96DA,花蓮縣花蓮市國民十二街５３號三樓之三,花蓮縣花蓮市國盛里17鄰國民十二街53號,121.60628,23.995823
RPSNMLRLKIJGFAU17DA,花蓮縣花蓮市中和街１９１巷２號二樓,花蓮縣花蓮市主力里21鄰中和街191巷2號,121.598105,23.974063
RPWNMLRLKIJGFAU57DA,花蓮縣花蓮市南京街５７巷１弄２號,花蓮縣花蓮市主學里19鄰南京街57巷1弄2號,121.602378,23.972465
RPWNMLKMKIJGFAU96DA,花蓮縣花蓮市國興四街２６號二樓之三,花蓮縣花蓮市國聯里19鄰國興四街26號,121.604277,23.989097
RPXOMLLMKIJGFAU27DA,花蓮縣吉安鄉勝安二街３０巷９弄１號,花蓮縣吉安鄉勝安村3鄰勝安二街30巷9弄1號,121.588595,23.975735
RPOPMLNJKIJGFAU98DA,花蓮縣吉安鄉南山五街６９號,花蓮縣吉安鄉吉安村1鄰南山五街69號,121.579956,23.974879
RPUOMLLMKIJGFAU96DA,花蓮縣花蓮市北昌五街９６號五樓,找不到指定的門牌地址。,,
RPROMLMJJHKGFAU98DA,花蓮縣吉安鄉中山路一段１１３巷２號,花蓮縣吉安鄉仁里村39鄰中山路一段113巷2號,121.587421,23.967414
RPTOMLMJJHKGFAU56DA,花蓮縣花蓮市建興街１１０巷４弄３６號,花蓮縣花蓮市國興里9鄰建興街110巷4弄36號,121.576348,23.995266
RPUNMLNJJHKGFAU66DA,花蓮縣花蓮市民德四街１１５號,花蓮縣花蓮市民立里3鄰民德四街115號,121.624577,23.987793
RPRNMLMJJHKGFAU88DA,花蓮縣吉安鄉中山路三段１０７號,花蓮縣吉安鄉慶豐村2鄰中山路三段107號,121.574108,23.975853
RPQNMLQJJHKGFAU56DA,花蓮縣花蓮市中山路８２９號,花蓮縣花蓮市國富里43鄰中山路829號,121.596334,23.993393
RPTOMLQJJHKGFAU96DA,花蓮縣花蓮市富陽路５２號四樓之二,花蓮縣花蓮市國裕里21鄰富陽路52號,121.598511,23.996044
RPUOMLQJJHKGFAU07DA,花蓮縣花蓮市華廈街３６號之１,花蓮縣花蓮市民享里15鄰華廈街36之1號,121.620476,24.005241
RPRNMLRJJHKGFAU76DA,花蓮縣花蓮市建安街３２巷８號,花蓮縣花蓮市國興里3鄰建安街32巷8號,121.576994,23.993364
RPUNMLRJJHKGFAU07DA,花蓮縣吉安鄉自強路８９號,花蓮縣吉安鄉勝安村27鄰自強路89號,121.585616,23.978261
RPQOMLRJJHKGFAU76DA,花蓮縣吉安鄉福興路２６０號,花蓮縣吉安鄉福興村7鄰福興路260號,121.559212,23.969054
RPSOMLRJJHKGFAU96DA,花蓮縣花蓮市建國路二段４７２巷１０號,花蓮縣花蓮市國興里12鄰建國路二段472巷10號,121.573939,23.993662
RPPNMLSJJHKGFAU66DA,花蓮縣花蓮市建興街１３７巷１５弄９號,花蓮縣花蓮市國興里10鄰建興街137巷15弄9號,121.574465,23.995767
RPTNMLSJJHKGFAU07DA,花蓮縣花蓮市國聯二路８３號五樓之六,花蓮縣花蓮市國聯里16鄰國聯二路83號,121.603223,23.989657
RPXNMLQJJHKGFAU27DA,花蓮縣花蓮市國興三街７９號三樓之三,花蓮縣花蓮市國聯里17鄰國興三街79號,121.603126,23.988727
RPWOMLSJJHKGFAU47DA,花蓮縣花蓮市中央路三段６５２號,花蓮縣花蓮市國富里34鄰中央路三段652號,121.590188,23.990379
RPSNMLTJJHKGFAU07DA,花蓮縣花蓮市國民八街１０６號六樓之七,花蓮縣花蓮市國盛里28鄰國民八街106號,121.608701,23.993869
RPTNMLTJJHKGFAU17DA,花蓮縣吉安鄉東海十四街２７號七樓之二,花蓮縣吉安鄉東昌村32鄰東海十四街27號,121.591604,23.963294
RPTOMLTJJHKGFAU27DA,花蓮縣花蓮市榮正街３６巷３號,花蓮縣花蓮市主力里5鄰榮正街36巷3號,121.598643,23.973013
RPOOMLKKJHKGFAU58DA,花蓮縣吉安鄉南海三街２０８巷９號,花蓮縣吉安鄉仁和村7鄰南海三街208巷9號,121.590731,23.955435
RPTNMLNJJHKGFAU56DA,花蓮縣花蓮市中山路７２４巷１弄１２號,花蓮縣花蓮市國裕里5鄰中山路724巷1弄12號,121.595685,23.996257
RPVOMLTJJHKGFAU47DA,花蓮縣吉安鄉慶豐六街１７３號,花蓮縣吉安鄉慶豐村16鄰慶豐六街173號,121.570706,23.978874
RPUNMLKKJHKGFAU09DA,花蓮縣花蓮市民權二街１６之１號,花蓮縣花蓮市民德里1鄰民權二街16之1號,121.619365,23.981919
RPXNMLKKJHKGFAU76DA,花蓮縣吉安鄉南海四街２１９巷１９號,花蓮縣吉安鄉仁和村14鄰南海四街219巷19號,121.590038,23.95229
RPTNMLRLKIJGFAU27DA,花蓮縣花蓮市豐村９５之１２號,花蓮縣花蓮市國強里7鄰豐村95之12號,121.598986,24.002047
RPQNMLTJJHKGFAU86DA,花蓮縣花蓮市化道路１２２號,花蓮縣花蓮市民享里5鄰化道路122號,121.624722,23.998806
RPROMLTJJHKGFAU07DA,花蓮縣花蓮市華興街４６號,花蓮縣花蓮市民享里18鄰華興街46號,121.620133,24.003332
RPSNMLLKKIJGFAU09DA,花蓮縣吉安鄉建國路一段２３５號,花蓮縣吉安鄉吉昌村13鄰建國路一段235號,121.588157,23.986864
RPTNMLSKKIJGFAU27DA,花蓮縣花蓮市中央路四段４５０之１號,花蓮縣花蓮市國強里6鄰中央路四段450之1號,121.60017,24.002329
RPWNMLPLKIJGFAU37DA,花蓮縣花蓮市國聯四路７９號,花蓮縣花蓮市國盛里12鄰國聯四路79號,121.606188,23.992388
RPQNMLSJJHKGFAU76DA,花蓮縣花蓮市北昌一街９７巷２７號三樓,找不到指定的門牌地址。,,
RPRNMLOKJHKGFAU56DA,花蓮縣吉安鄉東里一街３２號三樓之五,花蓮縣吉安鄉仁里村1鄰東里一街32號,121.594058,23.967737
RPRNMLPKJHKGFAU66DA,花蓮縣花蓮市南京街１９１號五樓之十三,花蓮縣花蓮市主信里5鄰南京街191號,121.606202,23.974713
RPUNMLMJJHKGFAU56DA,花蓮縣花蓮市國民八街５號二樓之六,花蓮縣花蓮市國聯里30鄰國民八街5號,121.604243,23.993234
RPSNMLNJJHKGFAU09DA,花蓮縣吉安鄉中正路一段４號,花蓮縣吉安鄉仁里村5鄰中正路一段4號,121.59399,23.968634
RPTNMLQKJHKGFAU96DA,花蓮縣吉安鄉東里一街１４８號,花蓮縣吉安鄉仁里村4鄰東里一街148號,121.592079,23.965489
RPQNMLRKJHKGFAU76DA,花蓮縣花蓮市中美十一街１３號三樓之二,花蓮縣花蓮市民政里25鄰中美十一街13號,121.623085,23.995705
RPQNMLKLJHKGFAU78DA,花蓮縣花蓮市福光街３５３巷３２弄６號,花蓮縣花蓮市國福里13鄰福光街353巷32弄6號,121.587076,24.012796
RPXNMLMJJHKGFAU86DA,花蓮縣吉安鄉吉興一街３８９巷９號,花蓮縣吉安鄉吉安村5鄰吉興一街389巷9號,121.576847,23.97396
RPSNMLRKJHKGFAU96DA,花蓮縣花蓮市富陽路４１號,花蓮縣花蓮市國裕里15鄰富陽路41號,121.5988,23.995577
RPWNMLKLJHKGFAU76DA,花蓮縣吉安鄉文化五街５４號二樓,花蓮縣吉安鄉南昌村15鄰文化五街54號,121.580913,23.97035
RPQNMLLLJHKGFAU88DA,花蓮縣花蓮市民德四街９號三樓之三,花蓮縣花蓮市民德里6鄰民德四街9號,121.621551,23.984332
RPWNMLLLJHKGFAU86DA,花蓮縣吉安鄉南埔八街５２號,花蓮縣吉安鄉仁里村26鄰南埔八街52號,121.590953,23.969362
RPPOMLLLJHKGFAU88DA,花蓮縣吉安鄉福興路１６６巷５號,花蓮縣吉安鄉福興村15鄰福興路166巷5號,121.563146,23.967051
RPSNMLPKJHKGFAU76DA,花蓮縣花蓮市國興六街２８巷１之１號四樓之二,花蓮縣花蓮市國聯里6鄰國興六街28巷1之1號,121.599135,23.988182
RPTNMLPKJHKGFAU86DA,花蓮縣花蓮市國興六街２８巷１之１號四樓之一,花蓮縣花蓮市國聯里6鄰國興六街28巷1之1號,121.599135,23.988182
RPRNMLRKJHKGFAU86DA,花蓮縣花蓮市國興六街２８巷１之１號二樓之一,花蓮縣花蓮市國聯里6鄰國興六街28巷1之1號,121.599135,23.988182
RPTNMLRKJHKGFAU07DA,花蓮縣花蓮市國興六街２８巷１之１號三樓之一,花蓮縣花蓮市國聯里6鄰國興六街28巷1之1號,121.599135,23.988182
RPSPMLRKJHKGFAU17DA,花蓮縣花蓮市國興六街２８巷１之１號二樓之二,花蓮縣花蓮市國聯里6鄰國興六街28巷1之1號,121.599135,23.988182
RPSNMLKLJHKGFAU98DA,花蓮縣花蓮市國興六街２８巷１之１號三樓之二,花蓮縣花蓮市國聯里6鄰國興六街28巷1之1號,121.599135,23.988182
RPVNMLLLJHKGFAU76DA,花蓮縣吉安鄉吉興路二段７０巷２號,花蓮縣吉安鄉稻香村12鄰吉興路二段70巷2號,121.571886,23.962771
RPTNMLNLJHKGFAU76DA,花蓮縣花蓮市國富十一街２５巷４號,花蓮縣花蓮市國富里12鄰國富十一街25巷4號,121.595609,23.989598
RPQNMLNJKHKGFAU98DA,花蓮縣花蓮市國興三街７９號五樓之二,花蓮縣花蓮市國聯里17鄰國興三街79號,121.603126,23.988727
RPTNMLLLJHKGFAU56DA,花蓮縣花蓮市東興二街３５號八樓之五,花蓮縣花蓮市民孝里9鄰東興二街35號,121.629805,24.000105
RPTNMLPJKHKGFAU86DA,花蓮縣花蓮市林森路２１７巷１０號,花蓮縣花蓮市國風里18鄰林森路217巷10號,121.600663,23.979002
RPVOMLOJKHKGFAU07DA,花蓮縣花蓮市中興路５號七樓之三,花蓮縣花蓮市民樂里14鄰中興路5號,121.633253,23.992381
RPSOMLPJKHKGFAU86DA,花蓮縣吉安鄉文化十三街４２號,花蓮縣吉安鄉南昌村1鄰文化十三街42號,121.579258,23.972193
RPVNMLRJKHKGFAU27DA,花蓮縣吉安鄉南海二街２１４巷１５號,花蓮縣吉安鄉仁和村4鄰南海二街214巷15號,121.592203,23.956831
RPWOMLRJKHKGFAU47DA,花蓮縣花蓮市林森路２１７巷３３號,花蓮縣花蓮市國風里18鄰林森路217巷33號,121.600165,23.979295
RPPNMLRKJHKGFAU66DA,花蓮縣吉安鄉昌隆七街２２號,花蓮縣吉安鄉南昌村13鄰昌隆七街22號,121.57921,23.968857
RPSOMLOJKHKGFAU76DA,花蓮縣吉安鄉東海十四街２７號六樓之三,花蓮縣吉安鄉東昌村32鄰東海十四街27號,121.591604,23.963294
RPUOMLRJKHKGFAU27DA,花蓮縣吉安鄉明仁一街１２９巷１號,花蓮縣吉安鄉永安村13鄰明仁一街129巷1號,121.576244,23.991133
RPQNMLLKKHKGFAU88DA,花蓮縣花蓮市福建二街１４號,花蓮縣花蓮市主和里13鄰福建二街14號,121.60399,23.971561
RPUNMLLKKHKGFAU66DA,花蓮縣吉安鄉仁里四街９號,花蓮縣吉安鄉仁里村26鄰仁里四街9號,121.590749,23.969646
RPRNMLMKKHKGFAU09DA,花蓮縣花蓮市富吉路５８之５號,花蓮縣花蓮市國裕里16鄰富吉路58之5號,121.5975,23.995145
RPQNMLNKKHKGFAU09DA,花蓮縣花蓮市國聯一路１６號,花蓮縣花蓮市國聯里32鄰國聯一路16號,121.604187,23.994292
RPRNMLSJKHKGFAU96DA,花蓮縣花蓮市國興六街２８巷１之１號五樓之二,花蓮縣花蓮市國聯里6鄰國興六街28巷1之1號,121.599135,23.988182
RPSNMLSJKHKGFAU07DA,花蓮縣花蓮市國興六街２８巷１之１號五樓之一,花蓮縣花蓮市國聯里6鄰國興六街28巷1之1號,121.599135,23.988182
RPPNMLMKKHKGFAU88DA,花蓮縣花蓮市國興六街２８巷１之１號,花蓮縣花蓮市國聯里6鄰國興六街28巷1之1號,121.599135,23.988182
RPQOMLMKKHKGFAU09DA,花蓮縣花蓮市中強街９２號,花蓮縣花蓮市主安里6鄰中強街92號,121.600938,23.969901
RPRNMLRKKHKGFAU96DA,花蓮縣花蓮市民族路１號七樓之十二,花蓮縣花蓮市民運里4鄰民族路1號,121.631201,23.995093
RPQNMLRJJHKGFAU66DA,花蓮縣花蓮市富吉路７４號,花蓮縣花蓮市國裕里16鄰富吉路74號,121.597151,23.99529
RPRNMLMLJHKGFAU09DA,花蓮縣花蓮市國民七街５１號八樓之二十六,花蓮縣花蓮市國盛里3鄰國民七街51號,121.60583,23.991358
RPSOMLRKKHKGFAU17DA,花蓮縣花蓮市海濱街６號,花蓮縣花蓮市民主里13鄰海濱街6號,121.613648,23.971527
RPROMLRKKHKGFAU07DA,花蓮縣吉安鄉中山路三段２４３號,花蓮縣吉安鄉慶豐村11鄰中山路三段243號,121.57147,23.977278
RPPNMLSKKHKGFAU86DA,花蓮縣花蓮市長安街４６巷１８號,花蓮縣花蓮市主農里7鄰長安街46巷18號,121.598273,23.967447
RPQNMLQKKHKGFAU76DA,花蓮縣吉安鄉東海十四街２７號七樓之三,花蓮縣吉安鄉東昌村32鄰東海十四街27號,121.591604,23.963294
RPQNMLKLKHKGFAU88DA,花蓮縣花蓮市國富二街９５號二樓之一,花蓮縣花蓮市國富里13鄰國富二街95號,121.59508,23.989426
RPRNMLQKKHKGFAU86DA,花蓮縣吉安鄉慶豐九街２８３號二樓之二,花蓮縣吉安鄉慶豐村23鄰慶豐九街283號,121.568569,23.979372
RPXNMLOLKHKGFAU37DA,花蓮縣花蓮市福建街２２２號,花蓮縣花蓮市主和里30鄰福建街222號,121.602952,23.97026
RPTNMLOLKHKGFAU96DA,花蓮縣花蓮市中美五街２５巷９弄３號,花蓮縣花蓮市民政里3鄰中美五街25巷9弄3號,121.624983,23.993358
RPSNMLPLKHKGFAU96DA,花蓮縣花蓮市廣東街５５號,花蓮縣花蓮市主和里38鄰廣東街55號,121.603147,23.969707
RPTNMLPLKHKGFAU07DA,花蓮縣吉安鄉中正路一段１５８巷１２弄７號,花蓮縣吉安鄉仁里村19鄰中正路一段158巷12弄7號,121.58967,23.965819
RPVNMLPLKHKGFAU27DA,花蓮縣吉安鄉南海四街２１９巷１１號,花蓮縣吉安鄉仁和村14鄰南海四街219巷11號,121.590126,23.952442
RPPNMLNJLHKGFAU98DA,花蓮縣花蓮市豐村９５之３號,花蓮縣花蓮市國強里7鄰豐村95之3號,121.599076,24.002236
RPQPMLRKJHKGFAU96DA,花蓮縣花蓮市中美十三街５５號四樓之二,花蓮縣花蓮市民政里24鄰中美十三街55號,121.6232,23.997869
RPQNMLNJLHKGFAU09DA,花蓮縣花蓮市中美七街３９號五樓之六,花蓮縣花蓮市民政里32鄰中美七街39號,121.624283,23.993554
RPQNMLPJLHKGFAU66DA,花蓮縣吉安鄉吉安路二段３８７巷１１號,花蓮縣吉安鄉慶豐村31鄰吉安路二段387巷11號,121.567559,23.981086
RPPNMLKKKIJGFAU68DA,花蓮縣吉安鄉北昌一街２９號二樓之一,花蓮縣吉安鄉吉昌村6鄰北昌一街29號,121.596265,23.984503
RPPNMLSKJIJGFAU76DA,花蓮縣花蓮市中興路５號八樓之三,花蓮縣花蓮市民樂里14鄰中興路5號,121.633253,23.992381
RPWNMLKKKIJGFAU76DA,花蓮縣花蓮市富陽路３８號九樓之三,花蓮縣花蓮市國裕里20鄰富陽路38號,121.599031,23.995871
RPSOMLKKKIJGFAU09DA,花蓮縣吉安鄉宜昌二街６３號,花蓮縣吉安鄉宜昌村4鄰宜昌二街63號,121.585794,23.972107
RPXNMLPJKIJGFAU27DA,花蓮縣花蓮市國盛四街５１號四樓之二十四,花蓮縣花蓮市國盛里23鄰國盛四街51號,121.607395,23.994675
RPSOMLLKKIJGFAU56DA,花蓮縣吉安鄉勝安二街５８巷８號,花蓮縣吉安鄉勝安村3鄰勝安二街58巷8號,121.58832,23.976164
RPSNMLMKKIJGFAU56DA,花蓮縣花蓮市國民十二街４３號四樓之一,花蓮縣花蓮市國盛里17鄰國民十二街43號,121.606067,23.99576
RPRNMLMKKIJGFAU09DA,花蓮縣吉安鄉慈惠二街６５號三樓,花蓮縣吉安鄉勝安村23鄰慈惠二街65號,121.586212,23.975923
RPVNMLLKKIJGFAU76DA,花蓮縣花蓮市林森路２７３巷３弄５５號,花蓮縣花蓮市國華里24鄰林森路273巷3弄55號,121.599329,23.980964
RPTOMLQKKIJGFAU17DA,花蓮縣花蓮市中美七街８４巷２號,花蓮縣花蓮市民政里3鄰中美七街84巷2號,121.625692,23.994624
RPROMLRKKIJGFAU07DA,花蓮縣吉安鄉永興七街９號四樓之二,花蓮縣吉安鄉永興村4鄰永興七街9號,121.566844,23.953365
RPUOMLRKKIJGFAU37DA,花蓮縣花蓮市國富二街１０５號三樓之二,花蓮縣花蓮市國富里14鄰國富二街105號,121.594815,23.989823
RPWOMLRKKIJGFAU57DA,花蓮縣花蓮市長安街２７號八樓之一,花蓮縣花蓮市主農里8鄰長安街27號,121.597191,23.967067
RPPOMLKKKIJGFAU78DA,花蓮縣吉安鄉慶豐二街６２號,花蓮縣吉安鄉慶豐村5鄰慶豐二街62號,121.573995,23.976673
RPQNMLNKKIJGFAU09DA,花蓮縣花蓮市忠孝街３１號七樓,花蓮縣花蓮市主計里8鄰忠孝街31號,121.60718,23.972943
RPTOMLRKKIJGFAU27DA,花蓮縣花蓮市民德一街７１號五樓之三,花蓮縣花蓮市民德里10鄰民德一街71號,121.622288,23.986211
RPQNMLSKKIJGFAU96DA,花蓮縣花蓮市建昌路１２１號之２,找不到指定的門牌地址。,,
RPVNMLTKKIJGFAU57DA,花蓮縣吉安鄉東海六街１４６之１號,花蓮縣吉安鄉東昌村16鄰東海六街146之1號,121.598264,23.963471
RPVNMLTJKIJGFAU47DA,花蓮縣花蓮市國民八街１０號,花蓮縣花蓮市國聯里29鄰國民八街10號,121.604221,23.993078
RPXNMLSKKIJGFAU67DA,花蓮縣花蓮市國盛七街６７號,花蓮縣花蓮市國盛里28鄰國盛七街67號,121.608963,23.993576
RPUNMLTKKIJGFAU47DA,花蓮縣花蓮市中原路３７８號,花蓮縣花蓮市主安里7鄰中原路378號,121.599341,23.969353
RPXNMLTKJIJGFAU67DA,花蓮縣吉安鄉永興七街７號三樓之二,花蓮縣吉安鄉永興村4鄰永興七街7號,121.566729,23.953212
RPRNMLOJKIJGFAU56DA,花蓮縣吉安鄉南昌北路２７號四樓之五,花蓮縣吉安鄉南昌村19鄰南昌北路27號,121.583371,23.969939
RPVNMLMKKIJGFAU86DA,花蓮縣花蓮市和平路３３６號六樓之九,花蓮縣花蓮市主睦里6鄰和平路336號,121.60381,23.973769
RPROMLKLKIJGFAU09DA,花蓮縣花蓮市化道路８９巷２２號三樓之二,花蓮縣花蓮市民意里48鄰化道路89巷22號,121.621135,24.000585
RPPOMLQKKIJGFAU76DA,花蓮縣花蓮市林森路２９３巷１弄４３號,花蓮縣花蓮市國華里22鄰林森路293巷1弄43號,121.600982,23.981124
RPSNMLKLKIJGFAU09DA,花蓮縣花蓮市府前路４０８巷１３號,花蓮縣花蓮市民意里44鄰府前路408巷13號,121.621431,23.99864
RPPOMLKLKIJGFAU88DA,花蓮縣花蓮市民光７５號,花蓮縣花蓮市民意里8鄰民光75號,121.618353,24.004462
RPQOMLKLKIJGFAU98DA,花蓮縣花蓮市商校街１６７號,花蓮縣花蓮市國魂里12鄰商校街167號,121.599349,23.98654
RPPNMLNLKIJGFAU09DA,花蓮縣花蓮市國盛一街７６號七樓之五,花蓮縣花蓮市國盛里14鄰國盛一街76號,121.606299,23.99106
RPRNMLOLKIJGFAU76DA,花蓮縣吉安鄉建國路一段１２１巷４６號,花蓮縣吉安鄉吉昌村9鄰建國路一段121巷46號,121.59148,23.984576
RPVNMLOLKIJGFAU17DA,花蓮縣花蓮市府前路５２６巷１號三樓,花蓮縣花蓮市民意里49鄰府前路526巷1號,121.62023,24.001391
RPTOMLRLJIJGFAU27DA,花蓮縣吉安鄉太昌路３７２巷２０號,花蓮縣吉安鄉太昌村4鄰太昌路372巷20號,121.569232,23.991145
RPWOMLSLJIJGFAU67DA,花蓮縣花蓮市長春街３２巷２弄２１號,花蓮縣花蓮市主農里10鄰長春街32巷2弄21號,121.596333,23.968118
RPOOMLLKKIJGFAU78DA,花蓮縣花蓮市介仁街１號,花蓮縣花蓮市國興里14鄰介仁街1號,121.573042,23.993928
RPPNMLTLJIJGFAU96DA,花蓮縣花蓮市華安街３號,花蓮縣花蓮市民享里17鄰華安街3號,121.620741,24.003969
RPTOMLKKKIJGFAU56DA,花蓮縣花蓮市國盛八街８９號三樓之五,花蓮縣花蓮市國盛里22鄰國盛八街89號,121.606834,23.995885
RPXNMLPLKIJGFAU47DA,花蓮縣吉安鄉慶豐六街１２９號,花蓮縣吉安鄉慶豐村15鄰慶豐六街129號,121.569743,23.977384
RPVNMLQLKIJGFAU37DA,花蓮縣吉安鄉東海十四街２７號三樓之一,花蓮縣吉安鄉東昌村32鄰東海十四街27號,121.591604,23.963294
RPXOMLRLJIJGFAU67DA,花蓮縣吉安鄉自立路二段５９號,花蓮縣吉安鄉吉昌村4鄰自立路二段59號,121.593464,23.982567
RPVOMLSLJIJGFAU57DA,花蓮縣花蓮市自由街１５０號七樓之一,花蓮縣花蓮市國威里35鄰自由街150號,121.603611,23.97961
RPPNMLKMJIJGFAU78DA,花蓮縣花蓮市延平街１９３巷２３號,花蓮縣花蓮市國魂里13鄰延平街193巷23號,121.599149,23.984995
RPQOMLKMKIJGFAU09DA,花蓮縣花蓮市國盛五街６８號四樓之二,花蓮縣花蓮市國盛里27鄰國盛五街68號,121.608255,23.994675
RPVOMLKMKIJGFAU96DA,花蓮縣吉安鄉明仁二街１７５巷２４號,花蓮縣吉安鄉永安村33鄰明仁二街175巷24號,121.575091,23.988837
RPSNMLKMKIJGFAU56DA,花蓮縣花蓮市豐村７之３號四樓之一,花蓮縣花蓮市國強里2鄰豐村7之3號,121.604164,24.001619
RPROMLKMKIJGFAU56DA,花蓮縣花蓮市富陽路３８號四樓之五,花蓮縣花蓮市國裕里20鄰富陽路38號,121.599031,23.995871
RPVOMLRKKIJGFAU47DA,花蓮縣花蓮市美工六街５０之２號,花蓮縣花蓮市民心里14鄰美工六街50之2號,121.621917,24.009063
RPVNMLMJJHKGFAU66DA,花蓮縣吉安鄉華工六路６２巷５８號,花蓮縣吉安鄉光華村16鄰華工六路62巷58號,121.59269,23.938274
RPUNMLQJJHKGFAU96DA,花蓮縣花蓮市國盛一街２１７號二樓之三,花蓮縣花蓮市國盛里7鄰國盛一街217號,121.605082,23.994769
RPUOMLNJJHKGFAU76DA,花蓮縣花蓮市國盛五街５３號三樓之二,花蓮縣花蓮市國盛里25鄰國盛五街53號,121.608204,23.994056
RPPNMLQJJHKGFAU09DA,花蓮縣吉安鄉文化二街６６號二樓之二,花蓮縣吉安鄉南昌村23鄰文化二街66號,121.581485,23.967877
RPQOMLNJJHKGFAU98DA,花蓮縣吉安鄉吉祥六街７５巷９號,花蓮縣吉安鄉宜昌村27鄰吉祥六街75巷9號,121.582757,23.976154
RPTOMLNJJHKGFAU66DA,花蓮縣吉安鄉南埔八街５３號,花蓮縣吉安鄉仁里村9鄰南埔八街53號,121.591266,23.969373
RPWOMLQJJHKGFAU27DA,花蓮縣吉安鄉仁光３９號,花蓮縣吉安鄉仁和村24鄰仁光39號,121.582741,23.944385
RPUOMLRJJHKGFAU17DA,花蓮縣吉安鄉吉安路一段２１巷１０號,花蓮縣吉安鄉永安村7鄰吉安路一段21巷10號,121.575872,23.991823
RPVNMLTJJHKGFAU37DA,花蓮縣吉安鄉東里十五街１２１巷１之５號,花蓮縣吉安鄉東昌村17鄰東里十五街121巷1之5號,121.5975,23.960739
RPPNMLNKJHKGFAU88DA,花蓮縣花蓮市國盛三街５１巷２之４號五樓,花蓮縣花蓮市國盛里18鄰國盛三街51巷2之4號,121.606517,23.995047
RPOOMLPKJHKGFAU09DA,花蓮縣花蓮市民德二街８號,花蓮縣花蓮市民德里1鄰民德二街8號,121.618838,23.981857
RPPQMLRKJHKGFAU96DA,花蓮縣花蓮市富裕五街８８之１號,花蓮縣花蓮市國裕里20鄰富裕五街88之1號,121.599163,23.996566
RPPNMLKLJHKGFAU68DA,花蓮縣花蓮市中華路４９６號,花蓮縣花蓮市主權里4鄰中華路496號,121.591823,23.974595
RPSNMLSJJHKGFAU96DA,花蓮縣吉安鄉干城一街２１１號,花蓮縣吉安鄉干城村2鄰干城一街211號,121.541211,23.949411
RPPNMLLLJHKGFAU78DA,花蓮縣吉安鄉慈惠四街２３６巷２７弄１０號,花蓮縣吉安鄉勝安村29鄰慈惠四街236巷27弄10號,121.585082,23.979617
RPPNMLNLJHKGFAU98DA,花蓮縣吉安鄉中山路三段１１０號,花蓮縣吉安鄉慶豐村5鄰中山路三段110號,121.574225,23.976174
RPPNMLPLJHKGFAU56DA,花蓮縣花蓮市林森路２４３巷３８號,花蓮縣花蓮市國風里19鄰林森路243巷38號,121.600421,23.979519
RPRNMLNJKHKGFAU09DA,花蓮縣吉安鄉慶豐四街１４８號,花蓮縣吉安鄉慶豐村7鄰慶豐四街148號,121.572537,23.977633
RPOOMLRJJHKGFAU56DA,花蓮縣吉安鄉海岸路１１號六樓之三,花蓮縣吉安鄉東昌村33鄰海岸路11號,121.590581,23.963867
RPQNMLPJKHKGFAU56DA,花蓮縣花蓮市自強路５０７巷１５號,找不到指定的門牌地址。,,
RPVNMLQKJHKGFAU17DA,花蓮縣吉安鄉華工六路６０巷４３號七樓之二,花蓮縣吉安鄉光華村16鄰華工六路60巷43號,121.592618,23.938119
RPRNMLRJKHKGFAU86DA,花蓮縣吉安鄉南海五街２３０巷２８號,花蓮縣吉安鄉仁和村15鄰南海五街230巷28號,121.589833,23.951729
RPPOMLPJKHKGFAU56DA,花蓮縣花蓮市中和街５６號,花蓮縣花蓮市主和里29鄰中和街56號,121.602219,23.970254
RPTOMLSJKHKGFAU27DA,花蓮縣吉安鄉福興路２８６號,花蓮縣吉安鄉福興村23鄰福興路286號,121.558414,23.969505
RPTPMLRJKHKGFAU27DA,花蓮縣花蓮市中正路３０７號,花蓮縣花蓮市主學里15鄰中正路307號,121.601275,23.973428
RPPNMLSJKHKGFAU76DA,花蓮縣花蓮市中興路１０１號八樓之二,花蓮縣花蓮市民立里8鄰中興路101號,121.628367,23.993779
RPROMLMKKHKGFAU56DA,花蓮縣吉安鄉海岸路２４８號,花蓮縣吉安鄉仁和村38鄰海岸路248號,121.592209,23.954701
RPPOMLNKKHKGFAU09DA,花蓮縣吉安鄉南海五街２４６巷１６號,花蓮縣吉安鄉仁和村15鄰南海五街246巷16號,121.589511,23.952069
RPSNMLKKKHKGFAU98DA,花蓮縣花蓮市國民八街６３號四樓之六,花蓮縣花蓮市國盛里11鄰國民八街63號,121.60578,23.993442
RPTNMLOKKHKGFAU86DA,花蓮縣花蓮市國興一街６０號,花蓮縣花蓮市國盛里8鄰國興一街60號,121.604391,23.996074
RPPOMLRKKHKGFAU86DA,花蓮縣花蓮市建國路７５巷２８弄６號,花蓮縣花蓮市國華里12鄰建國路75巷28弄6號,121.603296,23.982825
RPPNMLQKKHKGFAU66DA,花蓮縣吉安鄉東海十四街２７號四樓之一,花蓮縣吉安鄉東昌村32鄰東海十四街27號,121.591604,23.963294
RPQNMLRKKHKGFAU86DA,花蓮縣花蓮市南京街１９１號四樓之十一,花蓮縣花蓮市主信里5鄰南京街191號,121.606202,23.974713
RPPNMLMJKIJGFAU78DA,花蓮縣花蓮市民光５１號,花蓮縣花蓮市民意里6鄰民光51號,121.617768,24.004622
RPXNMLQJKIJGFAU37DA,花蓮縣花蓮市中央路三段７２０巷５號四樓之七,花蓮縣花蓮市國富里35鄰中央路三段720巷5號,121.591137,23.99133
RPUNMLTJKIJGFAU37DA,花蓮縣花蓮市北昌一街９７巷３號四樓,找不到指定的門牌地址。,,
RPXNMLTJKIJGFAU67DA,花蓮縣花蓮市豐村７之３號二樓之二,花蓮縣花蓮市國強里2鄰豐村7之3號,121.604164,24.001619
RPSOMLLJJIJGFAU98DA,花蓮縣花蓮市豐村７之３號五樓之二,花蓮縣花蓮市國強里2鄰豐村7之3號,121.604164,24.001619
RPSNMLKKKIJGFAU98DA,花蓮縣花蓮市豐村７之３號四樓之三,花蓮縣花蓮市國強里2鄰豐村7之3號,121.604164,24.001619
RPPNMLMKKIJGFAU88DA,花蓮縣花蓮市國盛二街２１３號九樓之七,花蓮縣花蓮市國盛里11鄰國盛二街213號,121.606033,23.99434
RPUNMLPLJIJGFAU07DA,花蓮縣花蓮市中央路四段４５０號五樓之五,花蓮縣花蓮市國強里6鄰中央路四段450號,121.600269,24.002323
RPSNMLTJKIJGFAU17DA,花蓮縣花蓮市建和街３５號,花蓮縣花蓮市國興里8鄰建和街35號,121.575813,23.993886
RPTNMLNKKIJGFAU76DA,花蓮縣吉安鄉南海六街１１９號,花蓮縣吉安鄉仁安村15鄰南海六街119號,121.592369,23.9478
RPTNMLMKKIJGFAU66DA,花蓮縣花蓮市中興路４３巷６號五樓之一,花蓮縣花蓮市民立里9鄰中興路43巷6號,121.630056,23.991555
RPSPMLQKKIJGFAU17DA,花蓮縣吉安鄉東海十四街２７號七樓之一,花蓮縣吉安鄉東昌村32鄰東海十四街27號,121.591604,23.963294
RPTPMLQKKIJGFAU27DA,花蓮縣吉安鄉東海十四街２７號七樓之五,花蓮縣吉安鄉東昌村32鄰東海十四街27號,121.591604,23.963294
RPPNMLRKKIJGFAU76DA,花蓮縣吉安鄉東海十四街２７號六樓之二,花蓮縣吉安鄉東昌村32鄰東海十四街27號,121.591604,23.963294
RPTNMLRLJIJGFAU17DA,花蓮縣花蓮市富裕十六街３７號三樓之五,花蓮縣花蓮市國裕里5鄰富裕十六街37號,121.596214,23.996369
RPTNMLPLKIJGFAU07DA,花蓮縣花蓮市莊敬路１５號,花蓮縣花蓮市國富里1鄰莊敬路12號,121.597769,23.98725
RPTOMLKMKIJGFAU76DA,花蓮縣花蓮市中正路１６９巷１之８號,花蓮縣花蓮市主安里14鄰中正路169巷1之8號,121.597496,23.971879
RPRNMLKMKIJGFAU09DA,花蓮縣花蓮市豐村７之５號,花蓮縣花蓮市國強里2鄰豐村7之5號,121.604131,24.001591
RPPOMLKMKIJGFAU98DA,花蓮縣花蓮市佐倉街３６１號,花蓮縣花蓮市國福里3鄰佐倉街361號,121.57852,24.017959
RPWNMLMJJHKGFAU76DA,花蓮縣吉安鄉華工六路６２巷６８號,花蓮縣吉安鄉光華村16鄰華工六路62巷68號,121.59286,23.938279
RPXNMLNJJHKGFAU96DA,花蓮縣吉安鄉南海八街１６１巷３０號,花蓮縣吉安鄉仁安村24鄰南海八街161巷30號,121.589961,23.94404
RPSNMLTKJIJGFAU17DA,花蓮縣花蓮市福光街３４７巷５１號二樓之一,花蓮縣花蓮市國福里1鄰福光街347巷51號,121.586132,24.013009
RPXOMLNKJHKGFAU17DA,花蓮縣吉安鄉仁里九街６號,花蓮縣吉安鄉仁里村18鄰仁里九街6號,121.589727,23.966659
RPPNMLOKJHKGFAU98DA,花蓮縣花蓮市中美路２９３之７號,花蓮縣花蓮市民孝里5鄰中美路293之7號,121.631223,23.997902
RPXPMLRKJHKGFAU67DA,花蓮縣吉安鄉東海十四街２７號二樓之五,花蓮縣吉安鄉東昌村32鄰東海十四街27號,121.591604,23.963294
RPOOMLOJKHKGFAU98DA,花蓮縣吉安鄉東海十四街２７號三樓之五,花蓮縣吉安鄉東昌村32鄰東海十四街27號,121.591604,23.963294
RPVNMLPLJIJGFAU17DA,花蓮縣花蓮市中央路四段４５０之２號,花蓮縣花蓮市國強里6鄰中央路四段450之2號,121.600205,24.002361
RPOOMLNKKHKGFAU98DA,花蓮縣吉安鄉仁里一街１號五樓之一,花蓮縣吉安鄉仁里村5鄰仁里一街1號,121.593877,23.968876
RPUPMLRJKHKGFAU37DA,花蓮縣吉安鄉太昌路３４０巷５弄１０號,花蓮縣吉安鄉太昌村4鄰太昌路340巷5弄10號,121.569928,23.990936
RPROMLQKKIJGFAU96DA,花蓮縣花蓮市富陽路４１號三樓之二,花蓮縣花蓮市國裕里15鄰富陽路41號,121.5988,23.995577
RPQNMLNLKIJGFAU56DA,花蓮縣吉安鄉南海五街２８４號,花蓮縣吉安鄉仁和村16鄰南海五街284號,121.588041,23.951823
RPTOMLSJIIJGFAU07DA,花蓮縣花蓮市中美路６號,花蓮縣花蓮市民德里3鄰中美路6號,121.618081,23.981974
RPUNMLOLKIJGFAU07DA,花蓮縣花蓮市國聯二路１１６號,花蓮縣花蓮市國聯里11鄰國聯二路116號,121.601857,23.988811
RPWOMLOLIIJGFAU17DA,花蓮縣吉安鄉福興一街５１號二樓之一,花蓮縣吉安鄉福興村5鄰福興一街51號,121.559959,23.96955
RPOOMLTJJHKGFAU76DA,花蓮縣花蓮市華廈街７５號三樓之五,花蓮縣花蓮市民享里9鄰華廈街75號,121.621697,24.00588
RPPOMLTJJHKGFAU86DA,花蓮縣花蓮市華廈街７５號四樓之二,花蓮縣花蓮市民享里9鄰華廈街75號,121.621697,24.00588
RPXNMLLLJHKGFAU96DA,花蓮縣花蓮市中美路２９３之８號,花蓮縣花蓮市民孝里5鄰中美路293之8號,121.631255,23.997945
RPTOMLOJKHKGFAU86DA,花蓮縣花蓮市莊敬路１５０號,花蓮縣花蓮市國富里13鄰莊敬路148之1號,121.595032,23.988849
RPPNMLPJLHKGFAU56DA,花蓮縣花蓮市民享三街８號四樓之三,花蓮縣花蓮市民運里30鄰民享三街8號,121.633069,23.993943
RPTNMLKKKIJGFAU09DA,花蓮縣吉安鄉吉祥九街２１號,花蓮縣吉安鄉宜昌村32鄰吉祥九街21號,121.579555,23.973754
RPTNMLSLJIJGFAU27DA,花蓮縣花蓮市福光街３４７巷５１號,花蓮縣花蓮市國福里1鄰福光街347巷51號,121.586132,24.013009
RPTNMLKMIIJGFAU09DA,花蓮縣花蓮市永興路９４號,花蓮縣花蓮市民政里32鄰永興路90號,121.623981,23.993746
RPVNMLNKKIJGFAU96DA,花蓮縣花蓮市福建一街２０號,花蓮縣花蓮市主和里11鄰福建一街20號,121.604265,23.971831
RPUNMLNKKHKGFAU86DA,花蓮縣吉安鄉明仁二街１７６巷３號二樓之一,花蓮縣吉安鄉永安村13鄰明仁二街176巷3號,121.57549,23.989773
RPTOMLOJJIJGFAU76DA,花蓮縣花蓮市福光街３４７巷５１號三樓之一,花蓮縣花蓮市國福里1鄰福光街347巷51號,121.586132,24.013009
RPPNMLLKKHKGFAU78DA,花蓮縣花蓮市國盛二街９８之１號,花蓮縣花蓮市國盛里18鄰國盛二街98之1號,121.605973,23.99546
RPQNMLTJKIJGFAU07EA,花蓮縣花蓮市林森路２４２號,花蓮縣花蓮市國威里24鄰林森路242號,121.606142,23.981715
RPPNMLPJJIJGFAU98DA,花蓮縣花蓮市介林五街１９８號,花蓮縣花蓮市國興里16鄰介林五街198號,121.572886,23.995367
RPWNMLQLKIJGFAU47DA,花蓮縣吉安鄉東海十四街２７號四樓之五,花蓮縣吉安鄉東昌村32鄰東海十四街27號,121.591604,23.963294
RPUOMLTJJHKGFAU37DA,花蓮縣吉安鄉明仁二街８８巷１０號,花蓮縣吉安鄉永安村16鄰明仁二街88巷10號,121.57838,23.98862
RPVOMLNKJHKGFAU96DA,花蓮縣花蓮市林森路２４９巷３弄１８號,花蓮縣花蓮市國風里25鄰林森路249巷3弄18號,121.598944,23.979901
RPQOMLSJKHKGFAU96DA,花蓮縣吉安鄉東海十四街２７號三樓之三,花蓮縣吉安鄉東昌村32鄰東海十四街27號,121.591604,23.963294
RPUOMLQKKIJGFAU27DA,花蓮縣花蓮市富陽路４１號四樓之二,花蓮縣花蓮市國裕里15鄰富陽路41號,121.5988,23.995577
RPWPMLQKKIJGFAU57DA,花蓮縣吉安鄉東海十四街２７號三樓之二,花蓮縣吉安鄉東昌村32鄰東海十四街27號,121.591604,23.963294
RPSNMLPLKIJGFAU96DA,花蓮縣花蓮市富陽路４１號二樓之二,花蓮縣花蓮市國裕里15鄰富陽路41號,121.5988,23.995577
RPUNMLPLKIJGFAU17DA,花蓮縣花蓮市富陽路４１號三樓之一,花蓮縣花蓮市國裕里15鄰富陽路41號,121.5988,23.995577
RPUNMLTKKHKGFAU47DA,花蓮縣吉安鄉廣賢路一段３４９巷７號三樓之二,花蓮縣吉安鄉稻香村28鄰廣賢路一段349巷7號,121.579342,23.953603
RPXNMLQLKIJGFAU57DA,花蓮縣吉安鄉東海十四街２７號六樓之一,花蓮縣吉安鄉東昌村32鄰東海十四街27號,121.591604,23.963294
RPPNMLRLKIJGFAU86DA,花蓮縣花蓮市國興一街９５號二樓之七,花蓮縣花蓮市國聯里34鄰國興一街95號,121.603854,23.99555
RPSNMLQKKHKGFAU96DA,花蓮縣吉安鄉東海十四街２７號二樓之一,花蓮縣吉安鄉東昌村32鄰東海十四街27號,121.591604,23.963294
RPRNMLTKJHKGFAU07DA,花蓮縣吉安鄉東海十四街２７號五樓之二,花蓮縣吉安鄉東昌村32鄰東海十四街27號,121.591604,23.963294
RPSNMLLKKHKGFAU09DA,花蓮縣吉安鄉南海八街２１０巷３０號,花蓮縣吉安鄉仁和村23鄰南海八街210巷30號,121.585545,23.947528
RPQNMLQLKIJGFAU86DA,花蓮縣花蓮市南京街１９１號五樓之七,花蓮縣花蓮市主信里5鄰南京街191號,121.606202,23.974713
RPUNMLNLKIJGFAU96DA,花蓮縣花蓮市華泰街３３號三樓之六,花蓮縣花蓮市民享里15鄰華泰街33號,121.620756,24.004901
RPUPMLQKKIJGFAU37DA,花蓮縣吉安鄉東海十四街２７號六樓之五,花蓮縣吉安鄉東昌村32鄰東海十四街27號,121.591604,23.963294
RPSNMLPJKHKGFAU76DA,花蓮縣吉安鄉東海十四街２７號四樓之二,花蓮縣吉安鄉東昌村32鄰東海十四街27號,121.591604,23.963294
RPQOMLTJKIJGFAU07DA,花蓮縣吉安鄉明仁二街１７６巷３號六樓,花蓮縣吉安鄉永安村13鄰明仁二街176巷3號,121.57549,23.989773
RPQPMLQKKIJGFAU96DA,花蓮縣吉安鄉東海十四街２７號五樓之五,花蓮縣吉安鄉東昌村32鄰東海十四街27號,121.591604,23.963294
RPSOMLMKKHKGFAU66DA,花蓮縣花蓮市福建街４０６之１號,花蓮縣花蓮市主計里1鄰福建街406之1號,121.607815,23.973483
RPPNMLQLKIJGFAU76DA,花蓮縣吉安鄉勝安二街３２號四樓之一,花蓮縣吉安鄉勝安村3鄰勝安二街32號,121.588106,23.975681
RPQNMLOLJHKGFAU56DA,花蓮縣花蓮市莊敬路１５２號,花蓮縣花蓮市國富里13鄰莊敬路148之1號,121.595032,23.988849
RPQOMLLLJHKGFAU98DA,花蓮縣吉安鄉中原路７０７號五樓之二,找不到指定的門牌地址。,,
RPTNMLKLKHKGFAU56DA,花蓮縣花蓮市復興街２１號,花蓮縣花蓮市民族里8鄰復興街21號,121.61087,23.976147
RPWNMLKLKIJGFAU86DA,花蓮縣花蓮市豐村９５之１０號,花蓮縣花蓮市國強里7鄰豐村95之10號,121.598902,24.002113
RPQNMLNKJHKGFAU98DA,花蓮縣吉安鄉中原路７０７號四樓之一,找不到指定的門牌地址。,,
RPVNMLPJKHKGFAU07DA,花蓮縣吉安鄉中原路７０７號五樓之一,找不到指定的門牌地址。,,
RPSNMLQLKHKGFAU07DA,花蓮縣吉安鄉中原路７０７號九樓之二,找不到指定的門牌地址。,,
RPPOMLSKJIJGFAU86DA,花蓮縣吉安鄉太昌路４８６號二樓之二,花蓮縣吉安鄉太昌村11鄰太昌路486號,121.564066,23.993424
RPQOMLMKJIJGFAU98DA,花蓮縣吉安鄉太昌路４８６號三樓之一,花蓮縣吉安鄉太昌村11鄰太昌路486號,121.564066,23.993424
RPROMLMKJIJGFAU09DA,花蓮縣吉安鄉太昌路４８６號三樓之二,花蓮縣吉安鄉太昌村11鄰太昌路486號,121.564066,23.993424
RPTOMLMKJIJGFAU66DA,花蓮縣吉安鄉太昌路４８６號四樓之一,花蓮縣吉安鄉太昌村11鄰太昌路486號,121.564066,23.993424
RPVOMLMKJIJGFAU86DA,花蓮縣吉安鄉太昌路４８６號四樓之三,花蓮縣吉安鄉太昌村11鄰太昌路486號,121.564066,23.993424
RPRPMLMKJIJGFAU56DA,花蓮縣吉安鄉太昌路４８６號五樓之二,花蓮縣吉安鄉太昌村11鄰太昌路486號,121.564066,23.993424
RPSPMLMKJIJGFAU66DA,花蓮縣吉安鄉太昌路４８６號五樓之三,花蓮縣吉安鄉太昌村11鄰太昌路486號,121.564066,23.993424
RPRQMLMKJIJGFAU66DA,花蓮縣吉安鄉太昌路４８６號六樓之二,花蓮縣吉安鄉太昌村11鄰太昌路486號,121.564066,23.993424
RPSQMLMKJIJGFAU76DA,花蓮縣吉安鄉太昌路４８６號八樓之一,花蓮縣吉安鄉太昌村11鄰太昌路486號,121.564066,23.993424
RPVNMLNKJIJGFAU86DA,花蓮縣吉安鄉太昌路４８６號七樓之二,花蓮縣吉安鄉太昌村11鄰太昌路486號,121.564066,23.993424
RPSOMLMKJIJGFAU56DA,花蓮縣吉安鄉太昌路４８６號三樓之三,花蓮縣吉安鄉太昌村11鄰太昌路486號,121.564066,23.993424
RPPPMLMKJIJGFAU98DA,花蓮縣吉安鄉太昌路４８６號五樓之一,花蓮縣吉安鄉太昌村11鄰太昌路486號,121.564066,23.993424
RPQOMLSKJIJGFAU96DA,花蓮縣吉安鄉太昌路４８６號二樓之一,花蓮縣吉安鄉太昌村11鄰太昌路486號,121.564066,23.993424
RPUOMLMKJIJGFAU76DA,花蓮縣吉安鄉太昌路４８６號四樓之二,花蓮縣吉安鄉太昌村11鄰太昌路486號,121.564066,23.993424
RPTPMLMKJIJGFAU76DA,花蓮縣吉安鄉太昌路４８６號六樓之一,花蓮縣吉安鄉太昌村11鄰太昌路486號,121.564066,23.993424
RPWPMLMKJIJGFAU07DA,花蓮縣吉安鄉太昌路４８６號六樓之三,花蓮縣吉安鄉太昌村11鄰太昌路486號,121.564066,23.993424
RPXPMLMKJIJGFAU17DA,花蓮縣吉安鄉太昌路４８６號七樓之一,花蓮縣吉安鄉太昌村11鄰太昌路486號,121.564066,23.993424
RPQQMLMKJIJGFAU56DA,花蓮縣吉安鄉太昌路４８６號七樓之三,花蓮縣吉安鄉太昌村11鄰太昌路486號,121.564066,23.993424
RPUQMLMKJIJGFAU96DA,花蓮縣吉安鄉太昌路４８６號八樓之二,花蓮縣吉安鄉太昌村11鄰太昌路486號,121.564066,23.993424
RPQRMLMKJIJGFAU66DA,花蓮縣吉安鄉太昌路４８６號八樓之三,花蓮縣吉安鄉太昌村11鄰太昌路486號,121.564066,23.993424
RPPOMLMKJIJGFAU88DA,花蓮縣吉安鄉太昌路４８６號二樓之三,花蓮縣吉安鄉太昌村11鄰太昌路486號,121.564066,23.993424
RPSOMLLLJHKGFAU56DA,花蓮縣吉安鄉中原路７０７號七樓之一,找不到指定的門牌地址。,,
RPRNMLNKJHKGFAU09DA,花蓮縣吉安鄉中原路７０７號九樓之一,找不到指定的門牌地址。,,
RPTOMLLLJHKGFAU66DA,花蓮縣吉安鄉中原路７０７號七樓之二,找不到指定的門牌地址。,,
RPRNMLQLKIJGFAU96DA,花蓮縣吉安鄉中原路７０７號六樓之二,找不到指定的門牌地址。,,
RPSNMLQLKIJGFAU07DA,花蓮縣吉安鄉中原路７０７號六樓之一,找不到指定的門牌地址。,,
RPUOMLLLJHKGFAU76DA,花蓮縣吉安鄉中原路７０７號八樓,找不到指定的門牌地址。,,
RPVNMLNKJHKGFAU86DA,花蓮縣花蓮市富裕一街１７１號二樓,花蓮縣花蓮市國裕里6鄰富裕一街171號,121.59702,23.995915
RPPPMLRKJHKGFAU86DA,花蓮縣花蓮市富裕一街１６９號二樓之三,花蓮縣花蓮市國裕里6鄰富裕一街169號,121.596965,23.99582
RPUNMLSJJHKGFAU17DA,花蓮縣花蓮市富裕一街１６９號二樓之一,花蓮縣花蓮市國裕里6鄰富裕一街169號,121.596965,23.99582
RPOOMLRKJHKGFAU66DA,花蓮縣花蓮市富裕一街１６９號四樓之五,花蓮縣花蓮市國裕里6鄰富裕一街169號,121.596965,23.99582
RPTNMLNKJHKGFAU66DA,花蓮縣花蓮市富裕一街１６９號三樓之三,花蓮縣花蓮市國裕里6鄰富裕一街169號,121.596965,23.99582
RPROMLLMKIJGFAU66DA,花蓮縣花蓮市富裕一街１６９號六樓之二,花蓮縣花蓮市國裕里6鄰富裕一街169號,121.596965,23.99582
RPXNMLNKJHKGFAU07DA,花蓮縣花蓮市富裕一街１６９號二樓之五,花蓮縣花蓮市國裕里6鄰富裕一街169號,121.596965,23.99582
RPTPMLRKJHKGFAU27DA,花蓮縣花蓮市富裕一街１６９號三樓之五,花蓮縣花蓮市國裕里6鄰富裕一街169號,121.596965,23.99582
RPRPMLRKJHKGFAU07DA,花蓮縣花蓮市富裕一街１６９號五樓之三,花蓮縣花蓮市國裕里6鄰富裕一街169號,121.596965,23.99582
RPXOMLSJJHKGFAU57DA,花蓮縣花蓮市富裕一街１６９號四樓之二,花蓮縣花蓮市國裕里6鄰富裕一街169號,121.596965,23.99582
RPWNMLNKJHKGFAU96DA,花蓮縣花蓮市富裕一街１６９號二樓之二,花蓮縣花蓮市國裕里6鄰富裕一街169號,121.596965,23.99582
RPQOMLNKJHKGFAU09DA,花蓮縣花蓮市富裕一街１６９號四樓之三,花蓮縣花蓮市國裕里6鄰富裕一街169號,121.596965,23.99582
RPPOMLRKJHKGFAU76DA,花蓮縣花蓮市富裕一街１６９號五樓之一,花蓮縣花蓮市國裕里6鄰富裕一街169號,121.596965,23.99582
RPUOMLRKJHKGFAU27DA,花蓮縣花蓮市富裕一街１６９號七樓之一,花蓮縣花蓮市國裕里6鄰富裕一街169號,121.596965,23.99582
RPUPMLRKJHKGFAU37DA,花蓮縣花蓮市富裕一街１６９號四樓之一,花蓮縣花蓮市國裕里6鄰富裕一街169號,121.596965,23.99582
RPOOMLRKKHKGFAU76DA,花蓮縣花蓮市富裕一街１６９號五樓之二,花蓮縣花蓮市國裕里6鄰富裕一街169號,121.596965,23.99582
RPWPMLRKJHKGFAU57DA,花蓮縣花蓮市富裕一街１６９號八樓之二,花蓮縣花蓮市國裕里6鄰富裕一街169號,121.596965,23.99582
RPUNMLOJLHKGFAU96DA,花蓮縣花蓮市富裕一街１６９號六樓之五,花蓮縣花蓮市國裕里6鄰富裕一街169號,121.596965,23.99582
RPVOMLLMKIJGFAU07DA,花蓮縣花蓮市富裕一街１６９號五樓之五,花蓮縣花蓮市國裕里6鄰富裕一街169號,121.596965,23.99582
RPOOMLNKJHKGFAU88DA,花蓮縣花蓮市富裕一街１６９號三樓之一,花蓮縣花蓮市國裕里6鄰富裕一街169號,121.596965,23.99582
RPROMLNKJHKGFAU56DA,花蓮縣花蓮市富裕一街１６９號六樓之一,花蓮縣花蓮市國裕里6鄰富裕一街169號,121.596965,23.99582
RPUNMLNKJHKGFAU76DA,花蓮縣花蓮市富裕一街１６９號十樓,花蓮縣花蓮市國裕里6鄰富裕一街169號,121.596965,23.99582
RPTOMLNKJHKGFAU76DA,花蓮縣花蓮市富裕一街１６９號六樓之三,花蓮縣花蓮市國裕里6鄰富裕一街169號,121.596965,23.99582
RPUOMLNKJHKGFAU86DA,花蓮縣花蓮市富裕一街１６９號七樓之三,花蓮縣花蓮市國裕里6鄰富裕一街169號,121.596965,23.99582
RPWOMLNKJHKGFAU07DA,花蓮縣花蓮市富裕一街１６９號八樓之一,花蓮縣花蓮市國裕里6鄰富裕一街169號,121.596965,23.99582
RPQOMLPKNHKGFAU07DA,花蓮縣吉安鄉文化五街５３號五樓,花蓮縣吉安鄉南昌村24鄰文化五街53號,121.580532,23.97023
RPOOMLMLNHKGFAU66DA,花蓮縣吉安鄉東里九街２３號三樓之一,花蓮縣吉安鄉東昌村7鄰東里九街23號,121.595573,23.965395
RPUNMLQLNHKGFAU57DA,花蓮縣花蓮市國盛四街６３巷２號,花蓮縣花蓮市國盛里22鄰國盛四街63巷2號,121.60715,23.995495
RPPOMLQLNHKGFAU17DA,花蓮縣花蓮市中央路三段７３０號五樓之二十一,花蓮縣花蓮市國富里35鄰中央路三段730號,121.590858,23.991491
RPTNMLSLNHKGFAU67DA,花蓮縣花蓮市國興二街１３６號四樓之九,花蓮縣花蓮市國聯里10鄰國興二街136號,121.601474,23.989318
RPPNMLTLNHKGFAU37DA,花蓮縣花蓮市福建街７號,花蓮縣花蓮市主農里7鄰福建街7號,121.597888,23.966659
RPUNMLTKNHKGFAU77DA,花蓮縣花蓮市中和街２１４巷１７號三樓之五,花蓮縣花蓮市主力里20鄰中和街214巷17號,121.599197,23.974481
RPTNMLNJOHKGFAU07DA,花蓮縣花蓮市中美十三街７８號二樓之八,花蓮縣花蓮市民政里35鄰中美十三街78號,121.624202,23.99869
RPPNMLSLNHKGFAU27DA,花蓮縣花蓮市國盛四街５３號六樓之十,花蓮縣花蓮市國盛里22鄰國盛四街53號,121.607349,23.995044
RPRNMLTLNHKGFAU57DA,花蓮縣吉安鄉南海二街２１２號,花蓮縣吉安鄉仁和村3鄰南海二街212號,121.59223,23.956384
RPTOMLNJOHKGFAU17DA,花蓮縣吉安鄉慈惠二街７２巷２９號,花蓮縣吉安鄉勝安村22鄰慈惠二街72巷29號,121.58635,23.976887
RPTNMLPJOHKGFAU27DA,花蓮縣花蓮市富裕六街１６號二樓之五,花蓮縣花蓮市國裕里8鄰富裕六街16號,121.597272,23.994154
RPQNMLTLNHKGFAU57EA,花蓮縣吉安鄉知卡宣大道三段６５１之２號,花蓮縣吉安鄉永興村10鄰知卡宣大道三段651之2號,121.560484,23.950642
RPUNMLMJOHKGFAU07DA,花蓮縣花蓮市介林九街３４號,花蓮縣花蓮市國興里5鄰介林九街34號,121.577406,23.995556
RPUNMLNLNHKGFAU27DA,花蓮縣吉安鄉福興一街５１號四樓之一,花蓮縣吉安鄉福興村5鄰福興一街51號,121.559959,23.96955
RPUNMLNJOHKGFAU17DA,花蓮縣花蓮市豐村１７之９號五樓之一,花蓮縣花蓮市國強里1鄰豐村17之9號,121.603389,24.001473
RPRNMLTJOHKGFAU47DA,花蓮縣花蓮市國民七街５１號四樓之八,花蓮縣花蓮市國盛里3鄰國民七街51號,121.60583,23.991358
RPPNMLTJOHKGFAU37EA,花蓮縣花蓮市中正路１１０巷５弄８之３號,花蓮縣花蓮市主農里15鄰中正路110巷5弄8之3號,121.598434,23.96965
RPPNMLLLMHKGFAU56EA,花蓮縣花蓮市民權路３７號四樓之二,花蓮縣花蓮市民德里7鄰民權路37號,121.621995,23.983695
RPUNMLSKMHKGFAU57DA,花蓮縣花蓮市華廈街３８號五樓之二,花蓮縣花蓮市民享里15鄰華廈街38號,121.620555,24.005262
RPSNMLMLMHKGFAU86DA,花蓮縣花蓮市中央路三段７３０號七樓之二十二,花蓮縣花蓮市國富里35鄰中央路三段730號,121.590858,23.991491
RPPNMLPLMHKGFAU86DA,花蓮縣吉安鄉仁里五街１６４號,花蓮縣吉安鄉仁里村28鄰仁里五街164號,121.587771,23.969611
RPUNMLMLMHKGFAU07DA,花蓮縣花蓮市自強路６２８號,找不到指定的門牌地址。,,
RPSNMLPLMHKGFAU17DA,花蓮縣花蓮市國民七街５３號五樓之十五,花蓮縣花蓮市國盛里4鄰國民七街53號,121.605877,23.991365
RPQNMLKMMHKGFAU56DA,花蓮縣花蓮市南京街１９１號七樓之十,花蓮縣花蓮市主信里5鄰南京街191號,121.606202,23.974713
RPOOMLKMMHKGFAU09DA,花蓮縣吉安鄉太昌路４９８號,花蓮縣吉安鄉太昌村12鄰太昌路498號,121.563585,23.993707
RPVOMLMJNHKGFAU17DA,花蓮縣花蓮市國盛二街２７９號二樓之五,花蓮縣花蓮市國盛里9鄰國盛二街279號,121.605647,23.996438
RPWOMLMJNHKGFAU27DA,花蓮縣花蓮市民權九街４９號三樓之二,花蓮縣花蓮市民勤里10鄰民權九街49號,121.624409,23.990573
RPPNMLPJNHKGFAU76DA,花蓮縣花蓮市長安街２７號十三樓之七,花蓮縣花蓮市主農里8鄰長安街27號,121.597191,23.967067
RPPNMLOJNHKGFAU66DA,花蓮縣花蓮市國興三街３９之１號,花蓮縣花蓮市國聯里19鄰國興三街39之1號,121.603984,23.989576
RPQNMLPJNHKGFAU86DA,花蓮縣花蓮市國盛二街６３號四樓之二,花蓮縣花蓮市國盛里14鄰國盛二街63號,121.606753,23.991019
RPWNMLPJNHKGFAU47DA,花蓮縣花蓮市豐村６號三樓之一,花蓮縣花蓮市國強里2鄰豐村6號,121.604017,24.001488
RPOOMLPJNHKGFAU76DA,花蓮縣花蓮市榮正街５２號二樓之六,花蓮縣花蓮市主力里5鄰榮正街52號,121.598404,23.973057
RPQNMLPJNHKGFAU96EA,花蓮縣花蓮市南京街１９１號四樓之２１,花蓮縣花蓮市主信里5鄰南京街191號,121.606202,23.974713
RPRNMLPJNHKGFAU07EA,花蓮縣花蓮市南京街１９１號六樓之２,花蓮縣花蓮市主信里5鄰南京街191號,121.606202,23.974713
RPWNMLSKMHKGFAU77DA,花蓮縣花蓮市中美三街２１巷１號三樓,花蓮縣花蓮市民勤里31鄰中美三街21巷1號,121.624422,23.991067
RPTNMLPJNHKGFAU17DA,花蓮縣吉安鄉東海五街１號六樓之二,花蓮縣吉安鄉東昌村11鄰東海五街1號,121.597236,23.964832
RPRNMLRJNHKGFAU17DA,花蓮縣花蓮市化道路８９巷２２號六樓之一,花蓮縣花蓮市民意里48鄰化道路89巷22號,121.621135,24.000585
RPROMLRKMHKGFAU27DA,花蓮縣花蓮市中美路２２７號三樓之一,花蓮縣花蓮市民孝里2鄰中美路227號,121.629562,23.99606
RPTNMLOLMHKGFAU17DA,花蓮縣吉安鄉福興二街１３號五樓之二,花蓮縣吉安鄉福興村8鄰福興二街13號,121.560935,23.968565
RPPNMLLKNHKGFAU09DA,花蓮縣花蓮市中美路２９３之３號,花蓮縣花蓮市民孝里5鄰中美路293之3號,121.631128,23.997782
RPPNMLMKNHKGFAU56DA,花蓮縣花蓮市國盛六街４５號四樓之二,花蓮縣花蓮市國盛里27鄰國盛六街45號,121.6086,23.994408
RPRNMLMKNHKGFAU76DA,花蓮縣花蓮市富裕一街１６９號二樓之二,花蓮縣花蓮市國裕里6鄰富裕一街169號,121.596965,23.99582
RPPOMLQKMHKGFAU96DA,花蓮縣吉安鄉慈惠四街２３６巷１０號,花蓮縣吉安鄉勝安村29鄰慈惠四街236巷10號,121.585971,23.979212
RPQNMLLLMHKGFAU56DA,花蓮縣吉安鄉明義五街３４巷７號,花蓮縣吉安鄉太昌村12鄰明義五街34巷7號,121.564131,23.994882
RPWNMLSLMHKGFAU87DA,花蓮縣花蓮市福建街１８７號,花蓮縣花蓮市主和里29鄰福建街187號,121.602447,23.970148
RPTNMLRJNHKGFAU37DA,花蓮縣花蓮市榮正街２５７號,花蓮縣花蓮市主權里6鄰榮正街257號,121.594519,23.976009
RPTNMLNKNHKGFAU07DA,花蓮縣花蓮市建昌路３８號三樓之二,找不到指定的門牌地址。,,
RPRNMLNKNHKGFAU86DA,花蓮縣吉安鄉明義五街３４巷８號,花蓮縣吉安鄉太昌村12鄰明義五街34巷8號,121.563864,23.994945
RPVNMLNKNHKGFAU27DA,花蓮縣花蓮市中華路２６４之３號,花蓮縣花蓮市主力里7鄰中華路264之3號,121.600309,23.975324
RPVNMLPJNHKGFAU37DA,花蓮縣吉安鄉南海十二街２９２巷５號,花蓮縣吉安鄉光華村10鄰南海十二街292巷5號,121.581716,23.937822
RPPNMLPKNHKGFAU86DA,花蓮縣花蓮市民光６７號,花蓮縣花蓮市民意里7鄰民光67號,121.617456,24.004553
RPXNMLPKNHKGFAU67DA,花蓮縣花蓮市富裕一街６７號二樓,花蓮縣花蓮市國裕里3鄰富裕一街67號,121.597239,23.993411
RPVNMLQKNHKGFAU57DA,花蓮縣花蓮市國民七街５１號四樓之五,花蓮縣花蓮市國盛里3鄰國民七街51號,121.60583,23.991358
RPRNMLOKMHKGFAU86DA,花蓮縣吉安鄉華城六街１９１號,花蓮縣吉安鄉光華村5鄰華城六街191號,121.572635,23.927938
RPPOMLTKNHKGFAU37DA,花蓮縣花蓮市中美五街１２２巷８號三樓,花蓮縣花蓮市民政里30鄰中美五街122巷8號,121.626677,23.994191
RPWNMLMLMHKGFAU27DA,花蓮縣花蓮市德安二街６８巷４２號五樓,花蓮縣花蓮市主權里20鄰德安二街68巷42號,121.591821,23.973642
RPXNMLTJNHKGFAU97DA,花蓮縣花蓮市華德街５之２號,花蓮縣花蓮市民心里14鄰華德街5之2號,121.621699,24.008989
RPTNMLMLNHKGFAU07DA,花蓮縣花蓮市中正路１６８巷７弄２號,花蓮縣花蓮市主安里10鄰中正路168巷7弄2號,121.598774,23.970583
RPWNMLLLNHKGFAU27DA,花蓮縣花蓮市介林五街１９９號,花蓮縣花蓮市國興里15鄰介林五街199號,121.572473,23.995208
RPPNMLQLNHKGFAU07DA,花蓮縣吉安鄉華城八街１７６號,花蓮縣吉安鄉光華村8鄰華城八街176號,121.570795,23.932898
RPPOMLRLNHKGFAU27DA,花蓮縣吉安鄉全民街３０號三樓,花蓮縣吉安鄉永興村15鄰全民街30號,121.571507,23.938829
RPRNMLLLNHKGFAU76DA,花蓮縣花蓮市富裕十街１１巷２號,花蓮縣花蓮市國裕里22鄰富裕十街11巷2號,121.59788,23.996718
RPQNMLRLNHKGFAU27DA,花蓮縣花蓮市福建街３１１號,花蓮縣花蓮市主計里13鄰福建街311號,121.605529,23.97218
RPROMLKMMHKGFAU76DA,花蓮縣花蓮市國興五街６３號六樓之七,花蓮縣花蓮市國聯里18鄰國興五街63號,121.605009,23.988572
RPPNMLRLNHKGFAU17DA,花蓮縣花蓮市林政街３１之１號三樓之五,花蓮縣花蓮市國風里11鄰林政街31之1號,121.596555,23.979215
RPUNMLRLNHKGFAU67DA,花蓮縣花蓮市中美十一街２９號,花蓮縣花蓮市民政里36鄰中美十一街29號,121.623557,23.996224
RPRNMLNJOHKGFAU86DA,花蓮縣花蓮市德安六街９２號,花蓮縣花蓮市主權里21鄰德安六街92號,121.59052,23.97257
RPPNMLTLNHKGFAU47EA,花蓮縣花蓮市富裕一街１６９號五樓之二,花蓮縣花蓮市國裕里6鄰富裕一街169號,121.596965,23.99582
RPVNMLQLNHKGFAU67DA,花蓮縣花蓮市國盛二街１１８號,花蓮縣花蓮市國盛里17鄰國盛二街118號,121.605998,23.996006
RPQNMLTLNHKGFAU47DA,花蓮縣花蓮市中福路１４８號,花蓮縣花蓮市主學里19鄰中福路148號,121.601907,23.972389
RPVNMLNJOHKGFAU27DA,花蓮縣花蓮市榮正街１２５巷１之２０號,花蓮縣花蓮市主安里18鄰榮正街125巷1之20號,121.597292,23.973538
RPVNMLMKNHKGFAU17DA,花蓮縣吉安鄉和平路一段１４２巷２弄２２號,花蓮縣吉安鄉吉昌村2鄰和平路一段142巷2弄22號,121.590435,23.982804
RPOOMLMJOHKGFAU56DA,花蓮縣花蓮市國富二街９５號二樓之三,花蓮縣花蓮市國富里13鄰國富二街95號,121.59508,23.989426
RPPOMLNJOHKGFAU76DA,花蓮縣吉安鄉南埔八街１１３號,花蓮縣吉安鄉仁里村13鄰南埔八街113號,121.5902,23.968271
RPPOMLOJOHKGFAU86DA,花蓮縣花蓮市林園二街２３號,花蓮縣花蓮市民孝里17鄰林園二街23號,121.631125,24.003257
RPPNMLQJOHKGFAU96DA,花蓮縣吉安鄉明仁一街１２９巷４３號,花蓮縣吉安鄉永安村13鄰明仁一街129巷43號,121.57605,23.990469
RPRNMLQJOHKGFAU17DA,花蓮縣花蓮市民權路１２６號,花蓮縣花蓮市民運里44鄰民權路126號,121.630945,23.993569
RPWNMLQJOHKGFAU67DA,花蓮縣花蓮市重慶路２５０巷３號,花蓮縣花蓮市主和里40鄰重慶路250巷3號,121.60397,23.969031
RPSNMLRJLHKGFAU07DA,花蓮縣花蓮市化道路８９巷１２號八樓之一,花蓮縣花蓮市民意里48鄰化道路89巷12號,121.621071,24.000786
RPPNMLMKLHKGFAU98DA,花蓮縣花蓮市國盛一街１９６之４號三樓,花蓮縣花蓮市國盛里11鄰國盛一街196之5號,121.605633,23.993818
RPTOMLRKLHKGFAU37DA,花蓮縣花蓮市國富十三街９號四樓之一,花蓮縣花蓮市國富里9鄰國富十三街9號,121.597128,23.990897
RPPOMLKLLHKGFAU98DA,花蓮縣吉安鄉南埔十二街２之３號五樓之一,花蓮縣吉安鄉仁里村41鄰南埔十二街2號之3,121.591362,23.970713
RPOOMLRKLHKGFAU86DA,花蓮縣花蓮市豐村３５之５號,花蓮縣花蓮市國強里3鄰豐村35之5號,121.601378,24.000816
RPSNMLOLLHKGFAU96DA,花蓮縣花蓮市南京街２０３號九樓之十五,花蓮縣花蓮市主信里5鄰南京街203號,121.606539,23.974793
RPSOMLOLLHKGFAU07DA,花蓮縣吉安鄉慈惠二街７２巷８號三樓之一,花蓮縣吉安鄉勝安村21鄰慈惠二街72巷8號,121.586493,23.976635
RPSPMLKLLHKGFAU76DA,花蓮縣花蓮市國民七街５１號四樓之六,花蓮縣花蓮市國盛里3鄰國民七街51號,121.60583,23.991358
RPPOMLOLLHKGFAU76DA,花蓮縣花蓮市華廈街７５號三樓之二,花蓮縣花蓮市民享里9鄰華廈街75號,121.621697,24.00588
RPXNMLPLLHKGFAU57DA,花蓮縣花蓮市國民七街５１號九樓之十二,花蓮縣花蓮市國盛里3鄰國民七街51號,121.60583,23.991358
RPPOMLRLLHKGFAU07DA,花蓮縣花蓮市光復街１３６號地下室２號,花蓮縣花蓮市國威里18鄰光復街136號,121.604674,23.980664
RPRNMLRKLHKGFAU07DA,花蓮縣花蓮市菁華街４巷１之６號,花蓮縣花蓮市民權里1鄰菁華街4巷1之6號,121.616592,23.979734
RPPNMLRLLHKGFAU96DA,花蓮縣花蓮市中興路４３巷２號六樓之一,花蓮縣花蓮市民立里9鄰中興路43巷2號,121.630359,23.991963
RPXNMLSLLHKGFAU87DA,花蓮縣花蓮市府前路１２６號四樓之二,花蓮縣花蓮市民勤里20鄰府前路126號,121.621686,23.989754
RPUNMLKLLHKGFAU76DA,花蓮縣吉安鄉中華路二段７８號,花蓮縣吉安鄉宜昌村2鄰中華路二段78號,121.586389,23.974107
RPWNMLSLLHKGFAU77DA,花蓮縣花蓮市府前路１２６號四樓之一,花蓮縣花蓮市民勤里20鄰府前路126號,121.621686,23.989754
RPRNMLLJMHKGFAU09DA,花蓮縣花蓮市化道路８９巷１２號十樓之一,花蓮縣花蓮市民意里48鄰化道路89巷12號,121.621071,24.000786
RPWNMLLJMHKGFAU96DA,花蓮縣花蓮市國民八街６３號五樓之七,花蓮縣花蓮市國盛里11鄰國民八街63號,121.60578,23.993442
RPXNMLRJMHKGFAU67DA,花蓮縣花蓮市林森路３２巷３號六樓之一,花蓮縣花蓮市主力里24鄰林森路32巷3號,121.597329,23.975408
RPQNMLSJMHKGFAU07DA,花蓮縣花蓮市中山路４５５巷２０號,花蓮縣花蓮市國華里6鄰中山路455巷20號,121.603924,23.982818
RPROMLRLLHKGFAU27DA,花蓮縣花蓮市民族路１號八樓之三,花蓮縣花蓮市民運里4鄰民族路1號,121.631201,23.995093
RPQNMLQJMHKGFAU86DA,花蓮縣花蓮市中山路７２４巷１９號,花蓮縣花蓮市國裕里5鄰中山路724巷19號,121.595713,23.995854
RPSNMLRJMHKGFAU17DA,花蓮縣花蓮市國盛二街２１３號五樓之一,花蓮縣花蓮市國盛里11鄰國盛二街213號,121.606033,23.99434
RPWNMLRJMHKGFAU57DA,花蓮縣吉安鄉舊村四街５號,花蓮縣吉安鄉吉安村13鄰舊村四街5號,121.565288,23.968131
RPPNMLQJMHKGFAU76DA,花蓮縣花蓮市中山路７２４巷１９號,花蓮縣花蓮市國裕里5鄰中山路724巷19號,121.595713,23.995854
RPRNMLSJMHKGFAU17DA,花蓮縣吉安鄉東里一街１６０號二樓之五,花蓮縣吉安鄉仁里村4鄰東里一街160號,121.591888,23.965319
RPVNMLTJMHKGFAU67DA,花蓮縣花蓮市國盛三街５１巷２之４號五樓,花蓮縣花蓮市國盛里18鄰國盛三街51巷2之4號,121.606517,23.995047
RPPOMLNKLHKGFAU56DA,花蓮縣花蓮市林森路２０１巷１０號,花蓮縣花蓮市國風里16鄰林森路201巷10號,121.600337,23.978667
RPRNMLTJMHKGFAU27DA,花蓮縣吉安鄉慶豐九街２８３號二樓之一,花蓮縣吉安鄉慶豐村23鄰慶豐九街283號,121.568569,23.979372
RPRNMLKKMHKGFAU09DA,花蓮縣花蓮市東興一街１３３巷３０號,花蓮縣花蓮市民孝里23鄰東興一街133巷30號,121.63075,24.004111
RPPOMLLKMHKGFAU09DA,花蓮縣花蓮市國民七街５１號九樓之五,花蓮縣花蓮市國盛里3鄰國民七街51號,121.60583,23.991358
RPSNMLLKMHKGFAU66DA,花蓮縣吉安鄉中華路二段２９２號,花蓮縣吉安鄉宜昌村32鄰中華路二段292號,121.580372,23.973548
RPXNMLLKMHKGFAU17DA,花蓮縣花蓮市富裕七街１６號六樓之八,花蓮縣花蓮市國裕里15鄰富裕七街16號,121.598946,23.995183
RPOOMLOKMHKGFAU66DA,花蓮縣花蓮市中和街２１４巷１７號三樓之八,花蓮縣花蓮市主力里20鄰中和街214巷17號,121.599197,23.974481
RPWNMLLKMHKGFAU07DA,花蓮縣花蓮市國民一街１０之１號,花蓮縣花蓮市國聯里3鄰國民一街10之1號,121.600785,23.988699
RPQNMLOKMHKGFAU76DA,花蓮縣吉安鄉華城八街１７６號,花蓮縣吉安鄉光華村8鄰華城八街176號,121.570795,23.932898
RPXNMLOKMHKGFAU47DA,花蓮縣花蓮市國民七街５３號三樓之二十六,花蓮縣花蓮市國盛里4鄰國民七街53號,121.605877,23.991365
RPXOMLOKMHKGFAU57DA,花蓮縣花蓮市華德街５７巷８號,花蓮縣花蓮市民心里14鄰華德街57巷8號,121.619508,24.010636
RPUNMLOKMHKGFAU17DA,花蓮縣花蓮市中美十二街８２巷８號,花蓮縣花蓮市民政里6鄰中美十二街82巷8號,121.624762,23.99802
RPRNMLPKMHKGFAU96DA,花蓮縣花蓮市中美三街２１巷２號五樓,花蓮縣花蓮市民勤里31鄰中美三街21巷2號,121.624557,23.991221
RPTNMLPKMHKGFAU17DA,花蓮縣花蓮市中正路３１５巷１４號,花蓮縣花蓮市主學里15鄰中正路315巷14號,121.601153,23.973972
RPPOMLPKMHKGFAU86DA,花蓮縣花蓮市睦和街４３號,花蓮縣花蓮市主權里26鄰睦和街43號,121.591432,23.975512
RPQOMLPKMHKGFAU96DA,花蓮縣花蓮市國盛八街１０９號五樓之五,花蓮縣花蓮市國盛里17鄰國盛八街109號,121.606264,23.996234
RPTOMLPKMHKGFAU27DA,花蓮縣花蓮市國盛二街１１８號五樓之八,花蓮縣花蓮市國盛里17鄰國盛二街118號,121.605998,23.996006
RPXNMLQKMHKGFAU67DA,花蓮縣花蓮市國盛五街５２號三樓之一,花蓮縣花蓮市國盛里27鄰國盛五街52號,121.608318,23.994382
RPRNMLRLLHKGFAU17DA,花蓮縣花蓮市中山路７４號,花蓮縣花蓮市民族里6鄰中山路74號,121.611255,23.97482
RPVNMLOKMHKGFAU27DA,花蓮縣花蓮市國富二街９５號三樓之三,花蓮縣花蓮市國富里13鄰國富二街95號,121.59508,23.989426
RPQOMLQKMHKGFAU07DA,花蓮縣花蓮市國富十三街１１０號,花蓮縣花蓮市國富里14鄰國富十三街110號,121.594604,23.98937
RPXNMLRKMHKGFAU77DA,花蓮縣吉安鄉建國路一段１２１巷３９號六樓之一,花蓮縣吉安鄉吉昌村9鄰建國路一段121巷39號,121.591945,23.984327
RPOOMLRKMHKGFAU96DA,花蓮縣吉安鄉中山路三段２６號,花蓮縣吉安鄉吉安村3鄰中山路三段26號,121.578236,23.973949
RPQNMLSKMHKGFAU17DA,花蓮縣花蓮市德安二街６８巷２８號二樓,花蓮縣花蓮市主權里20鄰德安二街68巷28號,121.592059,23.973801
RPVNMLLKMHKGFAU96DA,花蓮縣花蓮市中美一街３號六樓之二,花蓮縣花蓮市民立里8鄰中美一街3號,121.628505,23.992412
RPWNMLQKMHKGFAU57DA,花蓮縣吉安鄉東里九街２３號三樓之二,花蓮縣吉安鄉東昌村7鄰東里九街23號,121.595573,23.965395
RPPNMLRKMHKGFAU96DA,花蓮縣花蓮市中山路４５５巷２２號三樓之一,花蓮縣花蓮市國華里9鄰中山路455巷22號,121.603808,23.982713
RPPNMLKLMHKGFAU98DA,花蓮縣花蓮市建華路９１之７號,花蓮縣花蓮市國興里4鄰建華路91之7號,121.578622,23.995099
RPVNMLLLMHKGFAU07DA,花蓮縣花蓮市國盛一街１６８號六樓之一,花蓮縣花蓮市國盛里12鄰國盛一街168號,121.605838,23.992956
RPXNMLLLMHKGFAU27DA,花蓮縣花蓮市福德三街２１號,花蓮縣花蓮市主和里19鄰福德三街21號,121.603958,23.970701
RPVOMLLLMHKGFAU17DA,花蓮縣吉安鄉慶豐九街１００號,花蓮縣吉安鄉慶豐村53鄰慶豐九街100號,121.569254,23.980103
RPQNMLOKMHKGFAU86EA,花蓮縣花蓮市建昌路４０號,找不到指定的門牌地址。,,
RPPOMLRKMHKGFAU07DA,花蓮縣花蓮市榮正街７８巷１之３號四樓,花蓮縣花蓮市主力里21鄰榮正街78巷1之3號,121.59787,23.973597
RPPNMLMLMHKGFAU56DA,花蓮縣花蓮市南京街２０３號十二樓之五,花蓮縣花蓮市主信里5鄰南京街203號,121.606539,23.974793
RPVNMLMLMHKGFAU17DA,花蓮縣吉安鄉南海二街２２５號,花蓮縣吉安鄉仁和村37鄰南海二街225號,121.591944,23.956226
RPPNMLNLMHKGFAU66DA,花蓮縣吉安鄉昌隆二街１３９號,花蓮縣吉安鄉南昌村5鄰昌隆二街139號,121.579719,23.971343
RPQNMLNLMHKGFAU76DA,花蓮縣吉安鄉慶南一街１６３巷１號,花蓮縣吉安鄉慶豐村19鄰慶南一街163巷1號,121.568969,23.977924
RPQNMLLMLHKGFAU56DA,花蓮縣吉安鄉建國路一段１２１巷３９號二樓之一,花蓮縣吉安鄉吉昌村9鄰建國路一段121巷39號,121.591945,23.984327
RPRNMLNLMHKGFAU86DA,花蓮縣花蓮市府前路３５８巷１弄１１號,花蓮縣花蓮市民意里1鄰府前路358巷1弄11號,121.62144,23.997795
RPSNMLNLMHKGFAU96DA,花蓮縣花蓮市林森路１９６號五樓之二,花蓮縣花蓮市國威里34鄰林森路196號,121.603731,23.980146
RPRNMLOLMHKGFAU96DA,花蓮縣花蓮市國盛一街７６號二樓之一,花蓮縣花蓮市國盛里14鄰國盛一街76號,121.606299,23.99106
RPPNMLSLMHKGFAU17DA,花蓮縣吉安鄉中正路二段１８６巷２９號,花蓮縣吉安鄉仁和村36鄰中正路二段186巷29號,121.585147,23.959166
RPRQMLTLMHKGFAU77DA,花蓮縣吉安鄉文化四街２４號,花蓮縣吉安鄉南昌村13鄰文化四街24號,121.580606,23.968388
RPXQMLTLMHKGFAU38DA,花蓮縣花蓮市國富十七街５０之１號,花蓮縣花蓮市國富里22鄰國富十七街50之1號,121.593514,23.990704
RPQOMLKMMHKGFAU66DA,花蓮縣花蓮市國富十街１９１號四樓之二,花蓮縣花蓮市國富里30鄰國富十街191號,121.594853,23.993373
RPSRMLTLMHKGFAU97DA,花蓮縣吉安鄉仁里十二街３５巷２號,花蓮縣吉安鄉仁里村36鄰仁里十二街35巷2號,121.588606,23.96852
RPRNMLLKMHKGFAU56DA,花蓮縣吉安鄉華工六路６０巷４３號三樓之二,花蓮縣吉安鄉光華村16鄰華工六路60巷43號,121.592618,23.938119
RPRNMLSLLHKGFAU27DA,花蓮縣花蓮市中美十三街５６號六樓之五,花蓮縣花蓮市民政里35鄰中美十三街56號,121.623858,23.99822
RPTOMLLLMHKGFAU96DA,花蓮縣花蓮市華興街２之５號,花蓮縣花蓮市民享里20鄰華興街2之5號,121.621261,24.002085
RPOOMLLJMHKGFAU88DA,花蓮縣花蓮市民德一街１９１號,花蓮縣花蓮市民立里1鄰民德一街191號,121.626182,23.990763
RPQOMLLJMHKGFAU09DA,花蓮縣花蓮市富國路１０號,花蓮縣花蓮市國富里44鄰富國路10之2號,121.596723,23.991584
RPUNMLMJNHKGFAU96DA,花蓮縣花蓮市自由街１５０號七樓之三,花蓮縣花蓮市國威里35鄰自由街150號,121.603611,23.97961
RPTNMLKMMHKGFAU86DA,花蓮縣花蓮市林森路２４９巷６之１號,花蓮縣花蓮市國風里20鄰林森路249巷6之1號,121.601487,23.979192
RPSNMLRJNHKGFAU27DA,花蓮縣花蓮市中央路三段７３０號七樓之二十五,花蓮縣花蓮市國富里35鄰中央路三段730號,121.590858,23.991491
RPTOMLOKMHKGFAU17DA,花蓮縣吉安鄉南海一街１２３巷３２號,花蓮縣吉安鄉仁安村2鄰南海一街123巷32號,121.595142,23.956249
RPVNMLRJNHKGFAU57DA,花蓮縣花蓮市國盛一街１９０號三樓２號３號,花蓮縣花蓮市國盛里11鄰國盛一街190號,121.60567,23.993649
RPQNMLSJNHKGFAU17DA,花蓮縣吉安鄉吉祥十二街３５號二樓之三,花蓮縣吉安鄉宜昌村28鄰吉祥十二街35號,121.581568,23.976054
RPXNMLSJNHKGFAU87DA,花蓮縣花蓮市介林五街１１５號,花蓮縣花蓮市國興里8鄰介林五街115號,121.57507,23.994413
RPOOMLMJNHKGFAU09DA,花蓮縣花蓮市化道路５７號二樓之一,花蓮縣花蓮市民政里24鄰化道路57號,121.623437,23.999337
RPQNMLPKNHKGFAU96DA,花蓮縣吉安鄉明義三街２１０巷１８號,花蓮縣吉安鄉太昌村3鄰明義三街210巷18號,121.564707,23.987406
RPVNMLPKNHKGFAU47DA,花蓮縣花蓮市中美路１３１號,花蓮縣花蓮市民政里1鄰中美路131號,121.627455,23.993552
RPTQMLTLMHKGFAU97DA,花蓮縣花蓮市國富二街９５號三樓之五,花蓮縣花蓮市國富里13鄰國富二街95號,121.59508,23.989426
RPWNMLMKNHKGFAU27DA,花蓮縣吉安鄉福昌三街２６８號,花蓮縣吉安鄉福興村11鄰福昌三街268號,121.555632,23.966795
RPQNMLQKNHKGFAU07DA,花蓮縣吉安鄉東海十四街２７號四樓之一,花蓮縣吉安鄉東昌村32鄰東海十四街27號,121.591604,23.963294
RPSNMLQKNHKGFAU27DA,花蓮縣吉安鄉南海六街２０３巷４號,花蓮縣吉安鄉仁和村20鄰南海六街203巷4號,121.588824,23.94915
RPRNMLTKNHKGFAU47DA,花蓮縣花蓮市國富十三街９號五樓之二,花蓮縣花蓮市國富里9鄰國富十三街9號,121.597128,23.990897
RPVNMLTKNHKGFAU87DA,花蓮縣吉安鄉吉豐路一段１８號,花蓮縣吉安鄉仁里村20鄰吉豐路一段18號,121.587734,23.964455
RPWNMLTKNHKGFAU97DA,花蓮縣花蓮市中美路２９９之１５號六樓,花蓮縣花蓮市民孝里6鄰中美路299之15號,121.631601,23.998707
RPXNMLNKNHKGFAU47DA,花蓮縣花蓮市和平路５４５巷８號,花蓮縣花蓮市國風里5鄰和平路545巷8號,121.600373,23.977467
RPUNMLQKNHKGFAU47DA,花蓮縣吉安鄉太昌路１３０巷１５號,花蓮縣吉安鄉永安村22鄰太昌路130巷15號,121.57467,23.988258
RPQNMLTKNHKGFAU37DA,花蓮縣花蓮市華德街１１巷８號,花蓮縣花蓮市民心里14鄰華德街11巷8號,121.62135,24.009083
RPTNMLTKNHKGFAU67DA,花蓮縣吉安鄉建國路二段２２１巷２３號,花蓮縣吉安鄉永安村5鄰建國路二段221巷23號,121.576359,23.99172
RPTNMLQKNHKGFAU37DA,花蓮縣吉安鄉海濱８３號,花蓮縣吉安鄉仁安村20鄰海濱83號,121.598986,23.948419
RPTNMLLLNHKGFAU96DA,花蓮縣花蓮市介林五街２４１號,花蓮縣花蓮市國興里20鄰介林五街241號,121.571333,23.99557
RPPNMLNLNHKGFAU76DA,花蓮縣花蓮市重慶路２０５巷３號,花蓮縣花蓮市主和里37鄰重慶路205巷3號,121.603733,23.969341
RPSNMLQLNHKGFAU37DA,花蓮縣花蓮市國富十二街９巷１號,花蓮縣花蓮市國富里8鄰國富十二街9巷1號,121.597703,23.990344
RPSNMLSLNHKGFAU57DA,花蓮縣花蓮市國富一街２０之１號,花蓮縣花蓮市國富里3鄰國富一街20之1號,121.597334,23.987915
RPQNMLSLNHKGFAU37DA,花蓮縣花蓮市文光街７２號,花蓮縣花蓮市主和里45鄰文光街72號,121.604146,23.967752
RPXNMLSLNHKGFAU08DA,花蓮縣花蓮市文光街７６號,花蓮縣花蓮市主和里45鄰文光街76號,121.604102,23.967689
RPQOMLOJOHKGFAU96DA,花蓮縣吉安鄉北安街９８巷５１號,花蓮縣吉安鄉永安村24鄰北安街98巷51號,121.580173,23.985484
RPPNMLPJOHKGFAU86DA,花蓮縣花蓮市民權六街２８之１號,花蓮縣花蓮市民立里10鄰民權六街28之1號,121.622573,23.986664
RPUNMLPJLHKGFAU07DA,花蓮縣花蓮市國富二街９５號三樓之一,花蓮縣花蓮市國富里13鄰國富二街95號,121.59508,23.989426
RPTNMLLKLHKGFAU66DA,花蓮縣花蓮市東興路２９７號五樓之一,花蓮縣花蓮市民孝里10鄰東興路297號,121.632397,24.001301
RPPOMLLKLHKGFAU98DA,花蓮縣花蓮市國民七街５３號七樓之五,花蓮縣花蓮市國盛里4鄰國民七街53號,121.605877,23.991365
RPPOMLRLKHKGFAU96DA,花蓮縣花蓮市國盛五街６８號二樓之一,花蓮縣花蓮市國盛里27鄰國盛五街68號,121.608255,23.994675
RPVOMLLKLHKGFAU96DA,花蓮縣吉安鄉勝安二街３０巷９弄６０號,花蓮縣吉安鄉勝安村3鄰勝安二街30巷9弄60號,121.589105,23.975531
RPOOMLNKLHKGFAU09DA,花蓮縣花蓮市莊敬路２８９號五樓之四,找不到指定的門牌地址。,,
RPQOMLNKLHKGFAU66DA,花蓮縣花蓮市中央路三段７３０號八樓之八,花蓮縣花蓮市國富里35鄰中央路三段730號,121.590858,23.991491
RPTNMLTKKHKGFAU37DA,花蓮縣吉安鄉太昌路４６３巷２９號,花蓮縣吉安鄉太昌村9鄰太昌路463巷29號,121.564813,23.992007
RPTOMLKKLHKGFAU66DA,花蓮縣花蓮市福建街１３６號,花蓮縣花蓮市主安里3鄰福建街136號,121.600753,23.968793
RPTNMLOJLHKGFAU86DA,花蓮縣花蓮市中和街１６３號五樓之五,花蓮縣花蓮市主力里5鄰中和街163號,121.598698,23.9734
RPSOMLKKLHKGFAU56DA,花蓮縣吉安鄉慈惠三街８３號,花蓮縣吉安鄉勝安村20鄰慈惠三街83號,121.587683,23.976683
RPQNMLOKLHKGFAU66DA,花蓮縣花蓮市國聯二路２１之９號,花蓮縣花蓮市國聯里26鄰國聯二路21之9號,121.604456,23.990943
RPUNMLRKLHKGFAU37DA,花蓮縣吉安鄉吉祥一街３５號十三樓之一,花蓮縣吉安鄉宜昌村10鄰吉祥一街35號,121.585674,23.975275
RPSOMLRKLHKGFAU27DA,花蓮縣吉安鄉建國路二段２２１巷１９號,花蓮縣吉安鄉永安村5鄰建國路二段221巷19號,121.576402,23.991789
RPWNMLMKLHKGFAU07DA,花蓮縣花蓮市富裕一街１３２號五樓之六,花蓮縣花蓮市國裕里7鄰富裕一街132號,121.596699,23.99482
RPWNMLRKLHKGFAU57DA,花蓮縣花蓮市國盛四街５３號五樓之三,花蓮縣花蓮市國盛里22鄰國盛四街53號,121.607349,23.995044
RPPNMLSKLHKGFAU96DA,花蓮縣花蓮市國富二街９５號四樓之二,花蓮縣花蓮市國富里13鄰國富二街95號,121.59508,23.989426
RPQOMLSKLHKGFAU17DA,花蓮縣花蓮市建國路一段６２巷２３號,花蓮縣花蓮市國安里7鄰建國路62號,121.604906,23.983212
RPUNMLTKLHKGFAU57DA,花蓮縣花蓮市國富十七街１０號三樓之二,花蓮縣花蓮市國富里22鄰國富十七街10號,121.59386,23.990258
RPQNMLQJLHKGFAU76DA,花蓮縣花蓮市國富十街１９１號七樓之六,花蓮縣花蓮市國富里30鄰國富十街191號,121.594853,23.993373
RPPNMLKLLHKGFAU88DA,花蓮縣花蓮市莊敬路２８９號四樓之二,找不到指定的門牌地址。,,
RPOOMLKLLHKGFAU88DA,花蓮縣花蓮市中興路４３巷１號七樓之三,花蓮縣花蓮市民立里9鄰中興路43巷1號,121.630489,23.992034
RPPNMLQJLHKGFAU66DA,花蓮縣吉安鄉仁里三街２５號,花蓮縣吉安鄉仁里村8鄰仁里三街25號,121.59226,23.969297
RPSNMLRKLHKGFAU17DA,花蓮縣花蓮市菁華街４巷１弄２號一樓之二,花蓮縣花蓮市民權里1鄰菁華街4巷1弄2號,121.616598,23.979831
RPQNMLLLLHKGFAU09DA,花蓮縣花蓮市榮正街１２５巷１之２號,花蓮縣花蓮市主安里18鄰榮正街125巷1之2號,121.597292,23.973538
RPSNMLLLLHKGFAU66DA,花蓮縣花蓮市豐村７之３號五樓之一,花蓮縣花蓮市國強里2鄰豐村7之3號,121.604164,24.001619
RPUNMLOLLHKGFAU17DA,花蓮縣花蓮市榮正街５３號,花蓮縣花蓮市主安里17鄰榮正街53號,121.598275,23.972852
RPWNMLOLLHKGFAU37DA,花蓮縣花蓮市富陽路５２號四樓之二,花蓮縣花蓮市國裕里21鄰富陽路52號,121.598511,23.996044
RPXNMLOLLHKGFAU47DA,花蓮縣吉安鄉吉興一街３４４巷５號四樓之二,花蓮縣吉安鄉吉安村6鄰吉興一街344巷5號,121.577081,23.973033
RPQOMLOLLHKGFAU86DA,花蓮縣吉安鄉廣豐一街９１號,花蓮縣吉安鄉稻香村22鄰廣豐一街91號,121.580385,23.961473
RPRNMLQLLHKGFAU07DA,花蓮縣花蓮市中原路３８８號,花蓮縣花蓮市主安里7鄰中原路388號,121.59923,23.969477
RPSNMLRLLHKGFAU27DA,花蓮縣花蓮市中原路６０１號,花蓮縣花蓮市主權里25鄰中原路601號,121.594712,23.974048
RPUOMLOJLHKGFAU07DA,花蓮縣吉安鄉明仁二街１７４巷２５號,花蓮縣吉安鄉永安村13鄰明仁二街174巷25號,121.575839,23.990046
RPTOMLSKLHKGFAU47DA,花蓮縣吉安鄉中正路一段４號,花蓮縣吉安鄉仁里村5鄰中正路一段4號,121.59399,23.968634
RPPOMLSLLHKGFAU17DA,花蓮縣花蓮市民德四街２之１２號九樓,花蓮縣花蓮市民德里2鄰民德四街2之12號,121.62029,23.9825
RPOOMLSLLHKGFAU07DA,花蓮縣花蓮市民享三街４６號六樓之三,花蓮縣花蓮市民運里26鄰民享三街46號,121.631986,23.993853
RPSNMLLMLHKGFAU76DA,花蓮縣吉安鄉勝安三街７巷２號,花蓮縣吉安鄉勝安村26鄰勝安三街7巷2號,121.583701,23.97777
RPQNMLLJMHKGFAU98DA,花蓮縣花蓮市中和街９４號,花蓮縣花蓮市主和里27鄰中和街94號,121.601446,23.970998
RPVNMLLJMHKGFAU86DA,花蓮縣吉安鄉南華五街１８巷３號,花蓮縣吉安鄉南華村14鄰南華五街18巷3號,121.549021,23.954528
RPUOMLQLKHKGFAU37DA,花蓮縣花蓮市東興二街１２巷３７號,花蓮縣花蓮市民孝里8鄰東興二街12巷37號,121.631454,23.999288
RPTNMLSLLHKGFAU47DA,花蓮縣花蓮市南京街６１號,花蓮縣花蓮市主學里1鄰南京街61號,121.602875,23.972422
RPSNMLMJMHKGFAU66DA,花蓮縣花蓮市建安街２６巷７號,花蓮縣花蓮市國興里3鄰建安街26巷7號,121.576865,23.993224
RPXNMLMJMHKGFAU17DA,花蓮縣吉安鄉東海十四街２７號六樓之三,花蓮縣吉安鄉東昌村32鄰東海十四街27號,121.591604,23.963294
RPQNMLOLLHKGFAU76DA,花蓮縣花蓮市福光街３４７巷５３號,花蓮縣花蓮市國福里1鄰福光街347巷53號,121.586153,24.013065
RPPOMLSJMHKGFAU07DA,花蓮縣花蓮市民德一街２０１之２號,花蓮縣花蓮市民立里1鄰民德一街201之2號,121.626358,23.990995
RPWNMLTJMHKGFAU77DA,花蓮縣花蓮市化道路１３１巷１６號,花蓮縣花蓮市民意里48鄰化道路131巷16號,121.620566,24.001003
RPTNMLKKMHKGFAU66DA,花蓮縣吉安鄉慶豐十二街１６６巷２２號,花蓮縣吉安鄉慶豐村40鄰慶豐十二街166巷22號,121.564957,23.982479
RPPNMLLKMHKGFAU98DA,花蓮縣花蓮市精美路３７號,花蓮縣花蓮市民心里7鄰精美路37號,121.625263,24.017987
RPTNMLLKMHKGFAU76DA,花蓮縣花蓮市東興一街７９巷２２號五樓之一,花蓮縣花蓮市民孝里15鄰東興一街79巷22號,121.630345,24.002787
RPSNMLOKMHKGFAU96DA,花蓮縣吉安鄉吉祥一街３５號七樓之四,花蓮縣吉安鄉宜昌村10鄰吉祥一街35號,121.585674,23.975275
RPUNMLRJMHKGFAU37DA,花蓮縣吉安鄉南埔十二街２號之３五樓之二,花蓮縣吉安鄉仁里村41鄰南埔十二街2號之3,121.591362,23.970713
RPVNMLRJMHKGFAU47DA,花蓮縣吉安鄉仁里九街６號,花蓮縣吉安鄉仁里村18鄰仁里九街6號,121.589727,23.966659
RPPPMLOKMHKGFAU86DA,花蓮縣花蓮市精美路３７號,花蓮縣花蓮市民心里7鄰精美路37號,121.625263,24.017987
RPUNMLPKMHKGFAU27DA,花蓮縣花蓮市中美十三街４２號八樓之一,花蓮縣花蓮市民政里26鄰中美十三街42號,121.623199,23.997233
RPROMLPKMHKGFAU07DA,花蓮縣吉安鄉慶南一街２２７號,花蓮縣吉安鄉慶豐村28鄰慶南一街227號,121.565821,23.979661
RPVNMLKLLHKGFAU86DA,花蓮縣吉安鄉中興路２１４巷１９號,花蓮縣吉安鄉吉安村14鄰中興路214巷19號,121.568628,23.972774
RPPNMLOKMHKGFAU66DA,花蓮縣花蓮市林森路２５７巷２８號,花蓮縣花蓮市國風里21鄰林森路257巷28號,121.600607,23.979934
RPQNMLRKMHKGFAU07DA,花蓮縣花蓮市文光街６４號,花蓮縣花蓮市主和里45鄰文光街64號,121.604218,23.967872
RPPNMLSKMHKGFAU07DA,花蓮縣花蓮市中美路１１１號九樓之一,花蓮縣花蓮市民政里31鄰中美路111號,121.626374,23.992393
RPPOMLLLMHKGFAU56DA,花蓮縣花蓮市林榮街１８號,花蓮縣花蓮市國風里13鄰林榮街18號,121.598676,23.977755
RPRNMLKLLHKGFAU09DA,花蓮縣花蓮市中興路４３巷３號十一樓之一,花蓮縣花蓮市民立里9鄰中興路43巷3號,121.630139,23.991703
RPTNMLOLLHKGFAU07DA,花蓮縣花蓮市中央路四段４５０號五樓之一,花蓮縣花蓮市國強里6鄰中央路四段450號,121.600269,24.002323
RPUOMLPKMHKGFAU37DA,花蓮縣花蓮市介林二街２９號,花蓮縣花蓮市國興里19鄰介林二街29號,121.571285,23.994454
RPQNMLSLMHKGFAU27DA,花蓮縣吉安鄉文化十二街２之４號,花蓮縣吉安鄉南昌村8鄰文化十二街2號之4,121.578434,23.970147
RPPRMLTLMHKGFAU67DA,花蓮縣花蓮市民享二街１４號,花蓮縣花蓮市民運里23鄰民享二街14號,121.632784,23.99351
RPWNMLKMMHKGFAU17DA,花蓮縣花蓮市國民七街５１號十樓之三,花蓮縣花蓮市國盛里3鄰國民七街51號,121.60583,23.991358
RPRNMLPLMHKGFAU07DA,花蓮縣花蓮市中山路一段２０３巷７０之３號,花蓮縣花蓮市國慶里5鄰中山路一段203巷70之3號,121.587261,24.003073
RPVNMLRJLHKGFAU37DA,花蓮縣吉安鄉南埔八街５２號之１三樓之三,花蓮縣吉安鄉仁里村26鄰南埔八街52號之1,121.590932,23.969339
RPRNMLQJNHKGFAU07DA,花蓮縣花蓮市中山路３２６號,花蓮縣花蓮市國安里1鄰中山路326號,121.605813,23.981831
RPUNMLRJNHKGFAU47DA,花蓮縣吉安鄉東里七街４７巷６號,花蓮縣吉安鄉東昌村31鄰東里七街47巷6號,121.592907,23.963201
RPVNMLSJNHKGFAU67DA,花蓮縣吉安鄉東里十四街１９號,花蓮縣吉安鄉東昌村16鄰東里十四街19號,121.59763,23.963027
RPRNMLTJNHKGFAU37DA,花蓮縣吉安鄉東里十五街４１之１號,花蓮縣吉安鄉東昌村15鄰東里十五街41之1號,121.598586,23.963374
RPSQMLTLMHKGFAU87DA,花蓮縣花蓮市國富二街９５號四樓之一,花蓮縣花蓮市國富里13鄰國富二街95號,121.59508,23.989426
RPVQMLTLMHKGFAU18DA,花蓮縣花蓮市國富二街９５號三樓之二,花蓮縣花蓮市國富里13鄰國富二街95號,121.59508,23.989426
RPPOMLQKNHKGFAU07DA,花蓮縣花蓮市福建街４０６號六樓之七,花蓮縣花蓮市主計里1鄰福建街406號,121.607769,23.973483
RPPNMLQKNHKGFAU96DA,花蓮縣吉安鄉南山二街５２巷１４之２號,花蓮縣吉安鄉宜昌村2鄰南山二街52巷14號之2,121.58668,23.974325
RPQNMLLLNHKGFAU66DA,花蓮縣吉安鄉中正路二段２４２之８號,花蓮縣吉安鄉仁和村36鄰中正路二段242之8號,121.58463,23.957215
RPQNMLMJOHKGFAU66DA,花蓮縣花蓮市中福路７９號,花蓮縣花蓮市主和里26鄰中福路79號,121.602701,23.971028
RPROMLNJOHKGFAU96DA,花蓮縣吉安鄉勝安三街４３號,花蓮縣吉安鄉勝安村27鄰勝安三街43號,121.584259,23.978414
RPXOMLQJLHKGFAU57DA,花蓮縣花蓮市球崙二路２１７號四樓之二,花蓮縣花蓮市民享里15鄰球崙二路217號,121.620874,24.005275
RPUNMLRJLHKGFAU27DA,花蓮縣花蓮市中央路三段７３０號十一樓之二十一,花蓮縣花蓮市國富里35鄰中央路三段730號,121.590858,23.991491
RPPNMLTJJHKGFAU76DA,花蓮縣花蓮市中華路３４７號,花蓮縣花蓮市主權里9鄰中華路347號,121.596137,23.974665
RPRNMLTJJHKGFAU96DA,花蓮縣花蓮市中華路３４５號,花蓮縣花蓮市主權里9鄰中華路345號,121.596179,23.974675
RPWNMLOLKHKGFAU27DA,花蓮縣吉安鄉東海十四街２７號五樓之三,花蓮縣吉安鄉東昌村32鄰東海十四街27號,121.591604,23.963294
RPPOMLKKLHKGFAU88DA,花蓮縣吉安鄉明仁一街５１巷４６號,花蓮縣吉安鄉永安村16鄰明仁一街51巷46號,121.578937,23.988022
RPQOMLKKLHKGFAU98DA,花蓮縣花蓮市中原路３６８巷１７號,花蓮縣花蓮市主安里7鄰中原路368巷17號,121.599881,23.969522
RPPNMLLKLHKGFAU88DA,花蓮縣花蓮市東興二街１５１號三樓之五,花蓮縣花蓮市民孝里22鄰東興二街151號,121.630032,24.004529
RPWNMLNJLHKGFAU07DA,花蓮縣花蓮市國富二街９５號二樓之二,花蓮縣花蓮市國富里13鄰國富二街95號,121.59508,23.989426
RPPNMLKKLHKGFAU78DA,花蓮縣吉安鄉南埔八街１３５巷１２號,花蓮縣吉安鄉仁里村16鄰南埔八街135巷12號,121.590224,23.967659
RPUNMLLKLHKGFAU76DA,花蓮縣花蓮市民德四街２之２３號十一樓,花蓮縣花蓮市民德里2鄰民德四街2之23號,121.620607,23.98278
RPROMLLKLHKGFAU56DA,花蓮縣花蓮市華廈街５５號,花蓮縣花蓮市民享里9鄰華廈街55號,121.621165,24.005665
RPTOMLLKLHKGFAU76DA,花蓮縣花蓮市德安二街６８巷２０號八樓,花蓮縣花蓮市主權里20鄰德安二街68巷20號,121.592192,23.973745
RPUOMLLKLHKGFAU86DA,花蓮縣花蓮市新港街１１巷５號五樓之一,花蓮縣花蓮市國治里12鄰新港街11巷5號,121.607496,23.977765
RPXNMLRLKHKGFAU67DA,花蓮縣花蓮市中興路２３１號二樓之一,花蓮縣花蓮市民政里26鄰中興路231號,121.623333,23.997214
RPWNMLOJLHKGFAU17DA,花蓮縣吉安鄉中正路二段１８６巷１９號三樓之三,花蓮縣吉安鄉仁和村36鄰中正路二段186巷19號,121.58526,23.958917
RPSNMLMKLHKGFAU66DA,花蓮縣吉安鄉吉興三街９１之１５號,花蓮縣吉安鄉吉安村21鄰吉興三街91之15號,121.56538,23.972141
RPXNMLMKLHKGFAU17DA,花蓮縣花蓮市富裕十六街３７號三樓之五,花蓮縣花蓮市國裕里5鄰富裕十六街37號,121.596214,23.996369
RPPNMLNJLHKGFAU09EA,花蓮縣吉安鄉永興六街２３巷５號,花蓮縣吉安鄉永興村3鄰永興六街23巷5號,121.567715,23.953363
RPTNMLRKLHKGFAU27DA,花蓮縣吉安鄉永興七街７號七樓之六,花蓮縣吉安鄉永興村4鄰永興七街7號,121.566729,23.953212
RPUNMLPJKHKGFAU96DA,花蓮縣吉安鄉文化十二街１０２巷８號,花蓮縣吉安鄉南昌村10鄰文化十二街102巷8號,121.576919,23.968361
RPQOMLKLLHKGFAU09DA,花蓮縣花蓮市林森路２７３巷６７號,花蓮縣花蓮市國風里22鄰林森路273巷67號,121.600256,23.98035
RPTNMLKLLHKGFAU66DA,花蓮縣吉安鄉吉昌三街２４３巷１０號,花蓮縣吉安鄉福興村13鄰吉昌三街243巷10號,121.563325,23.968547
RPPNMLOLLHKGFAU66DA,花蓮縣花蓮市明禮路７１之７號,花蓮縣花蓮市國光里5鄰明禮路71之7號,121.60825,23.982358
RPRNMLOLLHKGFAU86DA,花蓮縣花蓮市綜合市場２８號,花蓮縣花蓮市民生里21鄰綜合市場28號,121.609455,23.977252
RPWOMLSKLHKGFAU77DA,花蓮縣花蓮市國盛四街１１６號四樓之十九,花蓮縣花蓮市國盛里24鄰國盛四街116號,121.607495,23.995089
RPTOMLOLLHKGFAU17DA,花蓮縣花蓮市富裕十七街２５號五樓之九,花蓮縣花蓮市國裕里4鄰富裕十七街25號,121.595181,23.996189
RPQNMLRLLHKGFAU07DA,花蓮縣花蓮市中正路３２１號,花蓮縣花蓮市主學里15鄰中正路321號,121.601557,23.973583
RPOOMLRLLHKGFAU96DA,花蓮縣吉安鄉慶南一街２００號,花蓮縣吉安鄉慶豐村24鄰慶南一街200號,121.567465,23.978971
RPQOMLSLLHKGFAU27DA,花蓮縣吉安鄉吉慶街２１號,花蓮縣吉安鄉慶豐村2鄰吉慶街21號,121.573583,23.975415
RPPNMLLJMHKGFAU88DA,花蓮縣花蓮市國富二街９５號二樓之五,花蓮縣花蓮市國富里13鄰國富二街95號,121.59508,23.989426
RPRNMLLMLHKGFAU66DA,花蓮縣吉安鄉昌隆一街４號,花蓮縣吉安鄉南昌村18鄰昌隆一街4號,121.584382,23.969778
RPROMLLKMHKGFAU66DA,花蓮縣吉安鄉東海十四街２７號四樓之三,花蓮縣吉安鄉東昌村32鄰東海十四街27號,121.591604,23.963294
RPSNMLRKMHKGFAU27DA,花蓮縣吉安鄉廣豐一街８１號,花蓮縣吉安鄉稻香村22鄰廣豐一街81號,121.580483,23.961483
RPTNMLMLMHKGFAU96DA,花蓮縣吉安鄉東里十五街８８巷１４號,花蓮縣吉安鄉東昌村18鄰東里十五街88巷14號,121.597256,23.96227
RPROMLNKNHKGFAU96DA,花蓮縣花蓮市中華路３１８號六樓之一,花蓮縣花蓮市主力里18鄰中華路318號,121.597494,23.975027
RPVNMLQJLHKGFAU27DA,花蓮縣吉安鄉香源路２２號,花蓮縣吉安鄉稻香村11鄰香源路20之1號,121.572895,23.962448
RPTNMLRJLHKGFAU17DA,花蓮縣花蓮市上海街８１號七樓之三,花蓮縣花蓮市主學里6鄰上海街81號,121.602513,23.973182
RPWNMLQJLHKGFAU37DA,花蓮縣吉安鄉香源路２２號,花蓮縣吉安鄉稻香村11鄰香源路20之1號,121.572895,23.962448
RPVNMLPJLHKGFAU17DA,花蓮縣花蓮市國富二街９５號四樓之三,花蓮縣花蓮市國富里13鄰國富二街95號,121.59508,23.989426
RPPNMLOKLHKGFAU56DA,花蓮縣吉安鄉慶豐十一街２９８號二樓之一,花蓮縣吉安鄉慶豐村32鄰慶豐十一街298號,121.567196,23.984145
RPOOMLPJKHKGFAU09DA,花蓮縣吉安鄉華城六街１５６號,花蓮縣吉安鄉光華村6鄰華城六街156號,121.57398,23.92799
RPTNMLOKLHKGFAU96DA,花蓮縣花蓮市榮正街４０號,花蓮縣花蓮市主力里5鄰榮正街40號,121.598538,23.972895
RPVNMLOLLHKGFAU27DA,花蓮縣吉安鄉昌隆六街６號六樓之四,花蓮縣吉安鄉南昌村14鄰昌隆六街6號,121.579848,23.969096
RPPOMLTJMHKGFAU17DA,花蓮縣吉安鄉慈惠四街１７０巷５９號,花蓮縣吉安鄉勝安村18鄰慈惠四街170巷59號,121.58814,23.978489
RPTOMLNKNHKGFAU17DA,花蓮縣花蓮市中華路３１８號六樓之三,花蓮縣花蓮市主力里18鄰中華路318號,121.597494,23.975027
RPOOMLQJLHKGFAU66DA,花蓮縣花蓮市國富七街１１號,花蓮縣花蓮市國富里5鄰國富七街11號,121.597515,23.989107
RPPOMLRKLHKGFAU96DA,花蓮縣花蓮市中美一街３號四樓之二,花蓮縣花蓮市民立里8鄰中美一街3號,121.628505,23.992412
RPQNMLSKKHKGFAU96DA,花蓮縣花蓮市豐村９５之１６號,花蓮縣花蓮市國強里7鄰豐村95之16號,121.598771,24.002185
RPSNMLSKKHKGFAU17DA,花蓮縣花蓮市豐村９５之１８號,花蓮縣花蓮市國強里7鄰豐村95之18號,121.598828,24.002244
RPTNMLSKKHKGFAU27DA,花蓮縣花蓮市豐村９５之１９號,花蓮縣花蓮市國強里7鄰豐村95之19號,121.598861,24.002274
RPQOMLQLKHKGFAU96DA,花蓮縣花蓮市進豐街１１３巷１弄１８號,花蓮縣花蓮市國防里8鄰進豐街113巷1弄18號,121.60565,23.986708
RPTOMLLKMHKGFAU86DA,花蓮縣吉安鄉東海十四街２７號二樓之三,花蓮縣吉安鄉東昌村32鄰東海十四街27號,121.591604,23.963294
RPSNMLQJNHKGFAU17DA,花蓮縣花蓮市民權路７之７號,花蓮縣花蓮市民德里1鄰民權路7之7號,121.620389,23.982317
RPQNMLQJOHKGFAU07DA,花蓮縣花蓮市東興一街７９巷２０號十二樓之二,花蓮縣花蓮市民孝里16鄰東興一街79巷20號,121.630584,24.003021
RPOPMLQJLHKGFAU76DA,花蓮縣吉安鄉光華六街１２５號,花蓮縣吉安鄉光華村8鄰光華六街125號,121.568736,23.931868
RPQOMLLKLHKGFAU09DA,花蓮縣吉安鄉中原路一段８２號,花蓮縣吉安鄉勝安村16鄰中原路一段82號,121.589691,23.978453
RPSNMLSLLHKGFAU37DA,花蓮縣吉安鄉東海十四街２７號二樓之二,花蓮縣吉安鄉東昌村32鄰東海十四街27號,121.591604,23.963294
RPPOMLMJMHKGFAU09DA,花蓮縣吉安鄉南海十街１４３巷１弄７號,花蓮縣吉安鄉仁安村23鄰南海十街143巷1弄7號,121.588164,23.941334
RPRNMLLLLHKGFAU56DA,花蓮縣花蓮市建國路７５巷２８弄１８號,花蓮縣花蓮市國華里12鄰建國路75巷28弄18號,121.603173,23.982669
RPSNMLNJKHKGFAU56DA,花蓮縣花蓮市中華路１８９之２號,花蓮縣花蓮市主信里15鄰中華路189之2號,121.603609,23.975431
RPRPMLTLMHKGFAU67DA,花蓮縣花蓮市中原路６５８號七樓之三,花蓮縣花蓮市主權里7鄰中原路658號,121.594182,23.975387
RPTNMLTKLHKGFAU47DA,花蓮縣花蓮市建安街１２巷６號,花蓮縣花蓮市國興里3鄰建安街12巷6號,121.576413,23.992804
RPWNMLSKLHKGFAU67DA,花蓮縣花蓮市德安二街６８巷４８號六樓,花蓮縣花蓮市主權里20鄰德安二街68巷48號,121.59174,23.973589
RPRNMLOKKHKGFAU66DA,花蓮縣花蓮市大同街１１２之１號,花蓮縣花蓮市國光里2鄰大同街112之1號,121.609038,23.982316
RPUOMLNKNHKGFAU27DA,花蓮縣花蓮市中華路３１８號七樓之三,花蓮縣花蓮市主力里18鄰中華路318號,121.597494,23.975027
RPQNMLMKLHKGFAU09DA,花蓮縣花蓮市華安街８２號,花蓮縣花蓮市民享里20鄰華安街82號,121.621604,24.002246
RPUNMLLLMHKGFAU96DA,花蓮縣花蓮市民德一街５１號八樓之二,花蓮縣花蓮市民德里10鄰民德一街51號,121.62197,23.985825
RPQNMLTJNHKGFAU27DA,花蓮縣花蓮市美工七街２號,花蓮縣花蓮市民心里7鄰美工七街2號,121.629103,24.015546
RPOPMLNKNHKGFAU76DA,花蓮縣花蓮市中華路３１８號八樓之三,花蓮縣花蓮市主力里18鄰中華路318號,121.597494,23.975027
RPOOMLNKNHKGFAU66DA,花蓮縣花蓮市中華路３１８號二樓之一,花蓮縣花蓮市主力里18鄰中華路318號,121.597494,23.975027
RPXNMLTKLHKGFAU87DA,花蓮縣吉安鄉廣豐一街８９號,花蓮縣吉安鄉稻香村22鄰廣豐一街89號,121.580402,23.961395
RPVNMLMKLHKGFAU96DA,花蓮縣花蓮市華安街７６號,花蓮縣花蓮市民享里20鄰華安街76號,121.621517,24.002333
RPUOMLKLLHKGFAU86DA,花蓮縣吉安鄉東海十四街２７號五樓之一,花蓮縣吉安鄉東昌村32鄰東海十四街27號,121.591604,23.963294
RPVOMLSKLHKGFAU67DA,花蓮縣花蓮市華安街７８號,花蓮縣花蓮市民享里20鄰華安街78號,121.621551,24.002305
RPRNMLSKKHKGFAU07DA,花蓮縣花蓮市豐村９５之１７號,花蓮縣花蓮市國強里7鄰豐村95之17號,121.5988,24.002212
RPWNMLPKMHKGFAU47DA,花蓮縣花蓮市中華路３１８號七樓之一,花蓮縣花蓮市主力里18鄰中華路318號,121.597494,23.975027
RPPOMLNKNHKGFAU76DA,花蓮縣花蓮市中華路３１８號三樓之二,花蓮縣花蓮市主力里18鄰中華路318號,121.597494,23.975027
RPVOMLNKNHKGFAU37DA,花蓮縣花蓮市中華路３１８號七樓之二,花蓮縣花蓮市主力里18鄰中華路318號,121.597494,23.975027
RPXOMLNKNHKGFAU57DA,花蓮縣花蓮市中華路３１８號八樓之二,花蓮縣花蓮市主力里18鄰中華路318號,121.597494,23.975027
RPWOMLNKNHKGFAU47DA,花蓮縣花蓮市中華路３１８號八樓之一,花蓮縣花蓮市主力里18鄰中華路318號,121.597494,23.975027
RPRNMLMKLHKGFAU56DA,花蓮縣花蓮市華安街８６號,花蓮縣花蓮市民享里20鄰華安街86號,121.621638,24.002212
RPVNMLNKLHKGFAU07DA,花蓮縣吉安鄉廣豐一街８３號,花蓮縣吉安鄉稻香村22鄰廣豐一街83號,121.58049,23.961411
RPTNMLNKLHKGFAU86DA,花蓮縣吉安鄉廣豐一街８５號,花蓮縣吉安鄉稻香村22鄰廣豐一街85號,121.58049,23.961328
RPUQMLQLLHKGFAU67DA,花蓮縣吉安鄉廣豐一街８７號,花蓮縣吉安鄉稻香村22鄰廣豐一街87號,121.580417,23.961319
RPUNMLSKKHKGFAU37DA,花蓮縣花蓮市豐村９５之２０號,花蓮縣花蓮市國強里7鄰豐村95之20號,121.598896,24.002305
RPVQMLQLLHKGFAU77DA,花蓮縣花蓮市中和街１９０號七樓之三,花蓮縣花蓮市主力里19鄰中和街190號,121.599118,23.973593
RPPQMLTLMHKGFAU57DA,花蓮縣花蓮市華安街８０號,花蓮縣花蓮市民享里20鄰華安街80號,121.621579,24.002274
RPTNMLQLLHKGFAU27DA,花蓮縣花蓮市中和街１９０號二樓之一,花蓮縣花蓮市主力里19鄰中和街190號,121.599118,23.973593
RPXPMLQLLHKGFAU87DA,花蓮縣花蓮市中和街１９０號六樓之三,花蓮縣花蓮市主力里19鄰中和街190號,121.599118,23.973593
RPVNMLSKKHKGFAU47DA,花蓮縣花蓮市豐村９５之２１號,花蓮縣花蓮市國強里7鄰豐村95之21號,121.598933,24.002341
RPXQMLQLLHKGFAU97DA,花蓮縣花蓮市中和街１９０號七樓之五,花蓮縣花蓮市主力里19鄰中和街190號,121.599118,23.973593
RPSQMLQLLHKGFAU47DA,花蓮縣花蓮市中和街１９０號七樓之一,花蓮縣花蓮市主力里19鄰中和街190號,121.599118,23.973593
RPWNMLQLLHKGFAU57DA,花蓮縣花蓮市中和街１９０號二樓之五,花蓮縣花蓮市主力里19鄰中和街190號,121.599118,23.973593
RPUPMLQLLHKGFAU57DA,花蓮縣花蓮市中和街１９０號三樓之三,花蓮縣花蓮市主力里19鄰中和街190號,121.599118,23.973593
RPRQMLQLLHKGFAU37DA,花蓮縣花蓮市中和街１９０號七樓之二,花蓮縣花蓮市主力里19鄰中和街190號,121.599118,23.973593
RPRPMLQLLHKGFAU27DA,花蓮縣花蓮市中和街１９０號二樓之二,花蓮縣花蓮市主力里19鄰中和街190號,121.599118,23.973593
RPSPMLQLLHKGFAU37DA,花蓮縣花蓮市中和街１９０號五樓之三,花蓮縣花蓮市主力里19鄰中和街190號,121.599118,23.973593
RPTOMLKMMHKGFAU96DA,花蓮縣花蓮市中原路６５８號十二樓之三,花蓮縣花蓮市主權里7鄰中原路658號,121.594182,23.975387
RPXNMLQLLHKGFAU67DA,花蓮縣花蓮市中和街１９０號三樓之一,花蓮縣花蓮市主力里19鄰中和街190號,121.599118,23.973593
RPOOMLQLLHKGFAU86DA,花蓮縣花蓮市中和街１９０號三樓之二,花蓮縣花蓮市主力里19鄰中和街190號,121.599118,23.973593
RPTOMLQLLHKGFAU37DA,花蓮縣花蓮市中和街１９０號三樓之五,花蓮縣花蓮市主力里19鄰中和街190號,121.599118,23.973593
RPTQMLQLLHKGFAU57DA,花蓮縣花蓮市中和街１９０號六樓之五,花蓮縣花蓮市主力里19鄰中和街190號,121.599118,23.973593
RPUOMLQLLHKGFAU47DA,花蓮縣花蓮市中和街１９０號四樓之二,花蓮縣花蓮市主力里19鄰中和街190號,121.599118,23.973593
RPQPMLTLMHKGFAU57DA,花蓮縣花蓮市中原路６５８號十二樓之一,花蓮縣花蓮市主權里7鄰中原路658號,121.594182,23.975387
RPROMLMKNHKGFAU86DA,花蓮縣花蓮市中原路６５８號十二樓之五,花蓮縣花蓮市主權里7鄰中原路658號,121.594182,23.975387
RPSQMLSJJHKGFAU27DA,花蓮縣花蓮市富裕一街１６９號七樓之五,花蓮縣花蓮市國裕里6鄰富裕一街169號,121.596965,23.99582
RPORMLSJJHKGFAU96DA,花蓮縣花蓮市富裕一街１６９號九樓之五,花蓮縣花蓮市國裕里6鄰富裕一街169號,121.596965,23.99582
RPPRMLSJJHKGFAU07DA,花蓮縣花蓮市富裕一街１６９號九樓之三,花蓮縣花蓮市國裕里6鄰富裕一街169號,121.596965,23.99582
RPSOMLQLLHKGFAU27DA,花蓮縣花蓮市中和街１９０號四樓之一,花蓮縣花蓮市主力里19鄰中和街190號,121.599118,23.973593
RPOPMLQLLHKGFAU96DA,花蓮縣花蓮市中和街１９０號四樓之五,花蓮縣花蓮市主力里19鄰中和街190號,121.599118,23.973593
RPPPMLQLLHKGFAU07DA,花蓮縣花蓮市中和街１９０號五樓之一,花蓮縣花蓮市主力里19鄰中和街190號,121.599118,23.973593
RPQPMLQLLHKGFAU17DA,花蓮縣花蓮市中和街１９０號五樓之二,花蓮縣花蓮市主力里19鄰中和街190號,121.599118,23.973593
RPTPMLQLLHKGFAU47DA,花蓮縣花蓮市中和街１９０號五樓之五,花蓮縣花蓮市主力里19鄰中和街190號,121.599118,23.973593
RPVPMLQLLHKGFAU67DA,花蓮縣花蓮市中和街１９０號六樓之一,花蓮縣花蓮市主力里19鄰中和街190號,121.599118,23.973593
RPWPMLQLLHKGFAU77DA,花蓮縣花蓮市中和街１９０號六樓之二,花蓮縣花蓮市主力里19鄰中和街190號,121.599118,23.973593
RPVNMLQLLHKGFAU47DA,花蓮縣花蓮市中和街１９０號二樓之三,花蓮縣花蓮市主力里19鄰中和街190號,121.599118,23.973593
RPVOMLQLLHKGFAU57DA,花蓮縣花蓮市中和街１９０號四樓之三,花蓮縣花蓮市主力里19鄰中和街190號,121.599118,23.973593
RPQRMLQLLHKGFAU37DA,花蓮縣花蓮市中和街１９０號八樓之三,花蓮縣花蓮市主力里19鄰中和街190號,121.599118,23.973593
RPOOMLTLMHKGFAU27DA,花蓮縣花蓮市中原路６５８號五樓之五,花蓮縣花蓮市主權里7鄰中原路658號,121.594182,23.975387
RPSOMLTLMHKGFAU67DA,花蓮縣花蓮市中原路６５８號七樓之五,花蓮縣花蓮市主權里7鄰中原路658號,121.594182,23.975387
RPUOMLTLMHKGFAU87DA,花蓮縣花蓮市中原路６５８號八樓之五,花蓮縣花蓮市主權里7鄰中原路658號,121.594182,23.975387
RPVOMLTLMHKGFAU97DA,花蓮縣花蓮市中原路６５８號九樓之一,花蓮縣花蓮市主權里7鄰中原路658號,121.594182,23.975387
RPORMLQLLHKGFAU17DA,花蓮縣花蓮市中和街１９０號八樓之一,花蓮縣花蓮市主力里19鄰中和街190號,121.599118,23.973593
RPPRMLQLLHKGFAU27DA,花蓮縣花蓮市中和街１９０號八樓之二,花蓮縣花蓮市主力里19鄰中和街190號,121.599118,23.973593
RPUPMLTLMHKGFAU97DA,花蓮縣花蓮市中原路６５８號十一樓之二,花蓮縣花蓮市主權里7鄰中原路658號,121.594182,23.975387
RPQNMLRKNHKGFAU17DA,花蓮縣花蓮市中原路６５８號四樓之三,花蓮縣花蓮市主權里7鄰中原路658號,121.594182,23.975387
RPSNMLSKMHKGFAU37DA,花蓮縣吉安鄉吉祥一街３７號四樓之一,花蓮縣吉安鄉宜昌村10鄰吉祥一街37號,121.585448,23.975387
RPXOMLTLMHKGFAU18DA,花蓮縣花蓮市中原路６５８號十樓之一,花蓮縣花蓮市主權里7鄰中原路658號,121.594182,23.975387
RPPOMLPKNHKGFAU96DA,花蓮縣吉安鄉吉祥一街３７號三樓之二,花蓮縣吉安鄉宜昌村10鄰吉祥一街37號,121.585448,23.975387
RPTPMLTLMHKGFAU87DA,花蓮縣花蓮市中原路６５８號九樓之二,花蓮縣花蓮市主權里7鄰中原路658號,121.594182,23.975387
RPWOMLQLNHKGFAU87DA,花蓮縣花蓮市中原路６５８號二樓之一,花蓮縣花蓮市主權里7鄰中原路658號,121.594182,23.975387
RPRNMLLLMHKGFAU66DA,花蓮縣吉安鄉吉祥一街３７號六樓之二,花蓮縣吉安鄉宜昌村10鄰吉祥一街37號,121.585448,23.975387
RPUNMLSJNHKGFAU57DA,花蓮縣吉安鄉吉祥一街３７號六樓之一,花蓮縣吉安鄉宜昌村10鄰吉祥一街37號,121.585448,23.975387
RPTNMLTLMHKGFAU67DA,花蓮縣花蓮市中原路６５８號三樓之一,花蓮縣花蓮市主權里7鄰中原路658號,121.594182,23.975387
RPOPMLTLMHKGFAU37DA,花蓮縣花蓮市中原路６５８號十樓之二,花蓮縣花蓮市主權里7鄰中原路658號,121.594182,23.975387
RPWPMLTLMHKGFAU18DA,花蓮縣花蓮市中原路６５８號九樓之五,花蓮縣花蓮市主權里7鄰中原路658號,121.594182,23.975387
RPSNMLTLMHKGFAU57DA,花蓮縣花蓮市中原路６５８號四樓之一,花蓮縣花蓮市主權里7鄰中原路658號,121.594182,23.975387
RPWNMLTLMHKGFAU97DA,花蓮縣花蓮市中原路６５８號四樓之五,花蓮縣花蓮市主權里7鄰中原路658號,121.594182,23.975387
RPUOMLKMMHKGFAU07DA,花蓮縣花蓮市中原路６５８號十一樓之三,花蓮縣花蓮市主權里7鄰中原路658號,121.594182,23.975387
RPTNMLLKNHKGFAU86DA,花蓮縣花蓮市中原路６５８號十一樓之五,花蓮縣花蓮市主權里7鄰中原路658號,121.594182,23.975387
RPVNMLPLLHKGFAU37DA,花蓮縣吉安鄉吉祥一街３７號五樓之二,花蓮縣吉安鄉宜昌村10鄰吉祥一街37號,121.585448,23.975387
RPWNMLPLLHKGFAU47DA,花蓮縣吉安鄉吉祥一街３７號三樓之一,花蓮縣吉安鄉宜昌村10鄰吉祥一街37號,121.585448,23.975387
RPROMLMJMHKGFAU66DA,花蓮縣吉安鄉吉祥一街３７號二樓之一,花蓮縣吉安鄉宜昌村10鄰吉祥一街37號,121.585448,23.975387
RPXNMLSJMHKGFAU77DA,花蓮縣吉安鄉吉祥一街３７號四樓之二,花蓮縣吉安鄉宜昌村10鄰吉祥一街37號,121.585448,23.975387
RPTNMLTJMHKGFAU47DA,花蓮縣吉安鄉吉祥一街３７號二樓之二,花蓮縣吉安鄉宜昌村10鄰吉祥一街37號,121.585448,23.975387
RPPNMLTLMHKGFAU27DA,花蓮縣花蓮市中原路６５８號五樓之三,花蓮縣花蓮市主權里7鄰中原路658號,121.594182,23.975387
RPXNMLTLMHKGFAU08DA,花蓮縣花蓮市中原路６５８號六樓之二,花蓮縣花蓮市主權里7鄰中原路658號,121.594182,23.975387
RPTOMLTLMHKGFAU77DA,花蓮縣花蓮市中原路６５８號八樓之一,花蓮縣花蓮市主權里7鄰中原路658號,121.594182,23.975387
RPPNMLKMMHKGFAU09DA,花蓮縣花蓮市中原路６５８號十樓之三,花蓮縣花蓮市主權里7鄰中原路658號,121.594182,23.975387
RPRNMLTLMHKGFAU47DA,花蓮縣花蓮市中原路６５８號二樓之三,花蓮縣花蓮市主權里7鄰中原路658號,121.594182,23.975387
RPUNMLTLMHKGFAU77DA,花蓮縣花蓮市中原路６５８號三樓之三,花蓮縣花蓮市主權里7鄰中原路658號,121.594182,23.975387
RPPPMLTLMHKGFAU47DA,花蓮縣花蓮市中原路６５８號十樓之五,花蓮縣花蓮市主權里7鄰中原路658號,121.594182,23.975387
RPQOMLMKNHKGFAU76DA,花蓮縣花蓮市中原路６５８號七樓之一,花蓮縣花蓮市主權里7鄰中原路658號,121.594182,23.975387
RPQNMLTLMHKGFAU37DA,花蓮縣花蓮市中原路６５８號五樓之一,花蓮縣花蓮市主權里7鄰中原路658號,121.594182,23.975387
RPROMLTLMHKGFAU57DA,花蓮縣花蓮市中原路６５８號七樓之二,花蓮縣花蓮市主權里7鄰中原路658號,121.594182,23.975387
RPQOMLNKNHKGFAU86DA,花蓮縣花蓮市中華路３１８號五樓之二,花蓮縣花蓮市主力里18鄰中華路318號,121.597494,23.975027
RPSOMLNKNHKGFAU07DA,花蓮縣花蓮市中華路３１８號六樓之二,花蓮縣花蓮市主力里18鄰中華路318號,121.597494,23.975027
RPXPMLTLMHKGFAU28DA,花蓮縣花蓮市中原路６５８號八樓之三,花蓮縣花蓮市主權里7鄰中原路658號,121.594182,23.975387
RPSNMLLKNHKGFAU76DA,花蓮縣花蓮市中原路６５８號五樓之二,花蓮縣花蓮市主權里7鄰中原路658號,121.594182,23.975387
RPPNMLRKNHKGFAU07DA,花蓮縣花蓮市中原路６５８號三樓之五,花蓮縣花蓮市主權里7鄰中原路658號,121.594182,23.975387
RPPOMLSLMHKGFAU27DA,花蓮縣花蓮市中原路６５８號四樓之二,花蓮縣花蓮市主權里7鄰中原路658號,121.594182,23.975387
RPPOMLTLMHKGFAU37DA,花蓮縣花蓮市中原路６５８號六樓之一,花蓮縣花蓮市主權里7鄰中原路658號,121.594182,23.975387
RPQOMLTLMHKGFAU47DA,花蓮縣花蓮市中原路６５８號六樓之五,花蓮縣花蓮市主權里7鄰中原路658號,121.594182,23.975387
RPOOMLSLMHKGFAU17DA,花蓮縣花蓮市中原路６５８號二樓之二,花蓮縣花蓮市主權里7鄰中原路658號,121.594182,23.975387
RPSPMLTLMHKGFAU77DA,花蓮縣花蓮市中原路６５８號八樓之二,花蓮縣花蓮市主權里7鄰中原路658號,121.594182,23.975387
RPPNMLKLNHKGFAU09DA,花蓮縣花蓮市中原路６５８號三樓之二,花蓮縣花蓮市主權里7鄰中原路658號,121.594182,23.975387
RPWOMLTLMHKGFAU08DA,花蓮縣花蓮市中原路６５８號九樓之三,花蓮縣花蓮市主權里7鄰中原路658號,121.594182,23.975387
RPXNMLRKKHKGFAU57DA,花蓮縣花蓮市富裕一街１６９號三樓之二,花蓮縣花蓮市國裕里6鄰富裕一街169號,121.596965,23.99582
RPVPMLRKJHKGFAU47DA,花蓮縣花蓮市富裕一街１６９號七樓之二,花蓮縣花蓮市國裕里6鄰富裕一街169號,121.596965,23.99582
RPXOMLRKJHKGFAU57DA,花蓮縣花蓮市富裕一街１６９號八樓之三,花蓮縣花蓮市國裕里6鄰富裕一街169號,121.596965,23.99582
RPPOMLSKLHKGFAU07DA,花蓮縣吉安鄉吉祥一街３５號十樓之四,花蓮縣吉安鄉宜昌村10鄰吉祥一街35號,121.585674,23.975275
RPQNMLPJOHKGFAU96DA,花蓮縣吉安鄉南海二街２３１巷１弄１５號,花蓮縣吉安鄉仁和村37鄰南海二街231巷1弄15號,121.591955,23.956052
RPQNMLKLQHKGFAU86DA,花蓮縣吉安鄉自強路５１巷１０號,花蓮縣吉安鄉勝安村27鄰自強路51巷10號,121.584916,23.97767
RPRNMLPLQHKGFAU47DA,花蓮縣花蓮市國民七街５３號十樓之六,花蓮縣花蓮市國盛里4鄰國民七街53號,121.605877,23.991365
RPOOMLSJQHKGFAU37DA,花蓮縣吉安鄉南海五街３０６巷２０號,花蓮縣吉安鄉仁和村17鄰南海五街306巷20號,121.586833,23.951592
RPOOMLQLQHKGFAU37DA,花蓮縣吉安鄉仁里八街３９巷１９號,花蓮縣吉安鄉仁里村17鄰仁里八街39巷19號,121.590836,23.966106
RPQNMLMJRHKGFAU96DA,花蓮縣花蓮市林森路２９３巷２之２號,花蓮縣花蓮市國華里23鄰林森路293巷2之2號,121.602461,23.979924
RPVNMLMLQHKGFAU57DA,花蓮縣吉安鄉中興路２１４巷２３號,花蓮縣吉安鄉吉安村14鄰中興路214巷23號,121.568703,23.972866
RPROMLNJRHKGFAU27DA,花蓮縣花蓮市中正路２０９號,花蓮縣花蓮市主學里20鄰中正路209號,121.599333,23.972147
RPRNMLSJRHKGFAU67DA,花蓮縣吉安鄉慶南二街１６０之２號,花蓮縣吉安鄉慶豐村25鄰慶南二街160之2號,121.567201,23.97869
RPSNMLSJRHKGFAU77DA,花蓮縣吉安鄉慶南二街１６０之１號,花蓮縣吉安鄉慶豐村25鄰慶南二街160之1號,121.567239,23.978677
RPPOMLSJRHKGFAU57DA,花蓮縣吉安鄉南埔八街５２號之１一樓之二,花蓮縣吉安鄉仁里村26鄰南埔八街52號之1,121.590932,23.969339
RPOOMLMJPHKGFAU66DA,花蓮縣花蓮市國盛一街６６巷３之２號二樓,花蓮縣花蓮市國盛里14鄰國盛一街66巷3之2號,121.606561,23.990808
RPPNMLTJPHKGFAU37DA,花蓮縣花蓮市國富九街４３號六樓之五,花蓮縣花蓮市國富里9鄰國富九街43號,121.597615,23.990912
RPUNMLQKPHKGFAU67DA,花蓮縣吉安鄉吉安路二段２８４號,花蓮縣吉安鄉慶豐村54鄰吉安路二段279號,121.566205,23.978363
RPVNMLRKPHKGFAU87DA,花蓮縣吉安鄉明仁一街１２９巷４號,花蓮縣吉安鄉永安村12鄰明仁一街129巷4號,121.57602,23.991209
RPSNMLRKPHKGFAU57DA,花蓮縣花蓮市林森路２９９之３號,花蓮縣花蓮市國華里23鄰林森路299之3號,121.60295,23.979927
RPXNMLNLPHKGFAU77DA,花蓮縣花蓮市富陽路１３號,花蓮縣花蓮市國裕里13鄰富陽路13號,121.59983,23.995096
RPSOMLNLPHKGFAU37DA,花蓮縣花蓮市國興六街２８巷１之１號四樓之一,花蓮縣花蓮市國聯里6鄰國興六街28巷1之1號,121.599135,23.988182
RPRNMLOLPHKGFAU27DA,花蓮縣花蓮市豐村６號二樓之六,花蓮縣花蓮市國強里2鄰豐村6號,121.604017,24.001488
RPXOMLOLPHKGFAU97DA,花蓮縣吉安鄉慶豐五街１３１號,花蓮縣吉安鄉慶豐村14鄰慶豐五街131號,121.570684,23.977048
RPWNMLLLPHKGFAU47DA,花蓮縣吉安鄉廣賢路一段３４９巷７號六樓,花蓮縣吉安鄉稻香村28鄰廣賢路一段349巷7號,121.579342,23.953603
RPRNMLTLPHKGFAU77DA,花蓮縣花蓮市東興一街７９巷２０號,花蓮縣花蓮市民孝里16鄰東興一街79巷20號,121.630584,24.003021
RPQNMLTLPHKGFAU67DA,花蓮縣花蓮市介林三街３０號,花蓮縣花蓮市國興里19鄰介林三街30號,121.571534,23.995103
RPTNMLKMPHKGFAU17DA,花蓮縣吉安鄉南海五街２１４號,花蓮縣吉安鄉仁和村15鄰南海五街214號,121.589799,23.951158
RPUNMLSKPHKGFAU87DA,花蓮縣花蓮市華興街２之３號,花蓮縣花蓮市民享里20鄰華興街2之3號,121.621215,24.002127
RPQNMLPJQHKGFAU17DA,花蓮縣吉安鄉明義四街８８號,花蓮縣吉安鄉太昌村8鄰明義四街88號,121.565343,23.991589
RPQNMLQJQHKGFAU27DA,花蓮縣吉安鄉廣豐一街９１號,花蓮縣吉安鄉稻香村22鄰廣豐一街91號,121.580385,23.961473
RPQNMLQJQHKGFAU37EA,花蓮縣花蓮市明禮路７１之６號,花蓮縣花蓮市國光里5鄰明禮路71之6號,121.608276,23.982323
RPPNMLQJQHKGFAU17DA,花蓮縣吉安鄉中央路三段２００號,花蓮縣吉安鄉勝安村30鄰中央路三段200號,121.584174,23.980298
RPSNMLRJQHKGFAU57DA,花蓮縣吉安鄉文化五街４７號六樓,花蓮縣吉安鄉南昌村24鄰文化五街47號,121.580656,23.970222
RPTNMLSJQHKGFAU77DA,花蓮縣花蓮市東興二街１８巷３號,花蓮縣花蓮市民孝里8鄰東興二街18巷3號,121.630605,23.999396
RPRNMLLKQHKGFAU96DA,花蓮縣花蓮市富裕三街４８號二樓之三,花蓮縣花蓮市國裕里11鄰富裕三街48號,121.598119,23.99408
RPPNMLMKQHKGFAU86DA,花蓮縣吉安鄉南濱路一段５１２號六樓之六,花蓮縣吉安鄉光華村17鄰南濱路一段512號,121.593726,23.939729
RPRNMLMKQHKGFAU07DA,花蓮縣花蓮市富安路１４７號三樓之五號,花蓮縣花蓮市國裕里19鄰富安路147號,121.600004,23.996302
RPTNMLLMPHKGFAU27DA,花蓮縣花蓮市建華路２２０巷６之１號,花蓮縣花蓮市國慶里7鄰建華路220巷6之1號,121.589771,24.000003
RPQNMLRJQHKGFAU37DA,花蓮縣花蓮市中山路一段１５３號,花蓮縣花蓮市國慶里8鄰中山路一段153號,121.590767,24.000662
RPPOMLSJQHKGFAU47DA,花蓮縣吉安鄉福興二街１９巷１號,花蓮縣吉安鄉福興村8鄰福興二街19巷1號,121.560761,23.968748
RPQNMLOKQHKGFAU17DA,花蓮縣吉安鄉昌隆五街１７巷１０號,花蓮縣吉安鄉南昌村23鄰昌隆五街17巷10號,121.580453,23.967825
RPTNMLOKQHKGFAU47DA,花蓮縣花蓮市中美路２７５之３１號,花蓮縣花蓮市民孝里1鄰中美路275之31號,121.630685,23.998346
RPRNMLRJQHKGFAU47DA,花蓮縣花蓮市榮正街１２５巷１１號,花蓮縣花蓮市主安里18鄰榮正街125巷11號,121.597084,23.973458
RPRNMLOKQHKGFAU27DA,花蓮縣花蓮市建和街２５巷３０弄２３號,花蓮縣花蓮市國興里8鄰建和街25巷30弄23號,121.575227,23.994081
RPVNMLOKQHKGFAU67DA,花蓮縣花蓮市林森路２７３巷３２號,花蓮縣花蓮市國風里23鄰林森路273巷32號,121.601252,23.979939
RPUNMLPKQHKGFAU67DA,花蓮縣花蓮市國福街１１０巷３３號,花蓮縣花蓮市國福里8鄰國福街110巷33號,121.577371,24.00869
RPSNMLLKQHKGFAU07DA,花蓮縣吉安鄉南海二街２６２巷９號,花蓮縣吉安鄉仁和村5鄰南海二街262巷9號,121.590954,23.957263
RPQOMLSKQHKGFAU67DA,花蓮縣花蓮市東興二街２８巷８０號,花蓮縣花蓮市民孝里8鄰東興二街28巷80號,121.631519,23.999735
RPQNMLTKQHKGFAU67DA,花蓮縣吉安鄉中山路一段６６號四樓之三,花蓮縣吉安鄉仁里村20鄰中山路一段66號,121.589065,23.965896
RPUNMLTKQHKGFAU08DA,花蓮縣吉安鄉吉祥五街１５號,花蓮縣吉安鄉宜昌村26鄰吉祥五街15號,121.583316,23.975314
RPOOMLTKQHKGFAU57DA,花蓮縣花蓮市民樂一街２０號,花蓮縣花蓮市民樂里14鄰民樂一街20號,121.633376,23.992062
RPQOMLTKQHKGFAU77DA,花蓮縣花蓮市國興五街６３號六樓之一,花蓮縣花蓮市國聯里18鄰國興五街63號,121.605009,23.988572
RPRNMLKLQHKGFAU96DA,花蓮縣花蓮市大同街１０之１號,花蓮縣花蓮市國威里31鄰大同街10之1號,121.604552,23.979378
RPSNMLLLQHKGFAU17DA,花蓮縣花蓮市重慶路２０５巷３號,花蓮縣花蓮市主和里37鄰重慶路205巷3號,121.603733,23.969341
RPTNMLLLQHKGFAU27DA,花蓮縣花蓮市國興六街１１號三樓之二,花蓮縣花蓮市國聯里9鄰國興六街11號,121.599127,23.987186
RPTNMLMLQHKGFAU37DA,花蓮縣吉安鄉華城六街３４１號,花蓮縣吉安鄉光華村3鄰華城六街341號,121.5661,23.929967
RPWNMLKLQHKGFAU47DA,花蓮縣花蓮市富裕十六街４３號二樓,花蓮縣花蓮市國裕里5鄰富裕十六街43號,121.595857,23.996337
RPUNMLQLQHKGFAU87DA,花蓮縣花蓮市福建街１２０巷３５號,花蓮縣花蓮市主安里2鄰福建街120巷35號,121.601097,23.968143
RPOOMLSKQHKGFAU47DA,花蓮縣花蓮市富祥街１４６號六樓,花蓮縣花蓮市國富里33鄰富祥街146號,121.591882,23.991316
RPXNMLQLQHKGFAU18DA,花蓮縣花蓮市光復街９６號,花蓮縣花蓮市國治里14鄰光復街96號,121.606201,23.978735
RPRNMLQLQHKGFAU57DA,花蓮縣花蓮市介林五街２２３號,花蓮縣花蓮市國興里19鄰介林五街223號,121.571811,23.99541
RPOOMLRLQHKGFAU47DA,花蓮縣花蓮市莊敬路２９５號,花蓮縣花蓮市國富里25鄰莊敬路295號,121.592658,23.990924
RPSNMLTLQHKGFAU97DA,花蓮縣吉安鄉南埔十六街５１巷１７號,花蓮縣吉安鄉仁里村23鄰南埔十六街51巷17號,121.588869,23.97137
RPOOMLLJRHKGFAU76DA,花蓮縣花蓮市德安二街６８巷４２號八樓,花蓮縣花蓮市主權里20鄰德安二街68巷42號,121.591821,23.973642
RPTOMLLJRHKGFAU27DA,花蓮縣吉安鄉海岸路６４５巷４２弄１０號,花蓮縣吉安鄉仁安村16鄰海岸路645巷42弄10號,121.587213,23.941234
RPSNMLKMPHKGFAU07DA,花蓮縣吉安鄉慈惠四街１１８號,花蓮縣吉安鄉勝安村18鄰慈惠四街118號,121.587914,23.978068
RPXNMLNJRHKGFAU77DA,花蓮縣吉安鄉仁里四街１６１號,花蓮縣吉安鄉仁里村28鄰仁里四街161號,121.587637,23.969923
RPVNMLOJQHKGFAU57DA,花蓮縣吉安鄉中正路二段１８６巷１９號三樓之三,花蓮縣吉安鄉仁和村36鄰中正路二段186巷19號,121.58526,23.958917
RPQNMLOJRHKGFAU17DA,花蓮縣吉安鄉廣賢一街２１７號,花蓮縣吉安鄉稻香村27鄰廣賢一街217號,121.576119,23.953837
RPTNMLOJRHKGFAU47DA,花蓮縣花蓮市國福街１１０巷３６號,花蓮縣花蓮市國福里8鄰國福街110巷36號,121.5775,24.008645
RPUNMLOJRHKGFAU57DA,花蓮縣花蓮市中山路１６巷２０之６號,花蓮縣花蓮市民主里10鄰中山路16巷20之6號,121.613938,23.972581
RPWNMLOJRHKGFAU77DA,花蓮縣花蓮市富裕十六街３７號二樓之二,花蓮縣花蓮市國裕里5鄰富裕十六街37號,121.596214,23.996369
RPPNMLPJRHKGFAU17DA,花蓮縣吉安鄉慶豐十一街２９８號三樓之三,花蓮縣吉安鄉慶豐村32鄰慶豐十一街298號,121.567196,23.984145
RPPNMLPLPHKGFAU17DA,花蓮縣花蓮市介智街３５巷１０號,花蓮縣花蓮市國興里21鄰介智街35巷10號,121.571428,23.996051
RPUNMLLJRHKGFAU27DA,花蓮縣吉安鄉永興八街７０號,花蓮縣吉安鄉永興村6鄰永興八街70號,121.567642,23.95623
RPQNMLPJRHKGFAU27DA,花蓮縣花蓮市中興路３２號七樓之六,花蓮縣花蓮市民運里5鄰中興路32號,121.632298,23.992605
RPPNMLSJRHKGFAU47DA,花蓮縣花蓮市中興路１之１３號,花蓮縣花蓮市民樂里14鄰中興路1之15號,121.633655,23.992445
RPSNMLQJQHKGFAU47DA,花蓮縣吉安鄉吉昌一街２５６巷３８號,花蓮縣吉安鄉吉安村31鄰吉昌一街256巷38號,121.561404,23.972586
RPWNMLLJRHKGFAU47DA,花蓮縣吉安鄉慶豐十一街２６６號,花蓮縣吉安鄉慶豐村32鄰慶豐十一街266號,121.566962,23.983923
RPSNMLLKOHKGFAU86DA,花蓮縣吉安鄉東海五街４９號,花蓮縣吉安鄉東昌村13鄰東海五街49號,121.599259,23.964383
RPWOMLQKOHKGFAU87DA,花蓮縣花蓮市中央路三段７３０號六樓之二十二,花蓮縣花蓮市國富里35鄰中央路三段730號,121.590858,23.991491
RPVNMLSKOHKGFAU87DA,花蓮縣花蓮市國盛六街５３號三樓之六,花蓮縣花蓮市國盛里27鄰國盛六街53號,121.608667,23.994657
RPQOMLNLOHKGFAU07DA,花蓮縣吉安鄉東里一街４５號,花蓮縣吉安鄉東昌村3鄰東里一街45號,121.593943,23.967237
RPUNMLTJOHKGFAU77DA,花蓮縣吉安鄉太昌路４５６號,花蓮縣吉安鄉太昌村8鄰太昌路456號,121.565721,23.99255
RPTNMLOLOHKGFAU37DA,花蓮縣吉安鄉福興四街４９號,花蓮縣吉安鄉福興村11鄰福興四街49號,121.557837,23.967943
RPTNMLRLOHKGFAU67DA,花蓮縣吉安鄉仁里四街１６５號二樓之一,花蓮縣吉安鄉仁里村28鄰仁里四街165號,121.587463,23.969974
RPUNMLRLOHKGFAU77DA,花蓮縣吉安鄉仁里四街１６５號二樓之二,花蓮縣吉安鄉仁里村28鄰仁里四街165號,121.587463,23.969974
RPRNMLKMOHKGFAU86DA,花蓮縣吉安鄉仁里四街１６５號三樓之一,花蓮縣吉安鄉仁里村28鄰仁里四街165號,121.587463,23.969974
RPPOMLRKOHKGFAU27DA,花蓮縣吉安鄉南埔十三街１９６號,花蓮縣吉安鄉仁里村43鄰南埔十三街196號,121.58798,23.970669
RPWNMLRLOHKGFAU97DA,花蓮縣吉安鄉仁里四街１６５號四樓之一,花蓮縣吉安鄉仁里村28鄰仁里四街165號,121.587463,23.969974
RPOOMLRLOHKGFAU27DA,花蓮縣吉安鄉仁里四街１６５號四樓之二,花蓮縣吉安鄉仁里村28鄰仁里四街165號,121.587463,23.969974
RPPOMLRLOHKGFAU37DA,花蓮縣吉安鄉仁里四街１６５號五樓之一,花蓮縣吉安鄉仁里村28鄰仁里四街165號,121.587463,23.969974
RPQOMLRLOHKGFAU47DA,花蓮縣吉安鄉仁里四街１６５號五樓之二,花蓮縣吉安鄉仁里村28鄰仁里四街165號,121.587463,23.969974
RPWNMLKMOHKGFAU37DA,花蓮縣花蓮市國興六街２８巷１之１號五樓之一,花蓮縣花蓮市國聯里6鄰國興六街28巷1之1號,121.599135,23.988182
RPQNMLLJPHKGFAU66DA,花蓮縣花蓮市中美七街３９號五樓之五,花蓮縣花蓮市民政里32鄰中美七街39號,121.624283,23.993554
RPXNMLNJPHKGFAU57DA,花蓮縣花蓮市富裕一街１６９號七樓之三,花蓮縣花蓮市國裕里6鄰富裕一街169號,121.596965,23.99582
RPROMLQLOHKGFAU47DA,花蓮縣花蓮市國民七街５１號十一樓之十一,花蓮縣花蓮市國盛里3鄰國民七街51號,121.60583,23.991358
RPQOMLNJPHKGFAU96DA,花蓮縣花蓮市國興二街９２號,花蓮縣花蓮市國聯里14鄰國興二街92號,121.602594,23.990369
RPROMLNJPHKGFAU07DA,花蓮縣花蓮市中正路２６６號九樓之三,花蓮縣花蓮市主學里13鄰中正路266號,121.60118,23.97285
RPPOMLOJPHKGFAU96DA,花蓮縣吉安鄉南濱路一段５１２號五樓之六,花蓮縣吉安鄉光華村17鄰南濱路一段512號,121.593726,23.939729
RPQOMLOJPHKGFAU07DA,花蓮縣花蓮市富裕十七街２５號四樓之五,花蓮縣花蓮市國裕里4鄰富裕十七街25號,121.595181,23.996189
RPUNMLRJPHKGFAU67DA,花蓮縣花蓮市自立路３４巷８號六樓之三,找不到指定的門牌地址。,,
RPPNMLSJPHKGFAU27DA,花蓮縣花蓮市中美十三街７８號三樓之三,花蓮縣花蓮市民政里35鄰中美十三街78號,121.624202,23.99869
RPQNMLRJPHKGFAU27DA,花蓮縣吉安鄉廣賢路一段３４９巷７號三樓之一,花蓮縣吉安鄉稻香村28鄰廣賢路一段349巷7號,121.579342,23.953603
RPRNMLRJPHKGFAU37DA,花蓮縣吉安鄉廣賢路一段３４９巷７號二樓之ㄧ,花蓮縣吉安鄉稻香村28鄰廣賢路一段349巷7號,121.579342,23.953603
RPSNMLRJPHKGFAU47DA,花蓮縣吉安鄉廣賢路一段３４９巷７號二樓之二,花蓮縣吉安鄉稻香村28鄰廣賢路一段349巷7號,121.579342,23.953603
RPROMLRJPHKGFAU47DA,花蓮縣花蓮市花崗街４２巷１之５號二樓之三,花蓮縣花蓮市民主里4鄰花崗街42巷1之5號,121.614051,23.975784
RPPNMLRLOHKGFAU27DA,花蓮縣吉安鄉南海一街１０９巷３６號,花蓮縣吉安鄉仁安村3鄰南海一街109巷36號,121.595465,23.956078
RPPOMLSJPHKGFAU37DA,花蓮縣花蓮市富裕一街１６９號二樓之五,花蓮縣花蓮市國裕里6鄰富裕一街169號,121.596965,23.99582
RPQOMLSJPHKGFAU47DA,花蓮縣吉安鄉宜昌五街１７號,花蓮縣吉安鄉宜昌村15鄰宜昌五街17號,121.583747,23.972577
RPTOMLKKPHKGFAU07DA,花蓮縣吉安鄉中原路一段２２９巷１２號,花蓮縣吉安鄉勝安村31鄰中原路一段229巷12號,121.58564,23.980052
RPQOMLRJPHKGFAU37DA,花蓮縣花蓮市建華路２２０巷６號,花蓮縣花蓮市國慶里7鄰建華路220巷6號,121.589721,24.000046
RPQOMLKKPHKGFAU76DA,花蓮縣花蓮市建興街１１０巷４弄２８號,花蓮縣花蓮市國興里9鄰建興街110巷4弄28號,121.576182,23.99532
RPPNMLLKPHKGFAU66DA,花蓮縣花蓮市延平街１４８巷１號,花蓮縣花蓮市國魂里18鄰延平街148巷1號,121.59903,23.985966
RPXNMLLKPHKGFAU47DA,花蓮縣花蓮市德安三街１３號五樓之三,花蓮縣花蓮市主權里21鄰德安三街13號,121.590806,23.972891
RPXNMLOKPHKGFAU77DA,花蓮縣花蓮市福光街３５３巷１１號,花蓮縣花蓮市國福里13鄰福光街353巷11號,121.587135,24.012388
RPQOMLLKPHKGFAU86DA,花蓮縣花蓮市富裕一街１６９號八樓之五,花蓮縣花蓮市國裕里6鄰富裕一街169號,121.596965,23.99582
RPQNMLPKPHKGFAU17DA,花蓮縣吉安鄉吉昌二街３００巷１０號,花蓮縣吉安鄉吉安村26鄰吉昌二街300巷10號,121.561182,23.97172
RPUNMLOKPHKGFAU47DA,花蓮縣花蓮市國民七街５３號八樓之十一,花蓮縣花蓮市國盛里4鄰國民七街53號,121.605877,23.991365
RPPNMLQKPHKGFAU17DA,花蓮縣吉安鄉中原路７０７號四樓之二,找不到指定的門牌地址。,,
RPRNMLQKPHKGFAU37DA,花蓮縣花蓮市介林五街２４５號,花蓮縣花蓮市國興里20鄰介林五街245號,121.571254,23.995595
RPWNMLQKPHKGFAU87DA,花蓮縣吉安鄉中正路二段２５０巷１８號,花蓮縣吉安鄉仁和村36鄰中正路二段250巷18號,121.584322,23.957374
RPVNMLKMOHKGFAU27DA,花蓮縣花蓮市福光街３４７巷５１號三樓之二,花蓮縣花蓮市國福里1鄰福光街347巷51號,121.586132,24.013009
RPPOMLQKPHKGFAU27DA,花蓮縣吉安鄉荳蘭五街６巷１１號,花蓮縣吉安鄉宜昌村17鄰荳蘭五街6巷11號,121.582123,23.972394
RPRNMLRKPHKGFAU47DA,花蓮縣花蓮市國民七街５１號十樓之十五,花蓮縣花蓮市國盛里3鄰國民七街51號,121.60583,23.991358
RPTNMLRKPHKGFAU67DA,花蓮縣花蓮市中美十三街６８號三樓之八,花蓮縣花蓮市民政里35鄰中美十三街68號,121.624073,23.998445
RPWNMLRKPHKGFAU97DA,花蓮縣吉安鄉南海二街１９３巷９號,花蓮縣吉安鄉仁安村7鄰南海二街193巷9號,121.593279,23.955456
RPRNMLPKPHKGFAU27DA,花蓮縣花蓮市中央路三段７３０號九樓之二十六,花蓮縣花蓮市國富里35鄰中央路三段730號,121.590858,23.991491
RPXOMLQKPHKGFAU08DA,花蓮縣花蓮市建昌路１５１巷１６號,找不到指定的門牌地址。,,
RPOOMLSKPHKGFAU37DA,花蓮縣花蓮市沙基拉雅街６０號,花蓮縣花蓮市國福里6鄰沙基拉雅街60號,121.579404,24.008891
RPXNMLRKPHKGFAU08DA,花蓮縣吉安鄉南山五街２０巷５號,花蓮縣吉安鄉吉安村2鄰南山五街20巷5號,121.578849,23.974927
RPOOMLQKPHKGFAU17DA,花蓮縣花蓮市富裕七街１６號三樓之七,花蓮縣花蓮市國裕里15鄰富裕七街16號,121.598946,23.995183
RPROMLNLPHKGFAU27DA,花蓮縣花蓮市福光街３５３巷６號,花蓮縣花蓮市國福里13鄰福光街353巷6號,121.587502,24.012339
RPXNMLOLPHKGFAU87DA,花蓮縣花蓮市富安路１０６號三樓之七,花蓮縣花蓮市國裕里18鄰富安路106號,121.599829,23.99554
RPUOMLOLPHKGFAU67DA,花蓮縣花蓮市自強路５０７巷３５號五樓,找不到指定的門牌地址。,,
RPRNMLMJPHKGFAU86DA,花蓮縣花蓮市中美十三街７８號三樓之一,花蓮縣花蓮市民政里35鄰中美十三街78號,121.624202,23.99869
RPPNMLNLPHKGFAU96DA,花蓮縣吉安鄉仁里九街２３之４號二樓,花蓮縣吉安鄉仁里村17鄰仁里九街23號之4,121.591171,23.966009
RPVNMLOLPHKGFAU67DA,花蓮縣吉安鄉華工六路９０巷１３號,花蓮縣吉安鄉光華村14鄰華工六路90巷13號,121.59117,23.939544
RPQNMLPLPHKGFAU27DA,花蓮縣花蓮市水源街９１巷２５號,花蓮縣花蓮市民勤里33鄰水源街91巷25號,121.617005,23.985931
RPRNMLPLPHKGFAU37DA,花蓮縣吉安鄉中山路一段６６號五樓之一,花蓮縣吉安鄉仁里村20鄰中山路一段66號,121.589065,23.965896
RPOOMLPLPHKGFAU17DA,花蓮縣吉安鄉仁光３１號,花蓮縣吉安鄉仁和村24鄰仁光31號,121.582606,23.944078
RPPNMLSLPHKGFAU47DA,花蓮縣花蓮市榮正街１４８號,花蓮縣花蓮市主力里22鄰榮正街148號,121.596701,23.97454
RPRNMLSLPHKGFAU67DA,花蓮縣花蓮市富裕一街１２５號,花蓮縣花蓮市國裕里3鄰富裕一街125號,121.596373,23.994575
RPSNMLTLPHKGFAU87DA,花蓮縣花蓮市東興二街３３號三樓之二,花蓮縣花蓮市民孝里9鄰東興二街33號,121.629769,23.999789
RPUNMLKMPHKGFAU27DA,花蓮縣花蓮市建興街１３７巷３６號,花蓮縣花蓮市國興里10鄰建興街137巷36號,121.574259,23.99631
RPXNMLQLOHKGFAU97DA,花蓮縣吉安鄉福興二街１３號四樓之五,花蓮縣吉安鄉福興村8鄰福興二街13號,121.560935,23.968565
RPQNMLPJPHKGFAU07DA,花蓮縣花蓮市國興一街３００號,花蓮縣花蓮市國盛里32鄰國興一街300號,121.607266,24.000821
RPXNMLKMPHKGFAU57DA,花蓮縣花蓮市國富十一街３２號二樓之二,花蓮縣花蓮市國富里11鄰國富十一街32號,121.595971,23.98982
RPSNMLLJQHKGFAU96DA,花蓮縣吉安鄉中華路５６６巷９號,花蓮縣吉安鄉勝安村1鄰中華路566巷9號,121.588656,23.974444
RPWNMLOJQHKGFAU67DA,花蓮縣吉安鄉慶北三街５０５號,花蓮縣吉安鄉慶豐村55鄰慶北三街505號,121.567762,23.981708
RPQNMLLJQHKGFAU76DA,花蓮縣吉安鄉南山五街１０７號,花蓮縣吉安鄉宜昌村29鄰南山五街107號,121.58081,23.97444
RPTNMLPJQHKGFAU47DA,花蓮縣吉安鄉東里十五街１１１巷１２弄３號,花蓮縣吉安鄉東昌村17鄰東里十五街111巷12弄3號,121.59796,23.961359
RPQOMLKMPHKGFAU96DA,花蓮縣吉安鄉東里十一街６號,花蓮縣吉安鄉東昌村8鄰東里十一街2號,121.597215,23.966044
RPWNMLSJQHKGFAU08DA,花蓮縣吉安鄉中原路７６２號,找不到指定的門牌地址。,,
RPTNMLQJQHKGFAU57DA,花蓮縣花蓮市國聯五路９４號,花蓮縣花蓮市國盛里3鄰國聯五路94號,121.605565,23.991527
RPSNMLPKQHKGFAU47DA,花蓮縣吉安鄉慶豐十五街１３２號,花蓮縣吉安鄉慶豐村44鄰慶豐十五街132號,121.558474,23.985589
RPSNMLOKQHKGFAU37DA,花蓮縣花蓮市北昌一街９７巷１１號,找不到指定的門牌地址。,,
RPPNMLRKPHKGFAU27DA,花蓮縣花蓮市中山路１５８號,花蓮縣花蓮市民生里6鄰中山路158號,121.609156,23.977484
RPSNMLSKQHKGFAU77DA,花蓮縣花蓮市國民十一街３號三樓之二,花蓮縣花蓮市國聯里32鄰國民十一街3號,121.604184,23.994835
RPUNMLLLQHKGFAU37DA,花蓮縣吉安鄉明仁二街２０２巷１９號,花蓮縣吉安鄉永安村11鄰明仁二街202巷19號,121.574074,23.991159
RPVNMLLLQHKGFAU47DA,花蓮縣吉安鄉南海八街１５９之６號,花蓮縣吉安鄉仁安村24鄰南海八街159之6號,121.590402,23.944483
RPPNMLMLQHKGFAU96DA,花蓮縣花蓮市建國路９５巷１５號,花蓮縣花蓮市國華里7鄰建國路95巷15號,121.602666,23.98288
RPSNMLMLQHKGFAU27DA,花蓮縣花蓮市中原路５３３巷３２之１２號二樓之二,花蓮縣花蓮市主權里12鄰中原路533巷32之12號,121.594956,23.972346
RPUNMLMLQHKGFAU47DA,花蓮縣花蓮市中山路４１１之１號,花蓮縣花蓮市國華里4鄰中山路411之1號,121.604923,23.982396
RPPNMLPLQHKGFAU27DA,花蓮縣花蓮市中華路３２５之２１號,花蓮縣花蓮市主力里20鄰中華路325之21號,121.598152,23.97485
RPSNMLLJRHKGFAU07DA,花蓮縣吉安鄉南海二街２６２巷４號,花蓮縣吉安鄉仁和村5鄰南海二街262巷4號,121.591027,23.956966
RPPNMLKMQHKGFAU86DA,花蓮縣花蓮市富裕一街１６９號六樓之三,花蓮縣花蓮市國裕里6鄰富裕一街169號,121.596965,23.99582
RPUOMLPKNHKGFAU47DA,花蓮縣花蓮市德安一街５７號,花蓮縣花蓮市主權里11鄰德安一街57號,121.595679,23.973958
RPQNMLKKOHKGFAU56DA,花蓮縣吉安鄉中華路二段３２８號,花蓮縣吉安鄉宜昌村32鄰中華路二段328號,121.579837,23.973557
RPRNMLKKOHKGFAU66DA,花蓮縣吉安鄉南埔十一街２２號,花蓮縣吉安鄉仁里村30鄰南埔十一街22號,121.589392,23.968872
RPWOMLPKNHKGFAU67DA,花蓮縣吉安鄉吉豐路三段６４３巷２６號,花蓮縣吉安鄉永興村11鄰吉豐路三段643巷26號,121.552801,23.945948
RPSNMLKKOHKGFAU76DA,花蓮縣花蓮市華廈街９３號四樓之三,花蓮縣花蓮市民享里9鄰華廈街93號,121.621958,24.005886
RPPNMLLLNHKGFAU56DA,花蓮縣花蓮市長安街２７號十一樓之一,花蓮縣花蓮市主農里8鄰長安街27號,121.597191,23.967067
RPSNMLMKOHKGFAU96DA,花蓮縣花蓮市中華路４９６號,花蓮縣花蓮市主權里4鄰中華路496號,121.591823,23.974595
RPVNMLQKOHKGFAU67DA,花蓮縣花蓮市德安六街１０５巷１０號七樓,花蓮縣花蓮市主權里1鄰德安六街105巷10號,121.589747,23.973434
RPXNMLQKOHKGFAU87DA,花蓮縣吉安鄉太昌路３５２號,花蓮縣吉安鄉太昌村4鄰太昌路352號,121.569608,23.990466
RPUOMLQKOHKGFAU67DA,花蓮縣吉安鄉吉昌三街２６７巷１１號,花蓮縣吉安鄉福興村13鄰吉昌三街267巷11號,121.563125,23.968599
RPPNMLRKOHKGFAU17DA,花蓮縣吉安鄉文化五街６２號二樓,花蓮縣吉安鄉南昌村15鄰文化五街62號,121.580731,23.970466
RPUNMLTKOHKGFAU87DA,花蓮縣花蓮市國聯二路８３號三樓之七,花蓮縣花蓮市國聯里16鄰國聯二路83號,121.603223,23.989657
RPWNMLTKOHKGFAU08DA,花蓮縣吉安鄉全民街１３９號四樓,花蓮縣吉安鄉永興村19鄰全民街139號,121.571633,23.937425
RPTNMLQKOHKGFAU47DA,花蓮縣吉安鄉昌隆五街１１號,花蓮縣吉安鄉南昌村23鄰昌隆五街11號,121.580828,23.967618
RPVNMLTKOHKGFAU97DA,花蓮縣花蓮市豐村２９之５號,花蓮縣花蓮市國強里3鄰豐村29之5號,121.602586,24.0009
RPQNMLRKOHKGFAU27DA,花蓮縣花蓮市球崙街３６號,花蓮縣花蓮市民享里20鄰球崙街36號,121.621195,24.002459
RPXNMLNLOHKGFAU67DA,花蓮縣花蓮市建林街４５之１號,花蓮縣花蓮市國風里14鄰建林街45之1號,121.598536,23.979112
RPPNMLSJNHKGFAU07DA,花蓮縣吉安鄉海岸路４６之１號,花蓮縣吉安鄉仁和村1鄰海岸路46號之1,121.591084,23.961969
RPPNMLNLOHKGFAU86DA,花蓮縣吉安鄉太昌路３４０巷５弄１５號,花蓮縣吉安鄉太昌村4鄰太昌路340巷5弄15號,121.569435,23.990817
RPXNMLSKOHKGFAU08DA,花蓮縣花蓮市國聯三路５３號六樓之八,花蓮縣花蓮市國聯里26鄰國聯三路53號,121.604427,23.990743
RPQNMLPLOHKGFAU17DA,花蓮縣花蓮市國民七街５１號四樓之二,花蓮縣花蓮市國盛里3鄰國民七街51號,121.60583,23.991358
RPRNMLQLOHKGFAU37DA,花蓮縣吉安鄉明義七街９９巷１６弄１４號,花蓮縣吉安鄉太昌村21鄰明義七街99巷16弄14號,121.556359,23.990763
RPVNMLRLOHKGFAU87DA,花蓮縣吉安鄉仁里四街１６５號三樓之二,花蓮縣吉安鄉仁里村28鄰仁里四街165號,121.587463,23.969974
RPQNMLKMOHKGFAU76DA,花蓮縣吉安鄉吉祥一街３５號十四樓之一,花蓮縣吉安鄉宜昌村10鄰吉祥一街35號,121.585674,23.975275
RPWNMLNKNHKGFAU37DA,花蓮縣花蓮市福建街２２４號,花蓮縣花蓮市主和里30鄰福建街224號,121.602991,23.970286
RPUNMLKLOHKGFAU07DA,花蓮縣吉安鄉東里七街１１號,花蓮縣吉安鄉東昌村26鄰東里七街11號,121.593498,23.964331
RPROMLRLOHKGFAU57DA,花蓮縣花蓮市和平路４９３巷１９號四樓之一,花蓮縣花蓮市主力里11鄰和平路493巷19號,121.600892,23.976292
RPOOMLKMOHKGFAU66DA,花蓮縣花蓮市中興路５號七樓之五,花蓮縣花蓮市民樂里14鄰中興路5號,121.633253,23.992381
RPQNMLMJPHKGFAU76DA,花蓮縣花蓮市德安五街３２號四樓之二,花蓮縣花蓮市主權里13鄰德安五街32號,121.593002,23.97257
RPPNMLNJPHKGFAU76DA,花蓮縣花蓮市林園１１之４０號,花蓮縣花蓮市民孝里8鄰林園11之40號,121.630744,23.999852
RPSNMLOJPHKGFAU17DA,花蓮縣花蓮市國富十街２１０號四樓之五,花蓮縣花蓮市國富里31鄰國富十街210號,121.595115,23.993693
RPTNMLNLOHKGFAU27DA,花蓮縣吉安鄉永吉一街３３號,花蓮縣吉安鄉永興村3鄰永吉一街28之1號,121.569137,23.954827
RPOOMLOJPHKGFAU86DA,花蓮縣花蓮市國風街２３號,花蓮縣花蓮市國風里7鄰國風街23號,121.597767,23.977177
RPXNMLRLOHKGFAU08DA,花蓮縣吉安鄉仁里三街１７巷１２號,花蓮縣吉安鄉仁里村8鄰仁里三街17巷12號,121.592029,23.968962
RPUNMLKKPHKGFAU07DA,花蓮縣花蓮市中福路２３３號,花蓮縣花蓮市主力里3鄰中福路233號,121.600022,23.97452
RPRNMLLKPHKGFAU86DA,花蓮縣花蓮市中正路５２號,花蓮縣花蓮市主農里18鄰中正路52號,121.595636,23.969334
RPOOMLOKPHKGFAU96DA,花蓮縣吉安鄉南海四街２７６巷２９號,花蓮縣吉安鄉仁和村12鄰南海四街276巷29號,121.58877,23.954402
RPTNMLQKPHKGFAU57DA,花蓮縣花蓮市中美路２２７號三樓之二,花蓮縣花蓮市民孝里2鄰中美路227號,121.629562,23.99606
RPSOMLQKPHKGFAU57DA,花蓮縣吉安鄉仁里二街６號,花蓮縣吉安鄉仁里村23鄰仁里二街6號,121.589297,23.972021
RPXNMLQKPHKGFAU97DA,花蓮縣花蓮市介林三街４號,花蓮縣花蓮市國興里15鄰介林三街4號,121.572588,23.994765
RPQPMLLLPHKGFAU07DA,花蓮縣花蓮市忠義二街６１號,花蓮縣花蓮市民運里32鄰忠義二街61號,121.631756,23.995591
RPPOMLLLPHKGFAU86DA,花蓮縣花蓮市明智街７６號,花蓮縣花蓮市國安里14鄰明智街76號,121.605244,23.98508
RPWOMLLLPHKGFAU57DA,花蓮縣花蓮市明智街７６號三樓,花蓮縣花蓮市國安里14鄰明智街76號,121.605244,23.98508
RPOPMLLLPHKGFAU86DA,花蓮縣花蓮市明智街７６號四樓,花蓮縣花蓮市國安里14鄰明智街76號,121.605244,23.98508
RPPPMLLLPHKGFAU96DA,花蓮縣花蓮市明智街７６號五樓,花蓮縣花蓮市國安里14鄰明智街76號,121.605244,23.98508
RPWNMLNLPHKGFAU67DA,花蓮縣吉安鄉吉興一街３７３巷５８弄６號,花蓮縣吉安鄉吉安村28鄰吉興一街373巷58弄6號,121.575695,23.974034
RPUNMLPLPHKGFAU67DA,花蓮縣花蓮市中山路５３５巷２５之２號三樓,花蓮縣花蓮市國魂里11鄰中山路535巷25之2號,121.601204,23.985658
RPQNMLSLPHKGFAU57DA,花蓮縣花蓮市國盛八街８９號五樓之八,花蓮縣花蓮市國盛里22鄰國盛八街89號,121.606834,23.995885
RPPNMLPLOHKGFAU17EA,花蓮縣花蓮市進豐街１１３巷１弄９號,花蓮縣花蓮市國防里8鄰進豐街113巷1弄9號,121.605868,23.986554
RPTNMLTLPHKGFAU97DA,花蓮縣吉安鄉吉祥六街７５巷９號,花蓮縣吉安鄉宜昌村27鄰吉祥六街75巷9號,121.582757,23.976154
RPPOMLNLPHKGFAU07DA,花蓮縣花蓮市中和街２９號,花蓮縣花蓮市主和里39鄰中和街29號,121.60278,23.969256
RPOOMLSJPHKGFAU27DA,花蓮縣花蓮市中美路９３巷２號四樓之一,花蓮縣花蓮市民勤里12鄰中美路93巷2號,121.624589,23.990217
RPTNMLPKQHKGFAU57DA,花蓮縣吉安鄉慶北三街５６５號,花蓮縣吉安鄉慶豐村33鄰慶北三街565號,121.56608,23.982603
RPRNMLSKQHKGFAU67DA,花蓮縣花蓮市富裕一街７巷１弄１號,花蓮縣花蓮市國裕里1鄰富裕一街7巷1弄1號,121.598574,23.991641
RPXNMLPJOHKGFAU67DA,花蓮縣吉安鄉福昌一街２３號,花蓮縣吉安鄉福興村5鄰福昌一街23號,121.559183,23.969936
RPUNMLOJOHKGFAU27DA,花蓮縣吉安鄉華工六路６０巷４３號八樓之二,花蓮縣吉安鄉光華村16鄰華工六路60巷43號,121.592618,23.938119
RPQNMLNKOHKGFAU86DA,花蓮縣吉安鄉慶豐十街１２６巷１４號,花蓮縣吉安鄉慶豐村55鄰慶豐十街126巷14號,121.567464,23.981525
RPUNMLKKOHKGFAU96DA,花蓮縣花蓮市中山路５３５巷５號,花蓮縣花蓮市國魂里3鄰中山路535巷5號,121.601473,23.986049
RPUNMLQKOHKGFAU57DA,花蓮縣吉安鄉吉興一街３７２巷４２號,花蓮縣吉安鄉吉安村3鄰吉興一街372巷42號,121.578522,23.974087
RPWNMLRKOHKGFAU87DA,花蓮縣吉安鄉吉祥一街３５號十樓之四,花蓮縣吉安鄉宜昌村10鄰吉祥一街35號,121.585674,23.975275
RPQOMLRKOHKGFAU37DA,花蓮縣吉安鄉海岸路６４５巷４２弄８號,花蓮縣吉安鄉仁安村16鄰海岸路645巷42弄8號,121.587284,23.941209
RPUNMLSKOHKGFAU77DA,花蓮縣花蓮市富裕十一街１５號,花蓮縣花蓮市國裕里18鄰富裕十一街15號,121.600382,23.996231
RPPOMLOLOHKGFAU07DA,花蓮縣花蓮市新港街１４號,花蓮縣花蓮市國治里8鄰新港街14號,121.607755,23.97791
RPWNMLNLOHKGFAU57DA,花蓮縣花蓮市富祥街７０號三樓之三,花蓮縣花蓮市國富里38鄰富祥街70號,121.593099,23.992784
RPOOMLTKNHKGFAU27DA,花蓮縣吉安鄉吉安路一段１６０巷３弄１２號,花蓮縣吉安鄉永安村26鄰吉安路一段160巷3弄12號,121.570511,23.985507
RPQNMLMLNHKGFAU76DA,花蓮縣花蓮市國盛七街５１號,花蓮縣花蓮市國盛里28鄰國盛七街51號,121.608774,23.993255
RPPNMLKMOHKGFAU66DA,花蓮縣吉安鄉稻香路１２號,花蓮縣吉安鄉稻香村16鄰稻香路12號,121.572114,23.962004
RPXNMLKMOHKGFAU47DA,花蓮縣吉安鄉文化七街３８號之３,花蓮縣吉安鄉南昌村3鄰文化七街38號之3,121.580406,23.971074
RPRNMLNJPHKGFAU96DA,花蓮縣吉安鄉荳蘭三街６０號七樓之三,花蓮縣吉安鄉宜昌村13鄰荳蘭三街60號,121.584104,23.97321
RPSNMLNJPHKGFAU07DA,花蓮縣吉安鄉荳蘭三街６０號六樓之三,花蓮縣吉安鄉宜昌村13鄰荳蘭三街60號,121.584104,23.97321
RPQNMLOJPHKGFAU96DA,花蓮縣吉安鄉建國路一段１２１巷３９號四樓之二,花蓮縣吉安鄉吉昌村9鄰建國路一段121巷39號,121.591945,23.984327
RPQNMLSJPHKGFAU37DA,花蓮縣吉安鄉太昌路４６３巷６號,花蓮縣吉安鄉太昌村9鄰太昌路463巷6號,121.565107,23.992449
RPSNMLKKPHKGFAU86DA,花蓮縣花蓮市化道路１８６號,花蓮縣花蓮市民享里2鄰化道路186號,121.6211,24.001435
RPVNMLLKPHKGFAU27DA,花蓮縣吉安鄉稻香路１２之１號,花蓮縣吉安鄉稻香村16鄰稻香路12之1號,121.572243,23.962119
RPVNMLQKPHKGFAU77DA,花蓮縣吉安鄉中原路一段３７號,花蓮縣吉安鄉勝安村5鄰中原路一段37號,121.590301,23.977613
RPSNMLOKPHKGFAU27DA,花蓮縣吉安鄉永興七街７號三樓之五,花蓮縣吉安鄉永興村4鄰永興七街7號,121.566729,23.953212
RPWNMLOJPHKGFAU57DA,花蓮縣花蓮市大同街１１２號,花蓮縣花蓮市國光里2鄰大同街112號,121.609038,23.982316
SPWNMLOJPHKGFAU67DA,花蓮縣花蓮市大同街１１２之２號,花蓮縣花蓮市國光里2鄰大同街112之2號,121.609038,23.982316
RPXNMLRJPHKGFAU97DA,花蓮縣吉安鄉廣豐路２００號,花蓮縣吉安鄉稻香村19鄰廣豐路200號,121.571029,23.957844
RPPNMLLMPHKGFAU86DA,花蓮縣花蓮市中山路一段１３８巷７６號,花蓮縣花蓮市國慶里1鄰中山路一段138巷76號,121.593102,24.000848
RPUNMLSJQHKGFAU87DA,花蓮縣花蓮市國盛四街５１號七樓之十七,花蓮縣花蓮市國盛里23鄰國盛四街51號,121.607395,23.994675
RPUNMLRJQHKGFAU77DA,花蓮縣吉安鄉中正路一段１５８巷１０號,花蓮縣吉安鄉仁里村17鄰中正路一段158巷10號,121.589699,23.965685
RPUNMLOKQHKGFAU57DA,花蓮縣花蓮市中興路５號三樓之一,花蓮縣花蓮市民樂里14鄰中興路5號,121.633253,23.992381
RPWNMLOKQHKGFAU77DA,花蓮縣花蓮市國富二十四街５０號二樓之二,花蓮縣花蓮市國富里28鄰國富二十四街50號,121.593391,23.992639
RPRNMLTLQHKGFAU87DA,花蓮縣花蓮市民德一街６３號四樓之二,花蓮縣花蓮市民德里10鄰民德一街63號,121.622101,23.986257
RPUQMLTLMHKGFAU08DA,花蓮縣花蓮市國富二街９５號四樓之五,花蓮縣花蓮市國富里13鄰國富二街95號,121.59508,23.989426
RPORMLTLMHKGFAU57DA,花蓮縣花蓮市中正路５６２之３號,花蓮縣花蓮市民生里7鄰中正路562之2號,121.609075,23.978154
RPXNMLRJNHKGFAU77DA,花蓮縣吉安鄉東海一街４６號,花蓮縣吉安鄉東昌村1鄰東海一街44號,121.595585,23.967424
RPOOMLQKOHKGFAU07DA,花蓮縣花蓮市莊敬路３１９號,花蓮縣花蓮市國富里36鄰莊敬路319號,121.592284,23.991985
RPQOMLQKOHKGFAU27DA,花蓮縣吉安鄉荳蘭三街６０號五樓之一,花蓮縣吉安鄉宜昌村13鄰荳蘭三街60號,121.584104,23.97321
RPPNMLTKOHKGFAU37DA,花蓮縣吉安鄉南濱路一段３９巷９號,花蓮縣吉安鄉東昌村38鄰南濱路一段39巷9號,121.603601,23.956904
RPTNMLOKMHKGFAU07DA,花蓮縣花蓮市南京街９１號,花蓮縣花蓮市主學里3鄰南京街91號,121.603579,23.972906
RPWNMLSKOHKGFAU97DA,花蓮縣花蓮市建興街１１０巷３弄３號,花蓮縣花蓮市國興里9鄰建興街110巷3弄3號,121.576156,23.994955
RPVNMLQLOHKGFAU77DA,花蓮縣花蓮市介智街３５巷２０號,花蓮縣花蓮市國興里21鄰介智街35巷20號,121.571247,23.996124
RPUNMLMJPHKGFAU17DA,花蓮縣花蓮市美工六街４０號,花蓮縣花蓮市民心里14鄰美工六街40號,121.622172,24.009416
RPROMLOLPHKGFAU37DA,花蓮縣花蓮市富裕七街１９號二樓之二,花蓮縣花蓮市國裕里14鄰富裕七街19號,121.598772,23.994976
RPUNMLKLNHKGFAU96DA,花蓮縣花蓮市中華路４４２號,花蓮縣花蓮市主權里7鄰中華路442號,121.593922,23.974747
RPRNMLTKOHKGFAU57DA,花蓮縣吉安鄉勝安三街４１號,花蓮縣吉安鄉勝安村27鄰勝安三街41號,121.584312,23.978455
RPPNMLTLQHKGFAU67DA,花蓮縣吉安鄉光華二街６０巷３７號,花蓮縣吉安鄉光華村9鄰光華二街60巷37號,121.579578,23.937944
RPQNMLQKOHKGFAU17DA,花蓮縣吉安鄉明義六街３６巷１８號,花蓮縣吉安鄉太昌村15鄰明義六街36巷18號,121.557927,23.996269
RPTNMLNJPHKGFAU17DA,花蓮縣吉安鄉荳蘭三街６０號七樓之一,花蓮縣吉安鄉宜昌村13鄰荳蘭三街60號,121.584104,23.97321
RPUNMLNJPHKGFAU27DA,花蓮縣吉安鄉荳蘭三街６０號六樓之一,花蓮縣吉安鄉宜昌村13鄰荳蘭三街60號,121.584104,23.97321
RPTOMLLLPHKGFAU27DA,花蓮縣花蓮市美工六街２６號,花蓮縣花蓮市民心里3鄰美工六街26號,121.625095,24.012162
RPXNMLKLQHKGFAU57DA,花蓮縣吉安鄉荳蘭三街５８號三樓之一,花蓮縣吉安鄉宜昌村13鄰荳蘭三街58號,121.584391,23.973226
RPSNMLNJOHKGFAU96DA,花蓮縣花蓮市東興二街２８巷９０號,花蓮縣花蓮市民孝里8鄰東興二街28巷90號,121.631728,23.999759
RPPOMLQJOHKGFAU07DA,花蓮縣吉安鄉荳蘭三街６０號二樓之二,花蓮縣吉安鄉宜昌村13鄰荳蘭三街60號,121.584104,23.97321
RPPNMLKLQHKGFAU76DA,花蓮縣吉安鄉荳蘭三街６０號五樓之二,花蓮縣吉安鄉宜昌村13鄰荳蘭三街60號,121.584104,23.97321
RPROMLQKOHKGFAU37DA,花蓮縣吉安鄉荳蘭三街６０號十一樓之一,花蓮縣吉安鄉宜昌村13鄰荳蘭三街60號,121.584104,23.97321
RPQNMLMLOHKGFAU86DA,花蓮縣吉安鄉荳蘭三街５８號三樓之二,花蓮縣吉安鄉宜昌村13鄰荳蘭三街58號,121.584391,23.973226
RPXNMLQJOHKGFAU77DA,花蓮縣吉安鄉荳蘭三街５８號五樓之二,花蓮縣吉安鄉宜昌村13鄰荳蘭三街58號,121.584391,23.973226
RPQNMLLLPHKGFAU86DA,花蓮縣吉安鄉勝安四街５號二樓之一,花蓮縣吉安鄉勝安村24鄰勝安四街5號,121.582427,23.977183
RPROMLPLPHKGFAU47DA,花蓮縣吉安鄉中央路三段２０號三樓之二,花蓮縣吉安鄉勝安村24鄰中央路三段20號,121.582317,23.977364
RPTOMLPLPHKGFAU67DA,花蓮縣吉安鄉中央路三段２０號四樓之二,花蓮縣吉安鄉勝安村24鄰中央路三段20號,121.582317,23.977364
RPUOMLLLPHKGFAU37DA,花蓮縣吉安鄉勝安四街５號四樓之二,花蓮縣吉安鄉勝安村24鄰勝安四街5號,121.582427,23.977183
RPUOMLPLPHKGFAU77DA,花蓮縣吉安鄉中央路三段２０號五樓之一,花蓮縣吉安鄉勝安村24鄰中央路三段20號,121.582317,23.977364
RPWOMLPLPHKGFAU97DA,花蓮縣吉安鄉中央路三段２０號六樓之一,花蓮縣吉安鄉勝安村24鄰中央路三段20號,121.582317,23.977364
RPTNMLLLPHKGFAU17DA,花蓮縣吉安鄉勝安四街５號四樓之一,花蓮縣吉安鄉勝安村24鄰勝安四街5號,121.582427,23.977183
RPSOMLLJQHKGFAU07DA,花蓮縣花蓮市林森路４３９巷３９號七樓之二,花蓮縣花蓮市國光里14鄰林森路439巷39號,121.607857,23.984704
RPPOMLOJQHKGFAU07DA,花蓮縣花蓮市林森路４３９巷３９號二樓之三,花蓮縣花蓮市國光里14鄰林森路439巷39號,121.607857,23.984704
RPOOMLQJOHKGFAU96DA,花蓮縣吉安鄉荳蘭三街６０號六樓之二,花蓮縣吉安鄉宜昌村13鄰荳蘭三街60號,121.584104,23.97321
RPPOMLSKQHKGFAU57DA,花蓮縣吉安鄉明義七街９９巷６２號,花蓮縣吉安鄉太昌村21鄰明義七街99巷62號,121.557918,23.989666
RPSOMLPLPHKGFAU57DA,花蓮縣吉安鄉中央路三段２０號四樓之一,花蓮縣吉安鄉勝安村24鄰中央路三段20號,121.582317,23.977364
RPQOMLLLPHKGFAU96DA,花蓮縣吉安鄉勝安四街５號六樓之一,花蓮縣吉安鄉勝安村24鄰勝安四街5號,121.582427,23.977183
RPTNMLTJOHKGFAU67DA,花蓮縣吉安鄉荳蘭三街５８號六樓之一,花蓮縣吉安鄉宜昌村13鄰荳蘭三街58號,121.584391,23.973226
RPRNMLLLPHKGFAU96DA,花蓮縣吉安鄉勝安四街５號三樓之一,花蓮縣吉安鄉勝安村24鄰勝安四街5號,121.582427,23.977183
RPQNMLMLQHKGFAU07DA,花蓮縣吉安鄉中央路三段２０號三樓之一,花蓮縣吉安鄉勝安村24鄰中央路三段20號,121.582317,23.977364
RPQOMLQJOHKGFAU17DA,花蓮縣吉安鄉荳蘭三街６０號三樓之二,花蓮縣吉安鄉宜昌村13鄰荳蘭三街60號,121.584104,23.97321
RPSOMLQJOHKGFAU37DA,花蓮縣吉安鄉荳蘭三街６０號三樓之一,花蓮縣吉安鄉宜昌村13鄰荳蘭三街60號,121.584104,23.97321
RPUNMLMJRHKGFAU37DA,花蓮縣花蓮市富裕二街９５號六樓之三,花蓮縣花蓮市國裕里13鄰富裕二街95號,121.600128,23.99479
RPXOMLPLPHKGFAU08DA,花蓮縣吉安鄉中央路三段２０號六樓之二,花蓮縣吉安鄉勝安村24鄰中央路三段20號,121.582317,23.977364
RPSPMLLLPHKGFAU27DA,花蓮縣吉安鄉荳蘭三街５８號六樓之二,花蓮縣吉安鄉宜昌村13鄰荳蘭三街58號,121.584391,23.973226
RPSOMLLLPHKGFAU17DA,花蓮縣吉安鄉勝安四街５號六樓之二,花蓮縣吉安鄉勝安村24鄰勝安四街5號,121.582427,23.977183
RPVNMLQJOHKGFAU57DA,花蓮縣吉安鄉荳蘭三街６０號十樓之一,花蓮縣吉安鄉宜昌村13鄰荳蘭三街60號,121.584104,23.97321
RPVNMLLLPHKGFAU37DA,花蓮縣吉安鄉勝安四街５號五樓之一,花蓮縣吉安鄉勝安村24鄰勝安四街5號,121.582427,23.977183
RPOOMLOJOHKGFAU76DA,花蓮縣花蓮市中華路３１８號四樓之二,花蓮縣花蓮市主力里18鄰中華路318號,121.597494,23.975027
RPPNMLMLOHKGFAU76DA,花蓮縣吉安鄉荳蘭三街６０號二樓之一,花蓮縣吉安鄉宜昌村13鄰荳蘭三街60號,121.584104,23.97321
RPXNMLKLOHKGFAU37DA,花蓮縣吉安鄉荳蘭三街６０號十樓之二,花蓮縣吉安鄉宜昌村13鄰荳蘭三街60號,121.584104,23.97321
RPSNMLKLOHKGFAU86DA,花蓮縣花蓮市中原路６５８號十三樓,花蓮縣花蓮市主權里7鄰中原路658號,121.594182,23.975387
RPSOMLLJRHKGFAU17DA,花蓮縣花蓮市富裕二街９５號二樓之三,花蓮縣花蓮市國裕里13鄰富裕二街95號,121.600128,23.99479
RPXNMLLJQHKGFAU47DA,花蓮縣花蓮市林森路４３９巷３９號六樓之二,花蓮縣花蓮市國光里14鄰林森路439巷39號,121.607857,23.984704
RPXNMLOJQHKGFAU77DA,花蓮縣花蓮市林森路４３９巷３９號二樓之一,花蓮縣花蓮市國光里14鄰林森路439巷39號,121.607857,23.984704
RPUOMLOJQHKGFAU57DA,花蓮縣花蓮市林森路４３９巷３９號三樓之五,花蓮縣花蓮市國光里14鄰林森路439巷39號,121.607857,23.984704
RPQOMLPLPHKGFAU37DA,花蓮縣吉安鄉中央路三段２０號二樓之二,花蓮縣吉安鄉勝安村24鄰中央路三段20號,121.582317,23.977364
RPPOMLQKOHKGFAU17DA,花蓮縣吉安鄉荳蘭三街６０號七樓之二,花蓮縣吉安鄉宜昌村13鄰荳蘭三街60號,121.584104,23.97321
RPPOMLLJRHKGFAU86DA,花蓮縣花蓮市富裕二街９５號,花蓮縣花蓮市國裕里13鄰富裕二街95號,121.600128,23.99479
RPQNMLLJRHKGFAU86DA,花蓮縣花蓮市富裕二街９５號四樓之一,花蓮縣花蓮市國裕里13鄰富裕二街95號,121.600128,23.99479
RPQOMLLJRHKGFAU96DA,花蓮縣花蓮市富裕二街９５號六樓之一,花蓮縣花蓮市國裕里13鄰富裕二街95號,121.600128,23.99479
RPROMLLJRHKGFAU07DA,花蓮縣花蓮市富裕二街９５號四樓之五,花蓮縣花蓮市國裕里13鄰富裕二街95號,121.600128,23.99479
RPXOMLLLPHKGFAU67DA,花蓮縣吉安鄉勝安四街５號五樓之二,花蓮縣吉安鄉勝安村24鄰勝安四街5號,121.582427,23.977183
RPOOMLOJQHKGFAU96DA,花蓮縣花蓮市林森路４３９巷３９號二樓之二,花蓮縣花蓮市國光里14鄰林森路439巷39號,121.607857,23.984704
RPSNMLLLPHKGFAU07DA,花蓮縣吉安鄉勝安四街５號三樓之二,花蓮縣吉安鄉勝安村24鄰勝安四街5號,121.582427,23.977183
RPVOMLLJQHKGFAU37DA,花蓮縣花蓮市林森路４３９巷３９號七樓之一,花蓮縣花蓮市國光里14鄰林森路439巷39號,121.607857,23.984704
RPTOMLOJQHKGFAU47DA,花蓮縣花蓮市林森路４３９巷３９號三樓之三,花蓮縣花蓮市國光里14鄰林森路439巷39號,121.607857,23.984704
RPROMLLJQHKGFAU96DA,花蓮縣花蓮市林森路４３９巷３９號六樓之五,花蓮縣花蓮市國光里14鄰林森路439巷39號,121.607857,23.984704
RPROMLOJQHKGFAU27DA,花蓮縣花蓮市林森路４３９巷３９號三樓之一,花蓮縣花蓮市國光里14鄰林森路439巷39號,121.607857,23.984704
RPPOMLLMPHKGFAU96DA,花蓮縣花蓮市林森路４３９巷３９號四樓之五,花蓮縣花蓮市國光里14鄰林森路439巷39號,121.607857,23.984704
RPWOMLLJQHKGFAU47DA,花蓮縣花蓮市林森路４３９巷３９號八樓之二,花蓮縣花蓮市國光里14鄰林森路439巷39號,121.607857,23.984704
RPWNMLLMPHKGFAU57DA,花蓮縣花蓮市林森路４３９巷３９號五樓之三,花蓮縣花蓮市國光里14鄰林森路439巷39號,121.607857,23.984704
RPSOMLOJQHKGFAU37DA,花蓮縣花蓮市林森路４３９巷３９號三樓之二,花蓮縣花蓮市國光里14鄰林森路439巷39號,121.607857,23.984704
RPSNMLOJQHKGFAU27DA,花蓮縣花蓮市林森路４３９巷３９號四樓之二,花蓮縣花蓮市國光里14鄰林森路439巷39號,121.607857,23.984704
RPOOMLLJQHKGFAU66DA,花蓮縣花蓮市林森路４３９巷３９號六樓之三,花蓮縣花蓮市國光里14鄰林森路439巷39號,121.607857,23.984704
RPXNMLLMPHKGFAU67DA,花蓮縣花蓮市林森路４３９巷３９號五樓之二,花蓮縣花蓮市國光里14鄰林森路439巷39號,121.607857,23.984704
RPTNMLOJQHKGFAU37DA,花蓮縣花蓮市林森路４３９巷３９號四樓之三,花蓮縣花蓮市國光里14鄰林森路439巷39號,121.607857,23.984704
RPOOMLLMPHKGFAU86DA,花蓮縣花蓮市林森路４３９巷３９號五樓之一,花蓮縣花蓮市國光里14鄰林森路439巷39號,121.607857,23.984704
RPSOMLLMPHKGFAU27DA,花蓮縣花蓮市林森路４３９巷３９號四樓之一,花蓮縣花蓮市國光里14鄰林森路439巷39號,121.607857,23.984704
RPUNMLPJOHKGFAU37DA,花蓮縣花蓮市中華路３１８號三樓之一,花蓮縣花蓮市主力里18鄰中華路318號,121.597494,23.975027
RPPNMLRJQHKGFAU27DA,花蓮縣吉安鄉荳蘭三街６０號五樓之三,花蓮縣吉安鄉宜昌村13鄰荳蘭三街60號,121.584104,23.97321
RPVNMLNJPHKGFAU37DA,花蓮縣吉安鄉荳蘭三街６０號四樓之一,花蓮縣吉安鄉宜昌村13鄰荳蘭三街60號,121.584104,23.97321
RPQNMLKLOHKGFAU66DA,花蓮縣花蓮市中原路６５８號十一樓之一,花蓮縣花蓮市主權里7鄰中原路658號,121.594182,23.975387
RPTNMLPLOHKGFAU47DA,花蓮縣吉安鄉荳蘭三街６０號四樓之三,花蓮縣吉安鄉宜昌村13鄰荳蘭三街60號,121.584104,23.97321
RPPNMLPJKIKGFAU56DA,花蓮縣花蓮市國民七街５３號十一樓之十五,花蓮縣花蓮市國盛里4鄰國民七街53號,121.605877,23.991365
RPRNMLLLJIKGFAU09DA,花蓮縣花蓮市民族路１號七樓之十二,花蓮縣花蓮市民運里4鄰民族路1號,121.631201,23.995093
RPWNMLNKJIKGFAU07DA,花蓮縣吉安鄉民治路２８２號三樓之二,花蓮縣吉安鄉勝安村34鄰民治路282號,121.587509,23.981959
RPOOMLRKJIKGFAU76DA,花蓮縣花蓮市德安六街１０５巷１號六樓之二,花蓮縣花蓮市主權里1鄰德安六街105巷1號,121.589552,23.973607
RPWNMLPLJIKGFAU37DA,花蓮縣花蓮市東興二街３５號五樓之一,花蓮縣花蓮市民孝里9鄰東興二街35號,121.629805,24.000105
RPUNMLRLJIKGFAU37DA,花蓮縣花蓮市中央路三段７３０號十一樓之十一,花蓮縣花蓮市國富里35鄰中央路三段730號,121.590858,23.991491
RPPOMLLJKIKGFAU88DA,花蓮縣花蓮市中興路５號八樓之五,花蓮縣花蓮市民樂里14鄰中興路5號,121.633253,23.992381
RPSNMLPLJIKGFAU96DA,花蓮縣花蓮市富裕二街９５號六樓之一,花蓮縣花蓮市國裕里13鄰富裕二街95號,121.600128,23.99479
RPXNMLRLJIKGFAU67DA,花蓮縣花蓮市富裕三街４２號五樓之二,花蓮縣花蓮市國裕里10鄰富裕三街42號,121.598371,23.993839
RPQNMLSLJIKGFAU07DA,花蓮縣花蓮市介林五街３６號,花蓮縣花蓮市國興里6鄰介林五街36號,121.577216,23.993935
RPXNMLLLJIKGFAU07DA,花蓮縣花蓮市豐村１５６之２號,花蓮縣花蓮市國強里12鄰豐村156之2號,121.605217,24.007042
RPOPMLMJKIKGFAU98DA,花蓮縣花蓮市華廈街３８號三樓之一,花蓮縣花蓮市民享里15鄰華廈街38號,121.620555,24.005262
RPRNMLNJKIKGFAU56DA,花蓮縣花蓮市國民四街１號三樓之一,花蓮縣花蓮市國聯里19鄰國民四街1號,121.603799,23.989038
RPQNMLOJKIKGFAU56DA,花蓮縣花蓮市建興街１３７巷１號,花蓮縣花蓮市國興里10鄰建興街137巷1號,121.57499,23.995881
RPOOMLOJKIKGFAU09DA,花蓮縣花蓮市東興二街１４９號十三樓之一,花蓮縣花蓮市民孝里21鄰東興二街149號,121.629946,24.004169
RPTNMLKLJIKGFAU56DA,花蓮縣花蓮市介仁街２４號,花蓮縣花蓮市國興里13鄰介仁街24號,121.573436,23.994157
RPWNMLPJKIKGFAU27DA,花蓮縣花蓮市華興街１２６號,花蓮縣花蓮市民享里11鄰華興街126號,121.619309,24.00589
RPQNMLSJKIKGFAU96DA,花蓮縣吉安鄉東海十一街８９號,花蓮縣吉安鄉東昌村23鄰東海十一街89號,121.59466,23.963712
RPPOMLNJKIKGFAU09DA,花蓮縣吉安鄉華工六路６０巷２９號,花蓮縣吉安鄉光華村15鄰華工六路60巷29號,121.59186,23.938065
RPWNMLRKIIKGFAU37DA,花蓮縣花蓮市國民七街５３號四樓之五,花蓮縣花蓮市國盛里4鄰國民七街53號,121.605877,23.991365
RPWNMLOKIIKGFAU07DA,花蓮縣花蓮市建昌路１７巷１號二樓之六,花蓮縣花蓮市國慶里12鄰建昌路252巷12號,121.589665,23.990787
RPRNMLTJIIKGFAU96DA,花蓮縣花蓮市中央路三段７３０號七樓之九,花蓮縣花蓮市國富里35鄰中央路三段730號,121.590858,23.991491
RPQOMLPKIIKGFAU66DA,花蓮縣花蓮市中美路２９９之１２號七樓,花蓮縣花蓮市民孝里6鄰中美路299之12號,121.631761,23.998591
RPUOMLRLIIKGFAU37DA,花蓮縣花蓮市國聯二路８３號七樓之七,花蓮縣花蓮市國聯里16鄰國聯二路83號,121.603223,23.989657
RPVOMLRLIIKGFAU47DA,花蓮縣花蓮市國聯四路３６號六樓之四,花蓮縣花蓮市國聯里25鄰國聯四路36號,121.604084,23.991838
RPQNMLTLIIKGFAU07DA,花蓮縣花蓮市府前路５０８號九樓之六,花蓮縣花蓮市民意里49鄰府前路508號,121.620298,24.000699
RPPNMLKMIIKGFAU78DA,花蓮縣花蓮市德安二街６０之１號三樓,花蓮縣花蓮市主權里19鄰德安二街60之1號,121.592661,23.973541
RPSNMLNJJIKGFAU56DA,花蓮縣花蓮市中美路１１１之６號,花蓮縣花蓮市民政里31鄰中美路111之6號,121.626495,23.9924
RPRNMLNJJIKGFAU09DA,花蓮縣吉安鄉南昌北路４１號,花蓮縣吉安鄉南昌村19鄰南昌北路41號,121.583015,23.969736
RPPNMLPJJIKGFAU09DA,花蓮縣吉安鄉全民街１３５號二樓,花蓮縣吉安鄉永興村19鄰全民街135號,121.571523,23.93765
RPWNMLNJJIKGFAU96DA,花蓮縣吉安鄉永興七街７號七樓之三,花蓮縣吉安鄉永興村4鄰永興七街7號,121.566729,23.953212
RPSNMLQJJIKGFAU86DA,花蓮縣花蓮市莊敬路１５８之１號六樓之五,花蓮縣花蓮市國富里13鄰莊敬路158之1號,121.5946,23.989004
RPPNMLNLIIKGFAU98DA,花蓮縣花蓮市東興一街８５號,花蓮縣花蓮市民孝里17鄰東興一街85號,121.63148,24.002873
RPRNMLQJJIKGFAU76DA,花蓮縣吉安鄉福興二街１９巷１號,花蓮縣吉安鄉福興村8鄰福興二街19巷1號,121.560761,23.968748
RPTNMLKKJIKGFAU09DA,花蓮縣花蓮市自強路５０７巷２１號四樓,找不到指定的門牌地址。,,
RPROMLPKIIKGFAU76DA,花蓮縣花蓮市中美路８９巷２０號五樓之三,花蓮縣花蓮市民勤里14鄰中美路89巷20號,121.624031,23.990182
RPVNMLKKJIKGFAU66DA,花蓮縣花蓮市國興五街６３號四樓之三,花蓮縣花蓮市國聯里18鄰國興五街63號,121.605009,23.988572
RPXNMLKKJIKGFAU86DA,花蓮縣花蓮市建國路二段２６８巷１號,花蓮縣花蓮市國興里2鄰建國路二段268巷1號,121.577961,23.992104
RPWOMLNKJIKGFAU17DA,花蓮縣吉安鄉太昌路４５６號,花蓮縣吉安鄉太昌村8鄰太昌路456號,121.565721,23.99255
RPWOMLOKJIKGFAU27DA,花蓮縣吉安鄉福昌二街３９號,花蓮縣吉安鄉福興村24鄰福昌二街39號,121.55893,23.970269
RPSNMLRJJIKGFAU96DA,花蓮縣吉安鄉全民街５２號五樓,花蓮縣吉安鄉永興村16鄰全民街52號,121.570689,23.938966
RPQNMLRKJIKGFAU86DA,花蓮縣吉安鄉慶北一街１０６號,花蓮縣吉安鄉慶豐村51鄰慶北一街106號,121.571834,23.978064
RPUNMLSKJIKGFAU37DA,花蓮縣花蓮市國富十五街１５號,花蓮縣花蓮市國富里18鄰國富十五街15號,121.595534,23.99123
RPSNMLMKJIKGFAU56DA,花蓮縣吉安鄉東海十街５８之１號三樓之二,花蓮縣吉安鄉東昌村27鄰東海十街58之1號,121.5933,23.964672
RPXNMLRKJIKGFAU57DA,花蓮縣吉安鄉勝安二街３０巷９弄９號,花蓮縣吉安鄉勝安村3鄰勝安二街30巷9弄9號,121.588736,23.97565
RPSNMLPJJIKGFAU76DA,花蓮縣花蓮市中美路１３３號四樓之二,花蓮縣花蓮市民政里1鄰中美路133號,121.627511,23.993593
RPXNMLSKJIKGFAU67DA,花蓮縣吉安鄉中山路四段２２號,花蓮縣吉安鄉太昌村25鄰中山路四段22號,121.553702,23.987269
RPSNMLTKJIKGFAU27DA,花蓮縣花蓮市東興路３７７號二樓之一,花蓮縣花蓮市民孝里19鄰東興路377號,121.631953,24.003969
RPXNMLTKJIKGFAU77DA,花蓮縣吉安鄉福昌二街３２號,花蓮縣吉安鄉福興村24鄰福昌二街32號,121.558837,23.970611
RPRNMLKLJIKGFAU98DA,花蓮縣花蓮市中美十一街４１號,花蓮縣花蓮市民政里36鄰中美十一街41號,121.62376,23.996444
RPPNMLLLJIKGFAU88DA,花蓮縣花蓮市國興三街７９號二樓之五,花蓮縣花蓮市國聯里17鄰國興三街79號,121.603126,23.988727
RPTNMLLLJIKGFAU66DA,花蓮縣花蓮市富裕七街２１號七樓之一,花蓮縣花蓮市國裕里14鄰富裕七街21號,121.598741,23.99499
RPWNMLLLIIKGFAU86DA,花蓮縣花蓮市國聯五路３號五樓之二,花蓮縣花蓮市國聯里20鄰國聯五路3號,121.605902,23.988443
RPWNMLLMIIKGFAU96DA,花蓮縣花蓮市華廈街４０號五樓之二,花蓮縣花蓮市民享里15鄰華廈街40號,121.620655,24.005293
RPSNMLOLJIKGFAU86DA,花蓮縣花蓮市莊敬路１５８之１號三樓之二,花蓮縣花蓮市國富里13鄰莊敬路158之1號,121.5946,23.989004
RPOOMLOLJIKGFAU56DA,花蓮縣吉安鄉東里四街７７巷２１號,花蓮縣吉安鄉東昌村5鄰東里四街77巷21號,121.594378,23.965133
RPVNMLMLIIKGFAU86DA,花蓮縣花蓮市富祥街１７２號,花蓮縣花蓮市國富里32鄰富祥街172號,121.591427,23.990535
RPPNMLRJJIKGFAU66DA,花蓮縣花蓮市中美五街６９號,花蓮縣花蓮市民政里30鄰中美五街69號,121.626323,23.994436
RPRNMLNKJIKGFAU56DA,花蓮縣花蓮市中美一街２０號六樓之一,花蓮縣花蓮市民立里8鄰中美一街20號,121.628932,23.992526
RPVNMLSKJIKGFAU47DA,花蓮縣花蓮市建華路６５巷２０號,花蓮縣花蓮市國興里4鄰建華路65巷20號,121.577991,23.994437
RPVNMLRJJIKGFAU27DA,花蓮縣花蓮市自立路３４巷８號二樓之二,找不到指定的門牌地址。,,
RPPNMLOLJIKGFAU56DA,花蓮縣吉安鄉吉安路六段３３０號,花蓮縣吉安鄉干城村9鄰吉安路六段330號,121.545038,23.943466
RPRNMLOLJIKGFAU76DA,花蓮縣吉安鄉東里十五街１１７號之５,花蓮縣吉安鄉東昌村17鄰東里十五街117之5號,121.597224,23.961067
RPPOMLPLJIKGFAU76DA,花蓮縣吉安鄉東里七街７０巷４號,花蓮縣吉安鄉東昌村32鄰東里七街70巷4號,121.592134,23.962962
RPRNMLSLJIKGFAU17DA,花蓮縣吉安鄉東里十二街６巷１０號,花蓮縣吉安鄉東昌村19鄰東里十二街6巷10號,121.596718,23.963341
RPPNMLTLIIKGFAU96DA,花蓮縣花蓮市國聯二路１２０號,花蓮縣花蓮市國聯里11鄰國聯二路120號,121.601791,23.988738
RPTOMLMJKIKGFAU76DA,花蓮縣花蓮市民德四街５９之８號,花蓮縣花蓮市民德里8鄰民德四街59之8號,121.622819,23.985672
RPSOMLLKRHKGFAU27DA,花蓮縣吉安鄉海岸路５７４號,花蓮縣吉安鄉仁和村21鄰海岸路574號,121.588674,23.947109
RPWNMLQKRHKGFAU08DA,花蓮縣花蓮市介林五街１９９號,花蓮縣花蓮市國興里15鄰介林五街199號,121.572473,23.995208
RPQOMLQKRHKGFAU57DA,花蓮縣花蓮市中美十三街７８號二樓之一號,花蓮縣花蓮市民政里35鄰中美十三街78號,121.624202,23.99869
RPQOMLSJRHKGFAU67DA,花蓮縣花蓮市菁華街４巷１弄２號三樓之六,花蓮縣花蓮市民權里1鄰菁華街4巷1弄2號,121.616598,23.979831
RPPNMLKKRHKGFAU76DA,花蓮縣花蓮市國盛一街２２２號,花蓮縣花蓮市國盛里10鄰國盛一街222號,121.605396,23.994803
RPWNMLTKRHKGFAU38DA,花蓮縣吉安鄉南海五街３０６巷２０號,花蓮縣吉安鄉仁和村17鄰南海五街306巷20號,121.586833,23.951592
RPRNMLMLRHKGFAU27DA,花蓮縣花蓮市國聯五路１３１號七樓之六,花蓮縣花蓮市國聯里28鄰國聯五路131號,121.604895,23.99264
RPSNMLQLRHKGFAU77DA,花蓮縣花蓮市國富十三街９號五樓之二,花蓮縣花蓮市國富里9鄰國富十三街9號,121.597128,23.990897
RPSNMLKMRHKGFAU27DA,花蓮縣花蓮市長安街２６號十三樓之七,花蓮縣花蓮市主農里8鄰長安街26號,121.596978,23.96724
RPQPMLLJIIKGFAU88DA,花蓮縣吉安鄉南海四街２７６巷３０號,花蓮縣吉安鄉仁和村11鄰南海四街276巷30號,121.589023,23.954305
RPXNMLMJIIKGFAU86DA,花蓮縣花蓮市球崙一路２１９號七樓,花蓮縣花蓮市民享里6鄰球崙一路219號,121.623053,24.003633
RPPNMLNJIIKGFAU78DA,花蓮縣花蓮市富裕十七街２５號六樓之六,花蓮縣花蓮市國裕里4鄰富裕十七街25號,121.595181,23.996189
RPQNMLMJIIKGFAU88EA,花蓮縣花蓮市富裕六街１８號四樓之一,花蓮縣花蓮市國裕里8鄰富裕六街18號,121.597323,23.994261
RPPOMLOLRHKGFAU37DA,花蓮縣花蓮市國盛七街９７號三樓,花蓮縣花蓮市國盛里29鄰國盛七街97號,121.609368,23.994197
RPTPMLLJIIKGFAU56DA,花蓮縣花蓮市中興路４３巷３號六樓之二,花蓮縣花蓮市民立里9鄰中興路43巷3號,121.630139,23.991703
RPPNMLMJIIKGFAU68DA,花蓮縣吉安鄉光華八街１８８號,花蓮縣吉安鄉光華村3鄰光華八街188號,121.563785,23.929202
RPPNMLQJIIKGFAU09DA,花蓮縣吉安鄉文化七街２０號,花蓮縣吉安鄉南昌村3鄰文化七街20號,121.580977,23.971861
RPVNMLQKRHKGFAU97DA,花蓮縣花蓮市建安街６１巷３２號,花蓮縣花蓮市國興里6鄰建安街61巷32號,121.577057,23.994926
RPQNMLRJIIKGFAU66DA,花蓮縣吉安鄉干城二街３８號,花蓮縣吉安鄉干城村2鄰干城二街38號,121.545319,23.946065
RPSNMLRJIIKGFAU86DA,花蓮縣花蓮市林森路３０５巷６０號,花蓮縣花蓮市國華里21鄰林森路305巷60號,121.601206,23.981318
RPPNMLTJIIKGFAU76DA,花蓮縣花蓮市德安六街４６號,花蓮縣花蓮市主權里15鄰德安六街46號,121.592318,23.970973
RPPNMLNKIIKGFAU98EA,花蓮縣花蓮市中正路２６４號八樓之六,花蓮縣花蓮市主學里13鄰中正路264號,121.601091,23.972716
RPTNMLNKIIKGFAU66DA,花蓮縣花蓮市建昌路１７巷１號之２,花蓮縣花蓮市國慶里12鄰建昌路252巷12號,121.589665,23.990787
RPPOMLNKIIKGFAU98DA,花蓮縣花蓮市中央路三段７２０巷５號九樓之五,花蓮縣花蓮市國富里35鄰中央路三段720巷5號,121.591137,23.99133
RPVNMLTJIIKGFAU37DA,花蓮縣吉安鄉文化五街７３號四樓,花蓮縣吉安鄉南昌村24鄰文化五街73號,121.580354,23.970378
RPUNMLOKIIKGFAU86DA,花蓮縣花蓮市東興二街２９巷１號,花蓮縣花蓮市民孝里9鄰東興二街29巷1號,121.629986,23.999502
RPOOMLPKIIKGFAU09DA,花蓮縣花蓮市中正路４７之９號,花蓮縣花蓮市主農里22鄰中正路47之9號,121.5952,23.969728
RPWNMLSJIIKGFAU37DA,花蓮縣花蓮市富安路１４７號三樓之九,花蓮縣花蓮市國裕里19鄰富安路147號,121.600004,23.996302
RPUOMLNKIIKGFAU86DA,花蓮縣吉安鄉吉昌二街３００巷１０號,花蓮縣吉安鄉吉安村26鄰吉昌二街300巷10號,121.561182,23.97172
RPRNMLPKIIKGFAU66DA,花蓮縣花蓮市華廈街４０號三樓之一,花蓮縣花蓮市民享里15鄰華廈街40號,121.620655,24.005293
RPSNMLTJIIKGFAU07DA,花蓮縣吉安鄉中山路四段２２號,花蓮縣吉安鄉太昌村25鄰中山路四段22號,121.553702,23.987269
RPRNMLRKIIKGFAU86DA,花蓮縣吉安鄉荳蘭三街６０號四樓之二,花蓮縣吉安鄉宜昌村13鄰荳蘭三街60號,121.584104,23.97321
RPVNMLRKIIKGFAU27DA,花蓮縣花蓮市中興路４３巷１號二樓之三,花蓮縣花蓮市民立里9鄰中興路43巷1號,121.630489,23.992034
RPXNMLRKIIKGFAU47DA,花蓮縣花蓮市復興街３３之１１號,花蓮縣花蓮市民生里7鄰復興街33之11號,121.609178,23.97782
RPUNMLKLIIKGFAU56DA,花蓮縣花蓮市建昌路３２巷４號二樓,花蓮縣花蓮市國慶里12鄰建昌路252巷32號,121.589931,23.991198
RPQNMLPLRHKGFAU47DA,花蓮縣花蓮市福光街３４７巷５１號二樓之二,花蓮縣花蓮市國福里1鄰福光街347巷51號,121.586132,24.013009
RPXNMLLLIIKGFAU96DA,花蓮縣吉安鄉全民街１３５號,花蓮縣吉安鄉永興村19鄰全民街135號,121.571523,23.93765
RPUNMLSJRHKGFAU97DA,花蓮縣吉安鄉自樂街４６巷１０號,花蓮縣吉安鄉吉昌村4鄰自樂街46巷10號,121.593369,23.983447
RPTNMLLLIIKGFAU56DA,花蓮縣花蓮市中山路６２５之１號三樓,花蓮縣花蓮市國聯里6鄰中山路625之1號,121.599779,23.989049
RPUNMLLLIIKGFAU66DA,花蓮縣花蓮市中山路７４８號二樓之二,花蓮縣花蓮市國裕里4鄰中山路748號,121.594992,23.995757
RPTNMLMLIIKGFAU66DA,花蓮縣花蓮市國富十一街３２號五樓之二,花蓮縣花蓮市國富里11鄰國富十一街32號,121.595971,23.98982
RPQNMLNJIIKGFAU88DA,花蓮縣吉安鄉宜昌三街６號,花蓮縣吉安鄉宜昌村6鄰宜昌三街6號,121.58523,23.973039
RPPNMLMLIIKGFAU88DA,花蓮縣花蓮市德安二街６８巷６０號五樓,花蓮縣花蓮市主權里20鄰德安二街68巷60號,121.591544,23.973445
RPQOMLMLIIKGFAU09DA,花蓮縣花蓮市自立路８９巷６３號二樓之一,找不到指定的門牌地址。,,
RPUNMLMLIIKGFAU76DA,花蓮縣花蓮市華興街１２０巷１１之１１號,花蓮縣花蓮市民享里11鄰華興街120巷11之11號,121.620037,24.006281
RPUNMLRLIIKGFAU27DA,花蓮縣花蓮市德安六街９６巷３號,花蓮縣花蓮市主權里21鄰德安六街96巷3號,121.590654,23.972726
RPSNMLNLIIKGFAU66DA,花蓮縣吉安鄉中央路二段１３９巷４弄１１號,花蓮縣吉安鄉吉安村15鄰中央路二段139巷4弄11號,121.57111,23.972207
RPSNMLRLIIKGFAU07DA,花蓮縣花蓮市延平街８８號三樓之一,花蓮縣花蓮市國魂里9鄰延平街88號,121.600857,23.985146
RPSNMLSLIIKGFAU17DA,花蓮縣吉安鄉吉興一街３７２巷１０號二樓之九,花蓮縣吉安鄉吉安村3鄰吉興一街372巷10號,121.578093,23.974339
RPXNMLMLIIKGFAU07DA,花蓮縣花蓮市建安街１２巷１８號四樓之二,花蓮縣花蓮市國興里3鄰建安街12巷18號,121.576755,23.992827
RPWOMLRLIIKGFAU57DA,花蓮縣吉安鄉太昌路１０６巷６號三樓之一,花蓮縣吉安鄉永安村23鄰太昌路106巷6號,121.575219,23.987601
RPRNMLQLRHKGFAU67DA,花蓮縣吉安鄉東里十一街３７號,花蓮縣吉安鄉東昌村10鄰東里十一街37號,121.59676,23.964773
RPSOMLNKIIKGFAU66DA,花蓮縣吉安鄉吉安路三段１７５之３號,花蓮縣吉安鄉福興村12鄰吉安路三段175之3號,121.558488,23.965564
RPVNMLKMIIKGFAU76DA,花蓮縣吉安鄉太昌路１０６巷６號五樓之一,花蓮縣吉安鄉永安村23鄰太昌路106巷6號,121.575219,23.987601
RPPNMLLMIIKGFAU88DA,花蓮縣花蓮市富陽路４１號五樓之二,花蓮縣花蓮市國裕里15鄰富陽路41號,121.5988,23.995577
RPQOMLLMIIKGFAU09DA,花蓮縣花蓮市中興路２３號九樓之二,花蓮縣花蓮市民樂里10鄰中興路23號,121.632721,23.992315
RPTNMLNJJIKGFAU66DA,花蓮縣花蓮市中興路４３巷１號九樓之二,花蓮縣花蓮市民立里9鄰中興路43巷1號,121.630489,23.992034
RPPOMLNJJIKGFAU98DA,花蓮縣花蓮市富裕一街１６９號九樓之三,花蓮縣花蓮市國裕里6鄰富裕一街169號,121.596965,23.99582
RPXNMLOJJIKGFAU17DA,花蓮縣花蓮市建安街１２巷１８號二樓之一,花蓮縣花蓮市國興里3鄰建安街12巷18號,121.576755,23.992827
RPWOMLOJJIKGFAU17DA,花蓮縣吉安鄉昌隆二街１７０號,花蓮縣吉安鄉南昌村1鄰昌隆二街170號,121.578734,23.972266
RPUNMLPJJIKGFAU96DA,花蓮縣花蓮市建和街２５巷３０弄１０號,花蓮縣花蓮市國興里8鄰建和街25巷30弄10號,121.575625,23.994056
RPQOMLQJJIKGFAU76DA,花蓮縣吉安鄉華工六路９０巷２號,花蓮縣吉安鄉光華村14鄰華工六路90巷2號,121.590728,23.9392
RPTNMLRJJIKGFAU07DA,花蓮縣花蓮市鎮國街７號,花蓮縣花蓮市主力里10鄰鎮國街7號,121.601414,23.97599
RPSPMLOJJIKGFAU86DA,花蓮縣吉安鄉慶豐十一街２９８之２號,花蓮縣吉安鄉慶豐村32鄰慶豐十一街298之2號,121.56733,23.984162
RPWNMLRJJIKGFAU37DA,花蓮縣花蓮市華安街７２號,花蓮縣花蓮市民享里20鄰華安街72號,121.621478,24.002372
RPOOMLKKJIKGFAU68DA,花蓮縣花蓮市球崙二路２０９號二樓之三,花蓮縣花蓮市民享里15鄰球崙二路209號,121.621004,24.004968
RPQNMLSKJIKGFAU96DA,花蓮縣花蓮市建中街９號,花蓮縣花蓮市國魂里20鄰建中街9號,121.599926,23.984556
RPVNMLNKJIKGFAU96DA,花蓮縣花蓮市建華路９１之２０號,花蓮縣花蓮市國興里4鄰建華路91之20號,121.578849,23.995315
RPSNMLOKJIKGFAU76DA,花蓮縣花蓮市介林六街１２之３號,花蓮縣花蓮市國興里16鄰介林六街12之3號,121.573123,23.995729
RPPNMLSKJIKGFAU86DA,花蓮縣吉安鄉華城七街２８２號,花蓮縣吉安鄉光華村1鄰華城七街282號,121.567241,23.931896
RPRNMLMJIIKGFAU88DA,花蓮縣花蓮市富安路９７號六樓之二,花蓮縣花蓮市國裕里15鄰富安路97號,121.599293,23.994973
RPOPMLRLIIKGFAU86DA,花蓮縣花蓮市建昌路３８號三樓之二,找不到指定的門牌地址。,,
RPRNMLSKJIKGFAU07DA,花蓮縣花蓮市建國路二段２６８巷７１號,花蓮縣花蓮市國興里2鄰建國路二段268巷71號,121.57834,23.993566
RPPNMLTKJIKGFAU96DA,花蓮縣花蓮市仁和街１６號,花蓮縣花蓮市主權里5鄰仁和街16號,121.592132,23.975465
RPQNMLPLJIKGFAU76DA,花蓮縣花蓮市國民八街１０６號五樓之三,花蓮縣花蓮市國盛里28鄰國民八街106號,121.608701,23.993869
RPXNMLQLJIKGFAU57DA,花蓮縣吉安鄉東里十一街３８號,花蓮縣吉安鄉東昌村9鄰東里十一街38號,121.596547,23.964901
RPPNMLNJKIKGFAU09EA,花蓮縣吉安鄉南海七街２０１巷２號,花蓮縣吉安鄉仁和村21鄰南海七街201巷2號,121.588506,23.947395
RPWNMLLKRHKGFAU57DA,花蓮縣花蓮市北昌三街２１號,找不到指定的門牌地址。,,
RPUNMLPJKIKGFAU07DA,花蓮縣吉安鄉吉興二街２９２巷１弄２３號,花蓮縣吉安鄉吉安村17鄰吉興二街292巷1弄23號,121.569852,23.973163
RPSNMLOJRHKGFAU37DA,花蓮縣花蓮市國聯二路８３號四樓之七,花蓮縣花蓮市國聯里16鄰國聯二路83號,121.603223,23.989657
RPWNMLTJRHKGFAU28DA,花蓮縣花蓮市化道路８９巷１２號八樓之二,花蓮縣花蓮市民意里48鄰化道路89巷12號,121.621071,24.000786
RPUOMLTJRHKGFAU18DA,花蓮縣花蓮市福光街３４７巷２３弄６號,花蓮縣花蓮市國福里1鄰福光街347巷23弄6號,121.586397,24.012685
RPOOMLNJRHKGFAU96DA,花蓮縣吉安鄉明仁一街１８３巷２之１號,花蓮縣吉安鄉永安村31鄰明仁一街183巷2號之1,121.573954,23.99256
RPVNMLLKRHKGFAU47DA,花蓮縣花蓮市中美路２９９之１３號七樓,花蓮縣花蓮市民孝里6鄰中美路299之13號,121.631649,23.998678
RPVNMLMKRHKGFAU57DA,花蓮縣花蓮市中順街１３２號,花蓮縣花蓮市主農里24鄰中順街132號,121.595777,23.970164
RPTOMLTJRHKGFAU08DA,花蓮縣吉安鄉東海十街６８號,花蓮縣吉安鄉東昌村26鄰東海十街68號,121.593903,23.964448
RPSNMLMKRHKGFAU27DA,花蓮縣花蓮市民享八街１９號,花蓮縣花蓮市民運里35鄰民享八街19號,121.632307,23.996013
RPTNMLMKRHKGFAU37DA,花蓮縣吉安鄉昌隆二街９９號五樓,花蓮縣吉安鄉南昌村15鄰昌隆二街99號,121.580934,23.970552
RPRNMLSLQHKGFAU77DA,花蓮縣花蓮市富強路２２１號,花蓮縣花蓮市國裕里34鄰富強路221號,121.598592,23.998877
RPXNMLPJRHKGFAU97DA,花蓮縣花蓮市富裕三街５２號二樓之九,花蓮縣花蓮市國裕里11鄰富裕三街52號,121.598028,23.994125
RPVNMLTJRHKGFAU18DA,花蓮縣花蓮市國聯五路２之８號五樓之八,花蓮縣花蓮市國盛里1鄰國聯五路2之8號,121.606274,23.988692
RPQOMLPKRHKGFAU47DA,花蓮縣花蓮市富裕五街３６號四樓之一,花蓮縣花蓮市國裕里11鄰富裕五街36號,121.597976,23.994479
RPWOMLPKRHKGFAU08DA,花蓮縣花蓮市國民七街５３號八樓之七,花蓮縣花蓮市國盛里4鄰國民七街53號,121.605877,23.991365
RPXOMLPKRHKGFAU18DA,花蓮縣花蓮市國民七街５１號四樓之六,花蓮縣花蓮市國盛里3鄰國民七街51號,121.60583,23.991358
RPSNMLQKRHKGFAU67DA,花蓮縣花蓮市北昌四街３３號二樓之一,找不到指定的門牌地址。,,
RPUOMLPKRHKGFAU87DA,花蓮縣花蓮市華廈街７５號六樓之二,花蓮縣花蓮市民享里9鄰華廈街75號,121.621697,24.00588
RPRNMLRKRHKGFAU67DA,花蓮縣花蓮市豐村１１之８號,花蓮縣花蓮市國強里2鄰豐村11之8號,121.604676,24.002725
RPSNMLMJRHKGFAU17DA,花蓮縣花蓮市水源街５５巷３０號,花蓮縣花蓮市民勤里33鄰水源街55巷30號,121.616881,23.985907
RPVNMLSKRHKGFAU18DA,花蓮縣吉安鄉吉昌二街２０７巷２號,花蓮縣吉安鄉吉安村24鄰吉昌二街207巷2號,121.562845,23.970141
RPPNMLPKRHKGFAU27DA,花蓮縣花蓮市民光６０號,花蓮縣花蓮市民意里6鄰民光60號,121.617594,24.004753
RPUOMLQKRHKGFAU97DA,花蓮縣花蓮市富安路１０６號三樓之三,花蓮縣花蓮市國裕里18鄰富安路106號,121.599829,23.99554
RPOOMLTKRHKGFAU67DA,花蓮縣花蓮市中美一街３號八樓之二,花蓮縣花蓮市民立里8鄰中美一街3號,121.628505,23.992412
RPPOMLTKRHKGFAU77DA,花蓮縣花蓮市球崙二路５８號五樓,花蓮縣花蓮市民享里4鄰球崙二路58號,121.622315,24.002101
RPQOMLTKRHKGFAU87DA,花蓮縣吉安鄉勝安二街２５號,花蓮縣吉安鄉勝安村20鄰勝安二街25號,121.587791,23.975467
RPTNMLKKRHKGFAU17DA,花蓮縣吉安鄉自立二街２巷２３號,花蓮縣吉安鄉勝安村10鄰自立二街2巷23號,121.591069,23.981062
RPVOMLQKRHKGFAU08DA,花蓮縣花蓮市南京街２０３之１號,花蓮縣花蓮市主信里5鄰南京街203之1號,121.606435,23.974855
RPUNMLOLRHKGFAU77DA,花蓮縣吉安鄉宜昌五街１７號,花蓮縣吉安鄉宜昌村15鄰宜昌五街17號,121.583747,23.972577
RPWNMLPKQHKGFAU87DA,花蓮縣吉安鄉宜昌七街３６號,花蓮縣吉安鄉宜昌村18鄰宜昌七街36號,121.581404,23.972213
RPQNMLSLQHKGFAU67DA,花蓮縣花蓮市國盛二街２５３號,花蓮縣花蓮市國盛里9鄰國盛二街253號,121.60565,23.995958
RPWOMLQKRHKGFAU18DA,花蓮縣花蓮市國聯四路８３號五樓之七,花蓮縣花蓮市國盛里12鄰國聯四路83號,121.606352,23.99246
RPQNMLKMRHKGFAU07DA,花蓮縣吉安鄉全民街３３號二樓,花蓮縣吉安鄉永興村15鄰全民街33號,121.571406,23.938628
RPPOMLMJRHKGFAU96DA,花蓮縣花蓮市華德街８６巷２號,花蓮縣花蓮市民心里14鄰華德街86巷2號,121.619455,24.011452
RPWOMLLJIIKGFAU76DA,花蓮縣花蓮市國民二街２１號,花蓮縣花蓮市國聯里17鄰國民二街21號,121.603048,23.987842
RPOOMLMJIIKGFAU68DA,花蓮縣花蓮市自強路５０７巷１１號二樓,找不到指定的門牌地址。,,
RPVNMLTKRHKGFAU28DA,花蓮縣吉安鄉永吉一街１２號,花蓮縣吉安鄉永興村2鄰永吉一街12號,121.569895,23.954478
RPTOMLTKRHKGFAU18DA,花蓮縣花蓮市國盛七街９７號二樓,花蓮縣花蓮市國盛里29鄰國盛七街97號,121.609368,23.994197
RPSNMLMJIIKGFAU98DA,花蓮縣花蓮市南京街１９１號七樓之十六,花蓮縣花蓮市主信里5鄰南京街191號,121.606202,23.974713
RPOOMLNJIIKGFAU78DA,花蓮縣花蓮市國盛一街２１７號二樓之九,花蓮縣花蓮市國盛里7鄰國盛一街217號,121.605082,23.994769
RPPOMLNJIIKGFAU88DA,花蓮縣花蓮市民享十街１３號,花蓮縣花蓮市民運里43鄰民享十街13號,121.632309,23.996831
RPUNMLMJIIKGFAU56DA,花蓮縣花蓮市國盛一街１８０之９號二樓,花蓮縣花蓮市國盛里12鄰國盛一街180之9號,121.605765,23.993224
RPXNMLOJRHKGFAU87DA,花蓮縣吉安鄉自強路２０１巷１２號,花蓮縣吉安鄉勝安村33鄰自強路201巷12號,121.586779,23.98101
RPWNMLNJIIKGFAU86DA,花蓮縣花蓮市建安街６１巷１８號,花蓮縣花蓮市國興里6鄰建安街61巷18號,121.577359,23.994782
RPTNMLRJIIKGFAU96DA,花蓮縣吉安鄉全民街９７號四樓,花蓮縣吉安鄉永興村18鄰全民街97號,121.569824,23.938251
RPOOMLRJIIKGFAU56DA,花蓮縣花蓮市建國路二段５９８號,花蓮縣花蓮市國興里19鄰建國路二段598號,121.571383,23.994197
RPTNMLNJIIKGFAU56DA,花蓮縣花蓮市林森路２１７巷１弄２８號,花蓮縣花蓮市國風里17鄰林森路217巷1弄28號,121.599534,23.979496
RPQNMLSJIIKGFAU76DA,花蓮縣花蓮市球崙二路２４０巷３號,花蓮縣花蓮市民享里9鄰球崙二路240巷3號,121.62109,24.005928
RPTNMLSJIIKGFAU07DA,花蓮縣花蓮市球崙二路２４０巷２號,花蓮縣花蓮市民享里9鄰球崙二路240巷2號,121.621123,24.005941
RPVNMLSJIIKGFAU27DA,花蓮縣花蓮市沙基拉雅街１１３巷９弄２３號,花蓮縣花蓮市國福里6鄰沙基拉雅街113巷9弄23號,121.581045,24.010324
RPPNMLSJIIKGFAU66DA,花蓮縣花蓮市球崙二路２４０巷６號,花蓮縣花蓮市民享里9鄰球崙二路240巷6號,121.621083,24.005941
RPRNMLSJIIKGFAU86DA,花蓮縣花蓮市球崙二路２４０巷１號,花蓮縣花蓮市民享里9鄰球崙二路240巷1號,121.6211,24.005873
RPSNMLNKIIKGFAU56DA,花蓮縣吉安鄉慶豐七街１４３號,花蓮縣吉安鄉慶豐村18鄰慶豐七街143號,121.569258,23.97813
RPSOMLPKIIKGFAU86DA,花蓮縣花蓮市林森路３１５巷３８號,花蓮縣花蓮市國華里19鄰林森路315巷38號,121.602315,23.980972
RPUNMLRJIIKGFAU07DA,花蓮縣吉安鄉慈惠四街１７０巷６９號,花蓮縣吉安鄉勝安村18鄰慈惠四街170巷69號,121.588345,23.978389
RPUOMLRLQHKGFAU08DA,花蓮縣花蓮市東興二街１５３號八樓之二,花蓮縣花蓮市民孝里22鄰東興二街153號,121.63018,24.004422
RPTNMLQKRHKGFAU77DA,花蓮縣花蓮市長安街４６巷２１之３號,花蓮縣花蓮市主農里13鄰長安街46巷21之3號,121.598412,23.96778
RPWNMLQLRHKGFAU18DA,花蓮縣吉安鄉中原路一段２２９巷２７號,花蓮縣吉安鄉勝安村31鄰中原路一段229巷27號,121.585555,23.979884
RPSNMLRKIIKGFAU96DA,花蓮縣吉安鄉太昌路１０６巷６號四樓之一,花蓮縣吉安鄉永安村23鄰太昌路106巷6號,121.575219,23.987601
RPUNMLRKIIKGFAU17DA,花蓮縣吉安鄉吉安路六段７４５號,花蓮縣吉安鄉干城村10鄰吉安路六段745號,121.526134,23.947855
RPTOMLRKIIKGFAU17DA,花蓮縣花蓮市中原路６５６號,花蓮縣花蓮市主權里7鄰中原路656號,121.594015,23.975256
RPPNMLRKIIKGFAU66DA,花蓮縣吉安鄉太昌路１０６巷６號二樓之一,花蓮縣吉安鄉永安村23鄰太昌路106巷6號,121.575219,23.987601
RPSOMLRKIIKGFAU07DA,花蓮縣吉安鄉太昌路１０６巷６號二樓之二,花蓮縣吉安鄉永安村23鄰太昌路106巷6號,121.575219,23.987601
RPOOMLQKIIKGFAU56DA,花蓮縣吉安鄉慈惠二街６７號二樓,花蓮縣吉安鄉勝安村23鄰慈惠二街67號,121.586136,23.975957
RPQOMLKLIIKGFAU88DA,花蓮縣花蓮市國民七街５１號六樓之九,花蓮縣花蓮市國盛里3鄰國民七街51號,121.60583,23.991358
RPQNMLMLIIKGFAU98DA,花蓮縣花蓮市富強路４８號二樓之二,花蓮縣花蓮市國裕里6鄰富強路48號,121.596538,23.995974
RPXNMLRLIIKGFAU57DA,花蓮縣花蓮市中美十一街９號五樓之一,花蓮縣花蓮市民政里25鄰中美十一街9號,121.622899,23.995488
RPPNMLOLIIKGFAU09DA,花蓮縣吉安鄉南海二街１９３巷１４號,花蓮縣吉安鄉仁安村7鄰南海二街193巷14號,121.592905,23.95501
RPTNMLRLIIKGFAU17DA,花蓮縣吉安鄉太昌路２４２巷１１弄１７號,花蓮縣吉安鄉永安村20鄰太昌路242巷11弄17號,121.571564,23.989543
RPXOMLRLIIKGFAU67DA,花蓮縣吉安鄉太昌路１０６巷６號四樓之二,花蓮縣吉安鄉永安村23鄰太昌路106巷6號,121.575219,23.987601
RPPOMLMLIIKGFAU98DA,花蓮縣花蓮市中順街４５巷１５弄９號六樓之一,花蓮縣花蓮市主農里12鄰中順街45巷15弄9號,121.597382,23.967441
RPPNMLSLIIKGFAU86DA,花蓮縣花蓮市林森路２５７巷２８號,花蓮縣花蓮市國風里21鄰林森路257巷28號,121.600607,23.979934
RPPNMLNJJIKGFAU88DA,花蓮縣花蓮市中正路３３６巷４號,花蓮縣花蓮市主學里3鄰中正路336巷4號,121.60305,23.973029
RPTOMLNKJIKGFAU86DA,花蓮縣花蓮市福光街３５３巷２７號,花蓮縣花蓮市國福里13鄰福光街353巷27號,121.586873,24.012699
RPSNMLNKJIKGFAU66DA,花蓮縣吉安鄉東海十街１６６號,花蓮縣吉安鄉東昌村18鄰東海十街166號,121.597558,23.962371
RPUNMLKKRHKGFAU27DA,花蓮縣花蓮市中美七街３９號三樓之六,花蓮縣花蓮市民政里32鄰中美七街39號,121.624283,23.993554
RPPOMLLKRHKGFAU96DA,花蓮縣花蓮市中強街１２８巷７號,花蓮縣花蓮市主安里4鄰中強街128巷7號,121.601443,23.969004
RPVNMLKKRHKGFAU37DA,花蓮縣花蓮市北昌三街１８巷２０號五樓之一,找不到指定的門牌地址。,,
RPPNMLMKRHKGFAU96DA,花蓮縣花蓮市豐村７３之１號三樓之二,花蓮縣花蓮市國強里6鄰豐村73之1號,121.60081,24.002215
RPXNMLPKRHKGFAU08DA,花蓮縣吉安鄉仁里一街１號六樓之三,花蓮縣吉安鄉仁里村5鄰仁里一街1號,121.593877,23.968876
RPPNMLQKRHKGFAU37DA,花蓮縣吉安鄉南海八街２１０巷２６號,花蓮縣吉安鄉仁和村23鄰南海八街210巷26號,121.585517,23.94741
RPTOMLRLQHKGFAU97DA,花蓮縣花蓮市中興路４３巷３號八樓之三,花蓮縣花蓮市民立里9鄰中興路43巷3號,121.630139,23.991703
RPVNMLRKRHKGFAU08DA,花蓮縣吉安鄉明義七街１７０巷１０弄５號,花蓮縣吉安鄉太昌村24鄰明義七街170巷10弄5號,121.553656,23.989706
RPXNMLKKRHKGFAU57DA,花蓮縣花蓮市林森路２９３巷１弄３７號,花蓮縣花蓮市國華里22鄰林森路293巷1弄37號,121.601132,23.98102
RPXOMLQKRHKGFAU28DA,花蓮縣花蓮市中和街１９０號四樓之五,花蓮縣花蓮市主力里19鄰中和街190號,121.599118,23.973593
RPXNMLTKRHKGFAU48DA,花蓮縣花蓮市長春街４１號,花蓮縣花蓮市主農里19鄰長春街41號,121.596905,23.969311
RPRNMLPKQHKGFAU37DA,花蓮縣花蓮市民光１９３號,花蓮縣花蓮市民意里23鄰民光193號,121.616578,24.003834
RPSOMLMLRHKGFAU47DA,花蓮縣花蓮市富陽路８６號,花蓮縣花蓮市國裕里22鄰富陽路86號,121.597643,23.996372
RPVNMLKMRHKGFAU57DA,花蓮縣吉安鄉慶南三街２４２之１號,花蓮縣吉安鄉慶豐村26鄰慶南三街242之1號,121.567113,23.977699
RPQOMLLJIIKGFAU78DA,花蓮縣吉安鄉慈惠四街７９號二樓之二,花蓮縣吉安鄉勝安村19鄰慈惠四街79號,121.588387,23.977475
RPPPMLLJIIKGFAU78DA,花蓮縣吉安鄉荳蘭五街１巷２號,花蓮縣吉安鄉宜昌村14鄰荳蘭五街1巷2號,121.582646,23.972774
RPQOMLNKIIKGFAU09DA,花蓮縣花蓮市光復街７３號,花蓮縣花蓮市國治里17鄰光復街73號,121.606148,23.978513
RPXNMLLMIIKGFAU07DA,花蓮縣花蓮市華德街４５號,花蓮縣花蓮市民心里14鄰華德街45號,121.620082,24.010392
RPPNMLLKRHKGFAU86DA,花蓮縣花蓮市中美路１１１號四樓之三,花蓮縣花蓮市民政里31鄰中美路111號,121.626374,23.992393
RPOOMLLKRHKGFAU86DA,花蓮縣吉安鄉北安街４１號,花蓮縣吉安鄉吉昌村15鄰北安街41號,121.584494,23.986732
RPVNMLNJIIKGFAU76DA,花蓮縣花蓮市富強路２５５號,花蓮縣花蓮市國裕里35鄰富強路255號,121.599219,23.999473
RPTNMLRLJIKGFAU27DA,花蓮縣花蓮市南京街３１２巷８號,花蓮縣花蓮市主勤里9鄰南京街312巷8號,121.607731,23.975249
RPUOMLTKRHKGFAU28DA,花蓮縣花蓮市中興路１９號八樓之六,花蓮縣花蓮市民樂里10鄰中興路19號,121.632842,23.992329
RPOOMLNJJIKGFAU88DA,花蓮縣花蓮市延平街１９３巷２２號,花蓮縣花蓮市國魂里13鄰延平街193巷22號,121.598985,23.984752
RPUOMLPKIIKGFAU07DA,花蓮縣花蓮市民享九街４５號,花蓮縣花蓮市民運里38鄰民享九街45號,121.631564,23.996355
RPTNMLMJRHKGFAU27DA,花蓮縣花蓮市富國路８５號,花蓮縣花蓮市國富里15鄰富國路85號,121.595622,23.99058
RPQNMLQJIIKGFAU56DA,花蓮縣吉安鄉慶北二街８９號,花蓮縣吉安鄉慶豐村5鄰慶北二街89號,121.57444,23.976966
RPROMLRKIIKGFAU96DA,花蓮縣吉安鄉太昌路１０６巷６號五樓之二,花蓮縣吉安鄉永安村23鄰太昌路106巷6號,121.575219,23.987601
RPPNMLQKIIKGFAU56DA,順興路９５之３號,,,
RPPOMLPLPHKGFAU27DA,花蓮縣吉安鄉中央路三段２０號二樓之一,花蓮縣吉安鄉勝安村24鄰中央路三段20號,121.582317,23.977364
RPVNMLSLIIKGFAU47DA,花蓮縣花蓮市豐村３４號,花蓮縣花蓮市國強里3鄰豐村29之10號,121.602631,24.000695
RPVNMLOKJIKGFAU07DA,花蓮縣花蓮市介林六街１２號,花蓮縣花蓮市國興里16鄰介林六街12號,121.573243,23.995691
RPROMLLLIIKGFAU09DA,花蓮縣吉安鄉昌隆三街１１５號八樓之三,花蓮縣吉安鄉南昌村26鄰昌隆三街115號,121.581766,23.969722
RPVNMLMLRHKGFAU67DA,花蓮縣吉安鄉昌隆三街１１１號三樓之一,花蓮縣吉安鄉南昌村26鄰昌隆三街111號,121.581373,23.969704
RPQOMLRKIIKGFAU86DA,花蓮縣吉安鄉太昌路１０６巷６號三樓之二,花蓮縣吉安鄉永安村23鄰太昌路106巷6號,121.575219,23.987601
RPUOMLLKRHKGFAU47DA,花蓮縣吉安鄉勝安四街５號二樓之二,花蓮縣吉安鄉勝安村24鄰勝安四街5號,121.582427,23.977183
RPOOMLOJJIKGFAU98DA,花蓮縣吉安鄉昌隆三街１１３號八樓之一,花蓮縣吉安鄉南昌村26鄰昌隆三街113號,121.581615,23.969555
RPVOMLPLPHKGFAU87DA,花蓮縣吉安鄉中央路三段２０號五樓之二,花蓮縣吉安鄉勝安村24鄰中央路三段20號,121.582317,23.977364
RPOOMLMLRHKGFAU07DA,花蓮縣吉安鄉昌隆三街１１１號十樓之一,花蓮縣吉安鄉南昌村26鄰昌隆三街111號,121.581373,23.969704
RPTOMLKLIIKGFAU56DA,花蓮縣吉安鄉昌隆三街１１３號七樓之六,花蓮縣吉安鄉南昌村26鄰昌隆三街113號,121.581615,23.969555
RPTOMLOKJIKGFAU96DA,花蓮縣吉安鄉昌隆三街１１３號十樓之二,花蓮縣吉安鄉南昌村26鄰昌隆三街113號,121.581615,23.969555
RPSNMLRLQHKGFAU77DA,花蓮縣花蓮市光復街２５號,花蓮縣花蓮市主商里12鄰光復街25號,121.60852,23.975469
RPSNMLMJKIKGFAU56DA,花蓮縣花蓮市介林六街１２之６號,花蓮縣花蓮市國興里16鄰介林六街12之6號,121.573027,23.995757
RPVNMLRJIIKGFAU17DA,花蓮縣吉安鄉荳蘭三街６０號八樓之三,花蓮縣吉安鄉宜昌村13鄰荳蘭三街60號,121.584104,23.97321
RPTNMLNJRHKGFAU37DA,花蓮縣花蓮市富裕二街９５號六樓之六,花蓮縣花蓮市國裕里13鄰富裕二街95號,121.600128,23.99479
RPVNMLQKIIKGFAU17DA,花蓮縣花蓮市富裕二街９５號六樓之五,花蓮縣花蓮市國裕里13鄰富裕二街95號,121.600128,23.99479
RPRNMLOKJIKGFAU66DA,花蓮縣花蓮市介林六街１２之５號,花蓮縣花蓮市國興里16鄰介林六街12之5號,121.57308,23.995739
RPSNMLNJRHKGFAU27DA,花蓮縣花蓮市富裕二街９５號五樓之五,花蓮縣花蓮市國裕里13鄰富裕二街95號,121.600128,23.99479
RPVNMLQJJIKGFAU17DA,花蓮縣花蓮市富裕二街９５號七樓之二,花蓮縣花蓮市國裕里13鄰富裕二街95號,121.600128,23.99479
RPQPMLOJJIKGFAU66DA,花蓮縣吉安鄉昌隆三街１１３號四樓之六,花蓮縣吉安鄉南昌村26鄰昌隆三街113號,121.581615,23.969555
RPUNMLRKJIKGFAU27DA,花蓮縣吉安鄉昌隆三街１１３號十樓之三,花蓮縣吉安鄉南昌村26鄰昌隆三街113號,121.581615,23.969555
RPUNMLMJKIKGFAU76DA,花蓮縣花蓮市介林六街１２之２號,花蓮縣花蓮市國興里16鄰介林六街12之2號,121.573166,23.995718
RPWNMLMJKIKGFAU96DA,花蓮縣花蓮市介林六街１２之１號,花蓮縣花蓮市國興里16鄰介林六街12之1號,121.573198,23.995706
RPUNMLLJKIKGFAU66DA,花蓮縣吉安鄉昌隆三街１１１號七樓之二,花蓮縣吉安鄉南昌村26鄰昌隆三街111號,121.581373,23.969704
RPROMLQKRHKGFAU67DA,花蓮縣吉安鄉昌隆三街１１１號八樓之一,花蓮縣吉安鄉南昌村26鄰昌隆三街111號,121.581373,23.969704
RPUNMLLJIIKGFAU09DA,花蓮縣吉安鄉昌隆三街１１１號九樓之三,花蓮縣吉安鄉南昌村26鄰昌隆三街111號,121.581373,23.969704
RPVNMLLJIIKGFAU56DA,花蓮縣吉安鄉昌隆三街１１１號十樓之三,花蓮縣吉安鄉南昌村26鄰昌隆三街111號,121.581373,23.969704
RPOOMLPKRHKGFAU27DA,花蓮縣花蓮市富裕二街９５號四樓之三,花蓮縣花蓮市國裕里13鄰富裕二街95號,121.600128,23.99479
RPSOMLKLIIKGFAU09DA,花蓮縣吉安鄉昌隆三街１１３號二樓之六,花蓮縣吉安鄉南昌村26鄰昌隆三街113號,121.581615,23.969555
RPTNMLLJIIKGFAU98DA,花蓮縣吉安鄉昌隆三街１１１號八樓之三,花蓮縣吉安鄉南昌村26鄰昌隆三街111號,121.581373,23.969704
RPPOMLLJIIKGFAU68DA,花蓮縣吉安鄉昌隆三街１１１號十樓之五,花蓮縣吉安鄉南昌村26鄰昌隆三街111號,121.581373,23.969704
RPVOMLOKJIKGFAU17DA,花蓮縣吉安鄉昌隆三街１１３號九樓之三,花蓮縣吉安鄉南昌村26鄰昌隆三街113號,121.581615,23.969555
RPVNMLNJRHKGFAU57DA,花蓮縣花蓮市富裕二街９５號二樓之五,花蓮縣花蓮市國裕里13鄰富裕二街95號,121.600128,23.99479
RPQNMLLKRHKGFAU96DA,花蓮縣花蓮市富裕二街９５號五樓之二,花蓮縣花蓮市國裕里13鄰富裕二街95號,121.600128,23.99479
RPRNMLLKRHKGFAU07DA,花蓮縣花蓮市富裕二街９５號六樓之二,花蓮縣花蓮市國裕里13鄰富裕二街95號,121.600128,23.99479
RPUNMLPKRHKGFAU77DA,花蓮縣花蓮市富裕二街９５號二樓之六,花蓮縣花蓮市國裕里13鄰富裕二街95號,121.600128,23.99479
RPPOMLQJJIKGFAU66DA,花蓮縣花蓮市富裕二街９７號,花蓮縣花蓮市國裕里13鄰富裕二街97號,121.600143,23.994824
RPUNMLNJRHKGFAU47DA,花蓮縣花蓮市富裕二街９５號二樓之一,花蓮縣花蓮市國裕里13鄰富裕二街95號,121.600128,23.99479
RPQNMLPKRHKGFAU37DA,花蓮縣花蓮市富裕二街９５號三樓之五,花蓮縣花蓮市國裕里13鄰富裕二街95號,121.600128,23.99479
RPTNMLPKRHKGFAU67DA,花蓮縣花蓮市富裕二街９５號三樓之二,花蓮縣花蓮市國裕里13鄰富裕二街95號,121.600128,23.99479
RPSOMLPKRHKGFAU67DA,花蓮縣花蓮市富裕二街９５號三樓之三,花蓮縣花蓮市國裕里13鄰富裕二街95號,121.600128,23.99479
RPRNMLNJRHKGFAU17DA,花蓮縣花蓮市富裕二街９５號四樓之二,花蓮縣花蓮市國裕里13鄰富裕二街95號,121.600128,23.99479
RPQNMLRKRHKGFAU57DA,花蓮縣花蓮市富裕二街９５號三樓之六,花蓮縣花蓮市國裕里13鄰富裕二街95號,121.600128,23.99479
RPTNMLQKIIKGFAU96DA,花蓮縣花蓮市富裕二街９５號五樓之一,花蓮縣花蓮市國裕里13鄰富裕二街95號,121.600128,23.99479
RPVNMLPKRHKGFAU87DA,花蓮縣花蓮市富裕二街９５號二樓之二,花蓮縣花蓮市國裕里13鄰富裕二街95號,121.600128,23.99479
RPPNMLRLIIKGFAU76DA,花蓮縣花蓮市富裕二街９５號四樓之六,花蓮縣花蓮市國裕里13鄰富裕二街95號,121.600128,23.99479
RPQNMLRJJIKGFAU76DA,花蓮縣花蓮市富裕二街９５號三樓之一,花蓮縣花蓮市國裕里13鄰富裕二街95號,121.600128,23.99479
RPUOMLOKJIKGFAU07DA,花蓮縣吉安鄉昌隆三街１１３號五樓之三,花蓮縣吉安鄉南昌村26鄰昌隆三街113號,121.581615,23.969555
RPTOMLLJQHKGFAU17DA,花蓮縣花蓮市林森路４３９巷３９號七樓之三,花蓮縣花蓮市國光里14鄰林森路439巷39號,121.607857,23.984704
RPQNMLMJIIKGFAU78DA,花蓮縣吉安鄉昌隆三街１１１號八樓之二,花蓮縣吉安鄉南昌村26鄰昌隆三街111號,121.581373,23.969704
RPXOMLLJQHKGFAU57DA,花蓮縣花蓮市林森路４３９巷３９號八樓之一,花蓮縣花蓮市國光里14鄰林森路439巷39號,121.607857,23.984704
RPUOMLLJQHKGFAU27DA,花蓮縣花蓮市林森路４３９巷３９號七樓之五,花蓮縣花蓮市國光里14鄰林森路439巷39號,121.607857,23.984704
RPSNMLMLRHKGFAU37DA,花蓮縣吉安鄉昌隆三街１１１號七樓之三,花蓮縣吉安鄉南昌村26鄰昌隆三街111號,121.581373,23.969704
RPRPMLOJJIKGFAU76DA,花蓮縣吉安鄉昌隆三街１１３號八樓之三,花蓮縣吉安鄉南昌村26鄰昌隆三街113號,121.581615,23.969555
RPXNMLMLRHKGFAU87DA,花蓮縣吉安鄉昌隆三街１１１號二樓之五,花蓮縣吉安鄉南昌村26鄰昌隆三街111號,121.581373,23.969704
RPRNMLOJQHKGFAU17DA,花蓮縣花蓮市林森路４３９巷３９號五樓之五,花蓮縣花蓮市國光里14鄰林森路439巷39號,121.607857,23.984704
RPQOMLOJQHKGFAU17DA,花蓮縣花蓮市林森路４３９巷３９號二樓之五,花蓮縣花蓮市國光里14鄰林森路439巷39號,121.607857,23.984704
RPUNMLMLRHKGFAU57DA,花蓮縣吉安鄉昌隆三街１１１號二樓之二,花蓮縣吉安鄉南昌村26鄰昌隆三街111號,121.581373,23.969704
RPSNMLOJJIKGFAU66DA,花蓮縣吉安鄉昌隆三街１１１號六樓之三,花蓮縣吉安鄉南昌村26鄰昌隆三街111號,121.581373,23.969704
RPQNMLOJQHKGFAU07DA,花蓮縣花蓮市林森路４３９巷３９號六樓之一,花蓮縣花蓮市國光里14鄰林森路439巷39號,121.607857,23.984704
RPOPMLOJJIKGFAU09DA,花蓮縣吉安鄉昌隆三街１１３號十樓之五,花蓮縣吉安鄉南昌村26鄰昌隆三街113號,121.581615,23.969555
RPXNMLOKJIKGFAU27DA,花蓮縣吉安鄉昌隆三街１１５號六樓之一,花蓮縣吉安鄉南昌村26鄰昌隆三街115號,121.581766,23.969722
RPQOMLOKJIKGFAU66DA,花蓮縣吉安鄉昌隆三街１１３號三樓之一,花蓮縣吉安鄉南昌村26鄰昌隆三街113號,121.581615,23.969555
RPWNMLKLIIKGFAU76DA,花蓮縣吉安鄉昌隆三街１１３號九樓之二,花蓮縣吉安鄉南昌村26鄰昌隆三街113號,121.581615,23.969555
RPUNMLOJJIKGFAU86DA,花蓮縣吉安鄉昌隆三街１１１號九樓之五,花蓮縣吉安鄉南昌村26鄰昌隆三街111號,121.581373,23.969704
RPQNMLLJIIKGFAU68DA,花蓮縣吉安鄉昌隆三街１１１號二樓之一,花蓮縣吉安鄉南昌村26鄰昌隆三街111號,121.581373,23.969704
RPXNMLLJIIKGFAU76DA,花蓮縣吉安鄉昌隆三街１１１號七樓之五,花蓮縣吉安鄉南昌村26鄰昌隆三街111號,121.581373,23.969704
RPUOMLOJJIKGFAU96DA,花蓮縣吉安鄉昌隆三街１１５號十樓之三,花蓮縣吉安鄉南昌村26鄰昌隆三街115號,121.581766,23.969722
RPSNMLLJKIKGFAU09DA,花蓮縣吉安鄉昌隆三街１１５號十樓之一,花蓮縣吉安鄉南昌村26鄰昌隆三街115號,121.581766,23.969722
RPWNMLLJIIKGFAU66DA,花蓮縣吉安鄉昌隆三街１１１號六樓之五,花蓮縣吉安鄉南昌村26鄰昌隆三街111號,121.581373,23.969704
RPWPMLOJJIKGFAU27DA,花蓮縣吉安鄉昌隆三街１１３號五樓之六,花蓮縣吉安鄉南昌村26鄰昌隆三街113號,121.581615,23.969555
RPTNMLRKJIKGFAU17DA,花蓮縣吉安鄉昌隆三街１１３號七樓之一,花蓮縣吉安鄉南昌村26鄰昌隆三街113號,121.581615,23.969555
RPSOMLLJKIKGFAU56DA,花蓮縣吉安鄉昌隆三街１１３號九樓之五,花蓮縣吉安鄉南昌村26鄰昌隆三街113號,121.581615,23.969555
RPQOMLOJJIKGFAU56DA,花蓮縣吉安鄉昌隆三街１１３號七樓之二,花蓮縣吉安鄉南昌村26鄰昌隆三街113號,121.581615,23.969555
RPVNMLOJJIKGFAU96DA,花蓮縣吉安鄉昌隆三街１０９號,花蓮縣吉安鄉南昌村26鄰昌隆三街109號,121.581637,23.969427
RPXOMLOJJIKGFAU27DA,花蓮縣吉安鄉昌隆三街１１３號七樓之三,花蓮縣吉安鄉南昌村26鄰昌隆三街113號,121.581615,23.969555
RPOOMLLLIIKGFAU78DA,花蓮縣吉安鄉昌隆三街１１３號二樓之一,花蓮縣吉安鄉南昌村26鄰昌隆三街113號,121.581615,23.969555
RPVOMLOJJIKGFAU07DA,花蓮縣吉安鄉昌隆三街１１３號二樓之三,花蓮縣吉安鄉南昌村26鄰昌隆三街113號,121.581615,23.969555
RPWNMLMLRHKGFAU77DA,花蓮縣吉安鄉昌隆三街１１１號三樓之五,花蓮縣吉安鄉南昌村26鄰昌隆三街111號,121.581373,23.969704
RPROMLOKJIKGFAU76DA,花蓮縣吉安鄉昌隆三街１１３號四樓之二,花蓮縣吉安鄉南昌村26鄰昌隆三街113號,121.581615,23.969555
RPRNMLLJIIKGFAU78DA,花蓮縣吉安鄉昌隆三街１１１號五樓之一,花蓮縣吉安鄉南昌村26鄰昌隆三街111號,121.581373,23.969704
RPOOMLLJIIKGFAU58DA,花蓮縣吉安鄉昌隆三街１１１號八樓之五,花蓮縣吉安鄉南昌村26鄰昌隆三街111號,121.581373,23.969704
RPVNMLLLIIKGFAU76DA,花蓮縣吉安鄉昌隆三街１１３號六樓之三,花蓮縣吉安鄉南昌村26鄰昌隆三街113號,121.581615,23.969555
RPOQMLOJJIKGFAU56DA,花蓮縣吉安鄉昌隆三街１１３號七樓之五,花蓮縣吉安鄉南昌村26鄰昌隆三街113號,121.581615,23.969555
RPSOMLOJJIKGFAU76DA,花蓮縣吉安鄉昌隆三街１１３號三樓之二,花蓮縣吉安鄉南昌村26鄰昌隆三街113號,121.581615,23.969555
RPPOMLOKJIKGFAU56DA,花蓮縣吉安鄉昌隆三街１１３號六樓之一,花蓮縣吉安鄉南昌村26鄰昌隆三街113號,121.581615,23.969555
RPPNMLRKJIKGFAU76DA,花蓮縣吉安鄉昌隆三街１１１號四樓之三,花蓮縣吉安鄉南昌村26鄰昌隆三街111號,121.581373,23.969704
RPPNMLMJKIKGFAU88DA,花蓮縣吉安鄉昌隆三街１１１號五樓之五,花蓮縣吉安鄉南昌村26鄰昌隆三街111號,121.581373,23.969704
RPRNMLLLIIKGFAU98DA,花蓮縣吉安鄉昌隆三街１１１號五樓之二,花蓮縣吉安鄉南昌村26鄰昌隆三街111號,121.581373,23.969704
RPXNMLOKIIKGFAU17DA,花蓮縣吉安鄉昌隆三街１１１號三樓之二,花蓮縣吉安鄉南昌村26鄰昌隆三街111號,121.581373,23.969704
RPWNMLQKIIKGFAU27DA,花蓮縣吉安鄉昌隆三街１０７號,花蓮縣吉安鄉南昌村26鄰昌隆三街107號,121.581601,23.969446
RPVOMLKLIIKGFAU76DA,花蓮縣吉安鄉昌隆三街１１３號八樓之五,花蓮縣吉安鄉南昌村26鄰昌隆三街113號,121.581615,23.969555
RPPNMLRLRHKGFAU57DA,花蓮縣吉安鄉昌隆三街１１３號四樓之一,花蓮縣吉安鄉南昌村26鄰昌隆三街113號,121.581615,23.969555
RPSNMLKLIIKGFAU98DA,花蓮縣吉安鄉昌隆三街１１３號六樓之二,花蓮縣吉安鄉南昌村26鄰昌隆三街113號,121.581615,23.969555
RPWOMLLLIIKGFAU96DA,花蓮縣吉安鄉昌隆三街１１３號四樓之五,花蓮縣吉安鄉南昌村26鄰昌隆三街113號,121.581615,23.969555
RPXNMLQKIIKGFAU37DA,花蓮縣吉安鄉昌隆三街９１號,花蓮縣吉安鄉南昌村26鄰昌隆三街91號,121.581245,23.96966
RPVOMLLLIIKGFAU86DA,花蓮縣吉安鄉昌隆三街１０５號,花蓮縣吉安鄉南昌村26鄰昌隆三街105號,121.58157,23.969469
RPXPMLOJJIKGFAU37DA,花蓮縣吉安鄉昌隆三街１１３號四樓之三,花蓮縣吉安鄉南昌村26鄰昌隆三街113號,121.581615,23.969555
RPVNMLRKJIKGFAU37DA,花蓮縣吉安鄉昌隆三街９７號,花蓮縣吉安鄉南昌村26鄰昌隆三街97號,121.581374,23.969586
RPWOMLMLRHKGFAU87DA,花蓮縣吉安鄉昌隆三街１１１號七樓之一,花蓮縣吉安鄉南昌村26鄰昌隆三街111號,121.581373,23.969704
RPRNMLKLIIKGFAU88DA,花蓮縣吉安鄉昌隆三街１１１號四樓之二,花蓮縣吉安鄉南昌村26鄰昌隆三街111號,121.581373,23.969704
RPOOMLKLIIKGFAU68DA,花蓮縣吉安鄉昌隆三街１１３號三樓之三,花蓮縣吉安鄉南昌村26鄰昌隆三街113號,121.581615,23.969555
RPRNMLLJKIKGFAU98DA,花蓮縣吉安鄉昌隆三街１１５號三樓之三,花蓮縣吉安鄉南昌村26鄰昌隆三街115號,121.581766,23.969722
RPQOMLLJKIKGFAU98DA,花蓮縣吉安鄉昌隆三街１１３號六樓之五,花蓮縣吉安鄉南昌村26鄰昌隆三街113號,121.581615,23.969555
RPUNMLQKIIKGFAU07DA,花蓮縣吉安鄉昌隆三街１１１號六樓之一,花蓮縣吉安鄉南昌村26鄰昌隆三街111號,121.581373,23.969704
RPSNMLLLIIKGFAU09DA,花蓮縣吉安鄉昌隆三街１１１號四樓之五,花蓮縣吉安鄉南昌村26鄰昌隆三街111號,121.581373,23.969704
RPPOMLKLIIKGFAU78DA,花蓮縣吉安鄉昌隆三街１１３號二樓之五,花蓮縣吉安鄉南昌村26鄰昌隆三街113號,121.581615,23.969555
RPUPMLOJJIKGFAU07DA,花蓮縣吉安鄉昌隆三街１１３號三樓之六,花蓮縣吉安鄉南昌村26鄰昌隆三街113號,121.581615,23.969555
RPXOMLOKJIKGFAU37DA,花蓮縣吉安鄉昌隆三街１１３號五樓之五,花蓮縣吉安鄉南昌村26鄰昌隆三街113號,121.581615,23.969555
RPQNMLOJJIKGFAU09DA,花蓮縣吉安鄉昌隆三街１１１號四樓之一,花蓮縣吉安鄉南昌村26鄰昌隆三街111號,121.581373,23.969704
RPROMLOJJIKGFAU66DA,花蓮縣吉安鄉昌隆三街１１３號八樓之二,花蓮縣吉安鄉南昌村26鄰昌隆三街113號,121.581615,23.969555
RPTNMLMJKIKGFAU66DA,花蓮縣吉安鄉昌隆三街１１５號二樓之三,花蓮縣吉安鄉南昌村26鄰昌隆三街115號,121.581766,23.969722
RPRNMLOLKHLGFAU86DA,花蓮縣吉安鄉民治路３２９巷２３號,花蓮縣吉安鄉勝安村33鄰民治路329巷23號,121.587063,23.980998
RPVNMLKKKHLGFAU76DA,花蓮縣花蓮市中華路５３４巷１號四樓,花蓮縣花蓮市主權里3鄰中華路534巷1號,121.589741,23.97476
RPUNMLQLKHLGFAU37DA,花蓮縣吉安鄉南昌路１１５號三樓之二,花蓮縣吉安鄉南昌村14鄰南昌路115號,121.579457,23.969608
RPVOMLPLKHLGFAU47DA,花蓮縣吉安鄉明仁一街１２９巷８號,花蓮縣吉安鄉永安村12鄰明仁一街129巷8號,121.575982,23.991143
RPQOMLMKJHLGFAU09DA,花蓮縣花蓮市國聯二路８３號八樓之八,花蓮縣花蓮市國聯里16鄰國聯二路83號,121.603223,23.989657
RPXNMLPKJHLGFAU37DA,花蓮縣花蓮市中央路三段７３０號十樓之十七,花蓮縣花蓮市國富里35鄰中央路三段730號,121.590858,23.991491
RPPOMLKLJHLGFAU88DA,花蓮縣吉安鄉吉興一街３２６巷２號,花蓮縣吉安鄉吉安村7鄰吉興一街326巷2號,121.576609,23.972372
RPQOMLKLJHLGFAU98DA,花蓮縣花蓮市林森路３１５巷２弄３號,花蓮縣花蓮市國華里20鄰林森路315巷2弄3號,121.600995,23.981653
RPTOMLKLJHLGFAU66DA,花蓮縣吉安鄉南昌北路６８號四樓之二,花蓮縣吉安鄉南昌村20鄰南昌北路68號,121.582267,23.969173
RPRNMLTJJHLGFAU07DA,花蓮縣吉安鄉全民街３２號五樓,花蓮縣吉安鄉永興村15鄰全民街32號,121.57151,23.938611
RPUNMLMLJHLGFAU86DA,花蓮縣吉安鄉南海八街２１０巷１８號,花蓮縣吉安鄉仁和村23鄰南海八街210巷18號,121.58542,23.947199
RPVOMLQLJHLGFAU47DA,花蓮縣花蓮市莊敬路１５８之１號七樓之七,花蓮縣花蓮市國富里13鄰莊敬路158之1號,121.5946,23.989004
RPQNMLQKJHLGFAU76DA,花蓮縣花蓮市國聯二路８３號三樓之七,花蓮縣花蓮市國聯里16鄰國聯二路83號,121.603223,23.989657
RPWNMLQLJHLGFAU47DA,花蓮縣花蓮市國聯四路３６號七樓之九號,花蓮縣花蓮市國聯里25鄰國聯四路36號,121.604084,23.991838
RPUNMLRLJHLGFAU37DA,花蓮縣吉安鄉太昌路２４２巷１１弄７號,花蓮縣吉安鄉永安村20鄰太昌路242巷11弄7號,121.571749,23.989443
RPSPMLSLJHLGFAU47DA,花蓮縣花蓮市華廈街７５號二樓之五,花蓮縣花蓮市民享里9鄰華廈街75號,121.621697,24.00588
RPRNMLKMJHLGFAU09DA,花蓮縣花蓮市新港街７９之３號,花蓮縣花蓮市國威里17鄰新港街79之3號,121.605581,23.980445
RPOOMLMJKHLGFAU88DA,花蓮縣花蓮市國民九街７２號,花蓮縣花蓮市國盛里23鄰國民九街72號,121.606956,23.994609
RPPNMLMLJHLGFAU98DA,花蓮縣花蓮市國民四街１號四樓之三,花蓮縣花蓮市國聯里19鄰國民四街1號,121.603799,23.989038
RPROMLKMJHLGFAU56DA,花蓮縣花蓮市國盛一街２３４號四樓之一,花蓮縣花蓮市國盛里10鄰國盛一街234號,121.605365,23.995056
RPTNMLLJKHLGFAU56DA,花蓮縣花蓮市國富十街７６號三樓之五,花蓮縣花蓮市國富里9鄰國富十街76號,121.597054,23.990492
RPPNMLTLJHLGFAU07DA,花蓮縣吉安鄉民治路３０７巷４２號,花蓮縣吉安鄉勝安村15鄰民治路307巷42號,121.587571,23.979831
RPPOMLMJKHLGFAU98DA,花蓮縣花蓮市建昌路３２巷４號二樓,花蓮縣花蓮市國慶里12鄰建昌路252巷32號,121.589931,23.991198
RPROMLMJKHLGFAU56DA,花蓮縣花蓮市國興三街７９號四樓之三,花蓮縣花蓮市國聯里17鄰國興三街79號,121.603126,23.988727
RPQNMLNJKHLGFAU09DA,花蓮縣花蓮市東興二街１５３號五樓之二,花蓮縣花蓮市民孝里22鄰東興二街153號,121.63018,24.004422
RPTOMLOJKHLGFAU96DA,花蓮縣花蓮市建安街１２巷１８號三樓之一,花蓮縣花蓮市國興里3鄰建安街12巷18號,121.576755,23.992827
RPWOMLOJKHLGFAU27DA,花蓮縣花蓮市中美十三街５２號二樓之三,花蓮縣花蓮市民政里35鄰中美十三街52號,121.623687,23.998049
RPVOMLOJKHLGFAU17DA,花蓮縣吉安鄉廣興一街１７０巷６號五樓之二,花蓮縣吉安鄉稻香村24鄰廣興一街170巷6號,121.573854,23.954163
RPOPMLOJKHLGFAU56DA,花蓮縣吉安鄉太昌路３７２巷２０號,花蓮縣吉安鄉太昌村4鄰太昌路372巷20號,121.569232,23.991145
RPVNMLNJKHLGFAU96DA,花蓮縣花蓮市國民七街５１號八樓之十九,花蓮縣花蓮市國盛里3鄰國民七街51號,121.60583,23.991358
RPSNMLQJKHLGFAU96DA,花蓮縣花蓮市府前路４０４號,花蓮縣花蓮市民意里1鄰府前路404號,121.621099,23.998297
RPPNMLKKKHLGFAU78DA,花蓮縣吉安鄉明義七街１４５巷４６弄３號,花蓮縣吉安鄉太昌村23鄰明義七街145巷46弄3號,121.556023,23.98972
RPPNMLLKKHLGFAU88DA,花蓮縣吉安鄉慈惠二街６５號五樓,花蓮縣吉安鄉勝安村23鄰慈惠二街65號,121.586212,23.975923
RPSNMLLLJHLGFAU56DA,花蓮縣花蓮市德安二街６０之１號二樓,花蓮縣花蓮市主權里19鄰德安二街60之1號,121.592661,23.973541
RPRNMLNLJHLGFAU66DA,花蓮縣吉安鄉仁里一街１號九樓之二,花蓮縣吉安鄉仁里村5鄰仁里一街1號,121.593877,23.968876
RPPNMLMKKHLGFAU98DA,花蓮縣花蓮市中美七街６６號,花蓮縣花蓮市民政里3鄰中美七街66號,121.625155,23.994202
RPWOMLNLKHLGFAU37DA,花蓮縣吉安鄉東里一街１９５號,花蓮縣吉安鄉東昌村29鄰東里一街195號,121.591576,23.964569
RPOPMLNLKHLGFAU66DA,花蓮縣花蓮市介禮街１９號,花蓮縣花蓮市國興里18鄰介禮街19號,121.572331,23.996155
RPSNMLOLKHLGFAU96DA,花蓮縣花蓮市壽昌街２９巷３０號三樓之四,找不到指定的門牌地址。,,
RPQNMLPLKHLGFAU86DA,花蓮縣花蓮市化道路８９巷２６號九樓之一,花蓮縣花蓮市民意里48鄰化道路89巷26號,121.621193,24.000548
RPXOMLNLKHLGFAU47DA,花蓮縣花蓮市莊敬路２４３號,花蓮縣花蓮市國富里21鄰莊敬路238號,121.593121,23.990843
RPTNMLPLKHLGFAU17DA,花蓮縣花蓮市中興路５號五樓之五,花蓮縣花蓮市民樂里14鄰中興路5號,121.633253,23.992381
RPXNMLPLKHLGFAU57DA,花蓮縣花蓮市林森路３０５巷２２號,花蓮縣花蓮市國華里21鄰林森路305巷22號,121.602194,23.980643
RPPPMLNLKHLGFAU76DA,花蓮縣吉安鄉廣興一街１７０巷６號六樓之一,花蓮縣吉安鄉稻香村24鄰廣興一街170巷6號,121.573854,23.954163
RPPNMLPLKHLGFAU76DA,花蓮縣花蓮市富裕二街２３號二樓之一,花蓮縣花蓮市國裕里12鄰富裕二街23號,121.599209,23.993113
RPVNMLPLKHLGFAU37DA,花蓮縣花蓮市豐村１０５之２８號,花蓮縣花蓮市國強里8鄰豐村105之28號,121.597541,24.005123
RPOOMLPLKHLGFAU76DA,花蓮縣吉安鄉廣興一街１７０巷６號二樓之二,花蓮縣吉安鄉稻香村24鄰廣興一街170巷6號,121.573854,23.954163
RPPNMLQLKHLGFAU86DA,花蓮縣花蓮市富祥街７０號七樓之五,花蓮縣花蓮市國富里38鄰富祥街70號,121.593099,23.992784
RPTNMLTJKHLGFAU37DA,花蓮縣吉安鄉慶豐一街１３號,花蓮縣吉安鄉慶豐村2鄰慶豐一街13號,121.573821,23.975282
RPOOMLNLKHLGFAU56DA,花蓮縣花蓮市球崙二路９６巷２０號,花蓮縣花蓮市民享里4鄰球崙二路96巷20號,121.62256,24.002887
RPVNMLOLKHLGFAU27DA,花蓮縣花蓮市菁華街４巷１之２號五樓之二,花蓮縣花蓮市民權里1鄰菁華街4巷1之2號,121.616739,23.979711
RPPOMLPLKHLGFAU86DA,花蓮縣吉安鄉廣興一街１７０巷６號二樓之五,花蓮縣吉安鄉稻香村24鄰廣興一街170巷6號,121.573854,23.954163
RPQOMLPLKHLGFAU96DA,花蓮縣吉安鄉廣興一街１７０巷６號三樓之五,花蓮縣吉安鄉稻香村24鄰廣興一街170巷6號,121.573854,23.954163
RPROMLPLKHLGFAU07DA,花蓮縣吉安鄉廣興一街１７０巷６號三樓之九,花蓮縣吉安鄉稻香村24鄰廣興一街170巷6號,121.573854,23.954163
RPSOMLPLKHLGFAU17DA,花蓮縣吉安鄉廣興一街１７０巷６號四樓之十,花蓮縣吉安鄉稻香村24鄰廣興一街170巷6號,121.573854,23.954163
RPQNMLQLKHLGFAU96DA,花蓮縣吉安鄉廣興一街１７０巷６號三樓之八,花蓮縣吉安鄉稻香村24鄰廣興一街170巷6號,121.573854,23.954163
RPPNMLOLKHLGFAU76EA,花蓮縣花蓮市中華路１０７號,花蓮縣花蓮市主勤里5鄰中華路107號,121.606973,23.975866
RPPPMLOJKHLGFAU66DA,花蓮縣花蓮市建國路一段１２之１號,花蓮縣花蓮市國安里9鄰建國路7號,121.60664,23.982741
RPVNMLNJLHLGFAU07DA,花蓮縣吉安鄉南埔十街３２巷１９號,花蓮縣吉安鄉仁里村38鄰南埔十街32巷19號,121.587408,23.968343
RPPNMLOJLHLGFAU56DA,花蓮縣花蓮市東興路３４７號,花蓮縣花蓮市民孝里18鄰東興路347號,121.632127,24.002828
RPUNMLNJLHLGFAU96DA,花蓮縣吉安鄉南埔八街８９號,花蓮縣吉安鄉仁里村13鄰南埔八街89號,121.590487,23.968599
RPXOMLPJLHLGFAU57DA,花蓮縣吉安鄉永興七街９號二樓之三,花蓮縣吉安鄉永興村4鄰永興七街9號,121.566844,23.953365
RPVPMLPJLHLGFAU47DA,花蓮縣花蓮市中央路三段７２０巷５號六樓之八,花蓮縣花蓮市國富里35鄰中央路三段720巷5號,121.591137,23.99133
RPQNMLQJLHLGFAU86DA,花蓮縣花蓮市商校街５０號四樓,花蓮縣花蓮市國聯里18鄰商校街50號,121.605068,23.988264
RPPOMLPJLHLGFAU76DA,花蓮縣花蓮市國聯四路８３號二樓之五,花蓮縣花蓮市國盛里12鄰國聯四路83號,121.606352,23.99246
RPPOMLQJLHLGFAU86DA,花蓮縣吉安鄉吉豐路三段６８９巷４５弄７號,花蓮縣吉安鄉永興村12鄰吉豐路三段689巷45弄7號,121.553194,23.946027
RPOOMLSJKIKGFAU86DA,花蓮縣花蓮市國民七街５３號十樓之十三,花蓮縣花蓮市國盛里4鄰國民七街53號,121.605877,23.991365
RPPNMLRKKIKGFAU86DA,花蓮縣花蓮市德安二街６８巷２０號七樓,花蓮縣花蓮市主權里20鄰德安二街68巷20號,121.592192,23.973745
RPWNMLQKKIKGFAU47DA,花蓮縣花蓮市三民街３５之１號,花蓮縣花蓮市國威里10鄰三民街35之1號,121.608276,23.980929
RPSNMLSKKIKGFAU27DA,花蓮縣花蓮市福光街３４７巷６０號,花蓮縣花蓮市國福里1鄰福光街347巷60號,121.586325,24.013117
RPRNMLTKKIKGFAU27DA,花蓮縣花蓮市中福路１７０號,花蓮縣花蓮市主學里19鄰中福路170號,121.601518,23.972964
RPQNMLSKKIKGFAU07DA,花蓮縣花蓮市建昌路３２巷５號二樓,花蓮縣花蓮市國慶里12鄰建昌路252巷32號,121.589931,23.991198
RPUNMLQKKIKGFAU27DA,花蓮縣吉安鄉文化五街５４號二樓,花蓮縣吉安鄉南昌村15鄰文化五街54號,121.580913,23.97035
RPTNMLMLKIKGFAU86DA,花蓮縣花蓮市建華路１８１號三樓之三,花蓮縣花蓮市國慶里6鄰建華路181號,121.589682,24.000612
SPTNMLMLKIKGFAU96DA,花蓮縣花蓮市建華路１８１號三樓之五,花蓮縣花蓮市國慶里6鄰建華路181號,121.589682,24.000612
RPXNMLMLKIKGFAU27DA,花蓮縣吉安鄉中央路二段１３９巷４弄８號,花蓮縣吉安鄉吉安村15鄰中央路二段139巷4弄8號,121.571188,23.97199
RPTNMLOLKIKGFAU07DA,花蓮縣花蓮市中正路１８４巷１３號,花蓮縣花蓮市主安里11鄰中正路184巷13號,121.598988,23.970801
RPVNMLKMKIKGFAU96DA,花蓮縣吉安鄉慶北一街１５８巷１５號,花蓮縣吉安鄉慶豐村17鄰慶北一街158巷15號,121.569681,23.979479
RPUNMLTLKIKGFAU67DA,花蓮縣花蓮市林森路２５７巷２２號,花蓮縣花蓮市國風里21鄰林森路257巷22號,121.60081,23.979799
RPWNMLTKKIKGFAU77DA,花蓮縣吉安鄉華工六路６０巷４３號六樓之三,花蓮縣吉安鄉光華村16鄰華工六路60巷43號,121.592618,23.938119
RPRNMLMLKIKGFAU66DA,花蓮縣吉安鄉自強路１１３號,花蓮縣吉安鄉勝安村29鄰自強路113號,121.586183,23.978902
RPSNMLQJJHLGFAU86DA,花蓮縣花蓮市富裕二街１４１號,花蓮縣花蓮市國裕里18鄰富裕二街141號,121.600488,23.995999
RPUNMLLMKIKGFAU96DA,花蓮縣花蓮市菁華街４巷１弄２號三樓之五,花蓮縣花蓮市民權里1鄰菁華街4巷1弄2號,121.616598,23.979831
RPUNMLRJJHLGFAU17DA,花蓮縣花蓮市國聯五路３號六樓之八,花蓮縣花蓮市國聯里20鄰國聯五路3號,121.605902,23.988443
RPVNMLQKKIKGFAU37DA,花蓮縣花蓮市南京街１９１號七樓之十二,花蓮縣花蓮市主信里5鄰南京街191號,121.606202,23.974713
RPPNMLQJJHLGFAU56DA,花蓮縣吉安鄉舊村六街１０７號,花蓮縣吉安鄉福興村14鄰舊村六街107號,121.562032,23.966871
RPPOMLLMKIKGFAU56DA,花蓮縣花蓮市莊敬路１１號四樓,花蓮縣花蓮市國富里1鄰莊敬路12號,121.597769,23.98725
RPWOMLRJJHLGFAU47DA,花蓮縣花蓮市國盛四街５３號五樓之二,花蓮縣花蓮市國盛里22鄰國盛四街53號,121.607349,23.995044
RPUNMLSJJHLGFAU27DA,花蓮縣花蓮市國富二十街９６號四樓之一,花蓮縣花蓮市國富里26鄰國富二十街96號,121.593333,23.991313
RPRNMLRJJHLGFAU86DA,花蓮縣花蓮市國盛五街７９號五樓之五,花蓮縣花蓮市國盛里25鄰國盛五街79號,121.608023,23.994699
RPQNMLTJJHLGFAU96DA,花蓮縣吉安鄉文化五街４６號地下室,花蓮縣吉安鄉南昌村15鄰文化五街46號,121.580917,23.970243
RPTNMLOKJHLGFAU86DA,花蓮縣吉安鄉仁里九街２３號六樓,花蓮縣吉安鄉仁里村17鄰仁里九街23號,121.591171,23.966009
RPVNMLOKJHLGFAU07DA,花蓮縣花蓮市德安五街１０號,花蓮縣花蓮市主權里13鄰德安五街10號,121.593495,23.972303
RPXNMLOKJHLGFAU27DA,花蓮縣花蓮市府前路４０８巷１４號,花蓮縣花蓮市民意里1鄰府前路408巷14號,121.621511,23.998422
RPOOMLOKJHLGFAU09DA,花蓮縣吉安鄉慈惠四街１５２號,花蓮縣吉安鄉勝安村18鄰慈惠四街152號,121.587646,23.978196
RPQPMLOKJHLGFAU76DA,花蓮縣吉安鄉宜昌五街３２號三樓之三,花蓮縣吉安鄉宜昌村15鄰宜昌五街32號,121.583344,23.972491
RPOOMLPKJHLGFAU56DA,花蓮縣花蓮市林森路２９３巷１弄５號,花蓮縣花蓮市國華里22鄰林森路293巷1弄5號,121.601932,23.980475
RPPNMLTKKIKGFAU07DA,花蓮縣花蓮市國富二街１９９號,花蓮縣花蓮市國富里26鄰國富二街199號,121.592907,23.991997
RPRNMLQLKIKGFAU07DA,花蓮縣花蓮市南京街１９１號五樓之二十六,花蓮縣花蓮市主信里5鄰南京街191號,121.606202,23.974713
RPROMLLMKIKGFAU76DA,花蓮縣花蓮市富裕一街１６９號九樓之一,花蓮縣花蓮市國裕里6鄰富裕一街169號,121.596965,23.99582
RPPNMLMKJHLGFAU88DA,花蓮縣吉安鄉明義六街８９巷２９號,花蓮縣吉安鄉太昌村18鄰明義六街89巷29號,121.558107,23.993418
RPSNMLSJJHLGFAU07DA,花蓮縣花蓮市中美路８９巷２０號三樓之一,花蓮縣花蓮市民勤里14鄰中美路89巷20號,121.624031,23.990182
RPTNMLTKJHLGFAU37DA,花蓮縣花蓮市文光街４８號,花蓮縣花蓮市主和里44鄰文光街48號,121.604378,23.968102
RPVNMLLMKIKGFAU07DA,花蓮縣花蓮市民權路２５號九樓之二,花蓮縣花蓮市民德里5鄰民權路25號,121.621364,23.983032
RPTNMLMKJHLGFAU66DA,花蓮縣吉安鄉福興八街４１號,花蓮縣吉安鄉福興村19鄰福興八街41號,121.559335,23.959029
RPSNMLTKJHLGFAU27DA,花蓮縣花蓮市國民七街５３號十一樓之十一,花蓮縣花蓮市國盛里4鄰國民七街53號,121.605877,23.991365
RPUNMLQJJHLGFAU07DA,花蓮縣吉安鄉東海六街１３號三樓,花蓮縣吉安鄉仁里村1鄰東海六街13號,121.593997,23.967535
RPVOMLKLJHLGFAU86DA,花蓮縣吉安鄉吉安路二段３０號,花蓮縣吉安鄉吉安村25鄰吉安路二段30號,121.561723,23.970787
RPTNMLLLJHLGFAU66DA,花蓮縣吉安鄉全民街８７號四樓,花蓮縣吉安鄉永興村17鄰全民街87號,121.56928,23.938493
RPRNMLMLJHLGFAU56DA,花蓮縣花蓮市大同街８４號,花蓮縣花蓮市國威里13鄰大同街84號,121.607761,23.981462
RPQNMLKLJHLGFAU88DA,花蓮縣吉安鄉明義七街１７０巷６弄７號,花蓮縣吉安鄉太昌村24鄰明義七街170巷6弄7號,121.554374,23.98937
RPUNMLKLJHLGFAU66DA,花蓮縣吉安鄉明義七街１１８巷１６號,花蓮縣吉安鄉太昌村24鄰明義七街118巷16號,121.554651,23.990794
RPVNMLMKJHLGFAU86DA,花蓮縣吉安鄉明義七街９９巷１６弄４５號,花蓮縣吉安鄉太昌村21鄰明義七街99巷16弄45號,121.55651,23.991236
RPVNMLMLJHLGFAU96DA,花蓮縣吉安鄉東海十街１４０號,花蓮縣吉安鄉東昌村22鄰東海十街140號,121.595626,23.963555
RPSNMLNLJHLGFAU76DA,花蓮縣花蓮市博愛街１０３巷１號,花蓮縣花蓮市主勤里13鄰博愛街103巷1號,121.608222,23.974498
RPSOMLNLJHLGFAU86DA,花蓮縣吉安鄉南海五街２４６巷１１號,花蓮縣吉安鄉仁和村16鄰南海五街246巷11號,121.589185,23.951872
RPXNMLQLJHLGFAU57DA,花蓮縣花蓮市德安二街６８巷２號十樓,花蓮縣花蓮市主權里20鄰德安二街68巷2號,121.592361,23.973551
RPXNMLRJJHLGFAU47DA,花蓮縣吉安鄉華工六路６０巷４３號六樓之二,花蓮縣吉安鄉光華村16鄰華工六路60巷43號,121.592618,23.938119
RPWOMLNLJHLGFAU27DA,花蓮縣花蓮市民德一街２０３號,花蓮縣花蓮市民立里1鄰民德一街203號,121.626423,23.991064
RPRNMLQLJHLGFAU96DA,花蓮縣吉安鄉荳蘭三街５８號五樓之一,花蓮縣吉安鄉宜昌村13鄰荳蘭三街58號,121.584391,23.973226
RPOOMLRJJHLGFAU66DA,花蓮縣吉安鄉華工六路６０巷４３號三樓之三,花蓮縣吉安鄉光華村16鄰華工六路60巷43號,121.592618,23.938119
RPSNMLQLJHLGFAU07DA,花蓮縣花蓮市富陽路３８號五樓之八,花蓮縣花蓮市國裕里20鄰富陽路38號,121.599031,23.995871
RPOOMLRLJHLGFAU86DA,花蓮縣吉安鄉廣賢路一段３２６號,花蓮縣吉安鄉稻香村26鄰廣賢路一段326號,121.578498,23.954128
RPTOMLSLJHLGFAU47DA,花蓮縣吉安鄉永興七街９號三樓之三,花蓮縣吉安鄉永興村4鄰永興七街9號,121.566844,23.953365
RPXOMLRLJHLGFAU77DA,花蓮縣花蓮市福光街３５３巷３７號,花蓮縣花蓮市國福里1鄰福光街353巷37號,121.586692,24.012913
RPWNMLSLJHLGFAU67DA,花蓮縣花蓮市林森路２１７巷３３號,花蓮縣花蓮市國風里18鄰林森路217巷33號,121.600165,23.979295
RPTPMLSLJHLGFAU57DA,花蓮縣花蓮市國盛一街７６號六樓之六,花蓮縣花蓮市國盛里14鄰國盛一街76號,121.606299,23.99106
RPPNMLRJJHLGFAU66DA,花蓮縣花蓮市仁愛街２之２號,花蓮縣花蓮市主計里4鄰仁愛街2之2號,121.607347,23.971746
RPWOMLSLJHLGFAU77DA,花蓮縣吉安鄉昌隆三街１１１號二樓之三,花蓮縣吉安鄉南昌村26鄰昌隆三街111號,121.581373,23.969704
RPQOMLTKJHLGFAU17DA,花蓮縣吉安鄉東海五街１號二樓之三,花蓮縣吉安鄉東昌村11鄰東海五街1號,121.597236,23.964832
RPQPMLSLJHLGFAU27DA,花蓮縣花蓮市東興二街１５３號六樓之一,花蓮縣花蓮市民孝里22鄰東興二街153號,121.63018,24.004422
RPQOMLKMJHLGFAU09DA,花蓮縣花蓮市中山路５３５巷５號二樓,花蓮縣花蓮市國魂里3鄰中山路535巷5號,121.601473,23.986049
RPSNMLMJKHLGFAU56DA,花蓮縣吉安鄉全民街６８號三樓,花蓮縣吉安鄉永興村17鄰全民街68號,121.569878,23.938849
RPTNMLRJJHLGFAU07DA,花蓮縣花蓮市化道路２１２之４號,花蓮縣花蓮市民享里2鄰化道路212之4號,121.62031,24.001985
RPVNMLRJJHLGFAU27DA,花蓮縣花蓮市民享二街５０號,花蓮縣花蓮市民運里22鄰民享二街50號,121.631912,23.99341
RPOPMLRLJHLGFAU96DA,花蓮縣花蓮市南京街３１２巷５號,花蓮縣花蓮市主勤里9鄰南京街312巷5號,121.60778,23.97529
RPSOMLMJKHLGFAU66DA,花蓮縣吉安鄉太昌路１０８號,花蓮縣吉安鄉永安村23鄰太昌路108號,121.575031,23.987472
RPRNMLNJKHLGFAU56DA,花蓮縣花蓮市忠孝街２９之２號,花蓮縣花蓮市主計里8鄰忠孝街29之2號,121.607228,23.972877
RPXNMLMJKHLGFAU07DA,花蓮縣花蓮市富裕二街２３號四樓之五,花蓮縣花蓮市國裕里12鄰富裕二街23號,121.599209,23.993113
RPSOMLOJKHLGFAU86DA,花蓮縣吉安鄉吉興一街３７２巷１０號五樓之七,花蓮縣吉安鄉吉安村3鄰吉興一街372巷10號,121.578093,23.974339
RPVNMLTLJHLGFAU67DA,花蓮縣花蓮市北昌五街５２號二樓之八,找不到指定的門牌地址。,,
RPROMLQJKHLGFAU96DA,花蓮縣花蓮市德安六街１０５巷９號九樓之二,花蓮縣花蓮市主權里1鄰德安六街105巷9號,121.589659,23.973611
RPVOMLQJKHLGFAU37DA,花蓮縣吉安鄉明仁一街１８３巷４１號,花蓮縣吉安鄉永安村9鄰明仁一街183巷41號,121.573759,23.991712
RPRNMLQJJHLGFAU76DA,花蓮縣花蓮市華興街７０號,花蓮縣花蓮市民享里18鄰華興街70號,121.620001,24.003738
RPQPMLPJKHLGFAU86DA,花蓮縣吉安鄉永興四街６５８號,花蓮縣吉安鄉永興村1鄰永興四街658號,121.570395,23.954636
RPRNMLTJKHLGFAU17DA,花蓮縣吉安鄉慶豐十一街２０２號,花蓮縣吉安鄉慶豐村56鄰慶豐十一街202號,121.566367,23.982921
RPSNMLNKJHLGFAU66DA,花蓮縣花蓮市中美二街１１之１號,花蓮縣花蓮市民立里8鄰中美二街11之1號,121.628474,23.993421
RPXNMLOJKHLGFAU27DA,花蓮縣吉安鄉東里九街１號,花蓮縣吉安鄉東昌村7鄰東里九街1號,121.595783,23.965675
RPOPMLQJKHLGFAU76DA,花蓮縣吉安鄉舊村六街７１號,花蓮縣吉安鄉福興村13鄰舊村六街71號,121.562545,23.967711
RPQNMLOJKHLGFAU56DA,花蓮縣吉安鄉南埔十三街１７６號,花蓮縣吉安鄉仁里村43鄰南埔十三街176號,121.588386,23.970593
RPSNMLKKKHLGFAU09DA,花蓮縣花蓮市國興五街６３號四樓之三,花蓮縣花蓮市國聯里18鄰國興五街63號,121.605009,23.988572
RPQNMLLKKHLGFAU98DA,花蓮縣花蓮市國富十街１８８號,花蓮縣花蓮市國富里42鄰國富十街188號,121.595426,23.993086
RPSNMLTJKHLGFAU27DA,花蓮縣吉安鄉吉興一街３６４號,花蓮縣吉安鄉吉安村6鄰吉興一街364號,121.577344,23.973794
RPRPMLSLJHLGFAU37DA,花蓮縣花蓮市中興路１０１號七樓之三,花蓮縣花蓮市民立里8鄰中興路101號,121.628367,23.993779
RPTNMLNKKHLGFAU86DA,花蓮縣吉安鄉明仁一街１１１巷１２號,花蓮縣吉安鄉永安村14鄰明仁一街111巷12號,121.576713,23.990818
RPWNMLNKKHLGFAU17DA,花蓮縣花蓮市建安街１２巷６號,花蓮縣花蓮市國興里3鄰建安街12巷6號,121.576413,23.992804
RPPNMLNKKHLGFAU56EA,花蓮縣吉安鄉南海七街２０１巷２號,花蓮縣吉安鄉仁和村21鄰南海七街201巷2號,121.588506,23.947395
RPXNMLNLKHLGFAU37DA,花蓮縣吉安鄉中山路一段６６號七樓之三,花蓮縣吉安鄉仁里村20鄰中山路一段66號,121.589065,23.965896
RPQNMLMJLHLGFAU09DA,花蓮縣花蓮市林森路２６５號,花蓮縣花蓮市國風里21鄰林森路265號,121.601969,23.979289
RPQNMLOLKHLGFAU76DA,花蓮縣吉安鄉東海十街２０２號,花蓮縣吉安鄉東昌村38鄰東海十街202號,121.600649,23.960049
RPWNMLNJLHLGFAU17DA,花蓮縣花蓮市北昌五街１７巷３１號,找不到指定的門牌地址。,,
RPUOMLPJLHLGFAU27DA,花蓮縣花蓮市中興路４３巷１號七樓之二,花蓮縣花蓮市民立里9鄰中興路43巷1號,121.630489,23.992034
RPPNMLQJLHLGFAU86EA,花蓮縣吉安鄉東海一街５４號,花蓮縣吉安鄉東昌村4鄰東海一街54號,121.595958,23.967095
RPWNMLSJKIKGFAU57DA,花蓮縣花蓮市北昌五街１７巷７號,找不到指定的門牌地址。,,
RPPOMLSJKIKGFAU96DA,花蓮縣花蓮市東興二街１４７號九樓之五,花蓮縣花蓮市民孝里21鄰東興二街147號,121.629829,24.003733
RPTNMLTJKIKGFAU37DA,花蓮縣花蓮市建國路二段７８２之３號,花蓮縣花蓮市國興里26鄰建國路二段782之3號,121.567567,23.995843
RPQNMLLKKIKGFAU98DA,花蓮縣花蓮市林榮街３６號,花蓮縣花蓮市國風里13鄰林榮街36號,121.598365,23.97794
RPUNMLLKKIKGFAU76DA,花蓮縣花蓮市富裕一街１３２號六樓之一,花蓮縣花蓮市國裕里7鄰富裕一街132號,121.596699,23.99482
RPQNMLMKKIKGFAU09DA,花蓮縣吉安鄉南埔十三街３１號二樓之三,花蓮縣吉安鄉仁里村42鄰南埔十三街31號,121.590688,23.97042
RPRNMLLKKIKGFAU09DA,花蓮縣花蓮市重慶路２５０巷５６號,花蓮縣花蓮市主和里41鄰重慶路250巷56號,121.60453,23.968582
RPTNMLPKKIKGFAU07DA,花蓮縣花蓮市國興五街１５２號二樓之一號,花蓮縣花蓮市國聯里12鄰國興五街152號,121.602427,23.988002
RPOOMLPKKIKGFAU66DA,花蓮縣吉安鄉吉祥一街３５號五樓之一,花蓮縣吉安鄉宜昌村10鄰吉祥一街35號,121.585674,23.975275
RPUOMLPKKIKGFAU27DA,花蓮縣花蓮市國盛八街１０９號四樓之三,花蓮縣花蓮市國盛里17鄰國盛八街109號,121.606264,23.996234
RPUNMLTKKIKGFAU57DA,花蓮縣吉安鄉北安街１２６巷１０１號,花蓮縣吉安鄉永安村24鄰北安街126巷101號,121.574653,23.983725
RPPOMLLLJIKGFAU98DA,花蓮縣吉安鄉中央路二段１３９巷６弄１８號,花蓮縣吉安鄉吉安村15鄰中央路二段139巷6弄18號,121.571118,23.972404
RPRNMLPLJIKGFAU86DA,花蓮縣吉安鄉東里十五街２１之２號,花蓮縣吉安鄉東昌村15鄰東里十五街21號之2,121.599005,23.964044
RPVNMLSJKIKGFAU47DA,花蓮縣花蓮市富裕二街２３號二樓之三,花蓮縣花蓮市國裕里12鄰富裕二街23號,121.599209,23.993113
RPROMLTKKIKGFAU37DA,花蓮縣吉安鄉太昌路１０６巷６號二樓之一,花蓮縣吉安鄉永安村23鄰太昌路106巷6號,121.575219,23.987601
RPRNMLQLJIKGFAU96DA,花蓮縣花蓮市富裕二街２３號三樓之六,花蓮縣花蓮市國裕里12鄰富裕二街23號,121.599209,23.993113
RPVNMLTKKIKGFAU67DA,花蓮縣花蓮市東興一街１１８巷３號,花蓮縣花蓮市民孝里18鄰東興一街118巷3號,121.631773,24.003235
RPVNMLMLKIKGFAU07DA,花蓮縣吉安鄉自立路二段３９巷８號,花蓮縣吉安鄉吉昌村4鄰自立路二段39巷8號,121.593087,23.9824
RPQOMLSJKIKGFAU07DA,花蓮縣花蓮市北昌二街８巷９弄１２號五樓,找不到指定的門牌地址。,,
RPRNMLOLKIKGFAU86DA,花蓮縣花蓮市壽昌街５２號,找不到指定的門牌地址。,,
RPRNMLNLKIKGFAU76DA,花蓮縣花蓮市自強路５９４巷７號三樓之七,找不到指定的門牌地址。,,
RPVNMLOLKIKGFAU27DA,花蓮縣花蓮市民權二街１６之８號,花蓮縣花蓮市民德里1鄰民權二街16之8號,121.619208,23.982081
RPWNMLQLKIKGFAU57DA,花蓮縣花蓮市花崗街６２號三樓之一,花蓮縣花蓮市民有里11鄰花崗街62號,121.614589,23.975705
RPSOMLMJKIKGFAU66DA,花蓮縣花蓮市中山路３３１號,花蓮縣花蓮市國威里6鄰中山路331號,121.60663,23.980267
RPTNMLKMKIKGFAU76DA,花蓮縣花蓮市民德一街７１號二樓之一,花蓮縣花蓮市民德里10鄰民德一街71號,121.622288,23.986211
RPUNMLKMKIKGFAU86DA,花蓮縣花蓮市榮正街２０４巷６號,花蓮縣花蓮市主力里23鄰榮正街204巷6號,121.595648,23.975777
RPVNMLTLKIKGFAU77DA,花蓮縣吉安鄉華城三街５８號,花蓮縣吉安鄉光華村4鄰華城三街58號,121.568896,23.925867
RPSNMLKMKIKGFAU66DA,花蓮縣花蓮市德安四街２號之１五樓,花蓮縣花蓮市主權里27鄰德安四街2之1號,121.594819,23.973465
RPQNMLLMKIKGFAU56DA,花蓮縣吉安鄉海岸路５８６號,花蓮縣吉安鄉仁和村21鄰海岸路586號,121.588568,23.946885
RPUPMLPKKIKGFAU37DA,花蓮縣吉安鄉慶北二街５１４巷１弄１號,花蓮縣吉安鄉慶豐村41鄰慶北二街514巷1弄1號,121.563858,23.983094
RPQOMLKMKIKGFAU56DA,花蓮縣吉安鄉南海三街１５８巷１４號,花蓮縣吉安鄉仁安村9鄰南海三街158巷14號,121.593948,23.954253
RPWNMLLMKIKGFAU17DA,花蓮縣花蓮市國福街１８６巷２５號,花蓮縣花蓮市國福里7鄰國福街186巷25號,121.579082,24.010719
RPQOMLLMKIKGFAU66DA,花蓮縣吉安鄉勝安二街３０巷９弄６２號,花蓮縣吉安鄉勝安村3鄰勝安二街30巷9弄62號,121.589135,23.975505
RPSPMLPKKIKGFAU17DA,花蓮縣花蓮市東興二街１５１號六樓之五,花蓮縣花蓮市民孝里22鄰東興二街151號,121.630032,24.004529
RPTNMLTKKIKGFAU47DA,花蓮縣花蓮市富裕二街２３號二樓之六,花蓮縣花蓮市國裕里12鄰富裕二街23號,121.599209,23.993113
RPPNMLSLKIKGFAU07DA,花蓮縣花蓮市國盛五街８８號,花蓮縣花蓮市國盛里27鄰國盛五街88號,121.608245,23.995062
RPPOMLPJJHLGFAU56DA,花蓮縣花蓮市和平路４９３巷１９號四樓之三,花蓮縣花蓮市主力里11鄰和平路493巷19號,121.600892,23.976292
RPVOMLRJJHLGFAU37DA,花蓮縣花蓮市富裕二街２３號五樓之十,花蓮縣花蓮市國裕里12鄰富裕二街23號,121.599209,23.993113
RPWNMLSJJHLGFAU47DA,花蓮縣吉安鄉慶豐六街１４７號,花蓮縣吉安鄉慶豐村18鄰慶豐六街147號,121.570089,23.977806
RPXOMLRJJHLGFAU57DA,花蓮縣花蓮市北昌二街８巷９弄１２號二樓,找不到指定的門牌地址。,,
RPROMLMKJHLGFAU56DA,花蓮縣吉安鄉中山路三段３２５號,花蓮縣吉安鄉慶豐村18鄰中山路三段325號,121.569631,23.978242
RPRNMLOKJHLGFAU66DA,花蓮縣花蓮市國富二十七街１２號,花蓮縣花蓮市國富里33鄰國富二十七街12號,121.591237,23.991015
RPQNMLOKJHLGFAU56DA,花蓮縣花蓮市建中街３５巷２６號,花蓮縣花蓮市國魂里11鄰建中街35巷26號,121.600154,23.986115
RPOPMLOKJHLGFAU56DA,花蓮縣花蓮市介林九街１之３５號,花蓮縣花蓮市國興里6鄰介林九街1之35號,121.577164,23.995481
RPPNMLPKJHLGFAU56DA,花蓮縣吉安鄉昌隆三街１１１號十樓之二,花蓮縣吉安鄉南昌村26鄰昌隆三街111號,121.581373,23.969704
RPSPMLOKJHLGFAU96DA,花蓮縣花蓮市新港街７３之１號,花蓮縣花蓮市國威里3鄰新港街73之1號,121.606185,23.979664
RPUPMLOKJHLGFAU17DA,花蓮縣花蓮市新港街７３號,花蓮縣花蓮市國威里3鄰新港街73號,121.606219,23.979621
RPPOMLPKJHLGFAU66DA,花蓮縣吉安鄉東海十街１５６巷２１之１號七樓之一,花蓮縣吉安鄉東昌村42鄰東海十街156巷21之1號,121.59665,23.961255
RPOOMLQKJHLGFAU66DA,花蓮縣吉安鄉昌隆三街９３號,花蓮縣吉安鄉南昌村26鄰昌隆三街93號,121.581292,23.969628
RPTOMLOJKIKGFAU96DA,花蓮縣吉安鄉廣賢一街２１９號,花蓮縣吉安鄉稻香村27鄰廣賢一街219號,121.576078,23.953769
RPUNMLQKJHLGFAU17DA,花蓮縣花蓮市富裕二街２３號二樓之八,花蓮縣花蓮市國裕里12鄰富裕二街23號,121.599209,23.993113
RPROMLTKJHLGFAU27DA,花蓮縣花蓮市富裕二街２３號五樓之七,花蓮縣花蓮市國裕里12鄰富裕二街23號,121.599209,23.993113
RPOOMLMLJHLGFAU98DA,花蓮縣吉安鄉東里七街２２巷４號,花蓮縣吉安鄉東昌村28鄰東里七街22巷4號,121.592819,23.964043
RPSNMLMLJHLGFAU66DA,花蓮縣吉安鄉中華路二段１８１號,花蓮縣吉安鄉宜昌村20鄰中華路二段181號,121.581459,23.973362
RPWNMLMLKIKGFAU17DA,花蓮縣花蓮市光復街２５號,花蓮縣花蓮市主商里12鄰光復街25號,121.60852,23.975469
RPXNMLLLJHLGFAU07DA,花蓮縣花蓮市中興路２５２之１號一樓,花蓮縣花蓮市民政里24鄰中興路252之1號,121.623116,23.997686
RPTOMLMLJHLGFAU86DA,花蓮縣吉安鄉荳蘭三街６０號,花蓮縣吉安鄉宜昌村13鄰荳蘭三街60號,121.584104,23.97321
RPUNMLQLJHLGFAU27DA,花蓮縣花蓮市富裕二街２３號五樓之六,花蓮縣花蓮市國裕里12鄰富裕二街23號,121.599209,23.993113
RPUNMLSLJHLGFAU47DA,花蓮縣花蓮市國盛一街６６巷２之５號三樓,花蓮縣花蓮市國盛里14鄰國盛一街66巷2之5號,121.606442,23.990663
RPQOMLQLJIKGFAU96DA,花蓮縣吉安鄉慶南一街１９９號二樓之一,花蓮縣吉安鄉慶豐村25鄰慶南一街199號,121.567237,23.978861
RPXNMLLJKIKGFAU96DA,花蓮縣花蓮市球崙街２６號,花蓮縣花蓮市民享里20鄰球崙街26號,121.621084,24.002355
RPUNMLSJKIKGFAU37DA,花蓮縣吉安鄉慶豐六街１４１號,花蓮縣吉安鄉慶豐村18鄰慶豐六街141號,121.570013,23.977713
RPQNMLTJKIKGFAU07DA,花蓮縣花蓮市商校街１９５號三樓之二,花蓮縣花蓮市國魂里18鄰商校街195號,121.598461,23.986336
RPXNMLTJKIKGFAU77DA,花蓮縣花蓮市莊敬路１５８之１號三樓之一,花蓮縣花蓮市國富里13鄰莊敬路158之1號,121.5946,23.989004
RPTNMLMKJIKGFAU66DA,花蓮縣吉安鄉華工六路６０巷４３號四樓之三,花蓮縣吉安鄉光華村16鄰華工六路60巷43號,121.592618,23.938119
RPTNMLLKKIKGFAU66DA,花蓮縣吉安鄉中山路二段４１號,花蓮縣吉安鄉南昌村18鄰中山路二段41號,121.584277,23.970289
RPPNMLMKKIKGFAU98DA,花蓮縣花蓮市化道路４７號,花蓮縣花蓮市民政里15鄰化道路47號,121.625519,23.997796
RPUNMLMKKIKGFAU86DA,花蓮縣花蓮市延平街１４８巷２０之２號,花蓮縣花蓮市國魂里12鄰延平街148巷20之2號,121.599251,23.986163
RPSNMLMKKIKGFAU66DA,花蓮縣花蓮市北濱街３０巷１２號,花蓮縣花蓮市民有里4鄰北濱街30巷12號,121.615262,23.974453
RPTNMLQKKIKGFAU17DA,花蓮縣花蓮市和平路５３５巷２號,花蓮縣花蓮市國風里5鄰和平路535巷2號,121.600389,23.977284
RPPOMLPKKIKGFAU76DA,花蓮縣吉安鄉昌隆三街１１３號九樓之六,花蓮縣吉安鄉南昌村26鄰昌隆三街113號,121.581615,23.969555
RPROMLMJKIKGFAU56DA,花蓮縣花蓮市富裕二街２３號二樓之二,花蓮縣花蓮市國裕里12鄰富裕二街23號,121.599209,23.993113
RPPNMLSKKIKGFAU96DA,花蓮縣吉安鄉南埔十六街７９巷６號,花蓮縣吉安鄉仁里村25鄰南埔十六街79巷6號,121.587768,23.970908
RPSNMLTKKIKGFAU37DA,花蓮縣花蓮市莊敬路２０８號,花蓮縣花蓮市國富里21鄰莊敬路208號,121.593491,23.990207
RPPNMLSLJIKGFAU96DA,花蓮縣花蓮市富裕二街２３號五樓之三,花蓮縣花蓮市國裕里12鄰富裕二街23號,121.599209,23.993113
RPUOMLMJKIKGFAU86DA,花蓮縣花蓮市富裕二街２３號五樓之五,花蓮縣花蓮市國裕里12鄰富裕二街23號,121.599209,23.993113
RPUNMLNJKIKGFAU86DA,花蓮縣花蓮市富裕二街２３號五樓之八,花蓮縣花蓮市國裕里12鄰富裕二街23號,121.599209,23.993113
RPVNMLLKKIKGFAU86DA,花蓮縣花蓮市富裕二街２３號四樓之十,花蓮縣花蓮市國裕里12鄰富裕二街23號,121.599209,23.993113
RPPNMLQLKIKGFAU86DA,花蓮縣花蓮市中山路１４２之６號,花蓮縣花蓮市民生里20鄰中山路142之6號,121.609875,23.976547
RPPNMLMLKIKGFAU09DA,花蓮縣花蓮市富裕五街８６號,花蓮縣花蓮市國裕里20鄰富裕五街86號,121.599134,23.996509
RPTNMLTLKIKGFAU57DA,花蓮縣花蓮市介林四街３９號,花蓮縣花蓮市國興里20鄰介林四街39號,121.571065,23.995422
RPUOMLKMKIKGFAU96DA,花蓮縣花蓮市國興三街８７號,花蓮縣花蓮市國聯里17鄰國興三街87號,121.603064,23.988633
RPRNMLMJJHLGFAU98DA,花蓮縣吉安鄉吉昌一街１９４巷２號,花蓮縣吉安鄉吉安村21鄰吉昌一街194巷2號,121.564819,23.971971
RPWNMLPJJHLGFAU17DA,花蓮縣花蓮市中山路１８之１號六樓之一,花蓮縣花蓮市民主里14鄰中山路18之1號,121.613173,23.972346
RPOOMLMKJHLGFAU88DA,花蓮縣吉安鄉廣賢一街２３９巷２弄５號,花蓮縣吉安鄉稻香村27鄰廣賢一街239巷2弄5號,121.576166,23.953012
RPUNMLMKJHLGFAU76DA,花蓮縣花蓮市南濱路３２號,花蓮縣花蓮市主安里1鄰南濱路32號,121.606711,23.965105
RPUNMLNKJHLGFAU86DA,花蓮縣花蓮市永興路３１號,花蓮縣花蓮市民勤里26鄰永興路31號,121.624165,23.992618
RPXOMLNLJHLGFAU37DA,花蓮縣花蓮市富裕一街１６９號二樓之一,花蓮縣花蓮市國裕里6鄰富裕一街169號,121.596965,23.99582
RPOOMLTKKIKGFAU07DA,花蓮縣花蓮市忠義一街３０號,花蓮縣花蓮市民運里29鄰忠義一街30號,121.632981,23.994228
RPPPMLPJKHLGFAU76DA,花蓮縣花蓮市國盛六街５３號二樓之三,花蓮縣花蓮市國盛里27鄰國盛六街53號,121.608667,23.994657
RPUOMLOJKHLGFAU07DA,花蓮縣花蓮市林森路２４３巷３１號,花蓮縣花蓮市國風里19鄰林森路243巷31號,121.600477,23.97931
RPQOMLOJKHLGFAU66DA,花蓮縣花蓮市中美路５之１５號,花蓮縣花蓮市民勤里2鄰中美路5之15號,121.619324,23.984168
RPPNMLKKKIKGFAU78DA,花蓮縣吉安鄉荳蘭七街１０號,花蓮縣吉安鄉宜昌村20鄰荳蘭七街10號,121.581484,23.972908
RPUNMLSLJIKGFAU47DA,花蓮縣吉安鄉南山二街５７號,花蓮縣吉安鄉宜昌村10鄰南山二街57號,121.586122,23.974917
RPWNMLKKKIKGFAU86DA,花蓮縣吉安鄉昌隆三街７７號三樓,花蓮縣吉安鄉南昌村24鄰昌隆三街77號,121.580475,23.969939
RPVNMLTKJHLGFAU57DA,花蓮縣吉安鄉慶北三街５１１號,花蓮縣吉安鄉慶豐村55鄰慶北三街511號,121.567616,23.98184
RPRNMLLLJHLGFAU09DA,花蓮縣吉安鄉仁里四街１９０號,花蓮縣吉安鄉仁里村43鄰仁里四街190號,121.586875,23.970282
RPPPMLOJJIKGFAU56DA,花蓮縣花蓮市中美一街１２號,花蓮縣花蓮市民立里8鄰中美一街12號,121.628808,23.992383
RPRNMLSLJHLGFAU17DA,花蓮縣花蓮市東興一街７９巷２２號九樓之二,花蓮縣花蓮市民孝里15鄰東興一街79巷22號,121.630345,24.002787
RPPNMLQKKIKGFAU76DA,花蓮縣吉安鄉昌隆三街１１５號七樓之一,花蓮縣吉安鄉南昌村26鄰昌隆三街115號,121.581766,23.969722
RPUNMLMLKIKGFAU96DA,花蓮縣花蓮市化道路６１號,花蓮縣花蓮市民政里24鄰化道路61號,121.62309,23.99953
RPPNMLOJKHLGFAU09DA,花蓮縣花蓮市中美路６５號,花蓮縣花蓮市民勤里4鄰中美路65號,121.621663,23.986771
RPUNMLMJLHLGFAU86DA,花蓮縣花蓮市民德四街２之１號四樓之一,花蓮縣花蓮市民德里1鄰民德四街2之1號,121.619568,23.981752
RPRNMLLJKHLGFAU98DA,花蓮縣花蓮市菁華街４巷１之２號四樓之三,花蓮縣花蓮市民權里1鄰菁華街4巷1之2號,121.616739,23.979711
RPVNMLTJJHLGFAU47DA,花蓮縣花蓮市菁華街４巷１之２號五樓之三,花蓮縣花蓮市民權里1鄰菁華街4巷1之2號,121.616739,23.979711
RPXNMLSJKIKGFAU67DA,花蓮縣吉安鄉慶南一街１０７號,花蓮縣吉安鄉慶豐村11鄰慶南一街102號,121.57123,23.97716
RPTNMLMJLHLGFAU76DA,花蓮縣花蓮市民德四街２之１號六樓之二,花蓮縣花蓮市民德里1鄰民德四街2之1號,121.619568,23.981752
RPQNMLOLKIKGFAU76DA,花蓮縣花蓮市國盛三街５１巷６之１號二樓,花蓮縣花蓮市國盛里18鄰國盛三街51巷6之1號,121.606469,23.995037
RPSNMLKMJHLGFAU56DA,花蓮縣花蓮市民德四街２之１號,花蓮縣花蓮市民德里1鄰民德四街2之1號,121.619568,23.981752
RPXNMLTKJHLGFAU77DA,花蓮縣吉安鄉昌隆三街１１５號一樓之三,花蓮縣吉安鄉南昌村26鄰昌隆三街115號,121.581766,23.969722
RPPPMLSLJHLGFAU17DA,花蓮縣花蓮市菁華街４巷１之２號三樓之一,花蓮縣花蓮市民權里1鄰菁華街4巷1之2號,121.616739,23.979711
RPQNMLRLKHLGFAU07DA,花蓮縣花蓮市介林五街１８６號三樓之一,花蓮縣花蓮市國興里16鄰介林五街186號,121.573438,23.995166
RPRNMLQKJHLGFAU86DA,花蓮縣吉安鄉福興五街３８２號,花蓮縣吉安鄉福興村12鄰福興五街382號,121.560261,23.966078
RPQNMLNLJHLGFAU56DA,花蓮縣吉安鄉福興五街３８８號,花蓮縣吉安鄉福興村12鄰福興五街388號,121.560242,23.96609
RPRNMLNKKHLGFAU66DA,花蓮縣吉安鄉福德街７２號,花蓮縣吉安鄉福興村12鄰福德街72號,121.5603,23.966135
RPWNMLQLKHLGFAU57DA,花蓮縣花蓮市菁華街４巷１之２號六樓之二,花蓮縣花蓮市民權里1鄰菁華街4巷1之2號,121.616739,23.979711
RPTNMLPJJHLGFAU86DA,花蓮縣花蓮市富裕二街２３號五樓之九,花蓮縣花蓮市國裕里12鄰富裕二街23號,121.599209,23.993113
RPVPMLPJKHLGFAU37DA,花蓮縣吉安鄉福德街７６號,花蓮縣吉安鄉福興村12鄰福德街76號,121.560283,23.966106
RPPNMLTJKHLGFAU96DA,花蓮縣吉安鄉福興五街３８０號,花蓮縣吉安鄉福興村12鄰福興五街380號,121.560275,23.966069
RPPOMLNJLHLGFAU56DA,花蓮縣花蓮市富裕二街２３號五樓之二,花蓮縣花蓮市國裕里12鄰富裕二街23號,121.599209,23.993113
RPSNMLQLJIKGFAU07DA,花蓮縣花蓮市富裕二街２３號三樓之五,花蓮縣花蓮市國裕里12鄰富裕二街23號,121.599209,23.993113
RPRPMLMJKIKGFAU66DA,花蓮縣花蓮市富裕二街２３號三樓之十,花蓮縣花蓮市國裕里12鄰富裕二街23號,121.599209,23.993113
RPSNMLNJKIKGFAU66DA,花蓮縣花蓮市富裕二街２３號三樓之二,花蓮縣花蓮市國裕里12鄰富裕二街23號,121.599209,23.993113
RPWNMLNJKIKGFAU07DA,花蓮縣花蓮市富裕二街２３號四樓之二,花蓮縣花蓮市國裕里12鄰富裕二街23號,121.599209,23.993113
RPRNMLSJKIKGFAU07DA,花蓮縣花蓮市富裕二街２３號三樓之一,花蓮縣花蓮市國裕里12鄰富裕二街23號,121.599209,23.993113
RPPNMLPKKIKGFAU66DA,花蓮縣花蓮市富裕二街２３號二樓之五,花蓮縣花蓮市國裕里12鄰富裕二街23號,121.599209,23.993113
RPOOMLNJKIKGFAU98DA,花蓮縣花蓮市富裕二街２３號四樓之三,花蓮縣花蓮市國裕里12鄰富裕二街23號,121.599209,23.993113
RPQOMLNJKIKGFAU56DA,花蓮縣花蓮市富裕二街２３號四樓之七,花蓮縣花蓮市國裕里12鄰富裕二街23號,121.599209,23.993113
RPVNMLMKKIKGFAU96DA,花蓮縣花蓮市富裕二街２３號四樓之六,花蓮縣花蓮市國裕里12鄰富裕二街23號,121.599209,23.993113
RPVNMLPKKIKGFAU27DA,花蓮縣花蓮市富裕二街２３號四樓之八,花蓮縣花蓮市國裕里12鄰富裕二街23號,121.599209,23.993113
RPTNMLLMKIKGFAU86DA,花蓮縣花蓮市富裕二街２３號三樓之三,花蓮縣花蓮市國裕里12鄰富裕二街23號,121.599209,23.993113
RPTNMLSJJHLGFAU17DA,花蓮縣吉安鄉福興五街３８６號,花蓮縣吉安鄉福興村12鄰福興五街386號,121.560254,23.966083
RPOOMLLLJHLGFAU88DA,花蓮縣花蓮市富裕二街２３號二樓之十,花蓮縣花蓮市國裕里12鄰富裕二街23號,121.599209,23.993113
RPQNMLMLJHLGFAU09DA,花蓮縣花蓮市富裕二街２３號二樓之九,花蓮縣花蓮市國裕里12鄰富裕二街23號,121.599209,23.993113
RPRNMLLMKIKGFAU66DA,花蓮縣花蓮市富裕二街２３號三樓之九,花蓮縣花蓮市國裕里12鄰富裕二街23號,121.599209,23.993113
RPVNMLQKJHLGFAU27DA,花蓮縣花蓮市富裕二街２３號三樓之七,花蓮縣花蓮市國裕里12鄰富裕二街23號,121.599209,23.993113
RPPNMLMJJHLGFAU78DA,花蓮縣花蓮市富裕二街２３號四樓之九,花蓮縣花蓮市國裕里12鄰富裕二街23號,121.599209,23.993113
RPXNMLPKKIKGFAU47DA,花蓮縣吉安鄉昌隆三街１１５號四樓之三,花蓮縣吉安鄉南昌村26鄰昌隆三街115號,121.581766,23.969722
RPPNMLRLKHLGFAU96DA,花蓮縣花蓮市介林五街１８６號二樓之二,花蓮縣花蓮市國興里16鄰介林五街186號,121.573438,23.995166
RPPNMLMJLHLGFAU98DA,花蓮縣花蓮市介林五街１８６號四樓之一,花蓮縣花蓮市國興里16鄰介林五街186號,121.573438,23.995166
RPPOMLMJLHLGFAU09DA,花蓮縣花蓮市介林五街１８６號三樓之三,花蓮縣花蓮市國興里16鄰介林五街186號,121.573438,23.995166
RPXOMLPKKIKGFAU57DA,花蓮縣吉安鄉昌隆三街１１５號一樓之一,花蓮縣吉安鄉南昌村26鄰昌隆三街115號,121.581766,23.969722
RPSNMLLJKHLGFAU09DA,花蓮縣花蓮市菁華街４巷１之２號二樓之二,花蓮縣花蓮市民權里1鄰菁華街4巷1之2號,121.616739,23.979711
RPUNMLLJKHLGFAU66DA,花蓮縣花蓮市菁華街４巷１之２號二樓之一,花蓮縣花蓮市民權里1鄰菁華街4巷1之2號,121.616739,23.979711
RPUNMLTJJHLGFAU37DA,花蓮縣花蓮市菁華街４巷１之２號二樓之三,花蓮縣花蓮市民權里1鄰菁華街4巷1之2號,121.616739,23.979711
RPRNMLQKKIKGFAU96DA,花蓮縣吉安鄉昌隆三街１１３號一樓之二,花蓮縣吉安鄉南昌村26鄰昌隆三街113號,121.581615,23.969555
RPRNMLKMKIKGFAU56DA,花蓮縣吉安鄉昌隆三街１１５號九樓之三,花蓮縣吉安鄉南昌村26鄰昌隆三街115號,121.581766,23.969722
RPXOMLSLJHLGFAU87DA,花蓮縣花蓮市菁華街４巷１之２號四樓之一,花蓮縣花蓮市民權里1鄰菁華街4巷1之2號,121.616739,23.979711
RPUOMLQJKHLGFAU27DA,花蓮縣花蓮市富裕二街９５號五樓之三,花蓮縣花蓮市國裕里13鄰富裕二街95號,121.600128,23.99479
RPPNMLQJKHLGFAU66DA,花蓮縣花蓮市菁華街４巷１之２號三樓之五,花蓮縣花蓮市民權里1鄰菁華街4巷1之2號,121.616739,23.979711
RPROMLPKKIKGFAU96DA,花蓮縣吉安鄉昌隆三街１１３號一樓之一,花蓮縣吉安鄉南昌村26鄰昌隆三街113號,121.581615,23.969555
RPPOMLKMJHLGFAU98DA,花蓮縣花蓮市民德四街２之１號三樓之一,花蓮縣花蓮市民德里1鄰民德四街2之1號,121.619568,23.981752
RPQNMLQLJHLGFAU86DA,花蓮縣吉安鄉昌隆三街１１１號九樓之一,花蓮縣吉安鄉南昌村26鄰昌隆三街111號,121.581373,23.969704
RPVNMLKMJHLGFAU86DA,花蓮縣花蓮市民德四街２之１號三樓之二,花蓮縣花蓮市民德里1鄰民德四街2之1號,121.619568,23.981752
RPRNMLMJLHLGFAU56DA,花蓮縣花蓮市民德四街２之１號四樓之二,花蓮縣花蓮市民德里1鄰民德四街2之1號,121.619568,23.981752
RPOPMLPKKIKGFAU76DA,花蓮縣吉安鄉昌隆三街１１５號五樓之一,花蓮縣吉安鄉南昌村26鄰昌隆三街115號,121.581766,23.969722
RPTNMLKMJHLGFAU66DA,花蓮縣花蓮市民德四街２之１號二樓之二,花蓮縣花蓮市民德里1鄰民德四街2之1號,121.619568,23.981752
RPSNMLMJLHLGFAU66DA,花蓮縣花蓮市民德四街２之１號六樓之一,花蓮縣花蓮市民德里1鄰民德四街2之1號,121.619568,23.981752
RPUOMLKMJHLGFAU86DA,花蓮縣花蓮市民德四街２之１號五樓之一,花蓮縣花蓮市民德里1鄰民德四街2之1號,121.619568,23.981752
RPVOMLKMJHLGFAU96DA,花蓮縣花蓮市民德四街２之１號七樓之二,花蓮縣花蓮市民德里1鄰民德四街2之1號,121.619568,23.981752
RPQNMLKMKIKGFAU09DA,花蓮縣吉安鄉昌隆三街１１５號五樓之二,花蓮縣吉安鄉南昌村26鄰昌隆三街115號,121.581766,23.969722
RPPNMLKMKIKGFAU98DA,花蓮縣吉安鄉昌隆三街１１５號二樓之一,花蓮縣吉安鄉南昌村26鄰昌隆三街115號,121.581766,23.969722
RPRPMLPKKIKGFAU07DA,花蓮縣吉安鄉昌隆三街１１５號六樓之二,花蓮縣吉安鄉南昌村26鄰昌隆三街115號,121.581766,23.969722
RPQOMLMKKIKGFAU56DA,花蓮縣吉安鄉昌隆三街１１３號六樓之六,花蓮縣吉安鄉南昌村26鄰昌隆三街113號,121.581615,23.969555
RPSOMLPKKIKGFAU07DA,花蓮縣吉安鄉昌隆三街１１３號五樓之二,花蓮縣吉安鄉南昌村26鄰昌隆三街113號,121.581615,23.969555
RPXNMLKMKIKGFAU17DA,花蓮縣吉安鄉昌隆三街１０３號,花蓮縣吉安鄉南昌村26鄰昌隆三街103號,121.58154,23.969487
RPTOMLPKKIKGFAU17DA,花蓮縣吉安鄉昌隆三街９５號,花蓮縣吉安鄉南昌村26鄰昌隆三街95號,121.581338,23.969601
RPROMLMKKIKGFAU66DA,花蓮縣吉安鄉昌隆三街１１５號七樓之三,花蓮縣吉安鄉南昌村26鄰昌隆三街115號,121.581766,23.969722
RPQNMLQKKIKGFAU86DA,花蓮縣吉安鄉昌隆三街１１５號六樓之三,花蓮縣吉安鄉南昌村26鄰昌隆三街115號,121.581766,23.969722
RPRNMLRLJHLGFAU07DA,花蓮縣吉安鄉昌隆三街１１５號七樓之二,花蓮縣吉安鄉南昌村26鄰昌隆三街115號,121.581766,23.969722
