id,Address,Response_Address,Response_X,Response_Y
0,花蓮縣花蓮市國民七街５３號十一樓之十五,,,
6,花蓮縣花蓮市民族路１號七樓之十二,,,
7,花蓮縣吉安鄉民治路２８２號三樓之二,,,
8,花蓮縣花蓮市德安六街１０５巷１號六樓之二,,,
10,花蓮縣花蓮市東興二街３５號五樓之一,,,
11,花蓮縣花蓮市中央路三段７３０號十一樓之十一,,,
12,花蓮縣花蓮市中興路５號八樓之五,,,
14,花蓮縣花蓮市富裕二街９５號六樓之一,,,
15,花蓮縣花蓮市富裕三街４２號五樓之二,,,
16,花蓮縣花蓮市介林五街３６號,,,
17,花蓮縣花蓮市豐村１５６之２號,,,
19,花蓮縣花蓮市華廈街３８號三樓之一,,,
20,花蓮縣花蓮市國民四街１號三樓之一,,,
21,花蓮縣花蓮市建興街１３７巷１號,,,
23,花蓮縣花蓮市東興二街１４９號十三樓之一,,,
24,花蓮縣花蓮市介仁街２４號,,,
25,花蓮縣花蓮市華興街１２６號,,,
26,花蓮縣吉安鄉東海十一街８９號,,,
27,花蓮縣吉安鄉華工六路６０巷２９號,,,
28,花蓮縣花蓮市國民七街５３號四樓之五,,,
29,花蓮縣花蓮市建昌路１７巷１號二樓之六,,,
30,花蓮縣花蓮市中央路三段７３０號七樓之九,,,
31,花蓮縣花蓮市中美路２９９之１２號七樓,,,
33,花蓮縣花蓮市國聯二路８３號七樓之七,,,
34,花蓮縣花蓮市國聯四路３６號六樓之四,,,
35,花蓮縣花蓮市府前路５０８號九樓之六,,,
36,花蓮縣花蓮市德安二街６０之１號三樓,,,
37,花蓮縣花蓮市中美路１１１之６號,,,
38,花蓮縣吉安鄉南昌北路４１號,,,
39,花蓮縣吉安鄉全民街１３５號二樓,,,
40,花蓮縣吉安鄉永興七街７號七樓之三,,,
41,花蓮縣花蓮市莊敬路１５８之１號六樓之五,,,
42,花蓮縣花蓮市東興一街８５號,,,
43,花蓮縣吉安鄉福興二街１９巷１號,,,
44,花蓮縣花蓮市自強路５０７巷２１號四樓,,,
46,花蓮縣花蓮市中美路８９巷２０號五樓之三,,,
47,花蓮縣花蓮市國興五街６３號四樓之三,,,
48,花蓮縣花蓮市建國路二段２６８巷１號,,,
49,花蓮縣吉安鄉太昌路４５６號,,,
50,花蓮縣吉安鄉福昌二街３９號,,,
51,花蓮縣吉安鄉全民街５２號五樓,,,
52,花蓮縣吉安鄉慶北一街１０６號,,,
53,花蓮縣花蓮市國富十五街１５號,,,
54,花蓮縣吉安鄉東海十街５８之１號三樓之二,,,
55,花蓮縣吉安鄉勝安二街３０巷９弄９號,,,
56,花蓮縣花蓮市中美路１３３號四樓之二,,,
57,花蓮縣吉安鄉中山路四段２２號,,,
58,花蓮縣花蓮市東興路３７７號二樓之一,,,
59,花蓮縣吉安鄉福昌二街３２號,,,
60,花蓮縣花蓮市中美十一街４１號,,,
61,花蓮縣花蓮市國興三街７９號二樓之五,,,
62,花蓮縣花蓮市富裕七街２１號七樓之一,,,
63,花蓮縣花蓮市國聯五路３號五樓之二,,,
65,花蓮縣花蓮市華廈街４０號五樓之二,,,
67,花蓮縣花蓮市莊敬路１５８之１號三樓之二,,,
69,花蓮縣吉安鄉東里四街７７巷２１號,,,
70,花蓮縣花蓮市富祥街１７２號,,,
71,花蓮縣花蓮市中美五街６９號,,,
72,花蓮縣花蓮市中美一街２０號六樓之一,,,
73,花蓮縣花蓮市建華路６５巷２０號,,,
74,花蓮縣花蓮市自立路３４巷８號二樓之二,,,
75,花蓮縣吉安鄉吉安路六段３３０號,,,
77,花蓮縣吉安鄉東里十五街１１７號之５,,,
78,花蓮縣吉安鄉東里七街７０巷４號,,,
79,花蓮縣吉安鄉東里十二街６巷１０號,,,
80,花蓮縣花蓮市國聯二路１２０號,,,
81,花蓮縣花蓮市民德四街５９之８號,,,
85,花蓮縣吉安鄉海岸路５７４號,,,
87,花蓮縣花蓮市介林五街１９９號,,,
88,花蓮縣花蓮市中美十三街７８號二樓之一號,,,
90,花蓮縣花蓮市菁華街４巷１弄２號三樓之六,,,
91,花蓮縣花蓮市國盛一街２２２號,,,
93,花蓮縣吉安鄉南海五街３０６巷２０號,,,
94,花蓮縣花蓮市國聯五路１３１號七樓之六,,,
96,花蓮縣花蓮市國富十三街９號五樓之二,,,
99,花蓮縣花蓮市長安街２６號十三樓之七,,,
100,花蓮縣吉安鄉南海四街２７６巷３０號,,,
101,花蓮縣花蓮市球崙一路２１９號七樓,,,
102,花蓮縣花蓮市富裕十七街２５號六樓之六,,,
103,花蓮縣花蓮市富裕六街１８號四樓之一,,,
104,花蓮縣花蓮市國盛七街９７號三樓,,,
105,花蓮縣花蓮市中興路４３巷３號六樓之二,,,
106,花蓮縣吉安鄉光華八街１８８號,,,
107,花蓮縣吉安鄉文化七街２０號,,,
109,花蓮縣花蓮市建安街６１巷３２號,,,
110,花蓮縣吉安鄉干城二街３８號,,,
111,花蓮縣花蓮市林森路３０５巷６０號,,,
113,花蓮縣花蓮市德安六街４６號,,,
115,花蓮縣花蓮市中正路２６４號八樓之六,,,
116,花蓮縣花蓮市建昌路１７巷１號之２,,,
117,花蓮縣花蓮市中央路三段７２０巷５號九樓之五,,,
119,花蓮縣吉安鄉文化五街７３號四樓,,,
121,花蓮縣花蓮市東興二街２９巷１號,,,
122,花蓮縣花蓮市中正路４７之９號,,,
123,花蓮縣花蓮市富安路１４７號三樓之九,,,
126,花蓮縣吉安鄉吉昌二街３００巷１０號,,,
127,花蓮縣花蓮市華廈街４０號三樓之一,,,
128,花蓮縣吉安鄉中山路四段２２號,,,
129,花蓮縣吉安鄉荳蘭三街６０號四樓之二,,,
130,花蓮縣花蓮市中興路４３巷１號二樓之三,,,
131,花蓮縣花蓮市復興街３３之１１號,,,
132,花蓮縣花蓮市建昌路３２巷４號二樓,,,
133,花蓮縣花蓮市福光街３４７巷５１號二樓之二,,,
136,花蓮縣吉安鄉全民街１３５號,,,
137,花蓮縣吉安鄉自樂街４６巷１０號,,,
138,花蓮縣花蓮市中山路６２５之１號三樓,,,
139,花蓮縣花蓮市中山路７４８號二樓之二,,,
140,花蓮縣花蓮市國富十一街３２號五樓之二,,,
141,花蓮縣吉安鄉宜昌三街６號,,,
142,花蓮縣花蓮市德安二街６８巷６０號五樓,,,
143,花蓮縣花蓮市自立路８９巷６３號二樓之一,,,
145,花蓮縣花蓮市華興街１２０巷１１之１１號,,,
146,花蓮縣花蓮市德安六街９６巷３號,,,
147,花蓮縣吉安鄉中央路二段１３９巷４弄１１號,,,
148,花蓮縣花蓮市延平街８８號三樓之一,,,
149,花蓮縣吉安鄉吉興一街３７２巷１０號二樓之九,,,
150,花蓮縣花蓮市建安街１２巷１８號四樓之二,,,
151,花蓮縣吉安鄉太昌路１０６巷６號三樓之一,,,
152,花蓮縣吉安鄉東里十一街３７號,,,
153,花蓮縣吉安鄉吉安路三段１７５之３號,,,
155,花蓮縣吉安鄉太昌路１０６巷６號五樓之一,,,
156,花蓮縣花蓮市富陽路４１號五樓之二,,,
157,花蓮縣花蓮市中興路２３號九樓之二,,,
158,花蓮縣花蓮市中興路４３巷１號九樓之二,,,
160,花蓮縣花蓮市富裕一街１６９號九樓之三,,,
161,花蓮縣花蓮市建安街１２巷１８號二樓之一,,,
162,花蓮縣吉安鄉昌隆二街１７０號,,,
164,花蓮縣花蓮市建和街２５巷３０弄１０號,,,
165,花蓮縣吉安鄉華工六路９０巷２號,,,
166,花蓮縣花蓮市鎮國街７號,,,
167,花蓮縣吉安鄉慶豐十一街２９８之２號,,,
168,花蓮縣花蓮市華安街７２號,,,
169,花蓮縣花蓮市球崙二路２０９號二樓之三,,,
171,花蓮縣花蓮市建中街９號,,,
173,花蓮縣花蓮市建華路９１之２０號,,,
174,花蓮縣花蓮市介林六街１２之３號,,,
175,花蓮縣吉安鄉華城七街２８２號,,,
177,花蓮縣花蓮市富安路９７號六樓之二,,,
178,花蓮縣花蓮市建昌路３８號三樓之二,,,
179,花蓮縣花蓮市建國路二段２６８巷７１號,,,
180,花蓮縣花蓮市仁和街１６號,,,
181,花蓮縣花蓮市國民八街１０６號五樓之三,,,
184,花蓮縣吉安鄉東里十一街３８號,,,
186,花蓮縣吉安鄉南海七街２０１巷２號,,,
187,花蓮縣花蓮市北昌三街２１號,,,
188,花蓮縣吉安鄉吉興二街２９２巷１弄２３號,,,
191,花蓮縣花蓮市國聯二路８３號四樓之七,,,
192,花蓮縣花蓮市化道路８９巷１２號八樓之二,,,
193,花蓮縣花蓮市福光街３４７巷２３弄６號,,,
194,花蓮縣吉安鄉明仁一街１８３巷２之１號,,,
196,花蓮縣花蓮市中美路２９９之１３號七樓,,,
197,花蓮縣花蓮市中順街１３２號,,,
198,花蓮縣吉安鄉東海十街６８號,,,
199,花蓮縣花蓮市民享八街１９號,,,
200,花蓮縣吉安鄉昌隆二街９９號五樓,,,
201,花蓮縣花蓮市富強路２２１號,,,
202,花蓮縣花蓮市富裕三街５２號二樓之九,,,
203,花蓮縣花蓮市國聯五路２之８號五樓之八,,,
204,花蓮縣花蓮市富裕五街３６號四樓之一,,,
205,花蓮縣花蓮市國民七街５３號八樓之七,,,
206,花蓮縣花蓮市國民七街５１號四樓之六,,,
207,花蓮縣花蓮市北昌四街３３號二樓之一,,,
208,花蓮縣花蓮市華廈街７５號六樓之二,,,
209,花蓮縣花蓮市豐村１１之８號,,,
210,花蓮縣花蓮市水源街５５巷３０號,,,
211,花蓮縣吉安鄉吉昌二街２０７巷２號,,,
212,花蓮縣花蓮市民光６０號,,,
213,花蓮縣花蓮市富安路１０６號三樓之三,,,
214,花蓮縣花蓮市中美一街３號八樓之二,,,
215,花蓮縣花蓮市球崙二路５８號五樓,,,
216,花蓮縣吉安鄉勝安二街２５號,,,
217,花蓮縣吉安鄉自立二街２巷２３號,,,
218,花蓮縣花蓮市南京街２０３之１號,,,
220,花蓮縣吉安鄉宜昌五街１７號,,,
222,花蓮縣吉安鄉宜昌七街３６號,,,
223,花蓮縣花蓮市國盛二街２５３號,,,
224,花蓮縣花蓮市國聯四路８３號五樓之七,,,
226,花蓮縣吉安鄉全民街３３號二樓,,,
227,花蓮縣花蓮市華德街８６巷２號,,,
228,花蓮縣花蓮市國民二街２１號,,,
230,花蓮縣花蓮市自強路５０７巷１１號二樓,,,
231,花蓮縣吉安鄉永吉一街１２號,,,
232,花蓮縣花蓮市國盛七街９７號二樓,,,
233,花蓮縣花蓮市南京街１９１號七樓之十六,,,
234,花蓮縣花蓮市國盛一街２１７號二樓之九,,,
235,花蓮縣花蓮市民享十街１３號,,,
236,花蓮縣花蓮市國盛一街１８０之９號二樓,,,
237,花蓮縣吉安鄉自強路２０１巷１２號,,,
238,花蓮縣花蓮市建安街６１巷１８號,,,
239,花蓮縣吉安鄉全民街９７號四樓,,,
240,花蓮縣花蓮市建國路二段５９８號,,,
241,花蓮縣花蓮市林森路２１７巷１弄２８號,,,
242,花蓮縣花蓮市球崙二路２４０巷３號,,,
243,花蓮縣花蓮市球崙二路２４０巷２號,,,
244,花蓮縣花蓮市沙基拉雅街１１３巷９弄２３號,,,
245,花蓮縣花蓮市球崙二路２４０巷６號,,,
246,花蓮縣花蓮市球崙二路２４０巷１號,,,
248,花蓮縣吉安鄉慶豐七街１４３號,,,
249,花蓮縣花蓮市林森路３１５巷３８號,,,
252,花蓮縣吉安鄉慈惠四街１７０巷６９號,,,
253,花蓮縣花蓮市東興二街１５３號八樓之二,,,
254,花蓮縣花蓮市長安街４６巷２１之３號,,,
255,花蓮縣吉安鄉中原路一段２２９巷２７號,,,
256,花蓮縣吉安鄉太昌路１０６巷６號四樓之一,,,
257,花蓮縣吉安鄉吉安路六段７４５號,,,
258,花蓮縣花蓮市中原路６５６號,,,
259,花蓮縣吉安鄉太昌路１０６巷６號二樓之一,,,
260,花蓮縣吉安鄉太昌路１０６巷６號二樓之二,,,
262,花蓮縣吉安鄉慈惠二街６７號二樓,,,
263,花蓮縣花蓮市國民七街５１號六樓之九,,,
264,花蓮縣花蓮市富強路４８號二樓之二,,,
266,花蓮縣花蓮市中美十一街９號五樓之一,,,
267,花蓮縣吉安鄉南海二街１９３巷１４號,,,
268,花蓮縣吉安鄉太昌路２４２巷１１弄１７號,,,
269,花蓮縣吉安鄉太昌路１０６巷６號四樓之二,,,
270,花蓮縣花蓮市中順街４５巷１５弄９號六樓之一,,,
271,花蓮縣花蓮市林森路２５７巷２８號,,,
272,花蓮縣花蓮市中正路３３６巷４號,,,
274,花蓮縣花蓮市福光街３５３巷２７號,,,
275,花蓮縣吉安鄉東海十街１６６號,,,
281,花蓮縣花蓮市中美七街３９號三樓之六,,,
282,花蓮縣花蓮市中強街１２８巷７號,,,
283,花蓮縣花蓮市北昌三街１８巷２０號五樓之一,,,
284,花蓮縣花蓮市豐村７３之１號三樓之二,,,
285,花蓮縣吉安鄉仁里一街１號六樓之三,,,
287,花蓮縣吉安鄉南海八街２１０巷２６號,,,
288,花蓮縣花蓮市中興路４３巷３號八樓之三,,,
290,花蓮縣吉安鄉明義七街１７０巷１０弄５號,,,
291,花蓮縣花蓮市林森路２９３巷１弄３７號,,,
292,花蓮縣花蓮市中和街１９０號四樓之五,,,
293,花蓮縣花蓮市長春街４１號,,,
296,花蓮縣花蓮市民光１９３號,,,
297,花蓮縣花蓮市富陽路８６號,,,
298,花蓮縣吉安鄉慶南三街２４２之１號,,,
299,花蓮縣吉安鄉慈惠四街７９號二樓之二,,,
300,花蓮縣吉安鄉荳蘭五街１巷２號,,,
301,花蓮縣花蓮市光復街７３號,,,
307,花蓮縣花蓮市華德街４５號,,,
309,花蓮縣花蓮市中美路１１１號四樓之三,,,
310,花蓮縣吉安鄉北安街４１號,,,
312,花蓮縣花蓮市富強路２５５號,,,
315,花蓮縣花蓮市南京街３１２巷８號,,,
317,花蓮縣花蓮市中興路１９號八樓之六,,,
318,花蓮縣花蓮市延平街１９３巷２２號,,,
320,花蓮縣花蓮市民享九街４５號,,,
321,花蓮縣花蓮市富國路８５號,,,
323,花蓮縣吉安鄉慶北二街８９號,,,
324,花蓮縣吉安鄉太昌路１０６巷６號五樓之二,,,
325,順興路９５之３號,,,
328,花蓮縣吉安鄉中央路三段２０號二樓之一,,,
332,花蓮縣花蓮市豐村３４號,,,
333,花蓮縣花蓮市介林六街１２號,,,
334,花蓮縣吉安鄉昌隆三街１１５號八樓之三,,,
335,花蓮縣吉安鄉昌隆三街１１１號三樓之一,,,
336,花蓮縣吉安鄉太昌路１０６巷６號三樓之二,,,
337,花蓮縣吉安鄉勝安四街５號二樓之二,,,
338,花蓮縣吉安鄉昌隆三街１１３號八樓之一,,,
339,花蓮縣吉安鄉中央路三段２０號五樓之二,,,
340,花蓮縣吉安鄉昌隆三街１１１號十樓之一,,,
341,花蓮縣吉安鄉昌隆三街１１３號七樓之六,,,
342,花蓮縣吉安鄉昌隆三街１１３號十樓之二,,,
343,花蓮縣花蓮市光復街２５號,,,
344,花蓮縣花蓮市介林六街１２之６號,,,
346,花蓮縣吉安鄉荳蘭三街６０號八樓之三,,,
347,花蓮縣花蓮市富裕二街９５號六樓之六,,,
348,花蓮縣花蓮市富裕二街９５號六樓之五,,,
349,花蓮縣花蓮市介林六街１２之５號,,,
350,花蓮縣花蓮市富裕二街９５號五樓之五,,,
351,花蓮縣花蓮市富裕二街９５號七樓之二,,,
352,花蓮縣吉安鄉昌隆三街１１３號四樓之六,,,
353,花蓮縣吉安鄉昌隆三街１１３號十樓之三,,,
354,花蓮縣花蓮市介林六街１２之２號,,,
355,花蓮縣花蓮市介林六街１２之１號,,,
356,花蓮縣吉安鄉昌隆三街１１１號七樓之二,,,
357,花蓮縣吉安鄉昌隆三街１１１號八樓之一,,,
358,花蓮縣吉安鄉昌隆三街１１１號九樓之三,,,
359,花蓮縣吉安鄉昌隆三街１１１號十樓之三,,,
360,花蓮縣花蓮市富裕二街９５號四樓之三,,,
361,花蓮縣吉安鄉昌隆三街１１３號二樓之六,,,
362,花蓮縣吉安鄉昌隆三街１１１號八樓之三,,,
363,花蓮縣吉安鄉昌隆三街１１１號十樓之五,,,
364,花蓮縣吉安鄉昌隆三街１１３號九樓之三,,,
365,花蓮縣花蓮市富裕二街９５號二樓之五,,,
366,花蓮縣花蓮市富裕二街９５號五樓之二,,,
367,花蓮縣花蓮市富裕二街９５號六樓之二,,,
368,花蓮縣花蓮市富裕二街９５號二樓之六,,,
369,花蓮縣花蓮市富裕二街９７號,,,
370,花蓮縣花蓮市富裕二街９５號二樓之一,,,
371,花蓮縣花蓮市富裕二街９５號三樓之五,,,
372,花蓮縣花蓮市富裕二街９５號三樓之二,,,
373,花蓮縣花蓮市富裕二街９５號三樓之三,,,
374,花蓮縣花蓮市富裕二街９５號四樓之二,,,
375,花蓮縣花蓮市富裕二街９５號三樓之六,,,
376,花蓮縣花蓮市富裕二街９５號五樓之一,,,
377,花蓮縣花蓮市富裕二街９５號二樓之二,,,
378,花蓮縣花蓮市富裕二街９５號四樓之六,,,
379,花蓮縣花蓮市富裕二街９５號三樓之一,,,
380,花蓮縣吉安鄉昌隆三街１１３號五樓之三,,,
381,花蓮縣花蓮市林森路４３９巷３９號七樓之三,,,
382,花蓮縣吉安鄉昌隆三街１１１號八樓之二,,,
383,花蓮縣花蓮市林森路４３９巷３９號八樓之一,,,
384,花蓮縣花蓮市林森路４３９巷３９號七樓之五,,,
385,花蓮縣吉安鄉昌隆三街１１１號七樓之三,,,
386,花蓮縣吉安鄉昌隆三街１１３號八樓之三,,,
387,花蓮縣吉安鄉昌隆三街１１１號二樓之五,,,
388,花蓮縣花蓮市林森路４３９巷３９號五樓之五,,,
389,花蓮縣花蓮市林森路４３９巷３９號二樓之五,,,
390,花蓮縣吉安鄉昌隆三街１１１號二樓之二,,,
391,花蓮縣吉安鄉昌隆三街１１１號六樓之三,,,
392,花蓮縣花蓮市林森路４３９巷３９號六樓之一,,,
393,花蓮縣吉安鄉昌隆三街１１３號十樓之五,,,
394,花蓮縣吉安鄉昌隆三街１１５號六樓之一,,,
395,花蓮縣吉安鄉昌隆三街１１３號三樓之一,,,
396,花蓮縣吉安鄉昌隆三街１１３號九樓之二,,,
397,花蓮縣吉安鄉昌隆三街１１１號九樓之五,,,
398,花蓮縣吉安鄉昌隆三街１１１號二樓之一,,,
399,花蓮縣吉安鄉昌隆三街１１１號七樓之五,,,
400,花蓮縣吉安鄉昌隆三街１１５號十樓之三,,,
401,花蓮縣吉安鄉昌隆三街１１５號十樓之一,,,
402,花蓮縣吉安鄉昌隆三街１１１號六樓之五,,,
403,花蓮縣吉安鄉昌隆三街１１３號五樓之六,,,
404,花蓮縣吉安鄉昌隆三街１１３號七樓之一,,,
405,花蓮縣吉安鄉昌隆三街１１３號九樓之五,,,
406,花蓮縣吉安鄉昌隆三街１１３號七樓之二,,,
407,花蓮縣吉安鄉昌隆三街１０９號,,,
408,花蓮縣吉安鄉昌隆三街１１３號七樓之三,,,
409,花蓮縣吉安鄉昌隆三街１１３號二樓之一,,,
410,花蓮縣吉安鄉昌隆三街１１３號二樓之三,,,
411,花蓮縣吉安鄉昌隆三街１１１號三樓之五,,,
412,花蓮縣吉安鄉昌隆三街１１３號四樓之二,,,
413,花蓮縣吉安鄉昌隆三街１１１號五樓之一,,,
414,花蓮縣吉安鄉昌隆三街１１１號八樓之五,,,
415,花蓮縣吉安鄉昌隆三街１１３號六樓之三,,,
416,花蓮縣吉安鄉昌隆三街１１３號七樓之五,,,
417,花蓮縣吉安鄉昌隆三街１１３號三樓之二,,,
418,花蓮縣吉安鄉昌隆三街１１３號六樓之一,,,
419,花蓮縣吉安鄉昌隆三街１１１號四樓之三,,,
420,花蓮縣吉安鄉昌隆三街１１１號五樓之五,,,
421,花蓮縣吉安鄉昌隆三街１１１號五樓之二,,,
422,花蓮縣吉安鄉昌隆三街１１１號三樓之二,,,
423,花蓮縣吉安鄉昌隆三街１０７號,,,
424,花蓮縣吉安鄉昌隆三街１１３號八樓之五,,,
425,花蓮縣吉安鄉昌隆三街１１３號四樓之一,,,
426,花蓮縣吉安鄉昌隆三街１１３號六樓之二,,,
427,花蓮縣吉安鄉昌隆三街１１３號四樓之五,,,
428,花蓮縣吉安鄉昌隆三街９１號,,,
429,花蓮縣吉安鄉昌隆三街１０５號,,,
430,花蓮縣吉安鄉昌隆三街１１３號四樓之三,,,
431,花蓮縣吉安鄉昌隆三街９７號,,,
432,花蓮縣吉安鄉昌隆三街１１１號七樓之一,,,
433,花蓮縣吉安鄉昌隆三街１１１號四樓之二,,,
434,花蓮縣吉安鄉昌隆三街１１３號三樓之三,,,
435,花蓮縣吉安鄉昌隆三街１１５號三樓之三,,,
436,花蓮縣吉安鄉昌隆三街１１３號六樓之五,,,
437,花蓮縣吉安鄉昌隆三街１１１號六樓之一,,,
438,花蓮縣吉安鄉昌隆三街１１１號四樓之五,,,
439,花蓮縣吉安鄉昌隆三街１１３號二樓之五,,,
440,花蓮縣吉安鄉昌隆三街１１３號三樓之六,,,
441,花蓮縣吉安鄉昌隆三街１１３號五樓之五,,,
442,花蓮縣吉安鄉昌隆三街１１１號四樓之一,,,
443,花蓮縣吉安鄉昌隆三街１１３號八樓之二,,,
444,花蓮縣吉安鄉昌隆三街１１５號二樓之三,,,
446,花蓮縣吉安鄉太昌路２４２巷３５號,,,
447,花蓮縣花蓮市民樂三街２之２號四樓之二,,,
449,花蓮縣花蓮市國民七街５１號六樓之十二,,,
451,花蓮縣花蓮市中美五街１２０號四樓,,,
452,花蓮縣花蓮市中興路１２之１號五樓之二,,,
454,花蓮縣花蓮市國興一街９５號八樓之十六,,,
455,花蓮縣花蓮市國興四街１５號,,,
456,花蓮縣花蓮市榮正街５２號五樓之六,,,
457,花蓮縣花蓮市大同街９８巷７號,,,
458,花蓮縣吉安鄉中興路１８０巷１８號,,,
459,花蓮縣花蓮市中正路１１０巷５弄４號,,,
460,花蓮縣花蓮市國民七街５３號九樓之十七,,,
461,花蓮縣花蓮市國盛一街７６號六樓之三,,,
462,花蓮縣花蓮市富裕六街２６號二樓之二,,,
463,花蓮縣花蓮市德安三街１３號四樓之二,,,
465,花蓮縣花蓮市林森路２７３巷４９號,,,
467,花蓮縣吉安鄉太昌路４１０之２號,,,
468,花蓮縣吉安鄉慶豐五街１２５巷６號,,,
469,花蓮縣吉安鄉中原路一段２４３號,,,
471,花蓮縣花蓮市國盛一街７６號二樓之三,,,
472,花蓮縣花蓮市建國路二段８０８號,,,
474,花蓮縣花蓮市林森路１９６巷２之５號,,,
479,花蓮縣吉安鄉華工六路６２巷６３號,,,
480,花蓮縣吉安鄉自強路８３號,,,
481,花蓮縣吉安鄉自強路８３號,,,
482,花蓮縣花蓮市鎮國街３１號,,,
484,花蓮縣吉安鄉北昌一街１５巷１１１之７號,,,
485,花蓮縣花蓮市中山路５７１巷３１之１號三樓之一,,,
486,花蓮縣花蓮市開興路２號,,,
488,花蓮縣花蓮市化道路１７４巷１５號,,,
489,花蓮縣花蓮市北昌一街９７巷９號三樓,,,
490,花蓮縣花蓮市東興一街１３３巷１號,,,
491,花蓮縣花蓮市信義街３６之５號四樓,,,
492,花蓮縣花蓮市國盛四街５３號五樓之八,,,
493,花蓮縣花蓮市南京街１９１號五樓之三,,,
497,花蓮縣花蓮市國民七街５３號五樓之七,,,
498,花蓮縣花蓮市國盛四街１１６號四樓之十,,,
500,花蓮縣花蓮市南京街２０３號二樓之十五,,,
501,花蓮縣花蓮市建林街１３９號,,,
507,花蓮縣花蓮市中興路４３巷２號五樓之一,,,
508,花蓮縣吉安鄉慶豐五街１２５巷６號,,,
509,花蓮縣吉安鄉慶北二街２９７號,,,
510,花蓮縣花蓮市福光街３４７巷２３弄６號,,,
511,花蓮縣花蓮市裕民路１１５巷１號,,,
514,花蓮縣吉安鄉中興路２１２號,,,
515,花蓮縣花蓮市東興三街３６號,,,
516,花蓮縣吉安鄉廣賢路一段３４９巷７號四樓之二,,,
520,花蓮縣花蓮市府前路４０８巷１８弄２號三樓之二,,,
522,花蓮縣花蓮市民光１１７號,,,
523,花蓮縣花蓮市中強街１４１號三樓,,,
524,花蓮縣吉安鄉全民街６７號三樓,,,
525,花蓮縣吉安鄉吉興路三段７５號,,,
526,花蓮縣花蓮市民權八街５８之３號,,,
527,花蓮縣花蓮市中美十街５５巷１弄１９號,,,
528,花蓮縣花蓮市民權二街１號二樓,,,
529,花蓮縣吉安鄉吉安路六段７５７號,,,
530,花蓮縣吉安鄉吉安路三段４７號,,,
531,花蓮縣吉安鄉東里十四街９２號,,,
532,花蓮縣花蓮市中興路１２之１號二樓之二,,,
533,花蓮縣花蓮市中原路６３８巷２１號,,,
534,花蓮縣花蓮市國民七街５１號十二樓之二十,,,
535,花蓮縣吉安鄉中華路二段２９６號,,,
536,花蓮縣吉安鄉慶北三街４４２巷１８號,,,
537,花蓮縣花蓮市國聯二路８３號五樓之六,,,
538,花蓮縣花蓮市明心街３９號,,,
539,花蓮縣花蓮市中華路４號,,,
540,花蓮縣花蓮市國盛一街２１７號二樓之九,,,
541,花蓮縣花蓮市建華路８９巷１號,,,
542,花蓮縣花蓮市忠孝街３１號六樓之二,,,
543,花蓮縣花蓮市國興一街９５號五樓之十五,,,
544,花蓮縣花蓮市華廈街５４巷１０號,,,
545,花蓮縣花蓮市中美五街１４６號,,,
546,花蓮縣吉安鄉全民街６７號,,,
548,花蓮縣花蓮市國盛一街２０６之６號四樓,,,
549,花蓮縣花蓮市中山路一段１８號,,,
550,花蓮縣花蓮市建昌路１４０巷８弄８號,,,
551,花蓮縣花蓮市重慶路５號七樓之一,,,
552,花蓮縣花蓮市民光１２號,,,
553,花蓮縣花蓮市林森路３２２號三樓之二,,,
554,花蓮縣花蓮市國盛三街５９號,,,
556,花蓮縣吉安鄉慶北一街１６７號三樓之一,,,
557,花蓮縣花蓮市中興路１９號五樓之二,,,
560,花蓮縣花蓮市中正路４２３號,,,
561,花蓮縣吉安鄉民治路３２９巷１８號,,,
562,花蓮縣吉安鄉中正路二段１８６巷１９號七樓之三,,,
563,花蓮縣花蓮市中美九街１２９之１號,,,
564,花蓮縣花蓮市中美九街９１號,,,
565,花蓮縣花蓮市富裕一街６７號五樓,,,
567,花蓮縣花蓮市國富二十八街７０號,,,
568,花蓮縣花蓮市國民八街６３號五樓之七,,,
571,花蓮縣花蓮市介林九街２８號,,,
572,花蓮縣吉安鄉慶北二街３９８號五樓,,,
573,花蓮縣花蓮市林森路２１７巷１弄１５號,,,
574,花蓮縣花蓮市中美十三街８５巷１２號,,,
575,花蓮縣花蓮市中央路四段４５０號四樓之五,,,
576,花蓮縣花蓮市中美三街２３巷１０號五樓,,,
577,花蓮縣花蓮市中原路６３８巷７號,,,
579,花蓮縣吉安鄉北昌一街２９號五樓之二,,,
580,花蓮縣吉安鄉北昌一街２９號四樓之三,,,
581,花蓮縣吉安鄉北昌一街２９號五樓之三,,,
582,花蓮縣吉安鄉北昌一街２９號三樓之二,,,
584,花蓮縣花蓮市北昌二街６巷２９號,,,
585,花蓮縣花蓮市新港街１３號,,,
586,花蓮縣吉安鄉稻香三街１８號,,,
587,花蓮縣花蓮市國民八街６９之１號,,,
588,花蓮縣花蓮市國富九街４３號二樓之一,,,
589,花蓮縣吉安鄉海岸路６４５巷６４號,,,
590,花蓮縣吉安鄉海岸路２３８號,,,
591,花蓮縣吉安鄉吉興二街２２２號,,,
593,花蓮縣花蓮市介林五街１１５號,,,
594,花蓮縣吉安鄉稻香二街９號,,,
595,花蓮縣吉安鄉南昌路１１５號五樓之五,,,
596,花蓮縣吉安鄉東里一街１４２號,,,
598,花蓮縣花蓮市明義街５３巷８之２號五樓,,,
599,花蓮縣吉安鄉東海十街１５６巷２１之１號一樓之二,,,
600,花蓮縣吉安鄉稻香二街１巷７號,,,
601,花蓮縣吉安鄉北昌一街２９號二樓之二,,,
602,花蓮縣吉安鄉吉興路二段４５號,,,
603,花蓮縣吉安鄉吉興路二段４７號,,,
604,花蓮縣花蓮市國民六街３９號五樓之一,,,
605,花蓮縣吉安鄉北昌一街２９號七樓之二,,,
606,花蓮縣吉安鄉北昌一街２９號六樓之二,,,
607,花蓮縣吉安鄉北昌一街２９號七樓之一,,,
608,花蓮縣吉安鄉自強路２０１巷３１弄１８號,,,
609,花蓮縣花蓮市建昌路１８０號,,,
610,花蓮縣花蓮市豐村１０５之６號,,,
611,花蓮縣吉安鄉慶豐十二街１５１巷６號,,,
612,花蓮縣花蓮市國風街５６號四樓,,,
613,花蓮縣吉安鄉中山路一段６６號七樓之三,,,
614,花蓮縣吉安鄉南海五街２４２號,,,
615,花蓮縣花蓮市中山路一段１５３號,,,
616,花蓮縣吉安鄉明義五街４１號四樓,,,
618,花蓮縣花蓮市中正路１６８巷１弄３號,,,
620,花蓮縣吉安鄉仁里五街６５巷１之２號,,,
621,花蓮縣花蓮市國興三街７９號八樓之一,,,
623,花蓮縣花蓮市民德四街２之１３號九樓,,,
625,花蓮縣吉安鄉吉昌三街８３號,,,
627,花蓮縣花蓮市商校街２６２號七樓,,,
628,花蓮縣花蓮市中美十三街５６號七樓之七,,,
629,花蓮縣吉安鄉太昌路４６３巷２１號,,,
630,花蓮縣吉安鄉北昌一街１５巷１１３之７號,,,
633,花蓮縣花蓮市東興二街１２巷３０號,,,
634,花蓮縣花蓮市國盛五街５２號,,,
636,花蓮縣花蓮市南京街７１之２號,,,
637,花蓮縣花蓮市中美路１３３之１號,,,
638,花蓮縣花蓮市建昌路１１９巷６號五樓之二,,,
639,花蓮縣花蓮市國盛二街１１８號五樓之六,,,
640,花蓮縣花蓮市國聯二路８３號十一樓之八,,,
641,花蓮縣花蓮市府前路１０２之６號,,,
642,花蓮縣花蓮市國盛一街１４１之２４號,,,
643,花蓮縣花蓮市中山路５７１巷３１之１號六樓之三,,,
644,花蓮縣吉安鄉宜昌六街２之２號,,,
645,花蓮縣花蓮市化道路１３１巷２６號,,,
646,花蓮縣吉安鄉仁里一街１號二樓之一,,,
648,花蓮縣吉安鄉南埔十二街２之３號五樓之三,,,
649,花蓮縣花蓮市球崙二路５２巷１８號,,,
650,花蓮縣花蓮市長安街２６號十樓之九,,,
651,花蓮縣花蓮市中正路２４９巷３６號,,,
652,花蓮縣花蓮市東興一街１３２號,,,
653,花蓮縣花蓮市府前路５０８號三樓之二,,,
654,花蓮縣花蓮市中山路４１１巷１２弄１號,,,
656,花蓮縣花蓮市富裕十六街４１號七樓,,,
657,花蓮縣花蓮市中興路１２之１號二樓之一,,,
658,花蓮縣吉安鄉慶南三街３２８巷２０號,,,
659,花蓮縣花蓮市國聯二路７５號,,,
660,花蓮縣花蓮市中興路１６３號,,,
661,花蓮縣吉安鄉南海一街１０９巷３６號,,,
662,花蓮縣吉安鄉南海二街２１７號,,,
663,花蓮縣吉安鄉吉興路一段１０５號,,,
664,花蓮縣花蓮市莊敬路５８號,,,
665,花蓮縣花蓮市莊敬路６０號,,,
667,花蓮縣吉安鄉文化八街９０巷２號,,,
668,花蓮縣花蓮市國盛四街１１６號四樓之九,,,
669,花蓮縣花蓮市中原路３９４巷２號四樓之一,,,
670,花蓮縣花蓮市新港街６８號,,,
671,花蓮縣花蓮市建昌路３８號七樓之二,,,
672,花蓮縣花蓮市國盛二街１１８之９號五樓,,,
673,花蓮縣吉安鄉中山路三段５３２之３號,,,
674,花蓮縣花蓮市化道路２２０號三樓,,,
675,花蓮縣花蓮市化道路２２０號三樓,,,
676,花蓮縣花蓮市德安三街１３號三樓之二,,,
677,花蓮縣吉安鄉文化五街６７號四樓,,,
678,花蓮縣吉安鄉民治路３２９巷１２號,,,
679,花蓮縣吉安鄉慶南一街４６號,,,
680,花蓮縣吉安鄉和平路一段６７號,,,
681,花蓮縣花蓮市國民八街８號十一樓之五,,,
682,花蓮縣吉安鄉南海五街２１０巷３號,,,
683,花蓮縣花蓮市林園二街３５號,,,
684,花蓮縣吉安鄉東里十四街７６巷２號,,,
685,花蓮縣花蓮市國興六街１１號四樓之三,,,
686,花蓮縣花蓮市國盛五街２號四樓之三,,,
687,花蓮縣吉安鄉海濱１０５之１號,,,
688,花蓮縣花蓮市和平路３６２號四樓之一,,,
690,花蓮縣吉安鄉吉昌三街２６８之１５號,,,
695,花蓮縣吉安鄉荳蘭五街６巷２３號,,,
696,花蓮縣吉安鄉荳蘭五街６巷１１之１號,,,
697,花蓮縣花蓮市富裕一街６７號四樓,,,
698,花蓮縣吉安鄉全民街１３２號三樓,,,
700,花蓮縣吉安鄉太昌路３７２巷１２號,,,
701,花蓮縣花蓮市東興二街１５３號十二樓之一,,,
702,花蓮縣花蓮市大同街９之４號,,,
703,花蓮縣花蓮市和平路４９７號,,,
704,花蓮縣花蓮市北昌五街５２號三樓之五,,,
705,花蓮縣吉安鄉全民街８５號,,,
706,花蓮縣花蓮市軒轅路２２號之１,,,
707,花蓮縣花蓮市北昌五街５２號,,,
708,花蓮縣花蓮市東興二街３３號五樓之五,,,
709,花蓮縣花蓮市中華路３３５之１４號,,,
710,花蓮縣吉安鄉廣豐路１１號,,,
711,花蓮縣吉安鄉東里十街４５號,,,
713,花蓮縣吉安鄉太昌路３３２號,,,
714,花蓮縣花蓮市忠孝街３１號二樓之一,,,
715,花蓮縣花蓮市忠孝街３１號二樓之二,,,
716,花蓮縣花蓮市忠孝街３１號三樓之一,,,
717,花蓮縣花蓮市忠孝街３１號三樓之二,,,
718,花蓮縣花蓮市忠孝街３１號四樓之一,,,
719,花蓮縣吉安鄉中興路１５０巷１９號,,,
720,花蓮縣花蓮市忠孝街３１號五樓之一,,,
721,花蓮縣吉安鄉仁光９５號,,,
722,花蓮縣花蓮市國盛一街１９０號四樓６號,,,
723,花蓮縣花蓮市國盛二街２１３號八樓之六,,,
724,花蓮縣花蓮市民享十街１３號,,,
725,花蓮縣花蓮市民德四街９號五樓之一,,,
726,花蓮縣花蓮市國興三街３９之１號,,,
727,花蓮縣花蓮市民享九街３５號,,,
728,花蓮縣花蓮市中興路１２之１號三樓之一,,,
729,花蓮縣花蓮市德安四街３１之１號,,,
730,花蓮縣吉安鄉吉安路六段４１１號,,,
731,花蓮縣花蓮市國盛四街５３號五樓之二,,,
732,花蓮縣吉安鄉東海十一街１號三樓之六,,,
733,花蓮縣花蓮市國盛二街２１３號五樓之一,,,
734,花蓮縣花蓮市國興二街１２５號二樓之七,,,
735,花蓮縣花蓮市林森路２７３巷５６號,,,
736,花蓮縣吉安鄉南海五街２７６號,,,
738,花蓮縣花蓮市中美路３之２６號四樓,,,
739,花蓮縣吉安鄉全民街５２號三樓,,,
740,花蓮縣花蓮市富安路１４７號三樓之五號,,,
743,花蓮縣花蓮市中興路１２之１號五樓之一,,,
744,花蓮縣吉安鄉東里十五街７９號,,,
746,花蓮縣吉安鄉南海八街１６１巷３６號,,,
747,花蓮縣花蓮市國盛一街１６０之５號,,,
748,花蓮縣吉安鄉南華六街１１８號,,,
749,花蓮縣吉安鄉山下路７號,,,
750,花蓮縣吉安鄉慶南一街１９１號,,,
751,花蓮縣吉安鄉海岸路３２巷２３號,,,
752,花蓮縣花蓮市中央路四段４５０號三樓之一,,,
753,花蓮縣花蓮市中華路３１７巷４弄１１號,,,
754,花蓮縣吉安鄉慈惠二街１２４號三樓之三,,,
756,花蓮縣花蓮市國盛一街７６號七樓之五,,,
758,花蓮縣花蓮市中央路三段７２０巷５號二樓之八,,,
759,花蓮縣吉安鄉吉興一街４０７號,,,
761,花蓮縣吉安鄉中山路三段６９號,,,
762,花蓮縣花蓮市忠孝街３１號五樓之二,,,
763,花蓮縣花蓮市豐村１０５之２０號,,,
764,花蓮縣吉安鄉東里八街６６號五樓之二,,,
766,花蓮縣吉安鄉南埔八街５３號,,,
767,花蓮縣吉安鄉自強路１８號,,,
769,花蓮縣花蓮市南京街３０６巷８號,,,
770,花蓮縣花蓮市南京街３０６巷１０號,,,
771,花蓮縣吉安鄉慈惠四街２３６巷７號,,,
772,花蓮縣花蓮市長安街１９號,,,
774,花蓮縣吉安鄉仁里十二街４０巷２號,,,
775,花蓮縣花蓮市富強路３６號,,,
776,花蓮縣花蓮市林政街８８巷１３號,,,
777,花蓮縣花蓮市林森路２５７巷５號,,,
779,花蓮縣吉安鄉中正路二段２４２之３號,,,
780,花蓮縣吉安鄉南海一街２０１之６９號,,,
781,花蓮縣花蓮市富裕八街３６號,,,
783,花蓮縣吉安鄉福昌一街９５號,,,
784,花蓮縣吉安鄉福興二街１３號四樓之一,,,
785,花蓮縣吉安鄉明太街７號,,,
786,花蓮縣吉安鄉仁里五街１２９號,,,
787,花蓮縣吉安鄉南埔十六街７９巷８號,,,
788,花蓮縣吉安鄉南海二街２４７巷４號,,,
790,花蓮縣花蓮市中興路１２之１號三樓之二,,,
791,花蓮縣花蓮市富陽路３８號十樓之一,,,
793,花蓮縣花蓮市光復街６９巷１號,,,
794,花蓮縣花蓮市國盛五街５３號三樓之一,,,
795,花蓮縣吉安鄉復興四街４０２號,,,
796,花蓮縣吉安鄉福德街４１號,,,
797,花蓮縣吉安鄉太昌路１６０巷２號,,,
798,花蓮縣吉安鄉慈惠五街２０號,,,
799,花蓮縣吉安鄉慶豐九街２８３號三樓之一,,,
801,花蓮縣花蓮市中興路１９號八樓之六,,,
802,花蓮縣花蓮市建昌路８８號,,,
803,花蓮縣花蓮市華德街１８巷１３號,,,
804,花蓮縣花蓮市中正路１１０巷５弄５之２號,,,
806,花蓮縣吉安鄉仁里五街１６４號,,,
807,花蓮縣吉安鄉永興七街１００號,,,
808,花蓮縣花蓮市自立路３４巷８號六樓之一,,,
809,花蓮縣花蓮市中華路４８８之１２號,,,
811,花蓮縣花蓮市豐村９０之２號,,,
813,花蓮縣吉安鄉太昌路２５４巷３號,,,
814,花蓮縣吉安鄉東海六街９８號二樓,,,
816,花蓮縣吉安鄉文化二街１２２號,,,
817,花蓮縣花蓮市富裕三街５２號二樓之一,,,
818,花蓮縣花蓮市建昌路１９７巷３０號二樓,,,
819,花蓮縣吉安鄉華工六路９０巷１０５號,,,
820,花蓮縣花蓮市國盛四街１０６號七樓之七,,,
821,花蓮縣吉安鄉稻香路１２之１號,,,
822,花蓮縣花蓮市中央路四段４５０號四樓之二,,,
823,花蓮縣吉安鄉明太街９號,,,
824,花蓮縣吉安鄉明義五街３４巷４號,,,
825,花蓮縣吉安鄉中山路三段６８２巷１３號,,,
826,花蓮縣花蓮市介林五街９９號,,,
828,花蓮縣花蓮市國盛四街１１６號四樓之十九,,,
829,花蓮縣花蓮市中美五街１４０巷３號二樓,,,
830,花蓮縣花蓮市林森路３１５巷１７號二樓之一,,,
832,花蓮縣吉安鄉慈惠二街１２４號三樓之三,,,
833,花蓮縣花蓮市東興二街１４７號九樓之五,,,
834,花蓮縣花蓮市介智街３０號,,,
835,花蓮縣吉安鄉南埔十三街３１號六樓之八,,,
836,花蓮縣吉安鄉慶南三街３２８巷６號,,,
837,花蓮縣花蓮市林森路２７３巷４弄２之３號,,,
838,花蓮縣花蓮市富裕十六街１１號,,,
839,花蓮縣吉安鄉南海二街１４６巷９號,,,
840,花蓮縣吉安鄉永吉一街５５號六樓之八,,,
841,花蓮縣花蓮市明心街４３號,,,
842,花蓮縣吉安鄉慶北二街３７３號,,,
843,花蓮縣花蓮市國民八街１１５號,,,
844,花蓮縣花蓮市國民八街１１７號,,,
845,花蓮縣吉安鄉全民街１２６號四樓,,,
846,花蓮縣吉安鄉海岸路２５３號,,,
848,花蓮縣吉安鄉吉興一街４００號,,,
849,花蓮縣花蓮市國興五街６３號七樓之五,,,
850,花蓮縣花蓮市國盛一街５０號五樓之三,,,
851,花蓮縣花蓮市建興街１１０巷４弄４０號,,,
852,花蓮縣花蓮市德安五街３２號二樓之一,,,
853,花蓮縣花蓮市中美十三街５６號六樓之五,,,
855,花蓮縣花蓮市北昌三街１８巷６號,,,
856,花蓮縣吉安鄉民治路３２９巷１８號,,,
857,花蓮縣吉安鄉慶豐十一街１９８號,,,
859,花蓮縣花蓮市壽昌街６０號,,,
860,花蓮縣花蓮市民光２８０號,,,
861,花蓮縣花蓮市豐村６之５號,,,
862,花蓮縣吉安鄉華工六路９２巷７８號,,,
863,花蓮縣花蓮市佐倉街３５０巷１７號,,,
864,花蓮縣花蓮市豐村９０之７號,,,
865,花蓮縣吉安鄉舊村六街１３５號,,,
866,花蓮縣花蓮市建昌路２號二樓,,,
867,花蓮縣吉安鄉中山路三段２５２號,,,
868,花蓮縣吉安鄉中山路三段７３４巷１７號二樓之一,,,
869,花蓮縣花蓮市林森路３６１巷４弄１０號,,,
870,花蓮縣吉安鄉南埔十二街２之３號二樓之一,,,
871,花蓮縣花蓮市德安三街１３號二樓之五,,,
872,花蓮縣吉安鄉慶北三街４８１巷８號,,,
873,花蓮縣花蓮市德安三街１３號三樓之六,,,
874,花蓮縣花蓮市建國路１２３號,,,
875,花蓮縣花蓮市國民七街５１號八樓之十八,,,
876,花蓮縣花蓮市成功街１８５號,,,
878,花蓮縣花蓮市國聯五路２之２１號,,,
879,花蓮縣花蓮市長春街１１巷１７號五樓之一,,,
882,花蓮縣花蓮市公正街１１之１號,,,
883,花蓮縣吉安鄉仁里四街２５號,,,
884,花蓮縣花蓮市華泰街３３號三樓之二,,,
885,花蓮縣吉安鄉南山三街２５號,,,
886,花蓮縣吉安鄉南埔八街２１１號,,,
887,花蓮縣花蓮市林森路３３３之５號,,,
889,花蓮縣花蓮市重慶路４８６號八樓之五,,,
890,花蓮縣花蓮市國興一街９７號,,,
891,花蓮縣花蓮市南京街３０６巷２０號,,,
893,花蓮縣花蓮市民享五街１１號,,,
894,花蓮縣吉安鄉吉興一街４２２號,,,
895,花蓮縣花蓮市中美路２２７號五樓之一,,,
896,花蓮縣吉安鄉知卡宣大道三段６４７巷１號,,,
897,花蓮縣吉安鄉知卡宣大道三段６４７巷１號,,,
898,花蓮縣吉安鄉廣賢一街９９巷２５號,,,
899,花蓮縣吉安鄉吉豐路三段６０３號,,,
900,花蓮縣吉安鄉太昌路２４２巷３５號,,,
903,花蓮縣吉安鄉慈惠四街２１巷５號,,,
904,花蓮縣花蓮市中華路４９８巷１弄９號,,,
905,花蓮縣吉安鄉明義一街３０號,,,
906,花蓮縣花蓮市國富十四街２５號四樓之十一,,,
907,花蓮縣花蓮市建林街１８８號,,,
908,花蓮縣花蓮市自立路３８號,,,
910,花蓮縣花蓮市重慶路５號二樓之一,,,
912,花蓮縣吉安鄉吉昌二街２０７巷５號,,,
913,花蓮縣吉安鄉福興路１８６巷１號,,,
915,花蓮縣花蓮市忠孝街３１號四樓之二,,,
916,花蓮縣花蓮市忠孝街３１號六樓之一,,,
917,花蓮縣花蓮市民享三街５８號,,,
918,花蓮縣吉安鄉光華十街１７號,,,
919,花蓮縣花蓮市民德四街４號,,,
920,花蓮縣吉安鄉光華二街４６巷４３號,,,
922,花蓮縣花蓮市中華路１９７號,,,
923,花蓮縣吉安鄉光華街２１６號,,,
924,花蓮縣花蓮市建國路二段５３２號,,,
925,花蓮縣花蓮市東興一街９５號,,,
926,花蓮縣吉安鄉福興二街１３號三樓之五,,,
928,花蓮縣吉安鄉福興二街１３號三樓之三,,,
929,花蓮縣花蓮市重慶路４８６號九樓之三,,,
931,花蓮縣吉安鄉仁光１０３號,,,
932,花蓮縣花蓮市和平路４０５巷１３號,,,
933,花蓮縣花蓮市中正路１６８巷４６號,,,
934,花蓮縣花蓮市國盛四街５１號五樓之二十一,,,
936,花蓮縣吉安鄉東里八街６６號六樓之二,,,
937,花蓮縣吉安鄉南山二街３７號,,,
938,花蓮縣花蓮市富陽路９６號,,,
939,花蓮縣吉安鄉全民街７０號四樓,,,
940,花蓮縣花蓮市國興一街９５號八樓之十四,,,
941,花蓮縣花蓮市明義街６３之１號四樓,,,
942,花蓮縣花蓮市民權路１３８號,,,
943,花蓮縣花蓮市民權路１３６號,,,
944,花蓮縣花蓮市國聯二路９９號,,,
945,花蓮縣花蓮市國盛四街１０４號,,,
948,花蓮縣花蓮市國興二街１０２號,,,
950,花蓮縣花蓮市建華路５０號,,,
951,花蓮縣吉安鄉北昌一街１５巷１１１之５號,,,
954,花蓮縣花蓮市德安二街６２之１號八樓,,,
955,花蓮縣花蓮市明義街５３巷４號,,,
956,花蓮縣吉安鄉東海十五街８０巷１９弄１２號,,,
958,花蓮縣花蓮市忠孝街２８號,,,
959,花蓮縣吉安鄉明義五街３５號,,,
960,花蓮縣花蓮市府前路５０８號七樓之二,,,
961,花蓮縣花蓮市建國路二段４７２巷１０號,,,
963,花蓮縣花蓮市府前路５０８號二樓之二,,,
964,花蓮縣花蓮市文光街８４號,,,
967,花蓮縣吉安鄉南海四街２４６巷２弄１４號,,,
968,花蓮縣吉安鄉永興七街７號二樓之一,,,
969,花蓮縣花蓮市中美路２９９之１５號六樓,,,
970,花蓮縣花蓮市國盛二街１０３之１號,,,
971,花蓮縣花蓮市國盛二街１０５號,,,
973,花蓮縣花蓮市福建街３０３巷５號,,,
974,花蓮縣花蓮市建德街２３號,,,
977,花蓮縣吉安鄉勝安二街３０巷９弄６２號,,,
978,花蓮縣花蓮市光復街１２８號五樓,,,
979,花蓮縣花蓮市光復街１２８號五樓,,,
983,花蓮縣吉安鄉仁里十三街５６號,,,
984,花蓮縣花蓮市中和街１８８號二樓,,,
989,花蓮縣花蓮市富強路２２號四樓之一,,,
990,花蓮縣花蓮市豐村１７之９號二樓之一,,,
992,花蓮縣花蓮市華西１０６之１６號,,,
994,花蓮縣花蓮市中山路５８號,,,
995,花蓮縣花蓮市榮正街７８巷１之３號四樓,,,
996,花蓮縣吉安鄉建國路３５０巷１８弄２號,,,
997,花蓮縣吉安鄉東里七街７０巷８號,,,
998,花蓮縣吉安鄉南華一街２０２號,,,
1002,花蓮縣吉安鄉太昌路４６號,,,
1005,花蓮縣花蓮市國富十七街１０號二樓之六,,,
1006,花蓮縣吉安鄉太昌路５０８號三樓之一,,,
1011,花蓮縣花蓮市介林二街２６號,,,
1014,花蓮縣花蓮市富裕五街６０號,,,
1015,花蓮縣花蓮市豐村１７之１０號二樓之二,,,
1018,花蓮縣吉安鄉東里九街８７號七樓之三,,,
1019,花蓮縣吉安鄉中正路二段２４２之２號,,,
1021,花蓮縣花蓮市中興路１２之１號,,,
1022,花蓮縣花蓮市中美路２２７號二樓之一,,,
1025,花蓮縣吉安鄉南埔八街２３號,,,
1029,花蓮縣吉安鄉福興二街１３號五樓之二,,,
1030,花蓮縣吉安鄉太昌路５０８號二樓之五,,,
1031,花蓮縣花蓮市東興路３１９號,,,
1033,花蓮縣花蓮市豐村１７之９號三樓之一,,,
1034,花蓮縣花蓮市豐村１７之９號三樓之二,,,
1035,花蓮縣花蓮市豐村１７之１０號三樓之二,,,
1036,花蓮縣吉安鄉東海五街４１之１號,,,
1040,花蓮縣吉安鄉福興二街１３號二樓之五,,,
1041,花蓮縣吉安鄉福興二街１３號二樓之三,,,
1042,花蓮縣吉安鄉福興二街１３號四樓之三,,,
1043,花蓮縣吉安鄉慈惠二街５２巷１２號,,,
1044,花蓮縣吉安鄉慈惠二街５２巷１４號,,,
1045,花蓮縣吉安鄉太昌路５０８號四樓之五,,,
1046,花蓮縣花蓮市豐村１７之１０號四樓之三,,,
1047,花蓮縣花蓮市豐村１７之１０號五樓之二,,,
1048,花蓮縣吉安鄉中正路二段２４２之９號,,,
1049,花蓮縣吉安鄉福興二街１３號四樓之二,,,
1050,花蓮縣花蓮市和平路３１０號,,,
1051,花蓮縣花蓮市豐村１７之９號五樓之二,,,
1052,花蓮縣花蓮市豐村１７之１０號五樓之一,,,
1053,花蓮縣花蓮市豐村１７之１０號三樓之一,,,
1055,花蓮縣花蓮市豐村１７之９號三樓之三,,,
1056,花蓮縣花蓮市豐村１７之９號五樓之三,,,
1057,花蓮縣吉安鄉太昌路５０８號七樓之五,,,
1058,花蓮縣花蓮市介林五街２８０號二樓,,,
1059,花蓮縣花蓮市豐村１７之１０號五樓之三,,,
1060,花蓮縣吉安鄉福興二街１３號三樓之二,,,
1061,花蓮縣花蓮市豐村１７之９號四樓之三,,,
1062,花蓮縣花蓮市豐村１７之１０號四樓之一,,,
1063,花蓮縣花蓮市豐村１７之９號四樓之二,,,
1064,花蓮縣花蓮市豐村１７之９號二樓之三,,,
1065,花蓮縣吉安鄉福興二街１３號五樓之一,,,
1066,花蓮縣花蓮市豐村１７之１０號二樓之三,,,
1067,花蓮縣吉安鄉太昌路５０８號六樓之五,,,
1068,花蓮縣吉安鄉太昌路５０８號二樓之三,,,
1069,花蓮縣吉安鄉太昌路５０８號七樓之一,,,
1070,花蓮縣吉安鄉吉興一街３２１巷７６號,,,
1071,花蓮縣花蓮市豐村１７之９號二樓之二,,,
1072,花蓮縣吉安鄉太昌路５０８號七樓之二,,,
1073,花蓮縣花蓮市豐村１７之１０號二樓之一,,,
1074,花蓮縣吉安鄉太昌路５０８號七樓之三,,,
1075,花蓮縣吉安鄉太昌路５０８號五樓之一,,,
1077,花蓮縣吉安鄉太昌路５０８號四樓之三,,,
1078,花蓮縣吉安鄉太昌路５０８號三樓之三,,,
1079,花蓮縣吉安鄉太昌路５０８號五樓之二,,,
1080,花蓮縣吉安鄉太昌路５０８號五樓之三,,,
1081,花蓮縣吉安鄉福德街３５號,,,
1082,花蓮縣吉安鄉福德街３９號,,,
1083,花蓮縣吉安鄉福德街３７號,,,
1084,花蓮縣吉安鄉太昌路５０８號六樓之三,,,
1085,花蓮縣吉安鄉太昌路５０８號四樓之二,,,
1086,花蓮縣吉安鄉中正路二段２４２之６號,,,
1087,花蓮縣吉安鄉太昌路５０８號三樓之五,,,
1088,花蓮縣吉安鄉太昌路５０８號六樓之一,,,
1089,花蓮縣花蓮市介林二街２６號二樓之一,,,
1090,花蓮縣吉安鄉永吉一街５５號四樓之六,,,
1091,花蓮縣吉安鄉東里九街８７號六樓之二,,,
1092,花蓮縣吉安鄉太昌路５０８號五樓之五,,,
1093,花蓮縣吉安鄉太昌路５０８號二樓之二,,,
1094,花蓮縣吉安鄉太昌路５０８號三樓之二,,,
1095,花蓮縣吉安鄉東里九街８７號六樓之五,,,
1096,花蓮縣吉安鄉吉祥一街３５號二樓之二,,,
1097,花蓮縣花蓮市介林二街２６號二樓之二,,,
1098,花蓮縣吉安鄉東里九街８７號二樓之一,,,
1099,花蓮縣吉安鄉東里九街８７號三樓之三,,,
1100,花蓮縣吉安鄉東里九街８７號三樓之五,,,
1101,花蓮縣花蓮市中山路５７１巷３１之１號三樓之一,,,
1102,花蓮縣花蓮市介林二街２６號三樓之二,,,
1103,花蓮縣花蓮市介林二街２６號五樓之一,,,
1104,花蓮縣花蓮市介林二街２６號五樓之二,,,
1105,花蓮縣花蓮市介林二街２６號三樓之一,,,
1106,花蓮縣花蓮市介林二街２６號四樓之一,,,
1107,花蓮縣花蓮市介林二街２６號四樓之二,,,
1108,花蓮縣吉安鄉吉祥一街３５號二樓之四,,,
1109,花蓮縣吉安鄉吉祥一街３５號三樓之一,,,
1110,花蓮縣吉安鄉吉祥一街３５號三樓之二,,,
1111,花蓮縣花蓮市建華路９１之５號,,,
1112,花蓮縣吉安鄉東里九街８７號五樓之三,,,
1113,花蓮縣吉安鄉東里九街８７號四樓之三,,,
1114,花蓮縣吉安鄉東里九街８７號六樓之三,,,
1115,花蓮縣吉安鄉吉祥一街３５號四樓之二,,,
1116,花蓮縣吉安鄉吉祥一街３５號四樓之三,,,
1117,花蓮縣吉安鄉吉祥一街３５號五樓之三,,,
1118,花蓮縣吉安鄉吉祥一街３５號十一樓之二,,,
1119,花蓮縣吉安鄉吉祥一街３５號六樓之三,,,
1120,花蓮縣吉安鄉吉祥一街３５號六樓之四,,,
1121,花蓮縣吉安鄉吉祥一街３５號九樓之二,,,
1122,花蓮縣吉安鄉吉祥一街３５號十四樓之一,,,
1123,花蓮縣吉安鄉吉祥一街３５號五樓之二,,,
1124,花蓮縣吉安鄉吉祥一街３５號七樓之三,,,
1128,花蓮縣吉安鄉廣賢路一段３４９巷７號四樓之一,,,
1129,花蓮縣花蓮市國盛八街１２１號四樓之二,,,
1130,花蓮縣花蓮市國盛二街２１３號九樓之八,,,
1131,花蓮縣吉安鄉昌隆三街７２號四樓之一,,,
1133,花蓮縣花蓮市富裕三街５２號三樓之五,,,
1134,花蓮縣吉安鄉南山一街６２號四樓,,,
1135,花蓮縣花蓮市中央路三段７３０號十樓之九,,,
1136,花蓮縣花蓮市福建街１２２號,,,
1138,花蓮縣花蓮市豐村７之３號三樓之五,,,
1139,花蓮縣花蓮市莊敬路２８９號四樓之二,,,
1141,花蓮縣花蓮市北昌五街２３號,,,
1142,花蓮縣花蓮市中央路三段７３０號六樓之十七,,,
1144,花蓮縣花蓮市建國路１９０號,,,
1145,花蓮縣花蓮市中興路５號四樓之二,,,
1146,花蓮縣花蓮市國民九街７６號,,,
1147,花蓮縣花蓮市南京街１９１號六樓之十六,,,
1148,花蓮縣花蓮市國民七街５３號九樓之八,,,
1151,花蓮縣花蓮市國盛六街５３號四樓之九,,,
1154,花蓮縣吉安鄉東里九街８７號二樓之五,,,
1155,花蓮縣吉安鄉中山路三段４２之１號,,,
1156,花蓮縣花蓮市中興路５號十樓之二,,,
1158,花蓮縣花蓮市中美五街１４０巷３號四樓,,,
1159,花蓮縣花蓮市國盛六街５３號二樓之十六,,,
1160,花蓮縣花蓮市國聯五路２之８號七樓之八,,,
1162,花蓮縣花蓮市國民七街５３號四樓之二十五,,,
1163,花蓮縣花蓮市重慶路３２７號,,,
1164,花蓮縣花蓮市府前路１５６號五樓之六,,,
1165,花蓮縣花蓮市國聯二路８３號,,,
1167,花蓮縣花蓮市國興五街５３號,,,
1168,花蓮縣吉安鄉吉安路一段１３號,,,
1169,花蓮縣花蓮市國聯五路１３１號五樓之五,,,
1172,花蓮縣吉安鄉建國路一段１２１巷３９號二樓之二,,,
1173,花蓮縣吉安鄉建國路一段１２１巷３９號三樓之二,,,
1174,花蓮縣花蓮市富裕七街１９號六樓之三,,,
1175,花蓮縣花蓮市國聯五路１３１號五樓之六,,,
1176,花蓮縣花蓮市國民七街５３號十樓之十八,,,
1177,花蓮縣花蓮市南京街２０３號八樓之七,,,
1178,花蓮縣吉安鄉建國路一段１２１巷３９號四樓之一,,,
1179,花蓮縣吉安鄉建國路一段１２１巷３９號四樓之三,,,
1180,花蓮縣吉安鄉建國路一段１２１巷３９號五樓之一,,,
1181,花蓮縣花蓮市介智街３３號五樓之二,,,
1182,花蓮縣花蓮市介智街３３號五樓之一,,,
1183,花蓮縣吉安鄉吉安路三段１０８號,,,
1184,花蓮縣花蓮市國盛二街１１８號二樓之五,,,
1185,花蓮縣花蓮市國聯二路７１號十一樓之九,,,
1186,花蓮縣吉安鄉建國路一段１２１巷３９號三樓之五,,,
1187,花蓮縣花蓮市中美七街３９號三樓之六,,,
1188,花蓮縣花蓮市北昌五街９６號四樓,,,
1189,花蓮縣吉安鄉南海五街２４６巷９號,,,
1190,花蓮縣吉安鄉建國路一段１２１巷３９號二樓之三,,,
1191,花蓮縣吉安鄉建國路一段１２１巷３９號三樓之三,,,
1192,花蓮縣吉安鄉福興一街５１之８號,,,
1193,花蓮縣花蓮市延平街１６９號,,,
1194,花蓮縣吉安鄉南海五街２７６號,,,
1195,花蓮縣吉安鄉中山路一段１０２號,,,
1196,花蓮縣吉安鄉昌隆二街１０７號三樓,,,
1198,花蓮縣吉安鄉建國路一段１２１巷３９號六樓之二,,,
1199,花蓮縣花蓮市商校街９８號三樓,,,
1200,花蓮縣吉安鄉福興一街５１號四樓之二,,,
1201,花蓮縣花蓮市富祥街７０號七樓之二,,,
1202,花蓮縣吉安鄉建國路一段１２１巷３９號五樓之三,,,
1203,花蓮縣花蓮市建國路二段８１０號,,,
1205,花蓮縣花蓮市國盛八街１０３號五樓之二,,,
1206,花蓮縣花蓮市國盛八街５３號二樓之三,,,
1207,花蓮縣吉安鄉東海十五街９２號,,,
1208,花蓮縣花蓮市自立路３４巷７號,,,
1209,花蓮縣花蓮市林森路３２１巷３號,,,
1210,花蓮縣花蓮市中美十三街６８號二樓之五號,,,
1211,花蓮縣花蓮市建華路８９巷２２號,,,
1212,花蓮縣吉安鄉文化七街８５號,,,
1214,花蓮縣吉安鄉建國路一段１７號,,,
1215,花蓮縣花蓮市福建街８３巷１弄３號,,,
1217,花蓮縣吉安鄉慶北一街１５８巷１６號,,,
1220,花蓮縣吉安鄉南海四街２１９巷１９號,,,
1221,花蓮縣花蓮市建國路二段２６８巷７１號,,,
1222,花蓮縣花蓮市林園二街２８號四樓之二,,,
1224,花蓮縣吉安鄉北昌一街２９號七樓之三,,,
1225,花蓮縣吉安鄉華城五街３８６號,,,
1226,花蓮縣吉安鄉慈惠四街７９號五樓之三,,,
1227,花蓮縣吉安鄉吉興一街４１１巷４弄１６號四樓,,,
1228,花蓮縣花蓮市國富十二街１６號六樓之一,,,
1229,花蓮縣吉安鄉自強路１４６號,,,
1230,花蓮縣花蓮市和平路４１６號,,,
1231,花蓮縣吉安鄉吉昌二街１９９號,,,
1232,花蓮縣花蓮市國聯五路２之８號五樓之２,,,
1234,花蓮縣花蓮市北昌二街１８號,,,
1235,花蓮縣花蓮市豐村７之３號二樓之五,,,
1236,花蓮縣花蓮市國富十街１９１號五樓之五,,,
1237,花蓮縣花蓮市富裕一街６７號三樓,,,
1238,花蓮縣花蓮市府前路４９４號,,,
1239,花蓮縣花蓮市豐村７之３號,,,
1240,花蓮縣花蓮市豐村７之３號三樓之一,,,
1241,花蓮縣花蓮市豐村７之３號三樓之二,,,
1242,花蓮縣花蓮市豐村７之３號二樓之三,,,
1243,花蓮縣花蓮市華安街１１巷１２號,,,
1245,花蓮縣花蓮市博愛街１６６之５號,,,
1246,花蓮縣吉安鄉南山五街８６號,,,
1247,花蓮縣花蓮市中美路１１５巷６號七樓,,,
1248,花蓮縣花蓮市上海街８１號三樓之五,,,
1250,花蓮縣花蓮市自強路５４１號,,,
1251,花蓮縣花蓮市國聯三路５３號七樓之一,,,
1252,花蓮縣花蓮市豐村７之３號二樓之一,,,
1253,花蓮縣花蓮市豐村７之３號四樓之二,,,
1254,花蓮縣花蓮市豐村７之３號五樓之三,,,
1255,花蓮縣花蓮市豐村７之３號三樓之三,,,
1257,花蓮縣花蓮市中正路１６８巷１１弄２９號,,,
1258,花蓮縣花蓮市中強街１７７巷７號,,,
1259,花蓮縣花蓮市中山路５３５巷１弄１１號,,,
1260,花蓮縣吉安鄉廣賢路一段３４９巷７號四樓之一,,,
1263,花蓮縣花蓮市睦和街３６巷７號,,,
1265,花蓮縣花蓮市自強路５０７巷３３號四樓,,,
1268,花蓮縣花蓮市中興路２５８號四樓之二,,,
1269,花蓮縣花蓮市國興二街１４３號六樓之二,,,
1270,花蓮縣花蓮市國聯五路１３１號四樓之二,,,
1272,花蓮縣吉安鄉東海十街１５６巷２１之２號一樓之一,,,
1273,花蓮縣花蓮市國盛一街６６巷３之２號二樓,,,
1274,花蓮縣花蓮市林園二街２６號四樓之五,,,
1275,花蓮縣吉安鄉吉興路一段２９號之３,,,
1276,花蓮縣花蓮市國富十七街１０號五樓之十一,,,
1277,花蓮縣花蓮市中興路５號六樓之三,,,
1278,花蓮縣花蓮市明智街８３號,,,
1279,花蓮縣花蓮市富裕五街８８號二樓之一,,,
1280,花蓮縣花蓮市南京街１４７號五樓之二,,,
1281,花蓮縣吉安鄉仁里十二街４０巷２號,,,
1282,花蓮縣花蓮市富陽路３８號六樓之九,,,
1283,花蓮縣花蓮市國聯五路１３１號六樓之五,,,
1284,花蓮縣花蓮市明智街８５號,,,
1285,花蓮縣花蓮市國聯五路１３１號六樓之六,,,
1287,花蓮縣花蓮市中美路１１５巷７號三樓之二,,,
1288,花蓮縣花蓮市中興路４３巷６號四樓之八,,,
1289,花蓮縣花蓮市府前路４９２號,,,
1290,花蓮縣花蓮市北昌二街８巷９弄１２號五樓,,,
1291,花蓮縣花蓮市國富二街１０５號四樓之二,,,
1292,花蓮縣花蓮市東興二街２５號,,,
1293,花蓮縣吉安鄉南海二街２３１巷３弄１７號,,,
1294,花蓮縣花蓮市民權二街９號四樓,,,
1295,花蓮縣吉安鄉慶北三街２４８巷３１號,,,
1296,花蓮縣花蓮市博愛街２６０號,,,
1297,花蓮縣吉安鄉文化十二街９６號,,,
1298,花蓮縣花蓮市德安一街１０８巷１５號,,,
1300,花蓮縣花蓮市府前路５０８號六樓之六,,,
1304,花蓮縣花蓮市中正路４８７之１號,,,
1305,花蓮縣吉安鄉慶北一街１９７號,,,
1306,花蓮縣花蓮市福建街１９６號,,,
1309,花蓮縣花蓮市國福街１１０巷３２號,,,
1310,花蓮縣吉安鄉華工六路９０巷４２號,,,
1311,花蓮縣吉安鄉昌隆三街６７號六樓,,,
1312,花蓮縣花蓮市中山路８５號,,,
1313,花蓮縣吉安鄉仁里五街９５號,,,
1314,花蓮縣吉安鄉東海十一街４２號,,,
1315,花蓮縣吉安鄉吉昌一街１８９巷１７號,,,
1316,花蓮縣吉安鄉中正路二段１８６巷１９號五樓之六,,,
1317,花蓮縣吉安鄉中興路２１４巷２１號,,,
1318,花蓮縣花蓮市國民八街６５號四樓之七,,,
1319,花蓮縣花蓮市德安六街１０３號三樓之二,,,
1320,花蓮縣花蓮市化道路５５之８號六樓之一,,,
1321,花蓮縣吉安鄉建國路一段１２１巷３９號四樓之五,,,
1322,花蓮縣吉安鄉福興一街５１之９號,,,
1323,花蓮縣花蓮市自強路５０７巷１５號,,,
1325,花蓮縣吉安鄉南昌路１６５之１號,,,
1326,花蓮縣吉安鄉慶豐十一街１８４號,,,
1327,花蓮縣吉安鄉建國路一段１２１巷３９號四樓之二,,,
1328,花蓮縣吉安鄉建國路一段１２１巷３９號五樓之二,,,
1329,花蓮縣吉安鄉建國路一段１２１巷３９號二樓之五,,,
1330,花蓮縣吉安鄉吉興一街３７２巷３６號,,,
1331,花蓮縣花蓮市中山路５７１巷３１之１號四樓之一,,,
1332,花蓮縣吉安鄉和平路一段１４２巷２弄１６號,,,
1334,花蓮縣花蓮市民樂二街１４號,,,
1337,花蓮縣花蓮市華安街３號,,,
1338,花蓮縣花蓮市中美二街６７號,,,
1339,花蓮縣花蓮市國富二十七街１０號,,,
1340,花蓮縣吉安鄉建國路一段１２１巷３９號五樓之五,,,
1341,花蓮縣吉安鄉建國路一段１２１巷３９號六樓之三,,,
1342,花蓮縣花蓮市介智街３３號二樓之一,,,
1343,花蓮縣花蓮市介智街３３號四樓之二,,,
1344,花蓮縣花蓮市介智街３３號三樓之二,,,
1345,花蓮縣花蓮市介智街３３號二樓之二,,,
1346,花蓮縣花蓮市介智街３３號三樓之一,,,
1347,花蓮縣花蓮市介智街３３號四樓之一,,,
1348,花蓮縣花蓮市國盛八街１０９號五樓之五,,,
1349,花蓮縣花蓮市華興街１２０巷１０弄１０號,,,
1350,花蓮縣吉安鄉明義五街８０巷２號,,,
1351,花蓮縣吉安鄉福興一街５１號三樓之一,,,
1353,花蓮縣花蓮市東興路３５９巷１號三樓之三,,,
1354,花蓮縣花蓮市水源街９１巷１１號,,,
1355,花蓮縣花蓮市國民六街３９號五樓之一,,,
1356,花蓮縣吉安鄉福興一街５１之７號,,,
1357,花蓮縣吉安鄉中山路一段６６號五樓之一,,,
1358,花蓮縣吉安鄉南埔十街２７號,,,
1359,花蓮縣吉安鄉南海三街１５４號,,,
1360,花蓮縣花蓮市中興路５號三樓之三,,,
1362,花蓮縣花蓮市榮正街２５巷４弄３號,,,
1363,花蓮縣吉安鄉建國路一段１２１巷３９號六樓之一,,,
1364,花蓮縣花蓮市南京街２０３號五樓之六,,,
1365,花蓮縣吉安鄉建國路一段１２１巷３９號三樓之一,,,
1366,花蓮縣吉安鄉建國路一段１２１巷３９號六樓之五,,,
1367,花蓮縣花蓮市福德一街１２號,,,
1368,花蓮縣花蓮市福德一街１６號,,,
1369,花蓮縣吉安鄉太昌路４９０號二樓,,,
1372,花蓮縣花蓮市南京街２１６巷７號,,,
1374,花蓮縣花蓮市球崙一路２９７之１號,,,
1375,花蓮縣吉安鄉福興一街５１號五樓之二,,,
1376,花蓮縣花蓮市榮正街２５３號,,,
1377,花蓮縣花蓮市林森路３２巷３號,,,
1378,花蓮縣花蓮市菁華街１６之１０號六樓,,,
1379,花蓮縣吉安鄉舊村四街９號,,,
1380,花蓮縣花蓮市國興五街６９號五樓之一,,,
1381,花蓮縣吉安鄉明仁一街１２９巷１號,,,
1382,花蓮縣花蓮市華西１０６之２號,,,
1384,花蓮縣吉安鄉中原路７６０號,,,
1385,花蓮縣花蓮市中央路三段７４２號,,,
1386,花蓮縣花蓮市中美七街３９號二樓之二,,,
1388,花蓮縣花蓮市中央路三段７２０巷５號八樓之三,,,
1389,花蓮縣吉安鄉文化十三街１８號四樓之一,,,
1390,花蓮縣花蓮市重慶路４８６號十樓之七,,,
1391,花蓮縣吉安鄉北昌一街１５巷１１１之２號,,,
1392,花蓮縣花蓮市國民七街５３號六樓之十,,,
1394,花蓮縣花蓮市福建街４０６號五樓之二,,,
1395,花蓮縣花蓮市富陽路３８號六樓之六,,,
1397,花蓮縣花蓮市中原路３９８號,,,
1398,花蓮縣吉安鄉南昌北路２７號五樓之七,,,
1399,花蓮縣吉安鄉華城六街１５６號,,,
1400,花蓮縣吉安鄉昌隆四街３５號,,,
1401,花蓮縣花蓮市基泰商場２０號,,,
1402,花蓮縣花蓮市和平路３１６號,,,
1403,花蓮縣吉安鄉南海五街３０６巷５號,,,
1404,花蓮縣吉安鄉吉安路三段１５號,,,
1405,花蓮縣花蓮市國民八街６５號五樓之六,,,
1406,花蓮縣花蓮市北昌一街９７巷２５號四樓,,,
1407,花蓮縣花蓮市富安路９７號五樓之八,,,
1408,花蓮縣吉安鄉廣賢一街２０６巷３６號五樓之五,,,
1409,花蓮縣花蓮市國民七街５１號七樓之十八,,,
1410,花蓮縣吉安鄉東海五街１號七樓之五,,,
1411,花蓮縣吉安鄉明義七街１３６號,,,
1412,花蓮縣吉安鄉慈惠四街６６號,,,
1413,花蓮縣吉安鄉吉昌二街２７６巷２號,,,
1414,花蓮縣花蓮市中原路５７６巷１５號,,,
1415,花蓮縣吉安鄉太昌路４９２號,,,
1416,花蓮縣吉安鄉太昌路４９０號,,,
1417,花蓮縣花蓮市民權二街１號二樓,,,
1418,花蓮縣吉安鄉吉安路二段３２２巷４號,,,
1419,花蓮縣花蓮市國盛八街１２１號四樓之一,,,
1420,花蓮縣吉安鄉文化九街１１號,,,
1421,花蓮縣花蓮市中興路４３巷１號九樓之一,,,
1422,花蓮縣花蓮市建國路２７６巷９號,,,
1423,花蓮縣吉安鄉民治路３０７巷１４號,,,
1424,花蓮縣花蓮市府前路５０８號八樓之三,,,
1425,花蓮縣花蓮市國富十街６４號,,,
1426,花蓮縣吉安鄉華工六路６０巷７號二樓之一,,,
1427,花蓮縣花蓮市民生路２３號六樓之一,,,
1428,花蓮縣花蓮市德安三街１３號三樓之三,,,
1429,花蓮縣花蓮市建和街４５巷７號,,,
1430,花蓮縣花蓮市德安四街６３號,,,
1431,花蓮縣吉安鄉東里十五街３９巷１０號,,,
1432,花蓮縣吉安鄉吉興一街３７２巷２２號,,,
1433,花蓮縣吉安鄉海岸路６３７巷５２號,,,
1434,花蓮縣吉安鄉民治路３５１號,,,
1435,花蓮縣吉安鄉民治路３４９號,,,
1437,花蓮縣吉安鄉明仁一街１０７巷５號,,,
1438,花蓮縣花蓮市中美十三街６８號五樓之一號,,,
1439,花蓮縣吉安鄉東海二街１３號,,,
1440,花蓮縣吉安鄉福興二街１３號五樓之三,,,
1441,花蓮縣吉安鄉稻香六街３巷５號,,,
1443,花蓮縣花蓮市成功街１６０號,,,
1445,花蓮縣吉安鄉吉昌一街２０３之７號,,,
1446,花蓮縣花蓮市中興路５號五樓之三,,,
1447,花蓮縣花蓮市民德四街２之２０號三樓,,,
1448,花蓮縣花蓮市中順街５３號,,,
1449,花蓮縣花蓮市中興路５號四樓之三,,,
1450,花蓮縣花蓮市中興路５號四樓之五,,,
1451,花蓮縣花蓮市中山路４１５號,,,
1452,花蓮縣花蓮市德安二街６８巷２８號七樓,,,
1453,花蓮縣花蓮市華廈街７５號二樓之三,,,
1454,花蓮縣花蓮市華廈街７５號三樓之三,,,
1456,花蓮縣吉安鄉慈惠四街２３６巷８號,,,
1457,花蓮縣花蓮市中美一街１之１號,,,
1458,花蓮縣花蓮市東興二街１５３號二樓之二,,,
1459,花蓮縣花蓮市中正路２８巷４號,,,
1460,花蓮縣花蓮市國福街１１０巷２８號,,,
1461,花蓮縣花蓮市榮正街１８６巷９號,,,
1462,花蓮縣花蓮市進豐街６之１號,,,
1463,花蓮縣花蓮市華廈街７５號三樓之一,,,
1464,花蓮縣花蓮市華廈街７５號三樓之二,,,
1465,花蓮縣花蓮市華廈街７５號七樓之一,,,
1466,花蓮縣花蓮市華廈街７５號七樓之二,,,
1467,花蓮縣花蓮市華廈街７５號四樓之三,,,
1468,花蓮縣花蓮市福建街５３５號二樓之一,,,
1469,花蓮縣花蓮市中山路４５５巷２３號三樓之一,,,
1470,花蓮縣花蓮市自立路８９巷６３號四樓,,,
1471,花蓮縣吉安鄉慶南一街１３３號,,,
1473,花蓮縣花蓮市富裕一街７巷１弄１７號,,,
1475,花蓮縣花蓮市豐村９９之７號,,,
1476,花蓮縣花蓮市建興街２９號,,,
1477,花蓮縣花蓮市中興路５號六樓之五,,,
1478,花蓮縣花蓮市豐村１０５之１６號,,,
1479,花蓮縣吉安鄉東海十一街１號六樓之一,,,
1482,花蓮縣花蓮市富裕一街１７３號二樓之一,,,
1483,花蓮縣花蓮市府前路３７之３號,,,
1484,花蓮縣花蓮市中華路５８號,,,
1485,花蓮縣吉安鄉中華路二段２４３號,,,
1487,花蓮縣花蓮市進豐街７０號,,,
1488,花蓮縣吉安鄉廣賢路一段３４９巷７號五樓之二,,,
1489,花蓮縣吉安鄉吉昌二街２２９巷５號,,,
1490,花蓮縣花蓮市府前路５０８號八樓之六,,,
1491,花蓮縣花蓮市華廈街７５號二樓之一,,,
1492,花蓮縣花蓮市國盛三街３８號六樓之一,,,
1493,花蓮縣花蓮市中山路一段１０３號,,,
1494,花蓮縣花蓮市公正街４之１３號,,,
1495,花蓮縣花蓮市林森路３６１巷４弄１２號,,,
1496,花蓮縣花蓮市五權街２８號,,,
1497,花蓮縣花蓮市建國路３１８巷２弄５號,,,
1498,花蓮縣吉安鄉廣賢路二段６１號,,,
1499,花蓮縣花蓮市國盛五街５３號五樓之一,,,
1502,花蓮縣花蓮市華廈街７５號二樓之二,,,
1503,花蓮縣吉安鄉東里九街８７號七樓之一,,,
1504,花蓮縣吉安鄉東里九街８７號七樓之五,,,
1507,花蓮縣花蓮市府前路３００之２號三樓,,,
1508,花蓮縣花蓮市福建街１５８號,,,
1510,花蓮縣吉安鄉吉昌二街２６１巷１３號,,,
1511,花蓮縣吉安鄉東海五街１６號,,,
1512,花蓮縣吉安鄉中華路二段２１２號,,,
1514,花蓮縣吉安鄉北昌一街２９號三樓之一,,,
1515,花蓮縣花蓮市國盛四街５１號六樓之二,,,
1516,花蓮縣花蓮市文明街２６號,,,
1517,花蓮縣花蓮市國富二十四街２１號,,,
1519,花蓮縣吉安鄉北昌一街２９號四樓之一,,,
1520,花蓮縣吉安鄉北昌一街２９號四樓之二,,,
1521,花蓮縣花蓮市長安街２７號六樓之八,,,
1522,花蓮縣吉安鄉海岸路７８５巷４８之１號,,,
1524,花蓮縣吉安鄉中興路３２５巷１號,,,
1525,花蓮縣吉安鄉東海五街１號六樓之六,,,
1526,花蓮縣花蓮市忠孝街４２號,,,
1527,花蓮縣花蓮市國盛一街１４１之１８號,,,
1528,花蓮縣吉安鄉明仁二街１８０巷２９號,,,
1530,花蓮縣花蓮市北濱街１１８號,,,
1531,花蓮縣花蓮市新港街４３號,,,
1532,花蓮縣花蓮市建華路９１之１６號,,,
1533,花蓮縣花蓮市南京街６７號,,,
1534,花蓮縣吉安鄉全民街３０號三樓,,,
1537,花蓮縣吉安鄉東里九街８７號四樓之一,,,
1538,花蓮縣花蓮市海濱街８號,,,
1539,花蓮縣吉安鄉東海十街１４０號,,,
1540,花蓮縣花蓮市富祥街１２２號,,,
1541,花蓮縣花蓮市球崙二路５２巷１５弄２號,,,
1542,花蓮縣吉安鄉昌隆六街６號,,,
1543,花蓮縣吉安鄉北昌一街２９號六樓之一,,,
1544,花蓮縣吉安鄉北昌一街２９號二樓之三,,,
1545,花蓮縣吉安鄉北昌一街２９號五樓之一,,,
1546,花蓮縣吉安鄉北昌一街２９號六樓之三,,,
1547,花蓮縣吉安鄉北昌一街２９號二樓之一,,,
1548,花蓮縣花蓮市建興街４５號,,,
1553,花蓮縣吉安鄉北昌一街２９號三樓之三,,,
1554,花蓮縣花蓮市東興二街２８巷８２號,,,
1557,花蓮縣花蓮市國民九街９１號,,,
1558,花蓮縣花蓮市壽昌街２９巷３０號四樓之三,,,
1560,花蓮縣花蓮市南京街１２２號,,,
1561,花蓮縣吉安鄉中興路２１４巷１９號,,,
1563,花蓮縣吉安鄉東里九街１８號四樓之二,,,
1568,花蓮縣花蓮市莊敬路１５６號,,,
1569,花蓮縣吉安鄉文化一街１巷６號,,,
1570,花蓮縣吉安鄉慈惠二街７２巷８號三樓之五,,,
1571,花蓮縣吉安鄉東海十街５８之１號四樓之二,,,
1574,花蓮縣花蓮市和平路４９３巷９號,,,
1575,花蓮縣吉安鄉南海十二街２９２巷５之１號,,,
1576,花蓮縣花蓮市長安街４６巷２４號,,,
1577,花蓮縣吉安鄉吉昌二街２３６巷３０弄１６號,,,
1580,花蓮縣吉安鄉吉祥七街５４號之２,,,
1581,花蓮縣花蓮市進豐街６之３號,,,
1582,花蓮縣吉安鄉南海四街１７１號,,,
1583,花蓮縣吉安鄉南海二街２０１巷１７號,,,
1584,花蓮縣花蓮市府前路５０８號十樓之三,,,
1586,花蓮縣花蓮市復興街４０之６號,,,
1587,花蓮縣吉安鄉福興一街５１號二樓之二,,,
1595,花蓮縣花蓮市民光２３９號,,,
1599,花蓮縣花蓮市仁愛街１６號,,,
1604,花蓮縣花蓮市國盛一街１６８號七樓之二,,,
1605,花蓮縣花蓮市豐村９５之９號,,,
1606,花蓮縣花蓮市國富十街１５０號,,,
1607,花蓮縣吉安鄉勝安二街３２號二樓之二,,,
1608,花蓮縣吉安鄉東海十街５８之１號六樓之一,,,
1609,花蓮縣吉安鄉廣賢路一段３４９巷７號五樓之一,,,
1610,花蓮縣花蓮市豐村９５之１３號,,,
1611,花蓮縣吉安鄉南埔八街１９號,,,
1613,花蓮縣吉安鄉東里九街８７號四樓之二,,,
1614,花蓮縣花蓮市中興路６號四樓之五,,,
1615,花蓮縣吉安鄉東海十街５８之１號三樓之一,,,
1616,花蓮縣吉安鄉南海四街２４６巷１弄７號,,,
1618,花蓮縣吉安鄉福興一街５１之３號,,,
1619,花蓮縣吉安鄉東海十街５８之１號五樓之一,,,
1620,花蓮縣吉安鄉東海十街５８之１號五樓之二,,,
1621,花蓮縣吉安鄉東海十街５８之１號六樓之二,,,
1622,花蓮縣吉安鄉東里九街８７號三樓之一,,,
1623,花蓮縣吉安鄉南海四街２２１號,,,
1624,花蓮縣花蓮市豐村１７之１０號四樓之二,,,
1625,花蓮縣花蓮市富陽路５２號二樓之三,,,
1626,花蓮縣吉安鄉東海十街５８之１號四樓之一,,,
1627,花蓮縣吉安鄉勝安二街３２號三樓之二,,,
1628,花蓮縣吉安鄉勝安二街３２號五樓之二,,,
1629,花蓮縣吉安鄉勝安二街３２號三樓之一,,,
1630,花蓮縣花蓮市豐村１７之１０號三樓之三,,,
1631,花蓮縣花蓮市豐村１７之９號四樓之一,,,
1632,花蓮縣吉安鄉東里九街８７號五樓之五,,,
1634,花蓮縣吉安鄉勝安二街３２號四樓之二,,,
1635,花蓮縣吉安鄉東里九街８７號二樓之五,,,
1636,花蓮縣花蓮市國福街１１０巷３５號,,,
1637,花蓮縣花蓮市國福街１１０巷３１號,,,
1638,花蓮縣花蓮市豐村９５之６號,,,
1639,花蓮縣花蓮市富陽路５２號七樓之一,,,
1640,花蓮縣花蓮市裕祥路４８號七樓之二,,,
1641,花蓮縣花蓮市富陽路５２號六樓之一,,,
1642,花蓮縣花蓮市豐村９５之５號,,,
1643,花蓮縣花蓮市富陽路５２號三樓之一,,,
1644,花蓮縣花蓮市富陽路５２號四樓之一,,,
1646,花蓮縣吉安鄉勝安二街３２號二樓之一,,,
1647,花蓮縣吉安鄉勝安二街３２號五樓之一,,,
1648,花蓮縣吉安鄉明仁二街１７６巷３號三樓,,,
1649,花蓮縣吉安鄉明仁二街１７６巷３號四樓,,,
1650,花蓮縣花蓮市豐村９５之２號,,,
1651,花蓮縣花蓮市裕祥路４８號七樓之一,,,
1652,花蓮縣花蓮市裕祥路４８號二樓之二,,,
1653,花蓮縣花蓮市富陽路５２號七樓之三,,,
1654,花蓮縣花蓮市豐村９５之８號,,,
1655,花蓮縣花蓮市豐村９５之１１號,,,
1656,花蓮縣花蓮市裕祥路４８號六樓之一,,,
1657,花蓮縣花蓮市國民七街５３號三樓之二十三,,,
1658,花蓮縣花蓮市富陽路５２號七樓之二,,,
1659,花蓮縣花蓮市富陽路５２號六樓之二,,,
1660,花蓮縣花蓮市裕祥路４８號四樓之二,,,
1661,花蓮縣花蓮市裕祥路４８號三樓之二,,,
1662,花蓮縣花蓮市裕祥路４８號四樓之一,,,
1663,花蓮縣花蓮市富陽路５２號二樓之二,,,
1664,花蓮縣花蓮市富陽路５２號三樓之二,,,
1665,花蓮縣花蓮市富陽路５２號四樓之二,,,
1666,花蓮縣吉安鄉福興路１８８號,,,
1667,花蓮縣花蓮市富陽路５２號二樓之一,,,
1668,花蓮縣花蓮市國福街１１０巷３９號,,,
1669,花蓮縣花蓮市國福街１１０巷２９號,,,
1670,花蓮縣花蓮市國福街１１０巷３３號,,,
1671,花蓮縣花蓮市國福街１１０巷３７號,,,
1672,花蓮縣花蓮市國福街１１０巷３０號,,,
1673,花蓮縣花蓮市富陽路５２號三樓之三,,,
1674,花蓮縣花蓮市富陽路５２號六樓之三,,,
1675,花蓮縣花蓮市國福街１１０巷３８號,,,
1676,花蓮縣花蓮市國福街１１０巷４２號,,,
1677,花蓮縣花蓮市豐村９５之７號,,,
1678,花蓮縣花蓮市富陽路５２號四樓之三,,,
1679,花蓮縣吉安鄉福興一街５１之１號,,,
1680,花蓮縣吉安鄉福興一街５１之５號,,,
1681,花蓮縣吉安鄉福興一街５１之６號,,,
1682,花蓮縣花蓮市裕祥路４８號五樓之二,,,
1683,花蓮縣吉安鄉福興路１９０號,,,
1684,花蓮縣花蓮市富陽路５２號五樓之二,,,
1685,花蓮縣花蓮市富陽路５２號五樓之三,,,
1686,花蓮縣吉安鄉福興一街５１號三樓之二,,,
1687,花蓮縣吉安鄉吉祥一街３５號八樓之四,,,
1688,花蓮縣花蓮市富陽路５２號五樓之一,,,
1689,花蓮縣花蓮市裕祥路４８號二樓之一,,,
1690,花蓮縣花蓮市裕祥路４８號三樓之一,,,
1691,花蓮縣花蓮市裕祥路４８號六樓之二,,,
1692,花蓮縣吉安鄉吉祥一街３５號八樓之三,,,
1693,花蓮縣吉安鄉東里九街８７號五樓之二,,,
1694,花蓮縣吉安鄉東里九街８７號七樓之二,,,
1695,花蓮縣花蓮市裕祥路４８號五樓之一,,,
1696,花蓮縣吉安鄉東里九街８７號四樓之五,,,
1698,花蓮縣吉安鄉華工六路６０巷４３號二樓之一,,,
1699,花蓮縣吉安鄉明仁二街１７６巷３號五樓,,,
1700,花蓮縣吉安鄉東里九街８７號二樓之三,,,
1701,花蓮縣吉安鄉吉祥一街３５號二樓之一,,,
1702,花蓮縣吉安鄉東里九街８７號六樓之一,,,
1703,花蓮縣吉安鄉東里九街８７號三樓之二,,,
1704,花蓮縣吉安鄉吉祥一街３５號四樓之一,,,
1705,花蓮縣吉安鄉東里九街８７號五樓之一,,,
1706,花蓮縣吉安鄉東里九街８７號八樓之二,,,
1707,花蓮縣吉安鄉東里九街８７號二樓之二,,,
1708,花蓮縣吉安鄉吉祥一街３５號二樓之三,,,
1709,花蓮縣吉安鄉吉祥一街３５號五樓之一,,,
1710,花蓮縣吉安鄉吉祥一街３５號六樓之二,,,
1711,花蓮縣吉安鄉吉祥一街３５號三樓之四,,,
1712,花蓮縣吉安鄉吉祥一街３５號十四樓之二,,,
1713,花蓮縣吉安鄉吉祥一街３５號十三樓之二,,,
1714,花蓮縣吉安鄉吉祥一街３５號十四樓之三,,,
1715,花蓮縣吉安鄉吉祥一街３５號三樓之三,,,
1716,花蓮縣吉安鄉吉祥一街３５號六樓之一,,,
1717,花蓮縣吉安鄉吉祥一街３５號七樓之一,,,
1718,花蓮縣吉安鄉吉祥一街３５號七樓之二,,,
1719,花蓮縣吉安鄉吉祥一街３５號八樓之一,,,
1720,花蓮縣吉安鄉吉祥一街３５號八樓之二,,,
1721,花蓮縣吉安鄉吉祥一街３５號四樓之四,,,
1722,花蓮縣吉安鄉吉祥一街３５號十樓之一,,,
1723,花蓮縣吉安鄉吉祥一街３５號十樓之二,,,
1724,花蓮縣吉安鄉吉祥一街３５號十一樓之一,,,
1725,花蓮縣吉安鄉吉祥一街３５號十二樓之二,,,
1726,花蓮縣吉安鄉吉祥一街３５號十三樓之一,,,
1727,花蓮縣吉安鄉吉祥一街３５號七樓之四,,,
1728,花蓮縣吉安鄉吉祥一街３５號九樓之四,,,
1729,花蓮縣吉安鄉吉祥一街３５號十一樓之三,,,
1730,花蓮縣吉安鄉吉祥一街３５號十一樓之四,,,
1731,花蓮縣吉安鄉吉祥一街３５號十二樓之一,,,
1732,花蓮縣吉安鄉吉祥一街３５號十二樓之三,,,
1733,花蓮縣吉安鄉吉祥一街３５號十樓之三,,,
1734,花蓮縣吉安鄉吉祥一街３５號五樓之四,,,
1735,花蓮縣吉安鄉吉祥一街３５號十三樓之三,,,
1736,花蓮縣吉安鄉吉祥一街３５號一樓之一,,,
1737,花蓮縣吉安鄉吉祥一街３５號九樓之三,,,
1738,花蓮縣吉安鄉吉祥一街３５號九樓之一,,,
1739,花蓮縣吉安鄉吉祥一街３５號一樓之二,,,
1740,花蓮縣吉安鄉吉祥一街３５號十三樓之四,,,
1741,花蓮縣吉安鄉福興四街４５之２號,,,
1742,花蓮縣花蓮市華德街４２巷８號,,,
1744,花蓮縣花蓮市國聯五路１３１號七樓之一,,,
1745,花蓮縣吉安鄉南昌北路７８號,,,
1746,花蓮縣花蓮市綜合市場３６號,,,
1748,花蓮縣花蓮市化道路８９巷２２號四樓之三,,,
1749,花蓮縣花蓮市中正路５１號,,,
1750,花蓮縣花蓮市建安街３０號,,,
1753,花蓮縣花蓮市民權六街１巷１５號,,,
1754,花蓮縣花蓮市成功街４６之６號,,,
1755,花蓮縣花蓮市國盛四街５１號四樓之十九,,,
1756,花蓮縣花蓮市林政街２６號,,,
1757,花蓮縣花蓮市中興路１１５之４７號三樓,,,
1758,花蓮縣花蓮市康樂街５號五樓之三,,,
1759,花蓮縣花蓮市國民六街４８號二樓,,,
1760,花蓮縣花蓮市國民六街４８號四樓,,,
1763,花蓮縣吉安鄉吉安路六段４０３巷１弄７號,,,
1764,花蓮縣花蓮市民光５１號,,,
1765,花蓮縣吉安鄉東海六街３２號二樓,,,
1766,花蓮縣花蓮市中央路四段２８８巷５弄１８號,,,
1767,花蓮縣花蓮市忠孝街４０號,,,
1768,花蓮縣花蓮市華興街２３之１號二樓之三,,,
1769,花蓮縣花蓮市府前路１８８號五樓之一,,,
1770,花蓮縣吉安鄉慶北一街１６７號四樓之二,,,
1772,花蓮縣花蓮市南京街１９１號四樓之十七,,,
1774,花蓮縣花蓮市中山路４１２巷１７號六樓之二,,,
1775,花蓮縣花蓮市球崙街２０號,,,
1776,花蓮縣花蓮市裕祥路１０３號,,,
1777,花蓮縣花蓮市中興路６號八樓之二,,,
1778,花蓮縣花蓮市長春街２１號,,,
1779,花蓮縣花蓮市國盛六街５３號六樓之十四,,,
1780,花蓮縣花蓮市榮正街９８號二樓,,,
1781,花蓮縣花蓮市豐村２１之６號,,,
1782,花蓮縣花蓮市壽昌街２９巷２４號五樓之一,,,
1783,花蓮縣花蓮市國盛二街１１８號四樓之二,,,
1784,花蓮縣花蓮市國民六街５０號五樓,,,
1786,花蓮縣花蓮市國盛一街１９０號六樓９號,,,
1787,花蓮縣花蓮市商校街４６號四樓,,,
1788,花蓮縣花蓮市軒轅路２號四樓之十一,,,
1789,花蓮縣吉安鄉南海二街２０４號,,,
1790,花蓮縣花蓮市國興一街９５號四樓之十四,,,
1791,花蓮縣花蓮市民享十街１５號,,,
1792,花蓮縣花蓮市國民十二街５３號四樓之三,,,
1793,花蓮縣花蓮市國民八街５號十二樓之三,,,
1794,花蓮縣吉安鄉明義七街９９巷１６弄３０號,,,
1795,花蓮縣花蓮市中正路２３１號,,,
1797,花蓮縣花蓮市中央路三段７３０號八樓之五,,,
1798,花蓮縣花蓮市長安街２６號四樓之二,,,
1799,花蓮縣花蓮市國盛二街６３號四樓之二,,,
1804,花蓮縣吉安鄉民治路２７０之９號,,,
1805,花蓮縣吉安鄉太昌路４６３巷３號,,,
1806,花蓮縣花蓮市中原路３９４巷６號,,,
1809,花蓮縣花蓮市中山路４５５巷２２號二樓之二,,,
1810,花蓮縣花蓮市民享九街３１號,,,
1811,花蓮縣吉安鄉南華四街１２５巷１６號四樓之一,,,
1812,花蓮縣吉安鄉南華四街１２５巷１６號四樓之二,,,
1813,花蓮縣花蓮市國盛一街１９８號,,,
1814,花蓮縣吉安鄉東海十街６０之１號二樓之五,,,
1817,花蓮縣花蓮市中美五街７３巷２號,,,
1818,花蓮縣花蓮市重慶路２２３巷６號,,,
1820,花蓮縣花蓮市中央路三段７３０號八樓之十五,,,
1821,花蓮縣花蓮市國興四街３１號,,,
1822,花蓮縣吉安鄉中華路二段２１０號,,,
1823,花蓮縣吉安鄉南華四街１２５巷１６號五樓之三,,,
1824,花蓮縣吉安鄉南華四街１２５巷１６號四樓之三,,,
1825,花蓮縣吉安鄉東海十五街８６號,,,
1826,花蓮縣花蓮市國民八街５號十一樓之八,,,
1827,花蓮縣吉安鄉太昌路２４２巷２１號,,,
1828,花蓮縣吉安鄉廣賢一街２４１號,,,
1829,花蓮縣花蓮市軒轅路２號五樓之八,,,
1830,花蓮縣吉安鄉文化五街７０號三樓,,,
1831,花蓮縣花蓮市中山路４５５巷２２號六樓之二,,,
1832,花蓮縣花蓮市國民七街５１號九樓之一,,,
1833,花蓮縣花蓮市國聯二路７１號五樓之二,,,
1834,花蓮縣吉安鄉民治路２８２號二樓之一,,,
1835,花蓮縣花蓮市國盛四街５１號七樓之二,,,
1836,花蓮縣吉安鄉南海五街８１巷６號,,,
1837,花蓮縣花蓮市中和街２１３號八樓之一,,,
1839,花蓮縣花蓮市仁愛街１６之３號,,,
1842,花蓮縣吉安鄉南華四街１２５巷１６號三樓之三,,,
1843,花蓮縣吉安鄉南華四街１２５巷１６號三樓之一,,,
1844,花蓮縣花蓮市民權路２５號十樓之三,,,
1845,花蓮縣花蓮市國民七街５３號七樓之九,,,
1846,花蓮縣花蓮市民德一街６３號二樓之二,,,
1847,花蓮縣花蓮市國富十二街１６號三樓之二,,,
1848,花蓮縣花蓮市國聯二路８３號九樓之六,,,
1850,花蓮縣花蓮市林森路２４９巷２２號,,,
1851,花蓮縣花蓮市民樂三街２號二樓之五,,,
1852,花蓮縣花蓮市北昌一街９７巷１８號,,,
1853,花蓮縣花蓮市民樂三街２號五樓之三,,,
1854,花蓮縣吉安鄉南昌路８４號,,,
1855,花蓮縣花蓮市建昌路１９７巷１９號,,,
1856,花蓮縣花蓮市中美三街２１巷３號三樓,,,
1857,花蓮縣花蓮市國興一街１０１號,,,
1858,花蓮縣花蓮市菁華街３５巷５弄３之３號,,,
1859,花蓮縣花蓮市國民八街１０６號二樓之二,,,
1860,花蓮縣吉安鄉福昌一街１０５號,,,
1861,花蓮縣花蓮市富吉路７８號,,,
1862,花蓮縣吉安鄉南華四街１２５巷１６之２號,,,
1863,花蓮縣花蓮市德安六街１０３號五樓之二,,,
1864,花蓮縣花蓮市府前路２９６巷１５號六樓之五,,,
1865,花蓮縣花蓮市莊敬路６６號,,,
1866,花蓮縣花蓮市長安街２７號七樓之六,,,
1867,花蓮縣花蓮市國聯五路１２９號五樓之四,,,
1868,花蓮縣花蓮市國盛一街１５９號五樓之二,,,
1870,花蓮縣花蓮市富裕三街５２號二樓之二,,,
1871,花蓮縣花蓮市康樂街５號四樓之二,,,
1872,花蓮縣花蓮市華興街３３號五樓之三,,,
1873,花蓮縣花蓮市東興二街３５號六樓之三,,,
1874,花蓮縣花蓮市國民七街５１號七樓之十三,,,
1875,花蓮縣花蓮市國民六街４８號五樓,,,
1876,花蓮縣花蓮市建昌路１９７巷３４號五樓,,,
1878,花蓮縣花蓮市中和街２１３號八樓之二,,,
1879,花蓮縣花蓮市國聯五路２８０之３號,,,
1880,花蓮縣花蓮市富陽路３８號六樓之九,,,
1881,花蓮縣花蓮市中和街２１１號十樓之二,,,
1882,花蓮縣吉安鄉北昌一街１５巷１１３之５號,,,
1883,花蓮縣花蓮市國盛六街５３號四樓之十三,,,
1884,花蓮縣吉安鄉舊村六街１２０巷９弄６之１號,,,
1886,花蓮縣吉安鄉仁里三街１７巷５號,,,
1887,花蓮縣花蓮市國興五街６３號五樓之二,,,
1888,花蓮縣花蓮市中和街１８９巷６號五樓,,,
1889,花蓮縣花蓮市國興二街１２５號二樓之一,,,
1890,花蓮縣花蓮市林森路１１５巷４３號,,,
1892,花蓮縣吉安鄉東海六街１３號四樓,,,
1893,花蓮縣花蓮市福建街７２巷１１號,,,
1894,花蓮縣吉安鄉慶北一街１６７號五樓之二,,,
1895,花蓮縣吉安鄉慶北一街１６７號四樓之一,,,
1896,花蓮縣吉安鄉慶北三街１６５號,,,
1897,花蓮縣吉安鄉和平路一段１５１巷１弄３號,,,
1898,花蓮縣花蓮市國興三街４７之１號,,,
1899,花蓮縣花蓮市國民六街４８號三樓,,,
1900,花蓮縣吉安鄉全民街３８號二樓,,,
1901,花蓮縣花蓮市富裕十六街２７號三樓之一,,,
1903,花蓮縣吉安鄉吉昌一街５７號,,,
1904,花蓮縣花蓮市國民一街４０號二樓之五,,,
1905,花蓮縣花蓮市國民一街４０號二樓之三,,,
1906,花蓮縣花蓮市長春街１３號,,,
1907,花蓮縣吉安鄉中山路一段９１巷６號,,,
1908,花蓮縣花蓮市民權九街２６巷１０號二樓,,,
1909,花蓮縣吉安鄉南海四街２４６巷２弄６號,,,
1910,花蓮縣花蓮市林森路３１５巷３４號,,,
1911,花蓮縣花蓮市富裕十七街２５號六樓之三,,,
1912,花蓮縣吉安鄉仁光１１號,,,
1913,花蓮縣花蓮市球崙二路２０９號二樓之五,,,
1914,花蓮縣花蓮市介林五街１８９號,,,
1915,花蓮縣吉安鄉南海二街１９３巷５號,,,
1916,花蓮縣吉安鄉中央路二段１３９巷２２弄２６號,,,
1917,花蓮縣花蓮市國聯一路１４５之１號,,,
1918,花蓮縣花蓮市華廈街１６號七樓之一,,,
1919,花蓮縣花蓮市中美十一街９號五樓之一,,,
1920,花蓮縣花蓮市富裕七街１９號四樓之一,,,
1921,花蓮縣吉安鄉吉祥一街２１號,,,
1922,花蓮縣花蓮市國盛三街５１巷６之３號四樓,,,
1923,花蓮縣吉安鄉稻香路３７號四樓,,,
1924,花蓮縣花蓮市林森路２７３巷３２號,,,
1925,花蓮縣花蓮市明禮路５號,,,
1926,花蓮縣花蓮市建興街５６號,,,
1928,花蓮縣花蓮市國盛五街６５號,,,
1929,花蓮縣花蓮市商校街３０號,,,
1930,花蓮縣花蓮市國盛五街７９號三樓之二,,,
1931,花蓮縣吉安鄉文化五街４７號,,,
1932,花蓮縣吉安鄉仁里十三街１７號,,,
1933,花蓮縣吉安鄉太昌路５８４巷１１號,,,
1934,花蓮縣吉安鄉建國路一段２１９巷８號,,,
1935,花蓮縣吉安鄉南埔十三街３１號二樓之八,,,
1936,花蓮縣花蓮市長安街２７號十二樓之六,,,
1937,花蓮縣花蓮市華德街８７巷１６號,,,
1938,花蓮縣吉安鄉南華四街７５巷６號,,,
1939,花蓮縣吉安鄉南海三街２０４巷３０號,,,
1940,花蓮縣花蓮市國富十七街１０號四樓之五,,,
1941,花蓮縣花蓮市國民六街５０號四樓,,,
1942,花蓮縣吉安鄉全民街１０７號三樓,,,
1945,花蓮縣吉安鄉慶北一街１６７號六樓之一,,,
1947,花蓮縣花蓮市民權路２５號四樓之三,,,
1948,花蓮縣花蓮市林森路２８５號七樓之二,,,
1951,花蓮縣花蓮市國民八街５號九樓之七,,,
1954,花蓮縣花蓮市國民一街２０號五樓之三,,,
1955,花蓮縣花蓮市中央路三段７３０號九樓之五,,,
1958,花蓮縣花蓮市大同街９８巷７號,,,
1959,花蓮縣花蓮市南京街２０３號四樓之五,,,
1960,花蓮縣花蓮市建昌路１９７巷３２號五樓,,,
1962,花蓮縣花蓮市球崙二路２１７號二樓之六,,,
1963,花蓮縣花蓮市民德一街５１號二樓之一,,,
1964,花蓮縣花蓮市民德四街５號,,,
1965,花蓮縣花蓮市華廈街１８號,,,
1966,花蓮縣花蓮市德安二街６８巷１２號三樓,,,
1968,花蓮縣花蓮市國盛三街４６號六樓之一,,,
1970,花蓮縣吉安鄉北安街１６０巷６弄１４號,,,
1971,花蓮縣花蓮市中順街１３６號,,,
1972,花蓮縣花蓮市中正路３３６巷１弄１１號三樓,,,
1974,花蓮縣吉安鄉自治路９號,,,
1975,花蓮縣吉安鄉文化五街６７號四樓,,,
1977,花蓮縣花蓮市榮正街１２５巷５弄９號,,,
1978,花蓮縣花蓮市延平街３２號,,,
1979,花蓮縣花蓮市中山路７２４巷１弄１號,,,
1980,花蓮縣花蓮市國盛六街５３號六樓之十,,,
1981,花蓮縣吉安鄉南埔八街７８號,,,
1982,花蓮縣花蓮市國民七街５１號六樓之十一,,,
1983,花蓮縣花蓮市忠孝街６２之１號四樓之二,,,
1984,花蓮縣花蓮市國聯二路７１號四樓之三,,,
1985,花蓮縣吉安鄉中山路一段２２２號十二樓之八,,,
1986,花蓮縣吉安鄉全民街６８號,,,
1987,花蓮縣吉安鄉吉昌二街１９９號,,,
1988,花蓮縣花蓮市民族路１號二樓之三,,,
1991,花蓮縣花蓮市富裕十七街２５號五樓之二,,,
1992,花蓮縣花蓮市富祥街６０號,,,
1993,花蓮縣吉安鄉東海十五街８０巷１９弄７６號,,,
1994,花蓮縣花蓮市莊敬路１５６之１號,,,
1995,花蓮縣花蓮市國聯二路１５０號,,,
1996,花蓮縣吉安鄉中華路二段９３號十四樓之四,,,
1997,花蓮縣花蓮市建國路２４２號,,,
1999,花蓮縣吉安鄉明仁一街５１巷６２號,,,
2000,花蓮縣吉安鄉中央路三段２４６號,,,
2001,花蓮縣吉安鄉慶豐十一街２９８號五樓之二,,,
2002,花蓮縣吉安鄉中興路２８６號,,,
2003,花蓮縣吉安鄉自治路７號,,,
2006,花蓮縣花蓮市國民八街５號十二樓之八,,,
2008,花蓮縣吉安鄉自強路６５巷１７弄１９號,,,
2009,花蓮縣吉安鄉自強路４９巷２６號,,,
2010,花蓮縣花蓮市大同街８４號,,,
2011,花蓮縣花蓮市民權九街３１號三樓之一,,,
2012,花蓮縣吉安鄉自強路６５巷１７弄１７號,,,
2013,花蓮縣花蓮市林森路２１７巷３５號,,,
2014,花蓮縣吉安鄉華工六路６０巷３１號,,,
2015,花蓮縣花蓮市富安路１０６號五樓之十二,,,
2016,花蓮縣花蓮市中順街４５巷１６號二樓之七,,,
2017,花蓮縣花蓮市富安路１４７號三樓之七號,,,
2018,花蓮縣花蓮市建興街３８號,,,
2019,花蓮縣吉安鄉勝安二街２２號,,,
2020,花蓮縣花蓮市民享二街４５號,,,
2021,花蓮縣花蓮市成功街４５號四樓之二,,,
2022,花蓮縣吉安鄉南山五街１１６號,,,
2023,花蓮縣吉安鄉南山五街１１６號二樓之一,,,
2024,花蓮縣吉安鄉南山五街１１６號二樓之二,,,
2025,花蓮縣吉安鄉南山五街１１６號三樓之一,,,
2026,花蓮縣花蓮市中華路４９０之１號,,,
2027,花蓮縣吉安鄉南山五街１１６號三樓之二,,,
2028,花蓮縣吉安鄉南山五街１１６號四樓之一,,,
2029,花蓮縣吉安鄉南山五街１１６號四樓之二,,,
2030,花蓮縣吉安鄉南山五街１１６號五樓之一,,,
2031,花蓮縣花蓮市中正路３３６巷１弄１１號四樓,,,
2033,花蓮縣花蓮市德安二街６０之１號八樓,,,
2034,花蓮縣吉安鄉自強路４９巷２８號,,,
2035,花蓮縣吉安鄉文化五街４９號,,,
2036,花蓮縣花蓮市建興街３５號七樓之三,,,
2037,花蓮縣花蓮市國民八街６５號六樓１１號,,,
2038,花蓮縣花蓮市公正街３７號八樓之十二,,,
2039,花蓮縣花蓮市富安路１０６號七樓之九,,,
2040,花蓮縣花蓮市中華路５３４巷２號五樓,,,
2041,花蓮縣花蓮市中美九街２號七樓之三,,,
2042,花蓮縣花蓮市國盛八街１０３號五樓之一,,,
2043,花蓮縣花蓮市和平路３６２號八樓之二,,,
2044,花蓮縣花蓮市和平路５２１號,,,
2045,花蓮縣吉安鄉自強路４９巷３０號,,,
2048,花蓮縣吉安鄉宜昌二街３４號,,,
2050,花蓮縣花蓮市球崙二路２０９號二樓之二,,,
2051,花蓮縣吉安鄉仁里五街７１號,,,
2053,花蓮縣吉安鄉慈惠四街２６巷２之１號,,,
2054,花蓮縣花蓮市明心街１之２２號二樓,,,
2055,花蓮縣吉安鄉文化五街６３號四樓,,,
2056,花蓮縣花蓮市中央路三段７２０巷５號七樓之七,,,
2057,花蓮縣花蓮市國民八街８號三樓之二,,,
2058,花蓮縣吉安鄉吉豐路三段３０９號,,,
2059,花蓮縣吉安鄉中山路一段１６４號,,,
2060,花蓮縣吉安鄉自強路６５巷１７弄２１號,,,
2061,花蓮縣吉安鄉自強路６５巷１７弄２３號,,,
2062,花蓮縣花蓮市介林九街７３號,,,
2063,花蓮縣花蓮市國盛一街６６巷５號,,,
2064,花蓮縣花蓮市國富十街３８號,,,
2065,花蓮縣吉安鄉自強路４９巷２２號,,,
2066,花蓮縣花蓮市建華路８３巷８號,,,
2067,花蓮縣吉安鄉南埔十三街３１號二樓之七,,,
2068,花蓮縣花蓮市南京街８６號三樓之二,,,
2070,花蓮縣花蓮市民德四街１號,,,
2072,花蓮縣花蓮市壽昌街２９巷２６號,,,
2073,花蓮縣吉安鄉吉祥一街１３巷１４號,,,
2074,花蓮縣花蓮市東興一街７８號三樓之二,,,
2075,花蓮縣花蓮市中美路１１５巷１０號九樓,,,
2076,花蓮縣花蓮市華泰街１１號,,,
2077,花蓮縣吉安鄉東海十一街１號七樓之六,,,
2078,花蓮縣花蓮市中華路４９８巷１９號,,,
2079,花蓮縣花蓮市建國路二段２６８巷９８號,,,
2080,花蓮縣吉安鄉南華四街１２５巷１６之３號,,,
2081,花蓮縣花蓮市進豐街５７巷５７之２號,,,
2082,花蓮縣吉安鄉吉昌二街３２８巷６弄２號,,,
2083,花蓮縣花蓮市球崙二路２１１號三樓之一,,,
2084,花蓮縣花蓮市延平街７４巷１５號,,,
2085,花蓮縣吉安鄉北安街１６１巷６８號,,,
2086,花蓮縣花蓮市中興路１７８之３號,,,
2087,花蓮縣花蓮市長春街１７號,,,
2088,花蓮縣吉安鄉南華四街１２５巷１６號二樓之三,,,
2089,花蓮縣花蓮市德安二街１４３號,,,
2090,花蓮縣花蓮市中興路１１５之４４號,,,
2091,花蓮縣吉安鄉南海三街２０８巷２號,,,
2092,花蓮縣花蓮市國盛二街１１８號五樓之六,,,
2093,花蓮縣花蓮市國盛二街１１８之９號五樓,,,
2094,花蓮縣吉安鄉中原路一段７５號,,,
2095,花蓮縣吉安鄉吉昌一街１６７巷６號,,,
2096,花蓮縣吉安鄉東里十五街８８巷８號,,,
2097,花蓮縣花蓮市中美路３０１之３~之６號,,,
2098,花蓮縣吉安鄉勝安三街３號,,,
2099,花蓮縣花蓮市球崙二路２５２巷２２弄５號,,,
2100,花蓮縣花蓮市林森路２９３巷９號,,,
2101,花蓮縣花蓮市中和街２０９號五樓,,,
2102,花蓮縣吉安鄉南埔八街２０５巷１６號五樓之二,,,
2103,花蓮縣花蓮市民權路３５巷１號五樓,,,
2104,花蓮縣吉安鄉南海九街２０２巷２９號,,,
2105,花蓮縣花蓮市林森路２３６之４３號,,,
2106,花蓮縣吉安鄉昌隆六街６號六樓之四,,,
2107,花蓮縣吉安鄉吉豐路一段６５巷３之２號,,,
2109,花蓮縣花蓮市林園二街２２號二樓之五,,,
2110,花蓮縣吉安鄉南華四街１２５巷１６號五樓之二,,,
2111,花蓮縣吉安鄉南華四街１２５巷１６號二樓之一,,,
2112,花蓮縣花蓮市康樂街５號五樓之八,,,
2114,花蓮縣吉安鄉南埔十六街３１號,,,
2115,花蓮縣吉安鄉南埔十一街２號,,,
2116,花蓮縣吉安鄉建國路二段４１巷１５之１號,,,
2117,花蓮縣吉安鄉建國路二段４１巷１５之５號,,,
2118,花蓮縣吉安鄉民治路２８２號二樓之五,,,
2119,花蓮縣吉安鄉慶南三街４５８巷１２之１號,,,
2120,花蓮縣花蓮市國民六街５０號三樓,,,
2122,花蓮縣花蓮市國興五街１５２號二樓之一號,,,
2123,花蓮縣花蓮市華西１１２號,,,
2124,花蓮縣花蓮市東興一街９３巷４號,,,
2125,花蓮縣花蓮市林森路２１７巷６號,,,
2127,花蓮縣吉安鄉建國路二段４１巷１５之６號,,,
2128,花蓮縣花蓮市國富十七街１３號,,,
2129,花蓮縣吉安鄉建國路二段４１巷１５之３號,,,
2130,花蓮縣花蓮市公正街３７號六樓之二十,,,
2131,花蓮縣吉安鄉慶南二街３１７號,,,
2132,花蓮縣吉安鄉南海八街２１０巷１號,,,
2134,花蓮縣花蓮市國富三街１號,,,
2137,花蓮縣吉安鄉吉安路三段１１０號,,,
2141,花蓮縣吉安鄉南埔八街２０５巷１６號二樓之二,,,
2142,花蓮縣吉安鄉南埔八街２０５巷１６號二樓之一,,,
2143,花蓮縣花蓮市建興街１３７巷３０號,,,
2144,花蓮縣花蓮市中山路７２４巷１弄１號,,,
2145,花蓮縣花蓮市富強路４８號二樓之三,,,
2146,花蓮縣花蓮市國興一街９５之９號,,,
2147,花蓮縣花蓮市東興路３５９巷１號四樓之三,,,
2148,花蓮縣吉安鄉稻香六街３巷１號,,,
2149,花蓮縣花蓮市自立路３４巷１１號,,,
2150,花蓮縣花蓮市南京街１９１號五樓之一,,,
2151,花蓮縣花蓮市中美十三街６０號及地下室,,,
2152,花蓮縣吉安鄉昌隆二街１０９號三樓,,,
2153,花蓮縣吉安鄉吉興一街４０７號,,,
2154,花蓮縣吉安鄉太昌路３４０巷５弄３０號,,,
2155,花蓮縣吉安鄉東海十街１４２號,,,
2156,花蓮縣花蓮市中正路３３６巷１弄１１號二樓,,,
2157,花蓮縣吉安鄉昌隆一街２２號五樓之二,,,
2158,花蓮縣花蓮市國聯二路１４３號,,,
2159,花蓮縣花蓮市富裕五街３６號八樓之七,,,
2160,花蓮縣吉安鄉仁里三街７０號二樓之二,,,
2161,花蓮縣花蓮市介林四街９號,,,
2162,花蓮縣花蓮市化道路８９巷８號十樓之二,,,
2163,花蓮縣吉安鄉華工六路９６巷６６號,,,
2164,花蓮縣花蓮市民權路１號八樓之一,,,
2166,花蓮縣吉安鄉北安街１８５之３號,,,
2167,花蓮縣花蓮市軒轅路２號三樓之七,,,
2170,花蓮縣花蓮市富陽路３８號七樓之五,,,
2171,花蓮縣花蓮市中和街２０９號六樓,,,
2172,花蓮縣花蓮市和平路５４５巷２０號,,,
2173,花蓮縣吉安鄉東海三街１８號一樓,,,
2174,花蓮縣吉安鄉中原路一段６７號,,,
2175,花蓮縣吉安鄉昌隆三街７７號四樓,,,
2176,花蓮縣吉安鄉慈惠二街６６號四樓,,,
2177,花蓮縣花蓮市富安路１２４號,,,
2178,花蓮縣吉安鄉文化十三街１８號四樓之五,,,
2179,花蓮縣花蓮市富強路４８號四樓之九,,,
2181,花蓮縣花蓮市長安街２８號,,,
2182,花蓮縣花蓮市國盛一街２０２之８號五樓,,,
2183,花蓮縣花蓮市國興三街７９號三樓之一,,,
2184,花蓮縣花蓮市華廈街１８號四樓之二,,,
2186,花蓮縣吉安鄉文化十三街３８號,,,
2187,花蓮縣花蓮市國民八街５號十二樓之二,,,
2188,花蓮縣花蓮市國民七街５１號三樓之二,,,
2189,花蓮縣吉安鄉南埔一街３７號,,,
2190,花蓮縣花蓮市民德三街１巷１號四樓,,,
2191,花蓮縣花蓮市中美路２９５之１９號,,,
2192,花蓮縣花蓮市中福路２２２號,,,
2193,花蓮縣花蓮市國聯四路８３號二樓之六,,,
2194,花蓮縣吉安鄉昌隆三街６３之１號,,,
2195,花蓮縣吉安鄉全民街１１８號四樓,,,
2197,花蓮縣花蓮市國盛一街１６８號二樓之二,,,
2198,花蓮縣花蓮市國盛一街１６８號三樓之一,,,
2199,花蓮縣花蓮市國盛一街７６號四樓之五,,,
2200,花蓮縣花蓮市國盛一街１６８號四樓之一,,,
2201,花蓮縣花蓮市國盛一街１６８號五樓之一,,,
2202,花蓮縣吉安鄉廣興一街３７６號,,,
2203,花蓮縣花蓮市仁和街３０巷１號,,,
2204,花蓮縣花蓮市長安街２７號十樓之八,,,
2205,花蓮縣花蓮市富裕二街１６７號,,,
2206,花蓮縣花蓮市中華路４１６巷７號,,,
2207,花蓮縣吉安鄉南海一街１６７巷１８號,,,
2208,花蓮縣吉安鄉東海六街２９巷２號,,,
2209,花蓮縣吉安鄉明仁二街１７７巷１１號,,,
2210,花蓮縣花蓮市中山路４５５巷２２號三樓之一,,,
2211,花蓮縣吉安鄉吉安路三段１６６號,,,
2215,花蓮縣花蓮市府前路１０４號五樓之二,,,
2216,花蓮縣花蓮市中央路三段７３０號九樓之二十三,,,
2217,花蓮縣花蓮市國盛八街１０９號六樓之三,,,
2218,花蓮縣吉安鄉永吉三街２８號,,,
2219,花蓮縣花蓮市府前路５７０號,,,
2220,花蓮縣花蓮市中美十三街６３巷１８號,,,
2222,花蓮縣花蓮市中和街２０７號八樓,,,
2223,花蓮縣花蓮市德安六街６５號十樓,,,
2224,花蓮縣吉安鄉明仁一街１８５巷３１號,,,
2225,花蓮縣花蓮市中美三街２３巷２６號三樓,,,
2226,花蓮縣吉安鄉永興八街７８號,,,
2227,花蓮縣吉安鄉中正路二段１８６巷３１號,,,
2228,花蓮縣花蓮市國富二十一街２２號五樓之三,,,
2229,花蓮縣吉安鄉慈惠二街２７號,,,
2230,花蓮縣吉安鄉東里九街２３號四樓之一,,,
2231,花蓮縣花蓮市福建街１７號,,,
2232,花蓮縣花蓮市國盛五街６８號五樓之七,,,
2233,花蓮縣花蓮市國興三街７９號四樓之二,,,
2234,花蓮縣花蓮市德安二街１１１號,,,
2235,花蓮縣花蓮市中華路４１６巷４弄１３號,,,
2236,花蓮縣吉安鄉宜昌二街２０號,,,
2237,花蓮縣花蓮市德安二街６８巷４２號二樓,,,
2240,花蓮縣吉安鄉太昌路９４巷２１弄１１號,,,
2241,花蓮縣花蓮市府前路５７６號,,,
2242,花蓮縣花蓮市富祥街６９號,,,
2243,花蓮縣花蓮市國盛三街６０號,,,
2244,花蓮縣吉安鄉全民街１４０號,,,
2245,花蓮縣花蓮市順興路２９３號,,,
2246,花蓮縣花蓮市富強路４８號五樓之一,,,
2247,花蓮縣花蓮市民權九街２６巷６號二樓,,,
2253,花蓮縣花蓮市中正路１６９巷１之８號,,,
2254,花蓮縣吉安鄉光華街１５１巷８號,,,
2255,花蓮縣花蓮市五權街３２號,,,
2256,花蓮縣花蓮市仁愛街７號五樓之一,,,
2261,花蓮縣吉安鄉吉安路三段６０號,,,
2262,花蓮縣吉安鄉舊村六街１５６巷１８弄８號,,,
2263,花蓮縣花蓮市光復街１０１之４號,,,
2264,花蓮縣花蓮市信義街５２號,,,
2265,花蓮縣花蓮市長安街２７號五樓之三,,,
2266,花蓮縣花蓮市華興街１９號,,,
2267,花蓮縣花蓮市國盛八街１０３號四樓之二,,,
2268,花蓮縣花蓮市林森路２４９巷４９號,,,
2269,花蓮縣花蓮市大同街４巷２號,,,
2270,花蓮縣吉安鄉南山五街２０巷３０號,,,
2271,花蓮縣花蓮市富裕三街４８號六樓之三,,,
2272,花蓮縣花蓮市國盛八街１０３號四樓之一,,,
2275,花蓮縣花蓮市東興一街７９巷１８號九樓之五,,,
2276,花蓮縣吉安鄉吉興三街８９之５號,,,
2277,花蓮縣花蓮市中正路２４９巷３２號,,,
2281,花蓮縣花蓮市林森路２９３巷１弄３７號,,,
2283,花蓮縣花蓮市林森路３１５巷７６號,,,
2286,花蓮縣花蓮市國民八街５號十二樓之一,,,
2287,花蓮縣吉安鄉建國路一段９１號,,,
2303,花蓮縣花蓮市中央路四段４５０號二樓之五,,,
2307,花蓮縣花蓮市富強路２４６號三樓之二,,,
2313,花蓮縣花蓮市中央路三段７３０號九樓之二十六,,,
2314,花蓮縣花蓮市國聯二路８３號,,,
2316,花蓮縣花蓮市國富二街５６號,,,
2317,花蓮縣花蓮市福建街２３６號,,,
2318,花蓮縣花蓮市長安街２７號四樓之七,,,
2321,花蓮縣吉安鄉吉安路一段６號,,,
2322,花蓮縣花蓮市林森路２８７號二樓之一,,,
2323,花蓮縣吉安鄉南埔八街１２２之６號,,,
2325,花蓮縣花蓮市建國路二段５８２號,,,
2326,花蓮縣吉安鄉昌隆二街１２１號,,,
2327,花蓮縣吉安鄉福興路１３７號,,,
2328,花蓮縣吉安鄉慶北一街１９８之１號,,,
2329,花蓮縣吉安鄉南海五街８９號,,,
2330,花蓮縣花蓮市國興三街２６號,,,
2332,花蓮縣吉安鄉民治路２８２號二樓之三,,,
2333,花蓮縣吉安鄉民治路２８２號四樓之七,,,
2336,花蓮縣吉安鄉民治路２８２號八樓之二,,,
2337,花蓮縣花蓮市中央路四段４５０號五樓之三,,,
2338,花蓮縣吉安鄉民治路２８２號六樓之七,,,
2339,花蓮縣吉安鄉慶北一街１９８之２號,,,
2340,花蓮縣吉安鄉民治路２８２號八樓之六,,,
2341,花蓮縣吉安鄉民治路２８２號三樓之一,,,
2342,花蓮縣吉安鄉南埔八街２０５巷１６號三樓之一,,,
2343,花蓮縣花蓮市中央路四段４５２號二樓之一,,,
2344,花蓮縣花蓮市中央路四段４５０號四樓之三,,,
2345,花蓮縣花蓮市中央路四段４５２號三樓之一,,,
2346,花蓮縣花蓮市沙基拉雅街９８號,,,
2347,花蓮縣花蓮市沙基拉雅街９８之１號,,,
2348,花蓮縣花蓮市沙基拉雅街９８之２號,,,
2349,花蓮縣花蓮市中央路四段４５２號二樓之二,,,
2350,花蓮縣吉安鄉民治路２８２號四樓之六,,,
2351,花蓮縣吉安鄉民治路２８２號八樓之一,,,
2352,花蓮縣吉安鄉民治路２８２號三樓之七,,,
2353,花蓮縣花蓮市國盛八街１０３號二樓之一,,,
2354,花蓮縣花蓮市國盛八街１０３號二樓之二,,,
2355,花蓮縣花蓮市國盛八街１０３號三樓之二,,,
2356,花蓮縣吉安鄉民治路２８２號三樓之六,,,
2357,花蓮縣花蓮市國盛八街１０３號三樓之一,,,
2358,花蓮縣吉安鄉民治路２８２號七樓之六,,,
2359,花蓮縣吉安鄉民治路２８２號二樓之七,,,
2360,花蓮縣吉安鄉民治路２８２號四樓之二,,,
2361,花蓮縣吉安鄉自立路二段７５巷５６號,,,
2362,花蓮縣花蓮市中央路四段４５２號三樓之二,,,
2363,花蓮縣吉安鄉民治路２８２號六樓之二,,,
2364,花蓮縣吉安鄉民治路２８２號三樓之五,,,
2365,花蓮縣吉安鄉民治路２８２號四樓之一,,,
2366,花蓮縣吉安鄉民治路２８２號六樓之六,,,
2367,花蓮縣吉安鄉南埔八街２０５巷１６號四樓之一,,,
2368,花蓮縣吉安鄉民治路２８２號二樓之二,,,
2369,花蓮縣吉安鄉民治路２８２號五樓之五,,,
2370,花蓮縣吉安鄉民治路２８２號六樓之五,,,
2371,花蓮縣花蓮市中央路四段４５０號二樓之三,,,
2372,花蓮縣花蓮市中央路四段４５０號三樓之三,,,
2373,花蓮縣花蓮市中央路四段４５０號三樓之五,,,
2374,花蓮縣吉安鄉南埔八街２０５巷１６號三樓之二,,,
2375,花蓮縣吉安鄉南埔八街２０５巷１６號五樓之一,,,
2376,花蓮縣吉安鄉民治路２８２號七樓之七,,,
2377,花蓮縣吉安鄉南埔八街２０５巷１６號四樓之二,,,
2378,花蓮縣花蓮市中央路四段４５２號五樓之一,,,
2379,花蓮縣花蓮市中央路四段４５２號五樓之二,,,
2380,花蓮縣花蓮市建華路９１之７號,,,
2381,花蓮縣吉安鄉民治路２８２號八樓之五,,,
2382,花蓮縣花蓮市中央路四段４５２號四樓之二,,,
2383,花蓮縣吉安鄉民治路２８２號七樓之一,,,
2384,花蓮縣吉安鄉民治路２８２號三樓之三,,,
2385,花蓮縣吉安鄉民治路２８２號四樓之五,,,
2386,花蓮縣吉安鄉民治路２８２號四樓之三,,,
2387,花蓮縣吉安鄉民治路２８２號八樓之三,,,
2388,花蓮縣吉安鄉民治路２８２號八樓之七,,,
2389,花蓮縣吉安鄉民治路２８２號七樓之三,,,
2390,花蓮縣吉安鄉民治路２８２號六樓之一,,,
2391,花蓮縣吉安鄉民治路２８２號七樓之五,,,
2392,花蓮縣吉安鄉民治路２８２號五樓之六,,,
2393,花蓮縣吉安鄉民治路２８２號五樓之一,,,
2394,花蓮縣吉安鄉民治路２８２號五樓之二,,,
2395,花蓮縣吉安鄉民治路２８２號六樓之三,,,
2396,花蓮縣吉安鄉民治路２８２號二樓之六,,,
2397,花蓮縣花蓮市中央路四段４５０號二樓之一,,,
2398,花蓮縣花蓮市中央路四段４５０號二樓之二,,,
2399,花蓮縣花蓮市中央路四段４５２號四樓之一,,,
2400,花蓮縣吉安鄉文化五街５３號五樓,,,
2401,花蓮縣吉安鄉東里九街２３號三樓之一,,,
2404,花蓮縣花蓮市國盛四街６３巷２號,,,
2405,花蓮縣花蓮市中央路三段７３０號五樓之二十一,,,
2406,花蓮縣花蓮市國興二街１３６號四樓之九,,,
2407,花蓮縣花蓮市福建街７號,,,
2409,花蓮縣花蓮市中和街２１４巷１７號三樓之五,,,
2410,花蓮縣花蓮市中美十三街７８號二樓之八,,,
2413,花蓮縣花蓮市國盛四街５３號六樓之十,,,
2414,花蓮縣吉安鄉南海二街２１２號,,,
2415,花蓮縣吉安鄉慈惠二街７２巷２９號,,,
2416,花蓮縣花蓮市富裕六街１６號二樓之五,,,
2417,花蓮縣吉安鄉知卡宣大道三段６５１之２號,,,
2418,花蓮縣花蓮市介林九街３４號,,,
2419,花蓮縣吉安鄉福興一街５１號四樓之一,,,
2420,花蓮縣花蓮市豐村１７之９號五樓之一,,,
2422,花蓮縣花蓮市國民七街５１號四樓之八,,,
2424,花蓮縣花蓮市中正路１１０巷５弄８之３號,,,
2426,花蓮縣花蓮市民權路３７號四樓之二,,,
2427,花蓮縣花蓮市華廈街３８號五樓之二,,,
2428,花蓮縣花蓮市中央路三段７３０號七樓之二十二,,,
2431,花蓮縣吉安鄉仁里五街１６４號,,,
2432,花蓮縣花蓮市自強路６２８號,,,
2433,花蓮縣花蓮市國民七街５３號五樓之十五,,,
2434,花蓮縣花蓮市南京街１９１號七樓之十,,,
2435,花蓮縣吉安鄉太昌路４９８號,,,
2436,花蓮縣花蓮市國盛二街２７９號二樓之五,,,
2437,花蓮縣花蓮市民權九街４９號三樓之二,,,
2438,花蓮縣花蓮市長安街２７號十三樓之七,,,
2439,花蓮縣花蓮市國興三街３９之１號,,,
2440,花蓮縣花蓮市國盛二街６３號四樓之二,,,
2441,花蓮縣花蓮市豐村６號三樓之一,,,
2442,花蓮縣花蓮市榮正街５２號二樓之六,,,
2443,花蓮縣花蓮市南京街１９１號四樓之２１,,,
2445,花蓮縣花蓮市南京街１９１號六樓之２,,,
2446,花蓮縣花蓮市中美三街２１巷１號三樓,,,
2447,花蓮縣吉安鄉東海五街１號六樓之二,,,
2448,花蓮縣花蓮市化道路８９巷２２號六樓之一,,,
2449,花蓮縣花蓮市中美路２２７號三樓之一,,,
2450,花蓮縣吉安鄉福興二街１３號五樓之二,,,
2451,花蓮縣花蓮市中美路２９３之３號,,,
2452,花蓮縣花蓮市國盛六街４５號四樓之二,,,
2453,花蓮縣花蓮市富裕一街１６９號二樓之二,,,
2454,花蓮縣吉安鄉慈惠四街２３６巷１０號,,,
2455,花蓮縣吉安鄉明義五街３４巷７號,,,
2456,花蓮縣花蓮市福建街１８７號,,,
2458,花蓮縣花蓮市榮正街２５７號,,,
2459,花蓮縣花蓮市建昌路３８號三樓之二,,,
2460,花蓮縣吉安鄉明義五街３４巷８號,,,
2461,花蓮縣花蓮市中華路２６４之３號,,,
2462,花蓮縣吉安鄉南海十二街２９２巷５號,,,
2463,花蓮縣花蓮市民光６７號,,,
2464,花蓮縣花蓮市富裕一街６７號二樓,,,
2466,花蓮縣花蓮市國民七街５１號四樓之五,,,
2467,花蓮縣吉安鄉華城六街１９１號,,,
2468,花蓮縣花蓮市中美五街１２２巷８號三樓,,,
2469,花蓮縣花蓮市德安二街６８巷４２號五樓,,,
2470,花蓮縣花蓮市華德街５之２號,,,
2472,花蓮縣花蓮市中正路１６８巷７弄２號,,,
2473,花蓮縣花蓮市介林五街１９９號,,,
2474,花蓮縣吉安鄉華城八街１７６號,,,
2475,花蓮縣吉安鄉全民街３０號三樓,,,
2476,花蓮縣花蓮市富裕十街１１巷２號,,,
2477,花蓮縣花蓮市福建街３１１號,,,
2478,花蓮縣花蓮市國興五街６３號六樓之七,,,
2479,花蓮縣花蓮市林政街３１之１號三樓之五,,,
2480,花蓮縣花蓮市中美十一街２９號,,,
2481,花蓮縣花蓮市德安六街９２號,,,
2482,花蓮縣花蓮市富裕一街１６９號五樓之二,,,
2483,花蓮縣花蓮市國盛二街１１８號,,,
2484,花蓮縣花蓮市中福路１４８號,,,
2485,花蓮縣花蓮市榮正街１２５巷１之２０號,,,
2486,花蓮縣吉安鄉和平路一段１４２巷２弄２２號,,,
2487,花蓮縣花蓮市國富二街９５號二樓之三,,,
2488,花蓮縣吉安鄉南埔八街１１３號,,,
2489,花蓮縣花蓮市林園二街２３號,,,
2491,花蓮縣吉安鄉明仁一街１２９巷４３號,,,
2492,花蓮縣花蓮市民權路１２６號,,,
2493,花蓮縣花蓮市重慶路２５０巷３號,,,
2494,花蓮縣花蓮市化道路８９巷１２號八樓之一,,,
2496,花蓮縣花蓮市國盛一街１９６之４號三樓,,,
2499,花蓮縣花蓮市國富十三街９號四樓之一,,,
2500,花蓮縣吉安鄉南埔十二街２之３號五樓之一,,,
2503,花蓮縣花蓮市豐村３５之５號,,,
2505,花蓮縣花蓮市南京街２０３號九樓之十五,,,
2506,花蓮縣吉安鄉慈惠二街７２巷８號三樓之一,,,
2507,花蓮縣花蓮市國民七街５１號四樓之六,,,
2508,花蓮縣花蓮市華廈街７５號三樓之二,,,
2509,花蓮縣花蓮市國民七街５１號九樓之十二,,,
2512,花蓮縣花蓮市光復街１３６號地下室２號,,,
2515,花蓮縣花蓮市菁華街４巷１之６號,,,
2516,花蓮縣花蓮市中興路４３巷２號六樓之一,,,
2517,花蓮縣花蓮市府前路１２６號四樓之二,,,
2518,花蓮縣吉安鄉中華路二段７８號,,,
2519,花蓮縣花蓮市府前路１２６號四樓之一,,,
2521,花蓮縣花蓮市化道路８９巷１２號十樓之一,,,
2522,花蓮縣花蓮市國民八街６３號五樓之七,,,
2524,花蓮縣花蓮市林森路３２巷３號六樓之一,,,
2525,花蓮縣花蓮市中山路４５５巷２０號,,,
2526,花蓮縣花蓮市民族路１號八樓之三,,,
2527,花蓮縣花蓮市中山路７２４巷１９號,,,
2528,花蓮縣花蓮市國盛二街２１３號五樓之一,,,
2529,花蓮縣吉安鄉舊村四街５號,,,
2530,花蓮縣花蓮市中山路７２４巷１９號,,,
2531,花蓮縣吉安鄉東里一街１６０號二樓之五,,,
2532,花蓮縣花蓮市國盛三街５１巷２之４號五樓,,,
2533,花蓮縣花蓮市林森路２０１巷１０號,,,
2534,花蓮縣吉安鄉慶豐九街２８３號二樓之一,,,
2535,花蓮縣花蓮市東興一街１３３巷３０號,,,
2536,花蓮縣花蓮市國民七街５１號九樓之五,,,
2539,花蓮縣吉安鄉中華路二段２９２號,,,
2540,花蓮縣花蓮市富裕七街１６號六樓之八,,,
2542,花蓮縣花蓮市中和街２１４巷１７號三樓之八,,,
2543,花蓮縣花蓮市國民一街１０之１號,,,
2544,花蓮縣吉安鄉華城八街１７６號,,,
2545,花蓮縣花蓮市國民七街５３號三樓之二十六,,,
2546,花蓮縣花蓮市華德街５７巷８號,,,
2547,花蓮縣花蓮市中美十二街８２巷８號,,,
2548,花蓮縣花蓮市中美三街２１巷２號五樓,,,
2549,花蓮縣花蓮市中正路３１５巷１４號,,,
2550,花蓮縣花蓮市睦和街４３號,,,
2551,花蓮縣花蓮市國盛八街１０９號五樓之五,,,
2552,花蓮縣花蓮市國盛二街１１８號五樓之八,,,
2553,花蓮縣花蓮市國盛五街５２號三樓之一,,,
2554,花蓮縣花蓮市中山路７４號,,,
2555,花蓮縣花蓮市國富二街９５號三樓之三,,,
2556,花蓮縣花蓮市國富十三街１１０號,,,
2557,花蓮縣吉安鄉建國路一段１２１巷３９號六樓之一,,,
2558,花蓮縣吉安鄉中山路三段２６號,,,
2559,花蓮縣花蓮市德安二街６８巷２８號二樓,,,
2561,花蓮縣花蓮市中美一街３號六樓之二,,,
2562,花蓮縣吉安鄉東里九街２３號三樓之二,,,
2563,花蓮縣花蓮市中山路４５５巷２２號三樓之一,,,
2564,花蓮縣花蓮市建華路９１之７號,,,
2565,花蓮縣花蓮市國盛一街１６８號六樓之一,,,
2566,花蓮縣花蓮市福德三街２１號,,,
2567,花蓮縣吉安鄉慶豐九街１００號,,,
2568,花蓮縣花蓮市建昌路４０號,,,
2570,花蓮縣花蓮市榮正街７８巷１之３號四樓,,,
2571,花蓮縣花蓮市南京街２０３號十二樓之五,,,
2572,花蓮縣吉安鄉南海二街２２５號,,,
2573,花蓮縣吉安鄉昌隆二街１３９號,,,
2574,花蓮縣吉安鄉慶南一街１６３巷１號,,,
2575,花蓮縣吉安鄉建國路一段１２１巷３９號二樓之一,,,
2576,花蓮縣花蓮市府前路３５８巷１弄１１號,,,
2577,花蓮縣花蓮市林森路１９６號五樓之二,,,
2578,花蓮縣花蓮市國盛一街７６號二樓之一,,,
2579,花蓮縣吉安鄉中正路二段１８６巷２９號,,,
2580,花蓮縣吉安鄉文化四街２４號,,,
2583,花蓮縣花蓮市國富十七街５０之１號,,,
2586,花蓮縣花蓮市國富十街１９１號四樓之二,,,
2587,花蓮縣吉安鄉仁里十二街３５巷２號,,,
2588,花蓮縣吉安鄉華工六路６０巷４３號三樓之二,,,
2589,花蓮縣花蓮市中美十三街５６號六樓之五,,,
2590,花蓮縣花蓮市華興街２之５號,,,
2592,花蓮縣花蓮市民德一街１９１號,,,
2593,花蓮縣花蓮市富國路１０號,,,
2594,花蓮縣花蓮市自由街１５０號七樓之三,,,
2596,花蓮縣花蓮市林森路２４９巷６之１號,,,
2597,花蓮縣花蓮市中央路三段７３０號七樓之二十五,,,
2598,花蓮縣吉安鄉南海一街１２３巷３２號,,,
2599,花蓮縣花蓮市國盛一街１９０號三樓２號３號,,,
2600,花蓮縣吉安鄉吉祥十二街３５號二樓之三,,,
2603,花蓮縣花蓮市介林五街１１５號,,,
2605,花蓮縣花蓮市化道路５７號二樓之一,,,
2606,花蓮縣吉安鄉明義三街２１０巷１８號,,,
2607,花蓮縣花蓮市中美路１３１號,,,
2608,花蓮縣花蓮市國富二街９５號三樓之五,,,
2609,花蓮縣吉安鄉福昌三街２６８號,,,
2611,花蓮縣吉安鄉東海十四街２７號四樓之一,,,
2612,花蓮縣吉安鄉南海六街２０３巷４號,,,
2613,花蓮縣花蓮市國富十三街９號五樓之二,,,
2614,花蓮縣吉安鄉吉豐路一段１８號,,,
2615,花蓮縣花蓮市中美路２９９之１５號六樓,,,
2616,花蓮縣花蓮市和平路５４５巷８號,,,
2617,花蓮縣吉安鄉太昌路１３０巷１５號,,,
2618,花蓮縣花蓮市華德街１１巷８號,,,
2619,花蓮縣吉安鄉建國路二段２２１巷２３號,,,
2620,花蓮縣吉安鄉海濱８３號,,,
2621,花蓮縣花蓮市介林五街２４１號,,,
2622,花蓮縣花蓮市重慶路２０５巷３號,,,
2624,花蓮縣花蓮市國富十二街９巷１號,,,
2625,花蓮縣花蓮市國富一街２０之１號,,,
2627,花蓮縣花蓮市文光街７２號,,,
2628,花蓮縣花蓮市文光街７６號,,,
2630,花蓮縣吉安鄉北安街９８巷５１號,,,
2633,花蓮縣花蓮市民權六街２８之１號,,,
2634,花蓮縣花蓮市國富二街９５號三樓之一,,,
2635,花蓮縣花蓮市東興路２９７號五樓之一,,,
2636,花蓮縣花蓮市國民七街５３號七樓之五,,,
2637,花蓮縣花蓮市國盛五街６８號二樓之一,,,
2638,花蓮縣吉安鄉勝安二街３０巷９弄６０號,,,
2639,花蓮縣花蓮市莊敬路２８９號五樓之四,,,
2640,花蓮縣花蓮市中央路三段７３０號八樓之八,,,
2641,花蓮縣吉安鄉太昌路４６３巷２９號,,,
2642,花蓮縣花蓮市福建街１３６號,,,
2643,花蓮縣花蓮市中和街１６３號五樓之五,,,
2644,花蓮縣吉安鄉慈惠三街８３號,,,
2645,花蓮縣花蓮市國聯二路２１之９號,,,
2646,花蓮縣吉安鄉吉祥一街３５號十三樓之一,,,
2647,花蓮縣吉安鄉建國路二段２２１巷１９號,,,
2648,花蓮縣花蓮市富裕一街１３２號五樓之六,,,
2649,花蓮縣花蓮市國盛四街５３號五樓之三,,,
2650,花蓮縣花蓮市國富二街９５號四樓之二,,,
2651,花蓮縣花蓮市建國路一段６２巷２３號,,,
2652,花蓮縣花蓮市國富十七街１０號三樓之二,,,
2653,花蓮縣花蓮市國富十街１９１號七樓之六,,,
2654,花蓮縣花蓮市莊敬路２８９號四樓之二,,,
2655,花蓮縣花蓮市中興路４３巷１號七樓之三,,,
2656,花蓮縣吉安鄉仁里三街２５號,,,
2658,花蓮縣花蓮市菁華街４巷１弄２號一樓之二,,,
2659,花蓮縣花蓮市榮正街１２５巷１之２號,,,
2660,花蓮縣花蓮市豐村７之３號五樓之一,,,
2661,花蓮縣花蓮市榮正街５３號,,,
2662,花蓮縣花蓮市富陽路５２號四樓之二,,,
2663,花蓮縣吉安鄉吉興一街３４４巷５號四樓之二,,,
2664,花蓮縣吉安鄉廣豐一街９１號,,,
2666,花蓮縣花蓮市中原路３８８號,,,
2667,花蓮縣花蓮市中原路６０１號,,,
2668,花蓮縣吉安鄉明仁二街１７４巷２５號,,,
2669,花蓮縣吉安鄉中正路一段４號,,,
2670,花蓮縣花蓮市民德四街２之１２號九樓,,,
2671,花蓮縣花蓮市民享三街４６號六樓之三,,,
2672,花蓮縣吉安鄉勝安三街７巷２號,,,
2673,花蓮縣花蓮市中和街９４號,,,
2674,花蓮縣吉安鄉南華五街１８巷３號,,,
2675,花蓮縣花蓮市東興二街１２巷３７號,,,
2676,花蓮縣花蓮市南京街６１號,,,
2677,花蓮縣花蓮市建安街２６巷７號,,,
2678,花蓮縣吉安鄉東海十四街２７號六樓之三,,,
2680,花蓮縣花蓮市福光街３４７巷５３號,,,
2681,花蓮縣花蓮市民德一街２０１之２號,,,
2682,花蓮縣花蓮市化道路１３１巷１６號,,,
2683,花蓮縣吉安鄉慶豐十二街１６６巷２２號,,,
2684,花蓮縣花蓮市精美路３７號,,,
2685,花蓮縣花蓮市東興一街７９巷２２號五樓之一,,,
2686,花蓮縣吉安鄉吉祥一街３５號七樓之四,,,
2687,花蓮縣吉安鄉南埔十二街２號之３五樓之二,,,
2688,花蓮縣吉安鄉仁里九街６號,,,
2689,花蓮縣花蓮市精美路３７號,,,
2690,花蓮縣花蓮市中美十三街４２號八樓之一,,,
2691,花蓮縣吉安鄉慶南一街２２７號,,,
2692,花蓮縣吉安鄉中興路２１４巷１９號,,,
2693,花蓮縣花蓮市林森路２５７巷２８號,,,
2694,花蓮縣花蓮市文光街６４號,,,
2696,花蓮縣花蓮市中美路１１１號九樓之一,,,
2697,花蓮縣花蓮市林榮街１８號,,,
2698,花蓮縣花蓮市中興路４３巷３號十一樓之一,,,
2699,花蓮縣花蓮市中央路四段４５０號五樓之一,,,
2700,花蓮縣花蓮市介林二街２９號,,,
2702,花蓮縣吉安鄉文化十二街２之４號,,,
2703,花蓮縣花蓮市民享二街１４號,,,
2706,花蓮縣花蓮市國民七街５１號十樓之三,,,
2707,花蓮縣花蓮市中山路一段２０３巷７０之３號,,,
2709,花蓮縣吉安鄉南埔八街５２號之１三樓之三,,,
2710,花蓮縣花蓮市中山路３２６號,,,
2712,花蓮縣吉安鄉東里七街４７巷６號,,,
2713,花蓮縣吉安鄉東里十四街１９號,,,
2714,花蓮縣吉安鄉東里十五街４１之１號,,,
2715,花蓮縣花蓮市國富二街９５號四樓之一,,,
2716,花蓮縣花蓮市國富二街９５號三樓之二,,,
2717,花蓮縣花蓮市福建街４０６號六樓之七,,,
2718,花蓮縣吉安鄉南山二街５２巷１４之２號,,,
2719,花蓮縣吉安鄉中正路二段２４２之８號,,,
2720,花蓮縣花蓮市中福路７９號,,,
2721,花蓮縣吉安鄉勝安三街４３號,,,
2722,花蓮縣花蓮市球崙二路２１７號四樓之二,,,
2723,花蓮縣花蓮市中央路三段７３０號十一樓之二十一,,,
2724,花蓮縣花蓮市中華路３４７號,,,
2725,花蓮縣花蓮市中華路３４５號,,,
2726,花蓮縣吉安鄉東海十四街２７號五樓之三,,,
2727,花蓮縣吉安鄉明仁一街５１巷４６號,,,
2728,花蓮縣花蓮市中原路３６８巷１７號,,,
2729,花蓮縣花蓮市東興二街１５１號三樓之五,,,
2730,花蓮縣花蓮市國富二街９５號二樓之二,,,
2731,花蓮縣吉安鄉南埔八街１３５巷１２號,,,
2732,花蓮縣花蓮市民德四街２之２３號十一樓,,,
2733,花蓮縣花蓮市華廈街５５號,,,
2734,花蓮縣花蓮市德安二街６８巷２０號八樓,,,
2735,花蓮縣花蓮市新港街１１巷５號五樓之一,,,
2736,花蓮縣花蓮市中興路２３１號二樓之一,,,
2737,花蓮縣吉安鄉中正路二段１８６巷１９號三樓之三,,,
2738,花蓮縣吉安鄉吉興三街９１之１５號,,,
2739,花蓮縣花蓮市富裕十六街３７號三樓之五,,,
2740,花蓮縣吉安鄉永興六街２３巷５號,,,
2741,花蓮縣吉安鄉永興七街７號七樓之六,,,
2742,花蓮縣吉安鄉文化十二街１０２巷８號,,,
2743,花蓮縣花蓮市林森路２７３巷６７號,,,
2745,花蓮縣吉安鄉吉昌三街２４３巷１０號,,,
2746,花蓮縣花蓮市明禮路７１之７號,,,
2747,花蓮縣花蓮市綜合市場２８號,,,
2748,花蓮縣花蓮市國盛四街１１６號四樓之十九,,,
2750,花蓮縣花蓮市富裕十七街２５號五樓之九,,,
2751,花蓮縣花蓮市中正路３２１號,,,
2752,花蓮縣吉安鄉慶南一街２００號,,,
2754,花蓮縣吉安鄉吉慶街２１號,,,
2755,花蓮縣花蓮市國富二街９５號二樓之五,,,
2757,花蓮縣吉安鄉昌隆一街４號,,,
2758,花蓮縣吉安鄉東海十四街２７號四樓之三,,,
2759,花蓮縣吉安鄉廣豐一街８１號,,,
2761,花蓮縣吉安鄉東里十五街８８巷１４號,,,
2762,花蓮縣花蓮市中華路３１８號六樓之一,,,
2766,花蓮縣吉安鄉香源路２２號,,,
2767,花蓮縣花蓮市上海街８１號七樓之三,,,
2768,花蓮縣吉安鄉香源路２２號,,,
2769,花蓮縣花蓮市國富二街９５號四樓之三,,,
2770,花蓮縣吉安鄉慶豐十一街２９８號二樓之一,,,
2771,花蓮縣吉安鄉華城六街１５６號,,,
2772,花蓮縣花蓮市榮正街４０號,,,
2775,花蓮縣吉安鄉昌隆六街６號六樓之四,,,
2779,花蓮縣吉安鄉慈惠四街１７０巷５９號,,,
2781,花蓮縣花蓮市中華路３１８號六樓之三,,,
2784,花蓮縣花蓮市國富七街１１號,,,
2785,花蓮縣花蓮市中美一街３號四樓之二,,,
2786,花蓮縣花蓮市豐村９５之１６號,,,
2787,花蓮縣花蓮市豐村９５之１８號,,,
2788,花蓮縣花蓮市豐村９５之１９號,,,
2789,花蓮縣花蓮市進豐街１１３巷１弄１８號,,,
2790,花蓮縣吉安鄉東海十四街２７號二樓之三,,,
2791,花蓮縣花蓮市民權路７之７號,,,
2792,花蓮縣花蓮市東興一街７９巷２０號十二樓之二,,,
2793,花蓮縣吉安鄉光華六街１２５號,,,
2794,花蓮縣吉安鄉中原路一段８２號,,,
2795,花蓮縣吉安鄉東海十四街２７號二樓之二,,,
2796,花蓮縣吉安鄉南海十街１４３巷１弄７號,,,
2800,花蓮縣花蓮市建國路７５巷２８弄１８號,,,
2803,花蓮縣花蓮市中華路１８９之２號,,,
2805,花蓮縣花蓮市中原路６５８號七樓之三,,,
2806,花蓮縣花蓮市建安街１２巷６號,,,
2807,花蓮縣花蓮市德安二街６８巷４８號六樓,,,
2808,花蓮縣花蓮市大同街１１２之１號,,,
2809,花蓮縣花蓮市中華路３１８號七樓之三,,,
2810,花蓮縣花蓮市華安街８２號,,,
2811,花蓮縣花蓮市民德一街５１號八樓之二,,,
2812,花蓮縣花蓮市美工七街２號,,,
2814,花蓮縣花蓮市中華路３１８號八樓之三,,,
2815,花蓮縣花蓮市中華路３１８號二樓之一,,,
2816,花蓮縣吉安鄉廣豐一街８９號,,,
2817,花蓮縣花蓮市華安街７６號,,,
2818,花蓮縣吉安鄉東海十四街２７號五樓之一,,,
2819,花蓮縣花蓮市華安街７８號,,,
2820,花蓮縣花蓮市豐村９５之１７號,,,
2821,花蓮縣花蓮市中華路３１８號七樓之一,,,
2823,花蓮縣花蓮市中華路３１８號三樓之二,,,
2824,花蓮縣花蓮市中華路３１８號七樓之二,,,
2825,花蓮縣花蓮市中華路３１８號八樓之二,,,
2826,花蓮縣花蓮市中華路３１８號八樓之一,,,
2827,花蓮縣花蓮市華安街８６號,,,
2828,花蓮縣吉安鄉廣豐一街８３號,,,
2830,花蓮縣吉安鄉廣豐一街８５號,,,
2831,花蓮縣吉安鄉廣豐一街８７號,,,
2832,花蓮縣花蓮市豐村９５之２０號,,,
2833,花蓮縣花蓮市中和街１９０號七樓之三,,,
2834,花蓮縣花蓮市華安街８０號,,,
2836,花蓮縣花蓮市中和街１９０號二樓之一,,,
2837,花蓮縣花蓮市中和街１９０號六樓之三,,,
2838,花蓮縣花蓮市豐村９５之２１號,,,
2839,花蓮縣花蓮市中和街１９０號七樓之五,,,
2840,花蓮縣花蓮市中和街１９０號七樓之一,,,
2841,花蓮縣花蓮市中和街１９０號二樓之五,,,
2842,花蓮縣花蓮市中和街１９０號三樓之三,,,
2843,花蓮縣花蓮市中和街１９０號七樓之二,,,
2844,花蓮縣花蓮市中和街１９０號二樓之二,,,
2845,花蓮縣花蓮市中和街１９０號五樓之三,,,
2846,花蓮縣花蓮市中原路６５８號十二樓之三,,,
2847,花蓮縣花蓮市中和街１９０號三樓之一,,,
2848,花蓮縣花蓮市中和街１９０號三樓之二,,,
2849,花蓮縣花蓮市中和街１９０號三樓之五,,,
2850,花蓮縣花蓮市中和街１９０號六樓之五,,,
2851,花蓮縣花蓮市中和街１９０號四樓之二,,,
2852,花蓮縣花蓮市中原路６５８號十二樓之一,,,
2853,花蓮縣花蓮市中原路６５８號十二樓之五,,,
2854,花蓮縣花蓮市富裕一街１６９號七樓之五,,,
2855,花蓮縣花蓮市富裕一街１６９號九樓之五,,,
2856,花蓮縣花蓮市富裕一街１６９號九樓之三,,,
2857,花蓮縣花蓮市中和街１９０號四樓之一,,,
2858,花蓮縣花蓮市中和街１９０號四樓之五,,,
2859,花蓮縣花蓮市中和街１９０號五樓之一,,,
2860,花蓮縣花蓮市中和街１９０號五樓之二,,,
2861,花蓮縣花蓮市中和街１９０號五樓之五,,,
2862,花蓮縣花蓮市中和街１９０號六樓之一,,,
2863,花蓮縣花蓮市中和街１９０號六樓之二,,,
2864,花蓮縣花蓮市中和街１９０號二樓之三,,,
2865,花蓮縣花蓮市中和街１９０號四樓之三,,,
2866,花蓮縣花蓮市中和街１９０號八樓之三,,,
2867,花蓮縣花蓮市中原路６５８號五樓之五,,,
2868,花蓮縣花蓮市中原路６５８號七樓之五,,,
2869,花蓮縣花蓮市中原路６５８號八樓之五,,,
2870,花蓮縣花蓮市中原路６５８號九樓之一,,,
2871,花蓮縣花蓮市中和街１９０號八樓之一,,,
2872,花蓮縣花蓮市中和街１９０號八樓之二,,,
2873,花蓮縣花蓮市中原路６５８號十一樓之二,,,
2874,花蓮縣花蓮市中原路６５８號四樓之三,,,
2875,花蓮縣吉安鄉吉祥一街３７號四樓之一,,,
2876,花蓮縣花蓮市中原路６５８號十樓之一,,,
2877,花蓮縣吉安鄉吉祥一街３７號三樓之二,,,
2878,花蓮縣花蓮市中原路６５８號九樓之二,,,
2879,花蓮縣花蓮市中原路６５８號二樓之一,,,
2880,花蓮縣吉安鄉吉祥一街３７號六樓之二,,,
2881,花蓮縣吉安鄉吉祥一街３７號六樓之一,,,
2882,花蓮縣花蓮市中原路６５８號三樓之一,,,
2883,花蓮縣花蓮市中原路６５８號十樓之二,,,
2884,花蓮縣花蓮市中原路６５８號九樓之五,,,
2885,花蓮縣花蓮市中原路６５８號四樓之一,,,
2886,花蓮縣花蓮市中原路６５８號四樓之五,,,
2887,花蓮縣花蓮市中原路６５８號十一樓之三,,,
2888,花蓮縣花蓮市中原路６５８號十一樓之五,,,
2889,花蓮縣吉安鄉吉祥一街３７號五樓之二,,,
2890,花蓮縣吉安鄉吉祥一街３７號三樓之一,,,
2891,花蓮縣吉安鄉吉祥一街３７號二樓之一,,,
2892,花蓮縣吉安鄉吉祥一街３７號四樓之二,,,
2893,花蓮縣吉安鄉吉祥一街３７號二樓之二,,,
2894,花蓮縣花蓮市中原路６５８號五樓之三,,,
2895,花蓮縣花蓮市中原路６５８號六樓之二,,,
2896,花蓮縣花蓮市中原路６５８號八樓之一,,,
2897,花蓮縣花蓮市中原路６５８號十樓之三,,,
2898,花蓮縣花蓮市中原路６５８號二樓之三,,,
2899,花蓮縣花蓮市中原路６５８號三樓之三,,,
2900,花蓮縣花蓮市中原路６５８號十樓之五,,,
2901,花蓮縣花蓮市中原路６５８號七樓之一,,,
2902,花蓮縣花蓮市中原路６５８號五樓之一,,,
2903,花蓮縣花蓮市中原路６５８號七樓之二,,,
2904,花蓮縣花蓮市中華路３１８號五樓之二,,,
2905,花蓮縣花蓮市中華路３１８號六樓之二,,,
2906,花蓮縣花蓮市中原路６５８號八樓之三,,,
2907,花蓮縣花蓮市中原路６５８號五樓之二,,,
2908,花蓮縣花蓮市中原路６５８號三樓之五,,,
2909,花蓮縣花蓮市中原路６５８號四樓之二,,,
2910,花蓮縣花蓮市中原路６５８號六樓之一,,,
2911,花蓮縣花蓮市中原路６５８號六樓之五,,,
2912,花蓮縣花蓮市中原路６５８號二樓之二,,,
2913,花蓮縣花蓮市中原路６５８號八樓之二,,,
2914,花蓮縣花蓮市中原路６５８號三樓之二,,,
2915,花蓮縣花蓮市中原路６５８號九樓之三,,,
2916,花蓮縣花蓮市富裕一街１６９號三樓之二,,,
2917,花蓮縣花蓮市富裕一街１６９號七樓之二,,,
2918,花蓮縣花蓮市富裕一街１６９號八樓之三,,,
2919,花蓮縣吉安鄉吉祥一街３５號十樓之四,,,
2920,花蓮縣吉安鄉南海二街２３１巷１弄１５號,,,
2923,花蓮縣吉安鄉北昌一街１５巷１１１之６號,,,
2924,花蓮縣花蓮市富陽路３８號十樓之三,,,
2927,花蓮縣花蓮市富裕八街２３號,,,
2928,花蓮縣吉安鄉東里四街７７巷５號,,,
2929,花蓮縣花蓮市民德一街５１號二樓之二,,,
2930,花蓮縣花蓮市中原路３１０號,,,
2931,花蓮縣吉安鄉慈惠二街１２４號五樓之四,,,
2932,花蓮縣吉安鄉南海一街１０９巷８號,,,
2934,花蓮縣花蓮市國民八街１０６號二樓之七,,,
2936,花蓮縣吉安鄉荳蘭五街１２號之５,,,
2937,花蓮縣吉安鄉南海五街２４９巷３號,,,
2938,花蓮縣吉安鄉南昌北路７６號二樓之二,,,
2939,花蓮縣花蓮市國興五街１２２號,,,
2941,花蓮縣花蓮市中山路二段８２號,,,
2943,花蓮縣吉安鄉南昌北路６８號四樓之二,,,
2944,花蓮縣花蓮市府前路５０８號七樓之一,,,
2945,花蓮縣花蓮市莊敬路３３０號,,,
2946,花蓮縣花蓮市國民七街５３號三樓之二十二,,,
2948,花蓮縣花蓮市中正路３３８號,,,
2949,花蓮縣花蓮市國民七街５３號九樓之九,,,
2950,花蓮縣花蓮市國聯五路１３１號四樓之六,,,
2951,花蓮縣吉安鄉明義六街１０１號,,,
2952,花蓮縣花蓮市國盛八街８９號四樓之十,,,
2953,花蓮縣花蓮市福建街３２５號五樓,,,
2954,花蓮縣花蓮市綜合市場３６號,,,
2960,花蓮縣花蓮市富裕一街１１８號,,,
2961,花蓮縣吉安鄉南海二街２１７號,,,
2963,花蓮縣花蓮市民生路２３號四樓之五,,,
2964,花蓮縣花蓮市民享十街６１號,,,
2965,花蓮縣花蓮市國盛一街２００之９號,,,
2966,花蓮縣花蓮市北昌三街１８巷１０之１號五樓,,,
2968,花蓮縣吉安鄉中山路三段７３４巷１７號四樓之一,,,
2969,花蓮縣吉安鄉中山路三段７３４巷１７號四樓之二,,,
2970,花蓮縣吉安鄉中山路三段７３４巷１７號五樓之二,,,
2971,花蓮縣花蓮市廣東街１８７巷９號,,,
2972,花蓮縣吉安鄉南海三街２００巷６號,,,
2973,花蓮縣花蓮市國盛四街５５號四樓之六,,,
2975,花蓮縣花蓮市南京街２０３號十二樓之七,,,
2977,花蓮縣花蓮市國風街２５號,,,
2978,花蓮縣吉安鄉吉安路六段７４５號,,,
2979,花蓮縣吉安鄉中正路二段１８６巷１９號七樓之三,,,
2981,花蓮縣花蓮市華興街３３號四樓之二,,,
2982,花蓮縣花蓮市國盛二街６３號四樓之三,,,
2983,花蓮縣花蓮市建林街５５號,,,
2984,花蓮縣吉安鄉廣豐二街２２６號,,,
2985,花蓮縣吉安鄉稻香五街３１號,,,
2986,花蓮縣花蓮市華廈街５號,,,
2987,花蓮縣花蓮市德安二街５５號,,,
2988,花蓮縣花蓮市成功街４５號二樓之二,,,
2989,花蓮縣花蓮市美工路５７號,,,
2990,花蓮縣吉安鄉南山四街１８號,,,
2992,花蓮縣花蓮市民權路１８９之９號,,,
2993,花蓮縣吉安鄉中山路三段７３４巷１７號五樓之一,,,
2994,花蓮縣花蓮市和平路３６２號八樓之七,,,
2995,花蓮縣花蓮市中興路１４５巷２號,,,
2996,花蓮縣花蓮市民孝街３２號,,,
2998,花蓮縣花蓮市中興路２號二樓之一,,,
2999,花蓮縣花蓮市建興街１３７巷１５弄２０號,,,
3001,花蓮縣花蓮市福建街２７４號,,,
3003,花蓮縣花蓮市國盛五街５２號三樓之二,,,
3004,花蓮縣花蓮市東興二街３５號八樓之三,,,
3005,花蓮縣吉安鄉永吉一街５５號二樓之五,,,
3006,花蓮縣花蓮市中正路１５３巷３７號,,,
3007,花蓮縣吉安鄉南海三街３９號,,,
3008,花蓮縣吉安鄉南埔八街２１５巷１５號,,,
3009,花蓮縣花蓮市國盛一街１９０號三樓之九,,,
3010,花蓮縣吉安鄉吉祥四街４１號四樓之六,,,
3012,花蓮縣花蓮市華興街１２０巷１１之２號,,,
3017,花蓮縣花蓮市中正路２８巷１弄５號,,,
3018,花蓮縣花蓮市中正路２８巷１弄６號,,,
3019,花蓮縣花蓮市富裕五街８８號五樓之三,,,
3020,花蓮縣吉安鄉華城六街１９７號,,,
3022,花蓮縣花蓮市球崙二路２１７號五樓之八,,,
3023,花蓮縣吉安鄉東海十街９８號,,,
3024,花蓮縣吉安鄉慶豐一街５號,,,
3025,花蓮縣吉安鄉建國路二段２７５之５號,,,
3026,花蓮縣花蓮市豐村９０號,,,
3027,花蓮縣花蓮市福建街２６巷２８號,,,
3029,花蓮縣吉安鄉吉昌二街１９３巷２之１號,,,
3030,花蓮縣花蓮市豐村９０之３號,,,
3031,花蓮縣花蓮市富裕五街７９號,,,
3032,花蓮縣花蓮市國興六街２２之２號,,,
3034,花蓮縣吉安鄉慶北一街１６７號六樓之二,,,
3035,花蓮縣花蓮市中美路１７６號五樓之六,,,
3036,花蓮縣花蓮市國聯五路３號六樓之十一,,,
3037,花蓮縣花蓮市國興一街９５號二樓之二,,,
3038,花蓮縣花蓮市東興一街７號,,,
3040,花蓮縣吉安鄉明義五街３４巷８號,,,
3042,花蓮縣花蓮市中山路４１１巷１２弄８號,,,
3043,花蓮縣花蓮市富裕三街５２號二樓之九,,,
3044,花蓮縣吉安鄉中興路３２５巷１號,,,
3045,花蓮縣吉安鄉東海十五街１０９號,,,
3047,花蓮縣吉安鄉昌隆三街７２號七樓之一,,,
3048,花蓮縣花蓮市豐村９０之５號,,,
3050,花蓮縣花蓮市國富十一街２９號,,,
3051,花蓮縣吉安鄉仁里三街１７巷１２號,,,
3052,花蓮縣吉安鄉舊村六街１３２號,,,
3053,花蓮縣吉安鄉太昌路６０６巷６號,,,
3054,花蓮縣花蓮市中央路三段６５０號,,,
3056,花蓮縣吉安鄉全民街１０１號四樓,,,
3057,花蓮縣花蓮市南京街１９１號四樓之十一,,,
3059,花蓮縣花蓮市榮正街２０４巷６號,,,
3061,花蓮縣花蓮市莊敬路２４５巷１號,,,
3063,花蓮縣花蓮市國富二十街２５號,,,
3064,花蓮縣花蓮市博愛街２２３之１號,,,
3066,花蓮縣花蓮市南京街２０３號三樓之十六,,,
3068,花蓮縣花蓮市自立路８９巷６５弄４號,,,
3069,花蓮縣花蓮市國聯四路５２之６號,,,
3070,花蓮縣花蓮市自強路５２７巷１１號,,,
3071,花蓮縣花蓮市海濱街２０號,,,
3072,花蓮縣吉安鄉建國路３３８號,,,
3073,花蓮縣花蓮市福建街４０６號七樓之七,,,
3074,花蓮縣花蓮市中美九街２號三樓之六,,,
3075,花蓮縣吉安鄉慶豐九街２８３號五樓之二,,,
3076,花蓮縣花蓮市中和街２１７號八樓之二,,,
3077,花蓮縣花蓮市北昌五街５２號七樓之三,,,
3078,花蓮縣花蓮市長安街２７號十五樓之六,,,
3079,花蓮縣吉安鄉東海五街１號六樓之一,,,
3081,花蓮縣花蓮市球崙二路２１３號,,,
3082,花蓮縣花蓮市國興三街７９號四樓之二,,,
3083,花蓮縣吉安鄉全民街１３１號三樓,,,
3084,花蓮縣花蓮市化道路１３１巷５號,,,
3085,花蓮縣花蓮市化道路１０１巷１２號,,,
3086,花蓮縣花蓮市豐村２１之４６號二樓之一,,,
3088,花蓮縣花蓮市中央路三段７３０號六樓之五,,,
3089,花蓮縣吉安鄉慶豐十二街１６６巷２７弄６號,,,
3091,花蓮縣吉安鄉文化五街６７號二樓,,,
3096,花蓮縣花蓮市建昌路３８號四樓之一,,,
3097,花蓮縣花蓮市國富二十一街２２號二樓之五,,,
3098,花蓮縣花蓮市建安街６１巷２２號,,,
3101,花蓮縣花蓮市民族路１號九樓之十,,,
3103,花蓮縣花蓮市化道路１３１巷３號,,,
3105,花蓮縣花蓮市民享八街１３號,,,
3106,花蓮縣花蓮市德安二街１１１號,,,
3107,花蓮縣花蓮市中美五街１２２巷８號三樓,,,
3108,花蓮縣花蓮市華泰街７號三樓,,,
3109,花蓮縣花蓮市中央路四段４５０號五樓之二,,,
3111,花蓮縣吉安鄉南埔十二街２４號,,,
3113,花蓮縣花蓮市北昌三街１８巷２０號三樓之五,,,
3114,花蓮縣花蓮市壽昌街２９巷３０號三樓之二,,,
3115,花蓮縣花蓮市華廈街４０號五樓之五,,,
3116,花蓮縣吉安鄉昌隆七街３３號,,,
3117,花蓮縣花蓮市國聯五路１２９號四樓之四,,,
3118,花蓮縣花蓮市國民七街５３號五樓之六,,,
3119,花蓮縣吉安鄉永興七街７號五樓之一,,,
3120,花蓮縣吉安鄉永興七街７號七樓之三,,,
3121,花蓮縣吉安鄉永興七街７號七樓之六,,,
3122,花蓮縣吉安鄉永興七街９號二樓之一,,,
3123,花蓮縣吉安鄉永興七街９號四樓之二,,,
3124,花蓮縣吉安鄉永興七街７號三樓之一,,,
3125,花蓮縣吉安鄉永興七街７號三樓之五,,,
3126,花蓮縣吉安鄉慶豐九街２８３號三樓之二,,,
3127,花蓮縣吉安鄉慈惠四街８５巷２０號,,,
3128,花蓮縣花蓮市豐村６１之５號,,,
3129,花蓮縣吉安鄉永興七街９號六樓之六,,,
3131,花蓮縣吉安鄉永興七街７號二樓之五,,,
3132,花蓮縣吉安鄉永興七街９號二樓之六,,,
3133,花蓮縣吉安鄉永興七街７號二樓之一,,,
3134,花蓮縣吉安鄉永興七街７號五樓之三,,,
3135,花蓮縣吉安鄉永興七街７號三樓之二,,,
3136,花蓮縣吉安鄉永興七街７號四樓之一,,,
3138,花蓮縣花蓮市國盛三街４６號,,,
3139,花蓮縣花蓮市國盛二街１１８號五樓之八,,,
3140,花蓮縣吉安鄉東海十街６０之１號二樓之二,,,
3142,花蓮縣花蓮市華廈街２０號五樓之二,,,
3145,花蓮縣花蓮市自立路１６號,,,
3147,花蓮縣花蓮市介林二街１０號,,,
3149,花蓮縣花蓮市明禮路３０號,,,
3151,花蓮縣吉安鄉仁里四街１４號,,,
3152,花蓮縣吉安鄉南埔十五街３１巷２０號,,,
3154,花蓮縣花蓮市自強路５０７巷５號五樓,,,
3155,花蓮縣花蓮市商校街５０號二樓,,,
3156,花蓮縣花蓮市中央路三段７３０號十樓之三,,,
3158,花蓮縣吉安鄉永興一街２０１號,,,
3159,花蓮縣花蓮市永興路３之２號,,,
3160,花蓮縣花蓮市中福路１１１號,,,
3161,花蓮縣花蓮市中美路９３巷１６號,,,
3162,花蓮縣花蓮市中美三街２３巷８號五樓,,,
3163,花蓮縣花蓮市德安六街１０２號八樓之二,,,
3164,花蓮縣花蓮市國盛四街５１號五樓之三,,,
3165,花蓮縣花蓮市府前路３８２號,,,
3167,花蓮縣花蓮市球崙二路５２巷１３號,,,
3168,花蓮縣吉安鄉南山四街１１號,,,
3169,花蓮縣花蓮市建中街１３巷５號五樓,,,
3170,花蓮縣花蓮市府前路１５６號二樓之一,,,
3171,花蓮縣花蓮市國盛一街１４１之３號,,,
3172,花蓮縣花蓮市民德四街９號七樓之三,,,
3173,花蓮縣花蓮市中原路５３３巷３２之１２號五樓之三,,,
3174,花蓮縣花蓮市中原路５３３巷３２之１２號四樓之ㄧ,,,
3175,花蓮縣花蓮市中興路６號八樓之二,,,
3176,花蓮縣花蓮市榮正街１８６巷９號,,,
3177,花蓮縣吉安鄉永興七街７號四樓之六,,,
3178,花蓮縣吉安鄉舊村六街６９號,,,
3179,花蓮縣花蓮市中原路５３３巷３２之１２號二樓之一,,,
3180,花蓮縣吉安鄉廣賢一街２０６巷３６號五樓之一,,,
3181,花蓮縣花蓮市國民八街６３號四樓之六,,,
3182,花蓮縣花蓮市民德二街８號,,,
3184,花蓮縣花蓮市南京街１８７號,,,
3185,花蓮縣花蓮市博愛街１７８之１０號,,,
3186,花蓮縣吉安鄉東里四街７７巷２４號,,,
3187,花蓮縣花蓮市豐村１１７之５６號,,,
3188,花蓮縣花蓮市國民八街６０號,,,
3189,花蓮縣花蓮市自強路５９４巷７號之５,,,
3190,花蓮縣花蓮市府前路２９６巷１５號四樓之六,,,
3191,花蓮縣花蓮市福建街４０６號六樓之一,,,
3192,花蓮縣花蓮市府前路５０６之１號二樓,,,
3193,花蓮縣花蓮市國富十三街３９號,,,
3195,花蓮縣花蓮市德安六街１０５巷１號八樓之一,,,
3196,花蓮縣吉安鄉吉昌二街１９４巷３６號,,,
3197,花蓮縣花蓮市國富十二街１６號二樓之三,,,
3199,花蓮縣吉安鄉南海一街１０９巷３２號,,,
3201,花蓮縣花蓮市國聯四路５２之２４號,,,
3202,花蓮縣吉安鄉民治路３３６巷２７號,,,
3203,花蓮縣花蓮市富裕六街１８號四樓之一,,,
3206,花蓮縣花蓮市中央路三段７２０巷５號八樓之七,,,
3207,花蓮縣花蓮市重慶路４８６號九樓之六,,,
3208,花蓮縣吉安鄉東海五街１號二樓之二,,,
3209,花蓮縣吉安鄉東海十街１３４號,,,
3210,花蓮縣花蓮市中原路５３３巷３２之１２號三樓之一,,,
3211,花蓮縣花蓮市府前路２９６巷１５號六樓之二,,,
3212,花蓮縣吉安鄉南華四街１２５巷１６號二樓之二,,,
3213,花蓮縣花蓮市富安路１４７號七樓之三,,,
3214,花蓮縣吉安鄉慈惠四街２３６巷２６號,,,
3215,花蓮縣花蓮市中原路５３３巷３２之１２號三樓之二,,,
3216,花蓮縣花蓮市德安六街１０５巷２號九樓之三,,,
3217,花蓮縣花蓮市自立路１４０號三樓,,,
3218,花蓮縣花蓮市上海街８１號七樓之五,,,
3219,花蓮縣花蓮市中原路５３３巷３２之１２號五樓之一,,,
3220,花蓮縣花蓮市中原路５３３巷３２之１２號三樓之三,,,
3221,花蓮縣花蓮市國盛四街５１號六樓之二十一,,,
3222,花蓮縣花蓮市民德一街６３號二樓之二,,,
3223,花蓮縣花蓮市南京街１７０、１７２號,,,
3224,花蓮縣吉安鄉慶豐十街１２６巷１４號,,,
3225,花蓮縣花蓮市國盛一街１８０之９號二樓,,,
3226,花蓮縣花蓮市國盛一街６６巷４之１４號,,,
3227,花蓮縣花蓮市福建街３２３號四樓,,,
3228,花蓮縣花蓮市國民七街５３號五樓之七,,,
3229,花蓮縣花蓮市中央路四段２８８巷５弄１０號,,,
3230,花蓮縣花蓮市睦和街１１號,,,
3231,花蓮縣吉安鄉仁光９９號,,,
3232,花蓮縣吉安鄉慶北三街５７０號,,,
3233,花蓮縣花蓮市德安二街６８巷１２號二樓,,,
3234,花蓮縣花蓮市國聯二路７１號六樓之六,,,
3235,花蓮縣吉安鄉慈惠六街７號,,,
3236,花蓮縣吉安鄉海岸路５６６號,,,
3237,花蓮縣花蓮市國聯二路７１號六樓之五,,,
3238,花蓮縣吉安鄉慶豐四街１４５號,,,
3240,花蓮縣花蓮市府前路２９６巷２６號,,,
3241,花蓮縣花蓮市商校街１９５號四樓之三,,,
3242,花蓮縣吉安鄉中山路三段７３４巷１７號一樓之二,,,
3243,花蓮縣吉安鄉中山路三段７３４巷１７號二樓之二,,,
3244,花蓮縣吉安鄉中山路三段７３４巷１７號三樓之一,,,
3245,花蓮縣花蓮市民權九街４９號三樓之二,,,
3246,花蓮縣吉安鄉民治路２６０號,,,
3247,花蓮縣花蓮市莊敬路１５８之１號四樓之七,,,
3248,花蓮縣花蓮市國興四街２６號四樓之一,,,
3249,花蓮縣吉安鄉中山路三段７３４巷１７號三樓之二,,,
3250,花蓮縣花蓮市中原路５３３巷３２之１２號四樓之二,,,
3251,花蓮縣花蓮市中原路５３３巷３２之１２號二樓之三,,,
3252,花蓮縣花蓮市國聯五路１２９號五樓之三,,,
3253,花蓮縣花蓮市仁愛街３巷５號,,,
3254,花蓮縣花蓮市新港街１１巷１５號三樓之二,,,
3255,花蓮縣花蓮市廣東街１７９號,,,
3256,花蓮縣花蓮市建林街４５之２號,,,
3257,花蓮縣吉安鄉南埔八街９４巷１９號,,,
3258,花蓮縣花蓮市民德四街２之２５號十一樓,,,
3259,花蓮縣花蓮市富裕五街３０號三樓之五號,,,
3260,花蓮縣花蓮市介林九街３號,,,
3261,花蓮縣吉安鄉明太街１號,,,
3265,花蓮縣花蓮市南京街２０３號七樓之十一,,,
3266,花蓮縣花蓮市國盛四街５３號七樓之五,,,
3267,花蓮縣花蓮市建林街５１號,,,
3268,花蓮縣花蓮市長春街１１巷６號,,,
3269,花蓮縣吉安鄉自強路２９號,,,
3271,花蓮縣花蓮市鎮國街６６巷９號,,,
3272,花蓮縣吉安鄉中山路三段７３４巷１７號一樓之一,,,
3273,花蓮縣花蓮市中華路１８２之２號,,,
3274,花蓮縣吉安鄉中山路三段７３４巷１７號二樓之一,,,
3275,花蓮縣花蓮市德安二街１６１號,,,
3276,花蓮縣花蓮市中興路４３巷６號四樓之八,,,
3277,花蓮縣花蓮市國民十二街２８號,,,
3278,花蓮縣花蓮市中美十三街５２號一樓之一,,,
3279,花蓮縣吉安鄉廣豐路４９號,,,
3280,花蓮縣花蓮市德安三街１３號三樓之三,,,
3281,花蓮縣花蓮市國聯五路１２９號五樓之五,,,
3282,花蓮縣花蓮市北昌一街９７巷１０號,,,
3284,花蓮縣吉安鄉東海六街１２４號,,,
3285,花蓮縣吉安鄉東海二街１３號,,,
3286,花蓮縣吉安鄉海岸路２７７號,,,
3287,花蓮縣花蓮市建國路二段２６８巷７號,,,
3289,花蓮縣花蓮市建國路二段２６８巷５號,,,
3290,花蓮縣花蓮市北昌四街５８巷７弄３號,,,
3291,花蓮縣花蓮市國盛四街５１號三樓之二十三,,,
3292,花蓮縣花蓮市中原路５３３巷３２之１２號五樓之二,,,
3295,花蓮縣花蓮市北昌三街５４巷１０之５號,,,
3296,花蓮縣花蓮市國盛四街６５號二樓之二,,,
3298,花蓮縣花蓮市鎮國街６３號,,,
3301,花蓮縣吉安鄉稻香路４９號,,,
3302,花蓮縣花蓮市莊敬路２４５巷２９號,,,
3304,花蓮縣花蓮市豐村９０之１號,,,
3305,花蓮縣花蓮市民生路２３號三樓之五,,,
3306,花蓮縣花蓮市國聯二路７１號六樓之七,,,
3307,花蓮縣花蓮市中強街１１２號,,,
3310,花蓮縣花蓮市豐村１２９之１０號,,,
3311,花蓮縣花蓮市建興街１３７巷９號,,,
3312,花蓮縣花蓮市重慶路４８６號十一樓之六,,,
3313,花蓮縣吉安鄉吉安路一段１６０巷２３弄２號,,,
3315,花蓮縣花蓮市建國路二段４７２巷９號,,,
3316,花蓮縣花蓮市中正路１６８巷３號,,,
3317,花蓮縣花蓮市中美三街２１巷７號五樓,,,
3318,花蓮縣花蓮市中興路１２之１號四樓之二,,,
3319,花蓮縣花蓮市中興路１２之１號四樓之一,,,
3320,花蓮縣花蓮市球崙一路２２５號三樓,,,
3322,花蓮縣吉安鄉海濱９３之５號,,,
3323,花蓮縣吉安鄉太昌路４１０之２號,,,
3324,花蓮縣吉安鄉福興五街４３０之６號,,,
3325,花蓮縣吉安鄉南埔四街１１４巷１２弄６號,,,
3326,花蓮縣吉安鄉中興路２１４巷２５號,,,
3327,花蓮縣吉安鄉中興路２１４巷２３號,,,
3328,花蓮縣吉安鄉中興路２１４巷２１號,,,
3329,花蓮縣花蓮市仁愛街３５號,,,
3330,花蓮縣花蓮市國盛四街５１號八樓之八,,,
3331,花蓮縣吉安鄉海岸路２８１號,,,
3336,花蓮縣花蓮市和平路５５１號五樓,,,
3337,花蓮縣花蓮市國民九街８４號,,,
3338,花蓮縣吉安鄉南埔十六街５７號,,,
3339,花蓮縣花蓮市中和街２１３號十樓之一,,,
3340,花蓮縣花蓮市中興路６號六樓之五,,,
3341,花蓮縣花蓮市長安街２６號四樓之六,,,
3342,花蓮縣花蓮市中興路２３１號六樓之五,,,
3343,花蓮縣花蓮市國民七街５１號十二樓之二十二,,,
3344,花蓮縣吉安鄉南埔二街１５號二樓,,,
3345,花蓮縣吉安鄉南海二街１９３巷５號,,,
3346,花蓮縣花蓮市中山路７９１巷２號,,,
3347,花蓮縣花蓮市中央路三段６９２號,,,
3348,花蓮縣花蓮市中興路３２號九樓之五,,,
3349,花蓮縣吉安鄉太昌路５８４巷１１號,,,
3350,花蓮縣吉安鄉明仁二街１７５巷４號,,,
3351,花蓮縣花蓮市富裕五街３５號三樓之一,,,
3353,花蓮縣花蓮市富裕十街１２巷３號,,,
3354,花蓮縣花蓮市中正路４３４巷３號,,,
3355,花蓮縣花蓮市國盛八街１２１號五樓之二,,,
3356,花蓮縣吉安鄉廣賢一街２３９巷１弄３號,,,
3357,花蓮縣吉安鄉昌隆三街７７號五樓,,,
3358,花蓮縣花蓮市國民五街５３之３號,,,
3359,花蓮縣花蓮市軒轅路２號二樓２號,,,
3360,花蓮縣花蓮市北昌四街３３號六樓之一,,,
3362,花蓮縣吉安鄉慶北二街３９８號四樓,,,
3363,花蓮縣吉安鄉慶北二街３９８號二樓,,,
3364,花蓮縣吉安鄉慶北二街３９８號三樓,,,
3365,花蓮縣花蓮市中興路３２號十一樓之一,,,
3366,花蓮縣花蓮市華德街５之２號,,,
3367,花蓮縣花蓮市府前路１５６號六樓之三,,,
3368,花蓮縣花蓮市建昌路１１５號,,,
3369,花蓮縣花蓮市東興一街８０號五樓之一,,,
3370,花蓮縣吉安鄉廣賢一街２０６巷３６號四樓之七,,,
3371,花蓮縣花蓮市化道路８９巷２６號六樓之一,,,
3372,花蓮縣花蓮市國富二十一街１６號六樓之五,,,
3373,花蓮縣花蓮市介林五街１２２號,,,
3374,花蓮縣花蓮市民享一街６０號,,,
3375,花蓮縣吉安鄉福興三街８號,,,
3376,花蓮縣花蓮市國盛四街５３號六樓之二,,,
3377,花蓮縣花蓮市建和街２５巷３０弄９號,,,
3378,花蓮縣花蓮市長安街２６號十二樓之八,,,
3379,花蓮縣花蓮市國富十三街９號五樓之一,,,
3380,花蓮縣花蓮市中美十三街５６號四樓之二,,,
3382,花蓮縣花蓮市國富十三街９號四樓之七,,,
3383,花蓮縣吉安鄉中山路一段２２２號七樓之五,,,
3384,花蓮縣花蓮市商校街１６７號,,,
3385,花蓮縣花蓮市國富二街１６４號,,,
3386,花蓮縣吉安鄉文化二街６６號七樓,,,
3387,花蓮縣花蓮市豐村１１７之２６號,,,
3388,花蓮縣吉安鄉南昌北路７６號七樓之二,,,
3389,花蓮縣花蓮市介林五街３１８號,,,
3390,花蓮縣花蓮市中美三街６６號四樓之三,,,
3391,花蓮縣吉安鄉吉祥四街４１號五樓之二,,,
3392,花蓮縣吉安鄉文化二街６６號四樓之一,,,
3393,花蓮縣吉安鄉東里三街２９號,,,
3395,花蓮縣花蓮市豐村１３３之１０號,,,
3396,花蓮縣花蓮市中央路三段７３０號八樓之二十,,,
3397,花蓮縣吉安鄉文化五街５７號,,,
3398,花蓮縣花蓮市民光４１０之１１號,,,
3399,花蓮縣花蓮市民享三街１２號,,,
3400,花蓮縣花蓮市中興路１４５巷２號,,,
3401,花蓮縣吉安鄉東里十五街７６巷１５號,,,
3402,花蓮縣吉安鄉慶北一街１６７號七樓之二,,,
3403,花蓮縣花蓮市福光街３４７巷６０號,,,
3404,花蓮縣花蓮市國民六街４３巷１號,,,
3405,花蓮縣花蓮市上海街２０６號,,,
3406,花蓮縣花蓮市建德街１３號,,,
3407,花蓮縣花蓮市中美路１２１號,,,
3408,花蓮縣花蓮市國盛四街５３號三樓之九,,,
3409,花蓮縣吉安鄉東里七街７０巷４號,,,
3410,花蓮縣花蓮市國聯二路７９號,,,
3411,花蓮縣花蓮市富陽路３８號八樓之五,,,
3412,花蓮縣吉安鄉南海十街１４３巷１弄１３號,,,
3413,花蓮縣花蓮市中華路４１６巷１弄５號,,,
3414,花蓮縣花蓮市國富十二街１５號,,,
3415,花蓮縣花蓮市重慶路８７號,,,
3417,花蓮縣花蓮市中美十三街５８號及地下室,,,
3418,花蓮縣花蓮市豐村９０之６號,,,
3419,花蓮縣花蓮市裕祥路１６５號,,,
3420,花蓮縣吉安鄉南海六街３０９巷３３號,,,
3421,花蓮縣吉安鄉廣賢一街２０６巷３６號五樓之三,,,
3422,花蓮縣花蓮市球崙二路２１７號二樓之二,,,
3424,花蓮縣花蓮市長春街２８號,,,
3425,花蓮縣花蓮市中央路三段５６２號,,,
3426,花蓮縣花蓮市明心街２３號七樓之三,,,
3427,花蓮縣花蓮市水源街５５巷６號,,,
3428,花蓮縣花蓮市綜合市場１６號,,,
3429,花蓮縣花蓮市府前路３９６號,,,
3431,花蓮縣花蓮市民樂三街２之１號十三樓之一,,,
3433,花蓮縣花蓮市和平路３５６號,,,
3434,花蓮縣花蓮市長安街２７號十三樓之一,,,
3435,花蓮縣花蓮市富裕十六街５號,,,
3436,花蓮縣吉安鄉全民街１４５號五樓,,,
3438,花蓮縣吉安鄉建國路二段１８５巷１號,,,
3439,花蓮縣花蓮市建國路二段２８０號,,,
3441,花蓮縣花蓮市南京街８２巷２弄７號,,,
3442,花蓮縣花蓮市國興一街８７之１號,,,
3443,花蓮縣花蓮市進豐街１１３巷１弄２６號,,,
3444,花蓮縣花蓮市林森路３１５巷７３號,,,
3445,花蓮縣花蓮市富吉路２９號,,,
3451,花蓮縣花蓮市大同街９８巷３號,,,
3452,花蓮縣花蓮市北昌一街９７巷２７號三樓,,,
3453,花蓮縣吉安鄉廣豐三街１１０號,,,
3454,花蓮縣花蓮市民權六街２８之１６號,,,
3455,花蓮縣花蓮市德安四街２號三樓,,,
3456,花蓮縣吉安鄉南昌北路６６號四樓之三,,,
3457,花蓮縣花蓮市復興街３３之９號,,,
3458,花蓮縣花蓮市忠義三街６之１４號,,,
3459,花蓮縣花蓮市豐村１２９之５號,,,
3460,花蓮縣吉安鄉全民街６７號三樓,,,
3462,花蓮縣花蓮市中和街２１４巷１２號,,,
3464,花蓮縣花蓮市國興一街９５號四樓之七,,,
3465,花蓮縣吉安鄉吉興三街９９巷２０弄１５號,,,
3466,花蓮縣花蓮市民權九街８號,,,
3467,花蓮縣花蓮市中央路三段７２０巷５號七樓之一,,,
3468,花蓮縣花蓮市廣東街１７９號,,,
3470,花蓮縣花蓮市德安三街１３號五樓之五,,,
3471,花蓮縣花蓮市東興路２９３號二樓之二,,,
3472,花蓮縣花蓮市府前路１５６號六樓之七,,,
3473,花蓮縣吉安鄉海岸路２５３號,,,
3474,花蓮縣吉安鄉仁里五街２１８巷７號,,,
3476,花蓮縣花蓮市中美三街２３巷２０號三樓,,,
3477,花蓮縣花蓮市民權九街２８巷６號五樓,,,
3478,花蓮縣花蓮市中美路２７５之２１號,,,
3480,花蓮縣吉安鄉太昌路１２２巷６號,,,
3482,花蓮縣花蓮市成功街４１號六樓之三,,,
3484,花蓮縣花蓮市長安街２７號十三樓之二,,,
3485,花蓮縣花蓮市中興路３２號十二樓之一,,,
3487,花蓮縣吉安鄉全民街１０１號五樓,,,
3488,花蓮縣花蓮市國興三街１２號,,,
3490,花蓮縣吉安鄉仁里六街７９號,,,
3492,花蓮縣花蓮市沙基拉雅街３９巷３０弄７３號,,,
3493,花蓮縣花蓮市國民八街１０６號五樓之三,,,
3494,花蓮縣花蓮市中正路１８４巷１７號,,,
3495,花蓮縣花蓮市國聯五路２之３號,,,
3496,花蓮縣花蓮市東興二街１８巷３號,,,
3498,花蓮縣吉安鄉東海十四街２９號,,,
3499,花蓮縣花蓮市國民八街６３號七樓之八,,,
3502,花蓮縣花蓮市延平街４６之１號,,,
3503,花蓮縣花蓮市福建街４０６號五樓之一,,,
3505,花蓮縣花蓮市自立路７５號,,,
3506,花蓮縣吉安鄉永興三街８號一樓之二,,,
3507,花蓮縣吉安鄉舊村六街１５６巷２６號,,,
3508,花蓮縣花蓮市成功街８３巷１０號,,,
3509,花蓮縣花蓮市德安六街１０５巷２號八樓之二,,,
3513,花蓮縣花蓮市和平路６１７號,,,
3514,花蓮縣花蓮市建昌路９５號,,,
3517,花蓮縣花蓮市信義街１８之１２號,,,
3518,花蓮縣花蓮市球崙二路９６巷３號,,,
3519,花蓮縣花蓮市富陽路９８號,,,
3521,花蓮縣花蓮市介林四街３９號,,,
3528,花蓮縣花蓮市光復街９１之１號,,,
3529,花蓮縣吉安鄉明仁三街２６５巷３號,,,
3531,花蓮縣花蓮市中正路１６９巷５８號,,,
3533,花蓮縣吉安鄉永興三街１２號,,,
3536,花蓮縣吉安鄉文化二街６６號五樓之三,,,
3537,花蓮縣花蓮市國盛一街１９２號,,,
3539,花蓮縣吉安鄉南昌路１１５號五樓之五,,,
3540,花蓮縣花蓮市豐村１３３之８號,,,
3541,花蓮縣花蓮市中正路３５號,,,
3543,花蓮縣花蓮市建林街１７７巷１６弄１號,,,
3544,花蓮縣花蓮市建林街１７７巷１６弄１號三樓,,,
3546,花蓮縣花蓮市林園二街３５號,,,
3548,花蓮縣花蓮市建興街１１０巷３弄１號,,,
3550,花蓮縣花蓮市大同街７５巷６號,,,
3551,花蓮縣花蓮市中美五街６５巷１０號,,,
3552,花蓮縣吉安鄉華南二路５號,,,
3553,花蓮縣花蓮市中央路三段７３０號十一樓之二,,,
3555,花蓮縣花蓮市國民七街５１號十二樓之十二,,,
3557,花蓮縣花蓮市建林街１７７巷１６弄１號二樓,,,
3558,花蓮縣花蓮市中正路３１號,,,
3559,花蓮縣花蓮市中山路７９１巷１０號,,,
3562,花蓮縣花蓮市中和街１６３號五樓之二,,,
3564,花蓮縣吉安鄉慶北一街２０１之１號,,,
3566,花蓮縣花蓮市仁愛街１６之１號,,,
3568,花蓮縣吉安鄉福興五街４３０之５號,,,
3569,花蓮縣吉安鄉中正路二段２４２之３號,,,
3571,花蓮縣吉安鄉中正路二段２４２之５號,,,
3573,花蓮縣花蓮市介林五街２８０號五樓,,,
3574,花蓮縣吉安鄉中興路３２５巷１號,,,
3575,花蓮縣吉安鄉永興三街８號三樓之二,,,
3576,花蓮縣花蓮市介林五街２８０號三樓,,,
3577,花蓮縣花蓮市介林五街２８０號四樓,,,
3578,花蓮縣吉安鄉永吉一街５５號二樓之五,,,
3579,花蓮縣吉安鄉永吉一街５５號三樓之二,,,
3580,花蓮縣吉安鄉永吉一街５５號二樓之六,,,
3581,花蓮縣吉安鄉永吉一街５５號五樓之五,,,
3582,花蓮縣花蓮市中興路４３巷１號七樓之一,,,
3583,花蓮縣吉安鄉永吉一街５５號四樓之一,,,
3584,花蓮縣吉安鄉永吉一街５５號二樓之八,,,
3585,花蓮縣吉安鄉永興三街８號四樓之二,,,
3586,花蓮縣吉安鄉永吉一街５５號三樓之一,,,
3587,花蓮縣吉安鄉永吉一街５５號三樓之七,,,
3588,花蓮縣吉安鄉永吉一街５５號六樓之五,,,
3589,花蓮縣吉安鄉永吉一街５５號四樓之八,,,
3590,花蓮縣吉安鄉永吉一街５５號二樓之七,,,
3591,花蓮縣吉安鄉永吉一街５５號三樓之八,,,
3592,花蓮縣吉安鄉永吉一街５５號二樓之一,,,
3593,花蓮縣吉安鄉永吉一街５５號四樓之二,,,
3594,花蓮縣吉安鄉永吉一街５５號五樓之二,,,
3595,花蓮縣吉安鄉東里八街６６號四樓之三,,,
3596,花蓮縣吉安鄉東里八街６６號二樓之二,,,
3597,花蓮縣吉安鄉永吉一街５５號四樓之七,,,
3598,花蓮縣吉安鄉永吉一街５５號六樓之七,,,
3599,花蓮縣花蓮市德安三街１３號三樓之二,,,
3600,花蓮縣吉安鄉東里八街６６號二樓之三,,,
3601,花蓮縣吉安鄉東里八街６６號七樓之二,,,
3602,花蓮縣吉安鄉永吉一街５５號四樓之五,,,
3603,花蓮縣吉安鄉永吉一街５５號六樓之三,,,
3604,花蓮縣花蓮市德安三街１３號三樓之一,,,
3605,花蓮縣花蓮市德安三街１３號四樓之七,,,
3606,花蓮縣吉安鄉永吉一街５５號五樓之八,,,
3607,花蓮縣吉安鄉永吉一街５５號六樓之二,,,
3608,花蓮縣花蓮市德安三街１３號二樓之五,,,
3609,花蓮縣花蓮市德安三街１３號五樓之一,,,
3610,花蓮縣吉安鄉東里八街６６號六樓之三,,,
3611,花蓮縣吉安鄉永吉一街５５號四樓之三,,,
3612,花蓮縣吉安鄉永吉一街５５號三樓之六,,,
3614,花蓮縣花蓮市中興路４３巷１號九樓之一,,,
3615,花蓮縣吉安鄉東里八街６６號四樓之二,,,
3616,花蓮縣吉安鄉東里八街６６號五樓之三,,,
3617,花蓮縣吉安鄉東里八街６６號六樓之五,,,
3618,花蓮縣吉安鄉東里八街６６號三樓之三,,,
3619,花蓮縣吉安鄉永吉一街５５號二樓之三,,,
3620,花蓮縣吉安鄉永吉一街５５號三樓之三,,,
3621,花蓮縣吉安鄉永吉一街５５號五樓之六,,,
3622,花蓮縣吉安鄉中正路二段２４２之１號,,,
3623,花蓮縣吉安鄉東里八街６６號二樓之五,,,
3624,花蓮縣吉安鄉永吉一街５５號六樓之一,,,
3625,花蓮縣吉安鄉永吉一街５５號六樓之六,,,
3626,花蓮縣吉安鄉永興三街８號五樓之一,,,
3627,花蓮縣花蓮市德安三街１３號三樓之六,,,
3628,花蓮縣花蓮市德安三街１３號四樓之六,,,
3629,花蓮縣花蓮市德安三街１３號五樓之六,,,
3630,花蓮縣花蓮市德安三街１３號三樓之七,,,
3631,花蓮縣吉安鄉東里八街６６號二樓之一,,,
3632,花蓮縣吉安鄉永吉一街５５號三樓之五,,,
3633,花蓮縣吉安鄉永吉一街５５號五樓之一,,,
3634,花蓮縣吉安鄉永吉一街５５號五樓之七,,,
3635,花蓮縣吉安鄉永吉一街５５號五樓之三,,,
3636,花蓮縣花蓮市德安三街１３號二樓之六,,,
3637,花蓮縣吉安鄉永吉一街５５號二樓之二,,,
3638,花蓮縣花蓮市德安三街１３號四樓之三,,,
3639,花蓮縣吉安鄉永興三街８號三樓之一,,,
3640,花蓮縣吉安鄉東里八街６６號三樓之五,,,
3641,花蓮縣花蓮市府前路１５６號六樓之一,,,
3642,花蓮縣花蓮市府前路１５６號六樓之二,,,
3643,花蓮縣花蓮市中山路５７１巷３１之１號三樓之三,,,
3644,花蓮縣花蓮市中山路５７１巷３１之１號四樓之三,,,
3645,花蓮縣花蓮市中山路５７１巷３１之１號四樓之一,,,
3646,花蓮縣花蓮市中山路５７１巷３１之１號五樓之三,,,
3647,花蓮縣吉安鄉福興五街４３０之７號,,,
3648,花蓮縣花蓮市國興五街２０２號,,,
3649,花蓮縣花蓮市國興五街２００號,,,
3650,花蓮縣花蓮市中山路５７１巷３１之１號二樓之二,,,
3651,花蓮縣花蓮市中山路５７１巷３１之１號六樓之二,,,
3652,花蓮縣花蓮市中山路５７１巷３１之１號六樓之三,,,
3653,花蓮縣花蓮市中山路５７１巷３１之１號七樓之二,,,
3654,花蓮縣花蓮市中山路５７１巷３１之１號三樓之二,,,
3655,花蓮縣花蓮市中山路５７１巷３１之１號四樓之二,,,
3656,花蓮縣花蓮市中山路５７１巷３１之１號二樓之一,,,
3657,花蓮縣花蓮市中山路５７１巷３１之１號五樓之一,,,
3658,花蓮縣花蓮市中山路５７１巷３１之１號五樓之二,,,
3659,花蓮縣花蓮市中山路５７１巷３１之１號六樓之一,,,
3660,花蓮縣花蓮市中山路５７１巷３１之１號二樓之三,,,
3661,花蓮縣花蓮市中山路５７１巷３１之１號七樓之一,,,
3662,花蓮縣花蓮市德安三街１３號四樓之五,,,
3663,花蓮縣吉安鄉東里八街６６號四樓之一,,,
3664,花蓮縣吉安鄉東里八街６６號三樓之二,,,
3665,花蓮縣吉安鄉東里八街６６號三樓之一,,,
3666,花蓮縣花蓮市德安三街１３號三樓之三,,,
3667,花蓮縣花蓮市德安三街１３號三樓之五,,,
3668,花蓮縣吉安鄉東里八街６６號五樓之一,,,
3669,花蓮縣吉安鄉東里八街６６號六樓之一,,,
3670,花蓮縣吉安鄉東里八街６６號七樓之一,,,
3671,花蓮縣吉安鄉東里八街６６號五樓之二,,,
3672,花蓮縣吉安鄉東里八街６６號六樓之二,,,
3673,花蓮縣吉安鄉東里八街６６號四樓之五,,,
3674,花蓮縣吉安鄉東里八街６６號五樓之五,,,
3675,花蓮縣吉安鄉東里八街６６號七樓之三,,,
3676,花蓮縣花蓮市德安三街１３號二樓之一,,,
3677,花蓮縣花蓮市德安三街１３號二樓之二,,,
3678,花蓮縣花蓮市德安三街１３號二樓之三,,,
3679,花蓮縣花蓮市德安三街１３號四樓之一,,,
3680,花蓮縣花蓮市德安三街１３號四樓之二,,,
3681,花蓮縣花蓮市德安三街１３號五樓之二,,,
3682,花蓮縣花蓮市德安三街１３號五樓之三,,,
3683,花蓮縣花蓮市中興路４３巷１號六樓之二,,,
3684,花蓮縣花蓮市中興路４３巷１號六樓之三,,,
3685,花蓮縣花蓮市中興路４３巷１號八樓之二,,,
3687,花蓮縣花蓮市國民七街５１號九樓之十八,,,
3688,花蓮縣花蓮市國民十二街５３號五樓之二,,,
3689,花蓮縣花蓮市國聯五路３號五樓之九,,,
3690,花蓮縣花蓮市和平路３６２號四樓之一,,,
3691,花蓮縣吉安鄉北昌一街１５巷１１１之３號,,,
3692,花蓮縣吉安鄉吉祥七街５０號,,,
3693,花蓮縣花蓮市國聯二路２１之１５號,,,
3694,花蓮縣花蓮市富裕五街３６號三樓之五,,,
3695,花蓮縣花蓮市球崙二路６０號,,,
3696,花蓮縣花蓮市中央路三段７３０號六樓之二,,,
3698,花蓮縣花蓮市民德一街７１號二樓之二,,,
3700,花蓮縣花蓮市和平路３２０之１５號五樓,,,
3701,花蓮縣吉安鄉東海十一街２１巷８號,,,
3703,花蓮縣吉安鄉太昌路４６８巷９號,,,
3704,花蓮縣吉安鄉明義七街９９巷６１號,,,
3705,花蓮縣花蓮市國興一街９３號,,,
3706,花蓮縣花蓮市延平街１８９號五樓,,,
3708,花蓮縣吉安鄉東海三街８號四樓,,,
3709,花蓮縣吉安鄉昌隆三街７４號六樓之二,,,
3710,花蓮縣花蓮市富安路１４７號三樓之十一,,,
3711,花蓮縣花蓮市球崙二路２２１號,,,
3712,花蓮縣花蓮市公正街３７號五樓之八,,,
3713,花蓮縣花蓮市國民七街５１號五樓之二十,,,
3714,花蓮縣吉安鄉舊村四街１２巷８弄１號,,,
3715,花蓮縣花蓮市林政街４７號,,,
3716,花蓮縣吉安鄉明仁一街１８３巷１６號,,,
3717,花蓮縣花蓮市德安四街２號三樓,,,
3719,花蓮縣吉安鄉吉安路六段４０３巷３弄１１號,,,
3720,花蓮縣花蓮市國聯二路７１號五樓之六,,,
3721,花蓮縣花蓮市華廈街１６號五樓之二,,,
3722,花蓮縣吉安鄉東里一街３２號五樓之六,,,
3723,花蓮縣花蓮市美工路５８號,,,
3724,花蓮縣吉安鄉中華路二段１８３號七樓之一,,,
3725,花蓮縣花蓮市東興二街３５號九樓之二,,,
3727,花蓮縣花蓮市中正路２６４號十一樓之五,,,
3728,花蓮縣吉安鄉吉興一街３４４巷５號二樓之一,,,
3730,花蓮縣吉安鄉中正路一段１２２之３號,,,
3733,花蓮縣花蓮市德安二街６２之１號八樓,,,
3734,花蓮縣花蓮市國富二十一街２２號六樓之二,,,
3735,花蓮縣吉安鄉吉豐路三段６４１號,,,
3736,花蓮縣花蓮市中山路４５５巷２２號五樓之一,,,
3738,花蓮縣花蓮市重慶路２２３巷６號,,,
3739,花蓮縣花蓮市中原路５３３巷３２之２號,,,
3740,花蓮縣花蓮市中美路２７５之２３號,,,
3741,花蓮縣吉安鄉東海十街１５６巷２１之２號一樓之二,,,
3742,花蓮縣花蓮市林森路５３巷２６號,,,
3743,花蓮縣花蓮市延平街１４８巷３弄８號四樓之五,,,
3744,花蓮縣花蓮市國盛一街７６號五樓之六,,,
3746,花蓮縣吉安鄉東里一街３２號二樓之二,,,
3747,花蓮縣吉安鄉慶北一街２６０之２號,,,
3748,花蓮縣花蓮市中興路１７８之４號,,,
3749,花蓮縣花蓮市中美路２６２號五樓,,,
3750,花蓮縣花蓮市中央路三段７３０號四樓之七,,,
3751,花蓮縣花蓮市國盛六街４５號五樓之二,,,
3752,花蓮縣花蓮市國盛二街２１３號八樓之九,,,
3753,花蓮縣花蓮市軒轅路２號六樓之十二,,,
3754,花蓮縣花蓮市國富二十一街２２號五樓之三,,,
3755,花蓮縣花蓮市國民一街２０號四樓之一,,,
3756,花蓮縣花蓮市中福路９３號,,,
3757,花蓮縣花蓮市中美十一街５９號,,,
3758,花蓮縣花蓮市球崙一路２２５號七樓,,,
3760,花蓮縣吉安鄉中山路一段２２２號三樓之三,,,
3762,花蓮縣花蓮市和平路４００號,,,
3764,花蓮縣花蓮市長安街２７號十三樓之三,,,
3765,花蓮縣花蓮市國風街２０號二樓之一,,,
3766,花蓮縣花蓮市國盛八街８９號二樓之八,,,
3767,花蓮縣花蓮市華興街２之８號,,,
3768,花蓮縣吉安鄉吉昌二街３００巷９號,,,
3769,花蓮縣花蓮市國富十街２０７號,,,
3770,花蓮縣花蓮市化道路１３７號,,,
3771,花蓮縣花蓮市國聯二路７１號四樓之八,,,
3772,花蓮縣吉安鄉勝安二街５８巷１２號,,,
3774,花蓮縣花蓮市府前路５０４之２號三樓,,,
3776,花蓮縣吉安鄉中華路二段１８３號二樓之一,,,
3777,花蓮縣花蓮市化道路５７號四樓之五號,,,
3779,花蓮縣花蓮市順興路９５之５號,,,
3780,花蓮縣花蓮市福建二街４號,,,
3781,花蓮縣吉安鄉仁里七街４號,,,
3782,花蓮縣花蓮市東興二街３３號八樓之二,,,
3783,花蓮縣花蓮市國盛六街５３號五樓之十六,,,
3784,花蓮縣花蓮市國富十街１９１號六樓之七,,,
3785,花蓮縣吉安鄉南海八街２１２巷２８號,,,
3786,花蓮縣花蓮市順興路１２８號,,,
3787,花蓮縣吉安鄉南埔十三街２０１號,,,
3788,花蓮縣花蓮市文光街８６號,,,
3789,花蓮縣花蓮市富陽路３８號十樓之七,,,
3791,花蓮縣花蓮市北濱街２號三樓之四,,,
3792,花蓮縣吉安鄉南海一街１２３巷１６號,,,
3794,花蓮縣花蓮市中正路６３巷２０號,,,
3795,花蓮縣花蓮市東興二街１４９號七樓之三,,,
3798,花蓮縣吉安鄉東海十五街６２巷５弄８號,,,
3799,花蓮縣花蓮市國聯二路２１之２０號,,,
3801,花蓮縣吉安鄉華工六路７２巷１２號,,,
3803,花蓮縣花蓮市國聯五路２８０之５號,,,
3804,花蓮縣花蓮市球崙二路２１７號二樓之二,,,
3806,花蓮縣花蓮市中山路５３５巷２３號,,,
3807,花蓮縣花蓮市府前路３９６號四樓之一,,,
3808,花蓮縣吉安鄉南海二街２０３號,,,
3809,花蓮縣花蓮市國盛八街１２１號四樓之十,,,
3810,花蓮縣吉安鄉東海五街４１號,,,
3811,花蓮縣花蓮市菁華街３５巷１弄４之１號,,,
3812,花蓮縣吉安鄉吉興一街３４４巷５號四樓之二,,,
3815,花蓮縣吉安鄉稻香六街３巷１２號,,,
3816,花蓮縣吉安鄉南山五街４５巷２弄３號,,,
3817,花蓮縣花蓮市軒轅路２號八樓之六,,,
3818,花蓮縣花蓮市富裕十七街２５號六樓之三,,,
3819,花蓮縣花蓮市林森路２８５號五樓之一,,,
3820,花蓮縣吉安鄉仁里五街２１８巷７號,,,
3821,花蓮縣花蓮市國民一街１０之１號,,,
3822,花蓮縣花蓮市中美路９３巷１２號三樓之五,,,
3823,花蓮縣花蓮市民德四街２之１１號十樓,,,
3824,花蓮縣花蓮市富陽路３８號十樓之六,,,
3825,花蓮縣花蓮市新港街７３號二樓之三,,,
3826,花蓮縣花蓮市國聯二路８３號五樓之三,,,
3827,花蓮縣花蓮市建國路一段３０號,,,
3828,花蓮縣花蓮市華廈街３８號三樓之二,,,
3830,花蓮縣花蓮市公正街３７號二樓之四十六,,,
3831,花蓮縣花蓮市國興一街９５號四樓之七,,,
3832,花蓮縣花蓮市國民八街５號十二樓之七,,,
3833,花蓮縣花蓮市中美路２６２號二樓,,,
3834,花蓮縣吉安鄉中華路二段９３號八樓之一,,,
3835,花蓮縣花蓮市國富十七街１０號四樓之八,,,
3841,花蓮縣吉安鄉慶豐十一街２４５巷７弄１６號,,,
3842,花蓮縣花蓮市林森路３１５巷１７號五樓之一,,,
3843,花蓮縣花蓮市國富二十一街２２號六樓之二,,,
3844,花蓮縣花蓮市國民八街５號九樓之五,,,
3845,花蓮縣吉安鄉稻香路３１巷１５號,,,
3846,花蓮縣花蓮市中和街１８９巷３號五樓,,,
3847,花蓮縣花蓮市民國路９７號四樓,,,
3848,花蓮縣花蓮市民光１６０號,,,
3849,花蓮縣花蓮市國盛一街１６１號六樓之一,,,
3850,花蓮縣吉安鄉明仁一街１４３巷１８號,,,
3851,花蓮縣花蓮市國民八街５號十一樓之二,,,
3852,花蓮縣花蓮市中和街２１７號九樓之三,,,
3853,花蓮縣花蓮市榮正街１２５巷１之２６號,,,
3854,花蓮縣花蓮市鎮國街１３４號,,,
3855,花蓮縣花蓮市大同街３０之２號,,,
3856,花蓮縣花蓮市大同街３０之１號,,,
3857,花蓮縣花蓮市國盛五街６８號四樓之二,,,
3858,花蓮縣吉安鄉中山路一段２２２號二樓之三,,,
3860,花蓮縣花蓮市和平路４９３巷３４號,,,
3861,花蓮縣花蓮市林森路２４９巷３弄７號,,,
3862,花蓮縣花蓮市中山路５３５巷２３號,,,
3863,花蓮縣吉安鄉華工六路７２巷８２號,,,
3864,花蓮縣花蓮市華興街３３號二樓之三,,,
3865,花蓮縣吉安鄉慶北一街１５８巷６號,,,
3866,花蓮縣花蓮市富裕十五街５７號,,,
3867,花蓮縣花蓮市莊敬路３７號,,,
3868,花蓮縣花蓮市中順街４５巷１６號六樓之十一,,,
3869,花蓮縣吉安鄉海岸路２４７號,,,
3870,花蓮縣花蓮市豐村２１之４６號四樓之一,,,
3872,花蓮縣花蓮市豐村１９之２號,,,
3873,花蓮縣花蓮市國盛一街１９０號五樓之五,,,
3874,花蓮縣花蓮市民德四街２之１３號四樓,,,
3877,花蓮縣吉安鄉民治路２７０之１１號二樓之二,,,
3878,花蓮縣吉安鄉中華路二段９３號七樓之二,,,
3879,花蓮縣花蓮市建興街７０號,,,
3880,花蓮縣花蓮市建林街８８號,,,
3881,花蓮縣花蓮市國盛八街１２１號二樓之二,,,
3882,花蓮縣花蓮市林園１１之５２號,,,
3883,花蓮縣吉安鄉昌隆二街１０１號五樓,,,
3885,花蓮縣花蓮市中福路１４５巷８號,,,
3886,花蓮縣花蓮市明禮路５號八樓之二,,,
3887,花蓮縣花蓮市公正街３７號六樓之八,,,
3888,花蓮縣吉安鄉太昌路４９０號二樓,,,
3889,花蓮縣花蓮市建昌路１７巷１號二樓之六,,,
3890,花蓮縣花蓮市華興街２之１０號,,,
3891,花蓮縣花蓮市華興街２之９號,,,
3892,花蓮縣花蓮市中美十街７８巷５號,,,
3893,花蓮縣花蓮市華興街２之１１號,,,
3894,花蓮縣吉安鄉南海一街１６９號,,,
3895,花蓮縣花蓮市自強路５９４巷７號四樓之五,,,
3896,花蓮縣花蓮市林森路２１７巷１弄２６號,,,
3897,花蓮縣花蓮市民德四街５５之１號,,,
3898,花蓮縣花蓮市林森路３１５巷１７號五樓之二,,,
3899,花蓮縣吉安鄉東海六街８４之１號,,,
3900,花蓮縣吉安鄉南海六街３０５號,,,
3901,花蓮縣花蓮市博愛街２６２號,,,
3902,花蓮縣花蓮市國民一街２０號五樓之三,,,
3903,花蓮縣花蓮市德安二街６８巷４８號,,,
3904,花蓮縣花蓮市北昌四街１６號,,,
3905,花蓮縣吉安鄉吉祥三街３號,,,
3906,花蓮縣花蓮市中山路一段１０９巷３６號,,,
3907,花蓮縣花蓮市華德街８１號,,,
3908,花蓮縣花蓮市國興三街３５之２號,,,
3909,花蓮縣花蓮市中山路５３５巷２２號,,,
3910,花蓮縣花蓮市建昌路１７巷１號五樓之四,,,
3911,花蓮縣花蓮市福光街３５３巷７號,,,
3912,花蓮縣吉安鄉明義六街５２號,,,
3914,花蓮縣花蓮市建興街１１１號,,,
3916,花蓮縣花蓮市民生路２３號四樓之二,,,
3921,花蓮縣花蓮市中山路５３５巷２２之１號,,,
3922,花蓮縣花蓮市國盛四街５５號五樓之一,,,
3923,花蓮縣花蓮市中美十三街５２號五樓之七,,,
3924,花蓮縣吉安鄉東海三街２號二樓,,,
3925,花蓮縣吉安鄉吉興路三段１５８號,,,
3926,花蓮縣花蓮市中原路５３３巷３２之５號,,,
3927,花蓮縣花蓮市中原路５３３巷３２之６號,,,
3928,花蓮縣花蓮市中原路５３３巷３２之７號,,,
3929,花蓮縣花蓮市國富九街１６號,,,
3930,花蓮縣花蓮市華民街８巷５號,,,
3931,花蓮縣花蓮市國民七街５３號十樓之一,,,
3932,花蓮縣花蓮市中美路９３巷１號六樓之三,,,
3933,花蓮縣吉安鄉慶北二街３５８號,,,
3934,花蓮縣花蓮市北濱街７３號,,,
3935,花蓮縣花蓮市莊敬路１８６之２號二樓,,,
3937,花蓮縣吉安鄉北昌一街１５巷１１３之２號,,,
3938,花蓮縣花蓮市德安二街６８巷３０號二樓,,,
3939,花蓮縣吉安鄉明義四街６４巷２１號,,,
3940,花蓮縣吉安鄉慶北二街３９５號,,,
3941,花蓮縣吉安鄉明義五街４０之７號,,,
3943,花蓮縣花蓮市中興路４３巷６號五樓之六,,,
3944,花蓮縣花蓮市建昌路９３巷１號,,,
3945,花蓮縣花蓮市府前路３５８巷１弄１４號,,,
3946,花蓮縣花蓮市中正路２４９巷３８號五樓,,,
3947,花蓮縣花蓮市中原路５３３巷３２之３號,,,
3948,花蓮縣花蓮市中原路５３３巷３２之１號,,,
3949,花蓮縣吉安鄉南埔七街１２號,,,
3951,花蓮縣吉安鄉福興四街１９號,,,
3952,花蓮縣花蓮市中原路５７６巷３號,,,
3953,花蓮縣吉安鄉建國路一段８３號,,,
3954,花蓮縣花蓮市中美九街１８號,,,
3955,花蓮縣花蓮市福建街２０８號,,,
3956,花蓮縣吉安鄉吉昌三街２５９號,,,
3957,花蓮縣吉安鄉北安街１６０巷１２弄１２號,,,
3958,花蓮縣吉安鄉太昌路９６號,,,
3959,花蓮縣吉安鄉海岸路２６０號,,,
3960,花蓮縣花蓮市國富二十三街１９號,,,
3964,花蓮縣吉安鄉吉興一街４０８號,,,
3965,花蓮縣花蓮市國民八街５號十一樓之一,,,
3967,花蓮縣花蓮市中美十二街８４號,,,
3968,花蓮縣花蓮市中和街２１５號四樓之二,,,
3969,花蓮縣吉安鄉太昌路２１７巷１８號,,,
3972,花蓮縣吉安鄉慶北二街３６７號,,,
3974,花蓮縣吉安鄉勝安二街２２號,,,
3975,花蓮縣吉安鄉南海二街２１４巷３號,,,
3976,花蓮縣吉安鄉南海三街１６０號,,,
3977,花蓮縣吉安鄉東里十五街８８巷８號,,,
3978,花蓮縣花蓮市中央路三段６３５號,,,
3979,花蓮縣吉安鄉中山路三段１０９號,,,
3980,花蓮縣花蓮市國民七街５１號七樓之十八,,,
3981,花蓮縣花蓮市富裕三街４８號十樓之一,,,
3983,花蓮縣花蓮市德安六街１０５巷１號二樓之二,,,
3984,花蓮縣花蓮市德安二街６８巷２６號六樓,,,
3985,花蓮縣吉安鄉東里一街３２號五樓之五,,,
3988,花蓮縣花蓮市國富十街１０７號,,,
3989,花蓮縣吉安鄉慶豐四街１５６號,,,
3990,花蓮縣花蓮市南京街２０３號六樓之十三,,,
3991,花蓮縣吉安鄉南海八街２１０巷１號,,,
3992,花蓮縣花蓮市國盛四街５３號七樓之五,,,
3993,花蓮縣花蓮市國盛四街５１號二樓之三,,,
3994,花蓮縣花蓮市明心街２１號七樓之一,,,
3995,花蓮縣花蓮市中山路二段７８號,,,
3996,花蓮縣花蓮市延平街５２號,,,
3997,花蓮縣花蓮市延平街４８巷２號,,,
3999,花蓮縣吉安鄉明仁二街１７５巷２０號,,,
4000,花蓮縣吉安鄉海岸路１５號六樓之二,,,
4001,花蓮縣花蓮市富陽路６８號,,,
4002,花蓮縣吉安鄉北昌一街１５巷１１３之３號,,,
4003,花蓮縣花蓮市富強路２２號四樓之三,,,
4004,花蓮縣花蓮市國富二十二街３３號,,,
4005,花蓮縣花蓮市明智街８８號,,,
4006,花蓮縣花蓮市東興一街７９巷１８號六樓之一,,,
4007,花蓮縣吉安鄉南埔十三街３１號二樓之一,,,
4009,花蓮縣吉安鄉永昌街２２１號,,,
4012,花蓮縣吉安鄉海岸路１０３巷２７號,,,
4013,花蓮縣花蓮市富裕十四街９巷６號,,,
4014,花蓮縣吉安鄉南海三街１５８巷１９號,,,
4015,花蓮縣花蓮市南京街２４２號,,,
4016,花蓮縣花蓮市尚志路３５之１２號,,,
4017,花蓮縣吉安鄉廣豐路１５號,,,
4018,花蓮縣吉安鄉東海一街１２８號,,,
4019,花蓮縣吉安鄉東海三街２號六樓,,,
4020,花蓮縣吉安鄉舊村六街１５６巷１８弄１號,,,
4021,花蓮縣吉安鄉南海九街２０２巷２４號,,,
4022,花蓮縣花蓮市富陽路３８號七樓之九,,,
4023,花蓮縣花蓮市府前路３００之７號,,,
4024,花蓮縣花蓮市中順街４５巷１６號二樓之七,,,
4025,花蓮縣花蓮市中順街４５巷１５弄９號三樓之一,,,
4026,花蓮縣花蓮市民國路３８號二樓之三,,,
4028,花蓮縣花蓮市球崙二路９６巷２號,,,
4029,花蓮縣吉安鄉仁里九街２３之４號五樓,,,
4030,花蓮縣花蓮市北昌五街５２號二樓之二,,,
4031,花蓮縣花蓮市富裕十六街４７號七樓之二,,,
4033,花蓮縣花蓮市林森路５７號,,,
4034,花蓮縣花蓮市德安六街１０５巷９號,,,
4035,花蓮縣花蓮市南京街２０３號四樓之五,,,
4036,花蓮縣花蓮市建昌路１９７巷３４號五樓,,,
4037,花蓮縣吉安鄉南埔十六街５１巷２２號四樓,,,
4039,花蓮縣花蓮市國民八街５號十樓之八,,,
4040,花蓮縣花蓮市豐村１３６之１９號,,,
4041,花蓮縣吉安鄉太昌路４９２號三樓,,,
4042,花蓮縣花蓮市裕民路５９號,,,
4043,花蓮縣花蓮市國盛一街２０２號,,,
4044,花蓮縣花蓮市公正街３７號三樓等４戶,,,
4045,花蓮縣花蓮市中美三街２３巷１０號五樓,,,
4046,花蓮縣花蓮市國聯五路１２７號五樓之五,,,
4048,花蓮縣花蓮市中美路１１１號三樓之三,,,
4050,花蓮縣吉安鄉中山路一段２２２號十五樓之三,,,
4051,花蓮縣吉安鄉東里九街８５號,,,
4052,花蓮縣吉安鄉吉祥六街２５號,,,
4053,花蓮縣花蓮市國盛八街８９號三樓之十二,,,
4054,花蓮縣花蓮市中華路５３４巷２號二樓,,,
4055,花蓮縣花蓮市德安六街６５號十樓,,,
4056,花蓮縣花蓮市海濱街８號三樓之三,,,
4057,花蓮縣吉安鄉南海二街２０３號,,,
4058,花蓮縣花蓮市東興一街８２號四樓之二,,,
4060,花蓮縣花蓮市國富二十街５８號四樓之五,,,
4061,花蓮縣花蓮市民族路２８號,,,
4062,花蓮縣花蓮市中美十三街７８號四樓之二號,,,
4063,花蓮縣花蓮市仁愛街３巷１號,,,
4064,花蓮縣花蓮市華西１２１之８號,,,
4065,花蓮縣吉安鄉勝安三街６２號,,,
4066,花蓮縣吉安鄉文化一街３１號,,,
4068,花蓮縣吉安鄉文化八街１９號,,,
4071,花蓮縣花蓮市建國路二段７２２號,,,
4072,花蓮縣花蓮市和平路３３６號十樓之一,,,
4073,花蓮縣花蓮市南京街２０３之３號,,,
4074,花蓮縣花蓮市北濱街６號五樓,,,
4075,花蓮縣花蓮市德安二街６８巷６號四樓,,,
4076,花蓮縣吉安鄉昌隆二街１０７號六樓,,,
4077,花蓮縣花蓮市國盛一街７６號六樓之一,,,
4078,花蓮縣花蓮市仁和街８號,,,
4079,花蓮縣吉安鄉中山路一段２２２號十二樓之二,,,
4080,花蓮縣花蓮市仁愛街３巷５號,,,
4081,花蓮縣吉安鄉吉安路二段３１１號,,,
4082,花蓮縣花蓮市國民八街１０號,,,
4084,花蓮縣吉安鄉中原路一段２７９巷５號,,,
4085,花蓮縣花蓮市福建街３２３號四樓,,,
4086,花蓮縣吉安鄉吉安路二段７７巷５５弄２號,,,
4087,花蓮縣花蓮市華廈街５４巷１號,,,
4088,花蓮縣吉安鄉華工六路７２巷２５弄１２號,,,
4089,花蓮縣吉安鄉福昌一街９１號,,,
4090,花蓮縣吉安鄉明仁二街１７６巷５號,,,
4093,花蓮縣花蓮市富裕二街１６３巷６號,,,
4094,花蓮縣花蓮市福光街３５９巷１６號,,,
4095,花蓮縣吉安鄉東海三街１８號一樓,,,
4096,花蓮縣花蓮市北昌三街１８巷１弄２號,,,
4097,花蓮縣花蓮市介林五街２２３號,,,
4098,花蓮縣花蓮市國盛四街１１６號五樓之二,,,
4099,花蓮縣吉安鄉全民街６６號二樓,,,
4100,花蓮縣吉安鄉中山路三段６８２巷５號,,,
4102,花蓮縣花蓮市府前路６６０號,,,
4103,花蓮縣花蓮市德安六街９６巷２號,,,
4104,花蓮縣花蓮市國富十街６７號,,,
4106,花蓮縣花蓮市國民八街５號七樓之二,,,
4107,花蓮縣花蓮市光復街３０之３號,,,
4109,花蓮縣花蓮市林森路２８７號二樓之三,,,
4110,花蓮縣花蓮市建安街１２巷２號,,,
4112,花蓮縣花蓮市重慶路２０５巷１３號,,,
4113,花蓮縣花蓮市民權四街３６號五樓,,,
4114,花蓮縣吉安鄉太昌路２５４巷３號,,,
4115,花蓮縣吉安鄉自強路２０１巷３１弄８號,,,
4116,花蓮縣吉安鄉慈惠二街５５號,,,
4117,花蓮縣吉安鄉慈惠二街４９號,,,
4118,花蓮縣花蓮市中興路３２號十二樓之一,,,
4119,花蓮縣吉安鄉仁里十四街４號,,,
4120,花蓮縣吉安鄉南埔八街５２號之１六樓之一,,,
4121,花蓮縣花蓮市國盛五街２３號,,,
4122,花蓮縣吉安鄉南海一街２０１之１號,,,
4128,花蓮縣花蓮市德安五街６８號,,,
4129,花蓮縣花蓮市國盛六街５３號四樓之十三,,,
4130,花蓮縣吉安鄉中央路一段４４０號,,,
4132,花蓮縣花蓮市延平街７４巷２９號,,,
4133,花蓮縣吉安鄉慶豐十三街５３號,,,
4134,花蓮縣花蓮市華興街１２０巷９弄８號,,,
4135,花蓮縣吉安鄉昌隆三街７９號,,,
4136,花蓮縣花蓮市國盛二街２５９號,,,
4137,花蓮縣花蓮市福建街４０６號五樓之二,,,
4141,花蓮縣花蓮市延平街５０號,,,
4142,花蓮縣花蓮市建昌路４０號,,,
4143,花蓮縣花蓮市中美路８９巷２號六樓之三,,,
4145,花蓮縣花蓮市建安街１２巷１８號三樓之三,,,
4149,花蓮縣吉安鄉北安街１６０巷６弄１６號,,,
4150,花蓮縣花蓮市國富十街２１１號,,,
4151,花蓮縣花蓮市國民八街５號二樓之六,,,
4152,花蓮縣吉安鄉東海六街１２０號,,,
4153,花蓮縣花蓮市國聯二路７３號,,,
4154,花蓮縣花蓮市國民七街５１號八樓之十八,,,
4155,花蓮縣花蓮市國興一街９５號七樓之十二,,,
4156,花蓮縣花蓮市建國路一段３６號二樓,,,
4157,花蓮縣花蓮市國盛三街７８巷１１號,,,
4158,花蓮縣花蓮市豐村１４６之１號,,,
4159,花蓮縣吉安鄉太昌路１０８號,,,
4160,花蓮縣吉安鄉南海五街８１巷１０號,,,
4161,花蓮縣花蓮市中美路２３４號,,,
4162,花蓮縣花蓮市國民七街５１號十一樓之九,,,
4163,花蓮縣吉安鄉東海十一街１號七樓之六,,,
4164,花蓮縣吉安鄉明義七街１４５巷７４弄３號,,,
4165,花蓮縣花蓮市重慶路２２３巷６號,,,
4167,花蓮縣花蓮市國富十三街４９號,,,
4168,花蓮縣花蓮市華興街３３號三樓之一,,,
4169,花蓮縣吉安鄉中山路三段１１６號三樓之三,,,
4170,花蓮縣吉安鄉中山路三段１１６號五樓之一,,,
4171,花蓮縣吉安鄉中山路三段１１６號五樓之二,,,
4172,花蓮縣吉安鄉建國路一段１５５巷３號,,,
4174,花蓮縣花蓮市國富二十一街２２號六樓之五,,,
4176,花蓮縣吉安鄉明義七街９９巷１６弄４５號,,,
4178,花蓮縣吉安鄉稻香路１２７號,,,
4180,花蓮縣吉安鄉海岸路３２巷３５號,,,
4181,花蓮縣吉安鄉建國路二段１５１號,,,
4182,花蓮縣吉安鄉慶豐五街１３５號,,,
4183,花蓮縣花蓮市國盛四街１１６號四樓之二十,,,
4186,花蓮縣吉安鄉中山路三段１１６號四樓之二,,,
4187,花蓮縣花蓮市民國路１６１號三樓之二,,,
4188,花蓮縣吉安鄉中山路三段１１６號四樓之三,,,
4190,花蓮縣花蓮市中華路１４５號,,,
4194,花蓮縣花蓮市林森路２７３巷３弄４５號,,,
4196,花蓮縣花蓮市球崙一路２２９號三樓,,,
4197,花蓮縣吉安鄉中山路三段１１６號三樓之二,,,
4198,花蓮縣吉安鄉慶北一街２３８之２號,,,
4199,花蓮縣吉安鄉慶北二街３７１號,,,
4200,花蓮縣花蓮市富裕三街４８號九樓之三,,,
4201,花蓮縣花蓮市明禮路２６巷１之２號四樓之一,,,
4203,花蓮縣花蓮市富裕三街４８號八樓之五,,,
4204,花蓮縣花蓮市富裕三街４８號九樓之一,,,
4205,花蓮縣花蓮市富裕三街４８號三樓之二,,,
4206,花蓮縣吉安鄉永興八街８０號,,,
4207,花蓮縣花蓮市富裕五街３６號三樓之七,,,
4208,花蓮縣花蓮市富裕三街４８號十樓之二,,,
4210,花蓮縣花蓮市富裕十六街３７號八樓之二,,,
4211,花蓮縣花蓮市華興街２之７號,,,
4212,花蓮縣花蓮市華興街２之８號,,,
4213,花蓮縣花蓮市富裕三街４８號六樓之二,,,
4214,花蓮縣花蓮市華興街２之５號,,,
4215,花蓮縣花蓮市華興街２之６號,,,
4216,花蓮縣花蓮市中正路１８４巷１３號,,,
4217,花蓮縣花蓮市國興三街７９號六樓之二,,,
4218,花蓮縣花蓮市富裕三街４８號九樓之二,,,
4219,花蓮縣花蓮市富裕三街４８號九樓之五,,,
4220,花蓮縣花蓮市國興三街７９號六樓之三,,,
4221,花蓮縣花蓮市富裕五街３６號九樓之五,,,
4222,花蓮縣花蓮市富裕三街４８號七樓之五,,,
4223,花蓮縣花蓮市富裕三街４８號八樓之一,,,
4224,花蓮縣吉安鄉慶北二街３６５號,,,
4226,花蓮縣花蓮市富裕五街３６號四樓之五,,,
4227,花蓮縣花蓮市富裕三街４８號四樓之二,,,
4228,花蓮縣花蓮市富裕五街３６號五樓之七,,,
4229,花蓮縣花蓮市富裕五街３６號十樓之六,,,
4230,花蓮縣吉安鄉慶北一街２３８之１號,,,
4231,花蓮縣花蓮市國興三街７９號六樓之五,,,
4232,花蓮縣花蓮市國興三街７９號五樓之三,,,
4233,花蓮縣花蓮市國興三街７９號七樓之三,,,
4234,花蓮縣花蓮市國興三街７９號五樓之五,,,
4235,花蓮縣花蓮市富裕三街４８號四樓之五,,,
4236,花蓮縣花蓮市國興三街７９號二樓之三,,,
4238,花蓮縣花蓮市富裕三街４８號二樓之三,,,
4239,花蓮縣花蓮市富裕三街４８號五樓之五,,,
4240,花蓮縣花蓮市富裕三街４８號二樓之二,,,
4241,花蓮縣花蓮市富裕三街４８號三樓之五,,,
4242,花蓮縣花蓮市富裕三街４８號八樓之三,,,
4243,花蓮縣花蓮市富裕三街４８號六樓之五,,,
4244,花蓮縣花蓮市富裕三街４８號二樓之一,,,
4245,花蓮縣花蓮市富裕三街４８號三樓之一,,,
4247,花蓮縣花蓮市富裕三街４８號四樓之一,,,
4248,花蓮縣花蓮市富裕三街４８號五樓之一,,,
4249,花蓮縣花蓮市富裕三街４８號六樓之一,,,
4250,花蓮縣花蓮市富裕三街４８號三樓之三,,,
4251,花蓮縣花蓮市富裕三街４８號七樓之一,,,
4252,花蓮縣花蓮市富裕三街４８號七樓之三,,,
4253,花蓮縣花蓮市富裕三街４８號七樓之二,,,
4254,花蓮縣花蓮市國興三街７９號二樓之二,,,
4255,花蓮縣花蓮市富裕三街４８號六樓之三,,,
4256,花蓮縣花蓮市富裕三街４８號四樓之三,,,
4257,花蓮縣花蓮市富裕三街４８號八樓之二,,,
4258,花蓮縣花蓮市富裕三街４８號五樓之三,,,
4259,花蓮縣花蓮市富裕五街３６號三樓之五,,,
4263,花蓮縣吉安鄉民治路３２９巷２３號,,,
4266,花蓮縣花蓮市中華路５３４巷１號四樓,,,
4267,花蓮縣吉安鄉南昌路１１５號三樓之二,,,
4268,花蓮縣吉安鄉明仁一街１２９巷８號,,,
4272,花蓮縣花蓮市國聯二路８３號八樓之八,,,
4274,花蓮縣花蓮市中央路三段７３０號十樓之十七,,,
4278,花蓮縣吉安鄉吉興一街３２６巷２號,,,
4279,花蓮縣花蓮市林森路３１５巷２弄３號,,,
4280,花蓮縣吉安鄉南昌北路６８號四樓之二,,,
4281,花蓮縣吉安鄉全民街３２號五樓,,,
4285,花蓮縣吉安鄉南海八街２１０巷１８號,,,
4287,花蓮縣花蓮市莊敬路１５８之１號七樓之七,,,
4288,花蓮縣花蓮市國聯二路８３號三樓之七,,,
4289,花蓮縣花蓮市國聯四路３６號七樓之九號,,,
4290,花蓮縣吉安鄉太昌路２４２巷１１弄７號,,,
4294,花蓮縣花蓮市華廈街７５號二樓之五,,,
4295,花蓮縣花蓮市新港街７９之３號,,,
4297,花蓮縣花蓮市國民九街７２號,,,
4298,花蓮縣花蓮市國民四街１號四樓之三,,,
4300,花蓮縣花蓮市國盛一街２３４號四樓之一,,,
4301,花蓮縣花蓮市國富十街７６號三樓之五,,,
4302,花蓮縣吉安鄉民治路３０７巷４２號,,,
4303,花蓮縣花蓮市建昌路３２巷４號二樓,,,
4305,花蓮縣花蓮市國興三街７９號四樓之三,,,
4306,花蓮縣花蓮市東興二街１５３號五樓之二,,,
4308,花蓮縣花蓮市建安街１２巷１８號三樓之一,,,
4309,花蓮縣花蓮市中美十三街５２號二樓之三,,,
4311,花蓮縣吉安鄉廣興一街１７０巷６號五樓之二,,,
4312,花蓮縣吉安鄉太昌路３７２巷２０號,,,
4314,花蓮縣花蓮市國民七街５１號八樓之十九,,,
4315,花蓮縣花蓮市府前路４０４號,,,
4316,花蓮縣吉安鄉明義七街１４５巷４６弄３號,,,
4317,花蓮縣吉安鄉慈惠二街６５號五樓,,,
4318,花蓮縣花蓮市德安二街６０之１號二樓,,,
4319,花蓮縣吉安鄉仁里一街１號九樓之二,,,
4321,花蓮縣花蓮市中美七街６６號,,,
4322,花蓮縣吉安鄉東里一街１９５號,,,
4323,花蓮縣花蓮市介禮街１９號,,,
4324,花蓮縣花蓮市壽昌街２９巷３０號三樓之四,,,
4325,花蓮縣花蓮市化道路８９巷２６號九樓之一,,,
4326,花蓮縣花蓮市莊敬路２４３號,,,
4327,花蓮縣花蓮市中興路５號五樓之五,,,
4328,花蓮縣花蓮市林森路３０５巷２２號,,,
4329,花蓮縣吉安鄉廣興一街１７０巷６號六樓之一,,,
4330,花蓮縣花蓮市富裕二街２３號二樓之一,,,
4331,花蓮縣花蓮市豐村１０５之２８號,,,
4332,花蓮縣吉安鄉廣興一街１７０巷６號二樓之二,,,
4333,花蓮縣花蓮市富祥街７０號七樓之五,,,
4334,花蓮縣吉安鄉慶豐一街１３號,,,
4336,花蓮縣花蓮市球崙二路９６巷２０號,,,
4337,花蓮縣花蓮市菁華街４巷１之２號五樓之二,,,
4338,花蓮縣吉安鄉廣興一街１７０巷６號二樓之五,,,
4339,花蓮縣吉安鄉廣興一街１７０巷６號三樓之五,,,
4340,花蓮縣吉安鄉廣興一街１７０巷６號三樓之九,,,
4341,花蓮縣吉安鄉廣興一街１７０巷６號四樓之十,,,
4342,花蓮縣吉安鄉廣興一街１７０巷６號三樓之八,,,
4343,花蓮縣花蓮市中華路１０７號,,,
4345,花蓮縣花蓮市建國路一段１２之１號,,,
4346,花蓮縣吉安鄉南埔十街３２巷１９號,,,
4347,花蓮縣花蓮市東興路３４７號,,,
4349,花蓮縣吉安鄉南埔八街８９號,,,
4351,花蓮縣吉安鄉永興七街９號二樓之三,,,
4352,花蓮縣花蓮市中央路三段７２０巷５號六樓之八,,,
4353,花蓮縣花蓮市商校街５０號四樓,,,
4356,花蓮縣花蓮市國聯四路８３號二樓之五,,,
4357,花蓮縣吉安鄉吉豐路三段６８９巷４５弄７號,,,
4358,花蓮縣花蓮市國民七街５３號十樓之十三,,,
4359,花蓮縣花蓮市德安二街６８巷２０號七樓,,,
4360,花蓮縣花蓮市三民街３５之１號,,,
4362,花蓮縣花蓮市福光街３４７巷６０號,,,
4363,花蓮縣花蓮市中福路１７０號,,,
4364,花蓮縣花蓮市建昌路３２巷５號二樓,,,
4365,花蓮縣吉安鄉文化五街５４號二樓,,,
4366,花蓮縣花蓮市建華路１８１號三樓之三,,,
4367,花蓮縣花蓮市建華路１８１號三樓之五,,,
4368,花蓮縣吉安鄉中央路二段１３９巷４弄８號,,,
4369,花蓮縣花蓮市中正路１８４巷１３號,,,
4370,花蓮縣吉安鄉慶北一街１５８巷１５號,,,
4371,花蓮縣花蓮市林森路２５７巷２２號,,,
4372,花蓮縣吉安鄉華工六路６０巷４３號六樓之三,,,
4373,花蓮縣吉安鄉自強路１１３號,,,
4377,花蓮縣花蓮市富裕二街１４１號,,,
4378,花蓮縣花蓮市菁華街４巷１弄２號三樓之五,,,
4379,花蓮縣花蓮市國聯五路３號六樓之八,,,
4380,花蓮縣花蓮市南京街１９１號七樓之十二,,,
4381,花蓮縣吉安鄉舊村六街１０７號,,,
4383,花蓮縣花蓮市莊敬路１１號四樓,,,
4385,花蓮縣花蓮市國盛四街５３號五樓之二,,,
4386,花蓮縣花蓮市國富二十街９６號四樓之一,,,
4387,花蓮縣花蓮市國盛五街７９號五樓之五,,,
4388,花蓮縣吉安鄉文化五街４６號地下室,,,
4390,花蓮縣吉安鄉仁里九街２３號六樓,,,
4392,花蓮縣花蓮市德安五街１０號,,,
4393,花蓮縣花蓮市府前路４０８巷１４號,,,
4394,花蓮縣吉安鄉慈惠四街１５２號,,,
4395,花蓮縣吉安鄉宜昌五街３２號三樓之三,,,
4397,花蓮縣花蓮市林森路２９３巷１弄５號,,,
4398,花蓮縣花蓮市國富二街１９９號,,,
4399,花蓮縣花蓮市南京街１９１號五樓之二十六,,,
4400,花蓮縣花蓮市富裕一街１６９號九樓之一,,,
4401,花蓮縣吉安鄉明義六街８９巷２９號,,,
4404,花蓮縣花蓮市中美路８９巷２０號三樓之一,,,
4406,花蓮縣花蓮市文光街４８號,,,
4407,花蓮縣花蓮市民權路２５號九樓之二,,,
4408,花蓮縣吉安鄉福興八街４１號,,,
4409,花蓮縣花蓮市國民七街５３號十一樓之十一,,,
4410,花蓮縣吉安鄉東海六街１３號三樓,,,
4411,花蓮縣吉安鄉吉安路二段３０號,,,
4412,花蓮縣吉安鄉全民街８７號四樓,,,
4413,花蓮縣花蓮市大同街８４號,,,
4415,花蓮縣吉安鄉明義七街１７０巷６弄７號,,,
4416,花蓮縣吉安鄉明義七街１１８巷１６號,,,
4417,花蓮縣吉安鄉明義七街９９巷１６弄４５號,,,
4419,花蓮縣吉安鄉東海十街１４０號,,,
4420,花蓮縣花蓮市博愛街１０３巷１號,,,
4421,花蓮縣吉安鄉南海五街２４６巷１１號,,,
4422,花蓮縣花蓮市德安二街６８巷２號十樓,,,
4423,花蓮縣吉安鄉華工六路６０巷４３號六樓之二,,,
4424,花蓮縣花蓮市民德一街２０３號,,,
4425,花蓮縣吉安鄉荳蘭三街５８號五樓之一,,,
4426,花蓮縣吉安鄉華工六路６０巷４３號三樓之三,,,
4427,花蓮縣花蓮市富陽路３８號五樓之八,,,
4428,花蓮縣吉安鄉廣賢路一段３２６號,,,
4429,花蓮縣吉安鄉永興七街９號三樓之三,,,
4431,花蓮縣花蓮市福光街３５３巷３７號,,,
4432,花蓮縣花蓮市林森路２１７巷３３號,,,
4433,花蓮縣花蓮市國盛一街７６號六樓之六,,,
4434,花蓮縣花蓮市仁愛街２之２號,,,
4435,花蓮縣吉安鄉昌隆三街１１１號二樓之三,,,
4438,花蓮縣吉安鄉東海五街１號二樓之三,,,
4439,花蓮縣花蓮市東興二街１５３號六樓之一,,,
4442,花蓮縣花蓮市中山路５３５巷５號二樓,,,
4443,花蓮縣吉安鄉全民街６８號三樓,,,
4444,花蓮縣花蓮市化道路２１２之４號,,,
4446,花蓮縣花蓮市民享二街５０號,,,
4447,花蓮縣花蓮市南京街３１２巷５號,,,
4449,花蓮縣吉安鄉太昌路１０８號,,,
4450,花蓮縣花蓮市忠孝街２９之２號,,,
4452,花蓮縣花蓮市富裕二街２３號四樓之五,,,
4453,花蓮縣吉安鄉吉興一街３７２巷１０號五樓之七,,,
4455,花蓮縣花蓮市北昌五街５２號二樓之八,,,
4456,花蓮縣花蓮市德安六街１０５巷９號九樓之二,,,
4457,花蓮縣吉安鄉明仁一街１８３巷４１號,,,
4458,花蓮縣花蓮市華興街７０號,,,
4459,花蓮縣吉安鄉永興四街６５８號,,,
4460,花蓮縣吉安鄉慶豐十一街２０２號,,,
4461,花蓮縣花蓮市中美二街１１之１號,,,
4462,花蓮縣吉安鄉東里九街１號,,,
4464,花蓮縣吉安鄉舊村六街７１號,,,
4465,花蓮縣吉安鄉南埔十三街１７６號,,,
4466,花蓮縣花蓮市國興五街６３號四樓之三,,,
4467,花蓮縣花蓮市國富十街１８８號,,,
4468,花蓮縣吉安鄉吉興一街３６４號,,,
4469,花蓮縣花蓮市中興路１０１號七樓之三,,,
4470,花蓮縣吉安鄉明仁一街１１１巷１２號,,,
4471,花蓮縣花蓮市建安街１２巷６號,,,
4472,花蓮縣吉安鄉南海七街２０１巷２號,,,
4473,花蓮縣吉安鄉中山路一段６６號七樓之三,,,
4474,花蓮縣花蓮市林森路２６５號,,,
4476,花蓮縣吉安鄉東海十街２０２號,,,
4477,花蓮縣花蓮市北昌五街１７巷３１號,,,
4478,花蓮縣花蓮市中興路４３巷１號七樓之二,,,
4480,花蓮縣吉安鄉東海一街５４號,,,
4481,花蓮縣花蓮市北昌五街１７巷７號,,,
4483,花蓮縣花蓮市東興二街１４７號九樓之五,,,
4484,花蓮縣花蓮市建國路二段７８２之３號,,,
4485,花蓮縣花蓮市林榮街３６號,,,
4486,花蓮縣花蓮市富裕一街１３２號六樓之一,,,
4487,花蓮縣吉安鄉南埔十三街３１號二樓之三,,,
4489,花蓮縣花蓮市重慶路２５０巷５６號,,,
4490,花蓮縣花蓮市國興五街１５２號二樓之一號,,,
4491,花蓮縣吉安鄉吉祥一街３５號五樓之一,,,
4492,花蓮縣花蓮市國盛八街１０９號四樓之三,,,
4493,花蓮縣吉安鄉北安街１２６巷１０１號,,,
4494,花蓮縣吉安鄉中央路二段１３９巷６弄１８號,,,
4495,花蓮縣吉安鄉東里十五街２１之２號,,,
4496,花蓮縣花蓮市富裕二街２３號二樓之三,,,
4497,花蓮縣吉安鄉太昌路１０６巷６號二樓之一,,,
4498,花蓮縣花蓮市富裕二街２３號三樓之六,,,
4499,花蓮縣花蓮市東興一街１１８巷３號,,,
4500,花蓮縣吉安鄉自立路二段３９巷８號,,,
4501,花蓮縣花蓮市北昌二街８巷９弄１２號五樓,,,
4502,花蓮縣花蓮市壽昌街５２號,,,
4503,花蓮縣花蓮市自強路５９４巷７號三樓之七,,,
4504,花蓮縣花蓮市民權二街１６之８號,,,
4505,花蓮縣花蓮市花崗街６２號三樓之一,,,
4506,花蓮縣花蓮市中山路３３１號,,,
4507,花蓮縣花蓮市民德一街７１號二樓之一,,,
4508,花蓮縣花蓮市榮正街２０４巷６號,,,
4510,花蓮縣吉安鄉華城三街５８號,,,
4511,花蓮縣花蓮市德安四街２號之１五樓,,,
4512,花蓮縣吉安鄉海岸路５８６號,,,
4513,花蓮縣吉安鄉慶北二街５１４巷１弄１號,,,
4515,花蓮縣吉安鄉南海三街１５８巷１４號,,,
4516,花蓮縣花蓮市國福街１８６巷２５號,,,
4517,花蓮縣吉安鄉勝安二街３０巷９弄６２號,,,
4518,花蓮縣花蓮市東興二街１５１號六樓之五,,,
4519,花蓮縣花蓮市富裕二街２３號二樓之六,,,
4521,花蓮縣花蓮市國盛五街８８號,,,
4522,花蓮縣花蓮市和平路４９３巷１９號四樓之三,,,
4523,花蓮縣花蓮市富裕二街２３號五樓之十,,,
4524,花蓮縣吉安鄉慶豐六街１４７號,,,
4526,花蓮縣花蓮市北昌二街８巷９弄１２號二樓,,,
4528,花蓮縣吉安鄉中山路三段３２５號,,,
4530,花蓮縣花蓮市國富二十七街１２號,,,
4531,花蓮縣花蓮市建中街３５巷２６號,,,
4532,花蓮縣花蓮市介林九街１之３５號,,,
4533,花蓮縣吉安鄉昌隆三街１１１號十樓之二,,,
4534,花蓮縣花蓮市新港街７３之１號,,,
4535,花蓮縣花蓮市新港街７３號,,,
4536,花蓮縣吉安鄉東海十街１５６巷２１之１號七樓之一,,,
4537,花蓮縣吉安鄉昌隆三街９３號,,,
4538,花蓮縣吉安鄉廣賢一街２１９號,,,
4539,花蓮縣花蓮市富裕二街２３號二樓之八,,,
4540,花蓮縣花蓮市富裕二街２３號五樓之七,,,
4541,花蓮縣吉安鄉東里七街２２巷４號,,,
4543,花蓮縣吉安鄉中華路二段１８１號,,,
4546,花蓮縣花蓮市光復街２５號,,,
4547,花蓮縣花蓮市中興路２５２之１號一樓,,,
4548,花蓮縣吉安鄉荳蘭三街６０號,,,
4552,花蓮縣花蓮市富裕二街２３號五樓之六,,,
4553,花蓮縣花蓮市國盛一街６６巷２之５號三樓,,,
4554,花蓮縣吉安鄉慶南一街１９９號二樓之一,,,
4555,花蓮縣花蓮市球崙街２６號,,,
4556,花蓮縣吉安鄉慶豐六街１４１號,,,
4557,花蓮縣花蓮市商校街１９５號三樓之二,,,
4558,花蓮縣花蓮市莊敬路１５８之１號三樓之一,,,
4559,花蓮縣吉安鄉華工六路６０巷４３號四樓之三,,,
4560,花蓮縣吉安鄉中山路二段４１號,,,
4562,花蓮縣花蓮市化道路４７號,,,
4563,花蓮縣花蓮市延平街１４８巷２０之２號,,,
4564,花蓮縣花蓮市北濱街３０巷１２號,,,
4566,花蓮縣花蓮市和平路５３５巷２號,,,
4568,花蓮縣吉安鄉昌隆三街１１３號九樓之六,,,
4570,花蓮縣花蓮市富裕二街２３號二樓之二,,,
4571,花蓮縣吉安鄉南埔十六街７９巷６號,,,
4572,花蓮縣花蓮市莊敬路２０８號,,,
4573,花蓮縣花蓮市富裕二街２３號五樓之三,,,
4574,花蓮縣花蓮市富裕二街２３號五樓之五,,,
4575,花蓮縣花蓮市富裕二街２３號五樓之八,,,
4576,花蓮縣花蓮市富裕二街２３號四樓之十,,,
4577,花蓮縣花蓮市中山路１４２之６號,,,
4578,花蓮縣花蓮市富裕五街８６號,,,
4579,花蓮縣花蓮市介林四街３９號,,,
4580,花蓮縣花蓮市國興三街８７號,,,
4582,花蓮縣吉安鄉吉昌一街１９４巷２號,,,
4583,花蓮縣花蓮市中山路１８之１號六樓之一,,,
4584,花蓮縣吉安鄉廣賢一街２３９巷２弄５號,,,
4586,花蓮縣花蓮市南濱路３２號,,,
4588,花蓮縣花蓮市永興路３１號,,,
4590,花蓮縣花蓮市富裕一街１６９號二樓之一,,,
4591,花蓮縣花蓮市忠義一街３０號,,,
4593,花蓮縣花蓮市國盛六街５３號二樓之三,,,
4594,花蓮縣花蓮市林森路２４３巷３１號,,,
4595,花蓮縣花蓮市中美路５之１５號,,,
4596,花蓮縣吉安鄉荳蘭七街１０號,,,
4597,花蓮縣吉安鄉南山二街５７號,,,
4598,花蓮縣吉安鄉昌隆三街７７號三樓,,,
4602,花蓮縣吉安鄉慶北三街５１１號,,,
4603,花蓮縣吉安鄉仁里四街１９０號,,,
4604,花蓮縣花蓮市中美一街１２號,,,
4605,花蓮縣花蓮市東興一街７９巷２２號九樓之二,,,
4606,花蓮縣吉安鄉昌隆三街１１５號七樓之一,,,
4607,花蓮縣花蓮市化道路６１號,,,
4611,花蓮縣花蓮市中美路６５號,,,
4612,花蓮縣花蓮市民德四街２之１號四樓之一,,,
4613,花蓮縣花蓮市菁華街４巷１之２號四樓之三,,,
4615,花蓮縣花蓮市菁華街４巷１之２號五樓之三,,,
4617,花蓮縣吉安鄉慶南一街１０７號,,,
4619,花蓮縣花蓮市民德四街２之１號六樓之二,,,
4621,花蓮縣花蓮市國盛三街５１巷６之１號二樓,,,
4622,花蓮縣花蓮市民德四街２之１號,,,
4623,花蓮縣吉安鄉昌隆三街１１５號一樓之三,,,
4624,花蓮縣花蓮市菁華街４巷１之２號三樓之一,,,
4625,花蓮縣花蓮市介林五街１８６號三樓之一,,,
4626,花蓮縣吉安鄉福興五街３８２號,,,
4627,花蓮縣吉安鄉福興五街３８８號,,,
4628,花蓮縣吉安鄉福德街７２號,,,
4629,花蓮縣花蓮市菁華街４巷１之２號六樓之二,,,
4630,花蓮縣花蓮市富裕二街２３號五樓之九,,,
4631,花蓮縣吉安鄉福德街７６號,,,
4632,花蓮縣吉安鄉福興五街３８０號,,,
4633,花蓮縣花蓮市富裕二街２３號五樓之二,,,
4634,花蓮縣花蓮市富裕二街２３號三樓之五,,,
4635,花蓮縣花蓮市富裕二街２３號三樓之十,,,
4636,花蓮縣花蓮市富裕二街２３號三樓之二,,,
4637,花蓮縣花蓮市富裕二街２３號四樓之二,,,
4638,花蓮縣花蓮市富裕二街２３號三樓之一,,,
4639,花蓮縣花蓮市富裕二街２３號二樓之五,,,
4640,花蓮縣花蓮市富裕二街２３號四樓之三,,,
4641,花蓮縣花蓮市富裕二街２３號四樓之七,,,
4642,花蓮縣花蓮市富裕二街２３號四樓之六,,,
4643,花蓮縣花蓮市富裕二街２３號四樓之八,,,
4644,花蓮縣花蓮市富裕二街２３號三樓之三,,,
4645,花蓮縣吉安鄉福興五街３８６號,,,
4647,花蓮縣花蓮市富裕二街２３號二樓之十,,,
4648,花蓮縣花蓮市富裕二街２３號二樓之九,,,
4649,花蓮縣花蓮市富裕二街２３號三樓之九,,,
4650,花蓮縣花蓮市富裕二街２３號三樓之七,,,
4651,花蓮縣花蓮市富裕二街２３號四樓之九,,,
4652,花蓮縣吉安鄉昌隆三街１１５號四樓之三,,,
4653,花蓮縣花蓮市介林五街１８６號二樓之二,,,
4654,花蓮縣花蓮市介林五街１８６號四樓之一,,,
4655,花蓮縣花蓮市介林五街１８６號三樓之三,,,
4656,花蓮縣吉安鄉昌隆三街１１５號一樓之一,,,
4657,花蓮縣花蓮市菁華街４巷１之２號二樓之二,,,
4658,花蓮縣花蓮市菁華街４巷１之２號二樓之一,,,
4659,花蓮縣花蓮市菁華街４巷１之２號二樓之三,,,
4660,花蓮縣吉安鄉昌隆三街１１３號一樓之二,,,
4661,花蓮縣吉安鄉昌隆三街１１５號九樓之三,,,
4662,花蓮縣花蓮市菁華街４巷１之２號四樓之一,,,
4663,花蓮縣花蓮市富裕二街９５號五樓之三,,,
4665,花蓮縣花蓮市菁華街４巷１之２號三樓之五,,,
4666,花蓮縣吉安鄉昌隆三街１１３號一樓之一,,,
4667,花蓮縣花蓮市民德四街２之１號三樓之一,,,
4668,花蓮縣吉安鄉昌隆三街１１１號九樓之一,,,
4669,花蓮縣花蓮市民德四街２之１號三樓之二,,,
4670,花蓮縣花蓮市民德四街２之１號四樓之二,,,
4671,花蓮縣吉安鄉昌隆三街１１５號五樓之一,,,
4672,花蓮縣花蓮市民德四街２之１號二樓之二,,,
4673,花蓮縣花蓮市民德四街２之１號六樓之一,,,
4674,花蓮縣花蓮市民德四街２之１號五樓之一,,,
4675,花蓮縣花蓮市民德四街２之１號七樓之二,,,
4676,花蓮縣吉安鄉昌隆三街１１５號五樓之二,,,
4677,花蓮縣吉安鄉昌隆三街１１５號二樓之一,,,
4678,花蓮縣吉安鄉昌隆三街１１５號六樓之二,,,
4679,花蓮縣吉安鄉昌隆三街１１３號六樓之六,,,
4680,花蓮縣吉安鄉昌隆三街１１３號五樓之二,,,
4681,花蓮縣吉安鄉昌隆三街１０３號,,,
4682,花蓮縣吉安鄉昌隆三街９５號,,,
4683,花蓮縣吉安鄉昌隆三街１１５號七樓之三,,,
4684,花蓮縣吉安鄉昌隆三街１１５號六樓之三,,,
4685,花蓮縣吉安鄉昌隆三街１１５號七樓之二,,,
4688,花蓮縣吉安鄉中山路一段２２２號底一層樓,,,
4689,花蓮縣花蓮市國盛一街１９６之６號四樓,,,
4690,花蓮縣花蓮市國聯二路８３號十二樓之三,,,
4693,花蓮縣花蓮市長安街２７號十二樓之七,,,
4694,花蓮縣花蓮市重慶路４８６號十三樓之三,,,
4696,花蓮縣花蓮市國聯二路７１號七樓之六,,,
4698,花蓮縣花蓮市國民七街５１號十一樓之十三,,,
4699,花蓮縣花蓮市中美三街１０２號,,,
4700,花蓮縣花蓮市中興路２１３巷１５號,,,
4701,花蓮縣花蓮市重慶路４８６號十樓之二,,,
4702,花蓮縣花蓮市林森路２４３巷５３號,,,
4703,花蓮縣花蓮市國聯五路３號五樓之一,,,
4704,花蓮縣花蓮市府前路１０４號六樓之二,,,
4705,花蓮縣吉安鄉建國路二段４１巷１５號,,,
4706,花蓮縣花蓮市富裕十七街２５號六樓之七,,,
4707,花蓮縣花蓮市中央路三段７３０號五樓之十八,,,
4708,花蓮縣吉安鄉慶豐十一街２２９之１２號,,,
4709,花蓮縣花蓮市北濱街２號三樓之二,,,
4710,花蓮縣花蓮市中美九街２號七樓之三,,,
4711,花蓮縣花蓮市中美十二街７５號,,,
4712,花蓮縣花蓮市府前路２９６巷１５號五樓之二,,,
4713,花蓮縣花蓮市中和街１９１巷６號三樓,,,
4714,花蓮縣花蓮市國盛一街２０６之９號五樓,,,
4716,花蓮縣花蓮市德安二街６２號八樓,,,
4717,花蓮縣花蓮市康樂街５號五樓之一,,,
4718,花蓮縣花蓮市富安路９７號四樓之三,,,
4719,花蓮縣花蓮市國民七街５３號三樓之十二,,,
4720,花蓮縣花蓮市成功街４１號地下室之１,,,
4722,花蓮縣花蓮市豐村３４號,,,
4723,花蓮縣花蓮市國民七街５３號七樓之一,,,
4724,花蓮縣花蓮市府前路１５６號四樓之七,,,
4725,花蓮縣花蓮市府前路１５６號五樓之五,,,
4726,花蓮縣花蓮市上海街１３０號四樓之二,,,
4727,花蓮縣花蓮市國聯二路８３號七樓之一,,,
4729,花蓮縣花蓮市中興路４３巷２號十一樓之三,,,
4732,花蓮縣花蓮市自強路５８０號,,,
4733,花蓮縣花蓮市鎮國街１３號,,,
4734,花蓮縣花蓮市國盛四街５１號三樓之一,,,
4735,花蓮縣花蓮市自強路５８２號,,,
4736,花蓮縣花蓮市中和街２１７號十一樓之一,,,
4737,花蓮縣花蓮市國聯五路２之８號五樓之六,,,
4741,花蓮縣吉安鄉太昌路４９７號,,,
4742,花蓮縣吉安鄉民治路２７０之１１號四樓之三,,,
4743,花蓮縣花蓮市中美三街６６號二樓之五,,,
4745,花蓮縣花蓮市國民十二街４６號,,,
4746,花蓮縣吉安鄉仁里四街５號之１,,,
4748,花蓮縣花蓮市國民七街５１號十樓之七,,,
4749,花蓮縣花蓮市國興三街７９號五樓之一,,,
4750,花蓮縣花蓮市國興三街７９號五樓之二,,,
4752,花蓮縣花蓮市府前路１５６號四樓之一,,,
4753,花蓮縣吉安鄉宜昌六街３３號,,,
4754,花蓮縣花蓮市球崙二路２０９號三樓之二,,,
4756,花蓮縣吉安鄉文化一街７巷１弄１６號,,,
4757,花蓮縣花蓮市中央路三段６４６號,,,
4758,花蓮縣花蓮市國民八街６５號五樓之六,,,
4761,花蓮縣花蓮市中美十三街７８號四樓之七,,,
4762,花蓮縣花蓮市國盛二街２１３號九樓之一,,,
4763,花蓮縣吉安鄉中山路一段２２２號底一層樓,,,
4766,花蓮縣花蓮市中華路３２５之２１號,,,
4768,花蓮縣花蓮市北昌五街５２號六樓之五,,,
4769,花蓮縣花蓮市中華路３２５之２０號,,,
4770,花蓮縣花蓮市中央路四段４５０號四樓之一,,,
4771,花蓮縣花蓮市華西１２１之１號,,,
4772,花蓮縣吉安鄉明仁一街１８３巷９號,,,
4773,花蓮縣花蓮市國富十九街２巷４號,,,
4774,花蓮縣花蓮市國民十二街５３號五樓之二,,,
4776,花蓮縣花蓮市民德四街２之１６號五樓,,,
4777,花蓮縣花蓮市建興街１３７巷２４號,,,
4778,花蓮縣花蓮市中興路３２號六樓之七,,,
4779,花蓮縣花蓮市建華路９１之１５號,,,
4780,花蓮縣花蓮市富強路４８號七樓之七,,,
4781,花蓮縣吉安鄉福昌二街３號,,,
4782,花蓮縣花蓮市介林五街１８９號,,,
4783,花蓮縣花蓮市國盛四街１０６號三樓之五,,,
4784,花蓮縣花蓮市國盛八街１巷１號五樓,,,
4785,花蓮縣花蓮市國民七街５３號九樓之十五,,,
4786,花蓮縣花蓮市中央路四段４５０號三樓之二,,,
4787,花蓮縣吉安鄉華工六路６０巷３之１號,,,
4788,花蓮縣花蓮市德安四街２號三樓,,,
4789,花蓮縣花蓮市國盛四街１０６號七樓之七,,,
4790,花蓮縣吉安鄉全民街１２０號,,,
4792,花蓮縣花蓮市建昌路２０５巷５號,,,
4793,花蓮縣吉安鄉建國路二段１６７巷１８號二樓,,,
4794,花蓮縣花蓮市林森路２１７巷１弄３１號,,,
4795,花蓮縣花蓮市富裕七街１６號五樓之五,,,
4796,花蓮縣吉安鄉華工六路９０巷３２號,,,
4797,花蓮縣吉安鄉民治路２７０之１１號二樓之三,,,
4798,花蓮縣花蓮市壽昌街２９巷２６號,,,
4799,花蓮縣吉安鄉東里一街３８號,,,
4800,花蓮縣花蓮市建昌路１９７巷３４號二樓,,,
4801,花蓮縣花蓮市長安街２７號三樓之五,,,
4802,花蓮縣吉安鄉仁光１０７號,,,
4803,花蓮縣吉安鄉福興四街１７號,,,
4804,花蓮縣花蓮市莊敬路１５８之１號四樓之六,,,
4805,花蓮縣花蓮市德安二街６８巷１２號三樓,,,
4806,花蓮縣花蓮市府前路５０６之１號二樓,,,
4807,花蓮縣花蓮市上海街８１號六樓之三,,,
4808,花蓮縣吉安鄉吉昌三街２６８之２３號,,,
4809,花蓮縣花蓮市華德街５７巷１６號,,,
4810,花蓮縣花蓮市中華路２１２號二樓之三,,,
4811,花蓮縣花蓮市富裕七街１６號二樓之三,,,
4814,花蓮縣花蓮市中原路３９４巷２號四樓之一,,,
4815,花蓮縣花蓮市建和街２５巷４０號,,,
4816,花蓮縣花蓮市東興三街１３６號,,,
4817,花蓮縣花蓮市達固湖灣大路９２之３號,,,
4818,花蓮縣花蓮市林森路２６號,,,
4819,花蓮縣吉安鄉慶豐十街２３１號,,,
4821,花蓮縣花蓮市德安六街６５號四樓,,,
4822,花蓮縣吉安鄉吉昌二街２３６巷３２弄１號,,,
4824,花蓮縣吉安鄉吉興一街３７２巷３０號,,,
4825,花蓮縣吉安鄉南華四街１２５巷１６號五樓之一,,,
4826,花蓮縣花蓮市國民八街１０６號二樓之七,,,
4827,花蓮縣花蓮市中興路２號五樓之一,,,
4828,花蓮縣吉安鄉華城六街１２８號,,,
4830,花蓮縣吉安鄉慈惠四街１１８號,,,
4831,花蓮縣花蓮市莊敬路２８９號,,,
4832,花蓮縣花蓮市國富十三街９１之１０號,,,
4833,花蓮縣花蓮市國盛五街２號四樓之三,,,
4834,花蓮縣吉安鄉廣賢一街２３３號,,,
4835,花蓮縣花蓮市林園二街２８號五樓之一號,,,
4836,花蓮縣花蓮市國富十街２１０號五樓之一,,,
4838,花蓮縣吉安鄉全民街１２７號五樓,,,
4839,花蓮縣花蓮市福建街４０６號六樓之五,,,
4841,花蓮縣花蓮市華泰街８號,,,
4842,花蓮縣花蓮市中和街１８９巷７號五樓,,,
4843,花蓮縣花蓮市中山路１８之１號六樓之一,,,
4844,花蓮縣花蓮市中山路１９９之２號,,,
4845,花蓮縣花蓮市國盛一街１９３號,,,
4847,花蓮縣花蓮市建國路７５巷２８弄２７號,,,
4849,花蓮縣吉安鄉慈惠三街１０５巷１號,,,
4850,花蓮縣花蓮市建昌路３８號三樓之七,,,
4851,花蓮縣花蓮市自立路１０６號四樓,,,
4852,花蓮縣吉安鄉宜昌五街２３號,,,
4853,花蓮縣花蓮市重慶路４８６號三樓之七,,,
4854,花蓮縣花蓮市建興街１３７巷１３號,,,
4855,花蓮縣吉安鄉民治路３２９巷１８號,,,
4856,花蓮縣吉安鄉南海二街２３１巷４２號,,,
4857,花蓮縣花蓮市國民十一街１１巷１號三樓之十一,,,
4858,花蓮縣花蓮市國富二十街２５號,,,
4859,花蓮縣花蓮市中和街１８２號,,,
4860,花蓮縣吉安鄉昌隆三街７０號八樓,,,
4862,花蓮縣花蓮市福德三街６號,,,
4864,花蓮縣花蓮市國盛一街１９０號三樓２號３號,,,
4865,花蓮縣花蓮市華德街８巷１２號,,,
4866,花蓮縣花蓮市中和街２１４巷１２號,,,
4867,花蓮縣吉安鄉吉豐路三段６９１號,,,
4868,花蓮縣花蓮市國富十二街１６號三樓之二,,,
4869,花蓮縣花蓮市建國路二段２６８巷４７號,,,
4870,花蓮縣吉安鄉光華三街２１２巷１２之１號,,,
4871,花蓮縣花蓮市建昌路１９７巷３０號二樓,,,
4872,花蓮縣花蓮市延平街９０號四樓之二,,,
4873,花蓮縣花蓮市中央路四段３１８號,,,
4874,花蓮縣吉安鄉南埔十三街１７６號,,,
4875,花蓮縣吉安鄉海濱８２號,,,
4876,花蓮縣花蓮市中興路２１５之３號,,,
4877,花蓮縣吉安鄉明仁二街１７７巷１１號,,,
4878,花蓮縣花蓮市中山路１８之３號三樓之一,,,
4879,花蓮縣花蓮市北濱街４１號,,,
4880,花蓮縣花蓮市中華路１１７號,,,
4881,花蓮縣花蓮市中華路１１７號,,,
4882,花蓮縣花蓮市中華路１１７號,,,
4883,花蓮縣吉安鄉海岸路１７３號,,,
4884,花蓮縣花蓮市國富十街１４７號,,,
4885,花蓮縣花蓮市中美十三街７８之１號,,,
4886,花蓮縣花蓮市國富十三街１１０號,,,
4887,花蓮縣花蓮市府前路３００號,,,
4888,花蓮縣花蓮市榮正街１２５巷１之２２號,,,
4889,花蓮縣花蓮市球崙二路９６巷２２號,,,
4890,花蓮縣花蓮市中正路４２３號,,,
4891,花蓮縣吉安鄉中正路一段１５８巷２３號,,,
4892,花蓮縣花蓮市北昌五街９３號五樓之二,,,
4893,花蓮縣花蓮市民族路１號七樓之九,,,
4894,花蓮縣花蓮市明心街１９號,,,
4895,花蓮縣吉安鄉民治路２８２號八樓之五,,,
4896,花蓮縣花蓮市國盛二街６３號二樓之五,,,
4900,花蓮縣花蓮市國聯五路１３１號七樓之六,,,
4903,花蓮縣花蓮市國民十一街１１巷１號三樓之八,,,
4904,花蓮縣花蓮市精美路３７號,,,
4905,花蓮縣花蓮市國盛二街６３號二樓之二,,,
4906,花蓮縣花蓮市福建街７１巷６號,,,
4907,花蓮縣花蓮市中央路三段７３０號九樓之十,,,
4908,花蓮縣吉安鄉文化二街１３０號,,,
4909,花蓮縣花蓮市東興二街３３號四樓之三,,,
4911,花蓮縣花蓮市南京街２０３號十樓之一,,,
4912,花蓮縣吉安鄉昌隆五街１７巷１號,,,
4913,花蓮縣吉安鄉慶北三街５４５巷１０號,,,
4914,花蓮縣花蓮市國聯二路７１號十二樓之一,,,
4916,花蓮縣花蓮市民權路１７７巷５號,,,
4917,花蓮縣吉安鄉中山路一段９１巷６號,,,
4918,花蓮縣花蓮市光復街８３號三樓之一,,,
4919,花蓮縣花蓮市長安街２７號十一樓之六,,,
4920,花蓮縣花蓮市富裕十六街３８號,,,
4922,花蓮縣吉安鄉中華路二段９３號十一樓之三,,,
4923,花蓮縣花蓮市化道路５７號四樓之一號,,,
4924,花蓮縣花蓮市中美十街９６號五樓之二,,,
4926,花蓮縣花蓮市國興五街１０３號,,,
4927,花蓮縣花蓮市中正路２６０號六樓之二,,,
4928,花蓮縣花蓮市國興四街２６號三樓之二,,,
4929,花蓮縣花蓮市國聯五路２８０之３號,,,
4931,花蓮縣花蓮市民樂三街２號六樓之五,,,
4932,花蓮縣花蓮市光復街９５之１０號,,,
4934,花蓮縣花蓮市國盛四街５１號四樓之九,,,
4935,花蓮縣花蓮市府前路２９６巷１４之１號,,,
4936,花蓮縣花蓮市中正路２６６號四樓之二,,,
4937,花蓮縣花蓮市中華路４９８巷１弄１２號,,,
4938,花蓮縣花蓮市中順街４５巷１６號三樓之十,,,
4939,花蓮縣花蓮市和平路４２７號,,,
4940,花蓮縣花蓮市民享一街４４號,,,
4941,花蓮縣花蓮市德安二街１０號,,,
4942,花蓮縣花蓮市國民八街５號十樓之一,,,
4943,花蓮縣花蓮市福光街３５１號,,,
4944,花蓮縣花蓮市北昌四街３３號六樓之一,,,
4945,花蓮縣花蓮市國聯五路１３１號二樓之八,,,
4946,花蓮縣花蓮市國盛一街１６８號七樓之三,,,
4947,花蓮縣花蓮市建和街２８巷１號,,,
4949,花蓮縣吉安鄉北昌一街１５巷１１３之１號,,,
4950,花蓮縣花蓮市東興路３５９巷１號三樓之五,,,
4951,花蓮縣吉安鄉明仁一街１７９號,,,
4952,花蓮縣花蓮市林森路２４３巷２８號,,,
4953,花蓮縣吉安鄉南海二街１９３巷１號,,,
4954,花蓮縣花蓮市富裕三街５２號三樓之二,,,
4955,花蓮縣吉安鄉東海一街１３６巷１８號,,,
4956,花蓮縣吉安鄉福德街４２號,,,
4957,花蓮縣花蓮市林森路３１５巷７４號,,,
4959,花蓮縣吉安鄉東海三街２號二樓,,,
4960,花蓮縣花蓮市國盛五街２號四樓之三,,,
4961,花蓮縣吉安鄉仁光１１號,,,
4962,花蓮縣花蓮市林森路３１５巷１７號四樓之一,,,
4963,花蓮縣吉安鄉吉祥七街７３巷９號,,,
4964,花蓮縣花蓮市中興路４３巷２號九樓之三,,,
4965,花蓮縣花蓮市富國路１４號七樓之一,,,
4968,花蓮縣花蓮市忠孝街３９巷４號,,,
4969,花蓮縣吉安鄉昌隆二街１０７號六樓,,,
4970,花蓮縣花蓮市華泰街１號四樓之二,,,
4971,花蓮縣花蓮市中華路４８號,,,
4972,花蓮縣花蓮市國民二街２０號,,,
4973,花蓮縣花蓮市中福路１１１號,,,
4974,花蓮縣吉安鄉中山路三段４２之１號,,,
4975,花蓮縣花蓮市國聯二路８３號五樓之一,,,
4977,花蓮縣花蓮市國民一街１２號四樓之二,,,
4978,花蓮縣花蓮市莊敬路１５８之１號七樓之三,,,
4979,花蓮縣吉安鄉自立路二段７５巷５８號,,,
4981,花蓮縣花蓮市國興四街２６號四樓之一,,,
4984,花蓮縣花蓮市國民七街５３號十一樓之十二,,,
4985,花蓮縣吉安鄉仁里九街２３之１號,,,
4986,花蓮縣花蓮市國盛二街１１８之９號三樓,,,
4987,花蓮縣花蓮市國興一街９５號四樓之十六,,,
4989,花蓮縣吉安鄉昌隆二街１０１號五樓,,,
4990,花蓮縣花蓮市國民八街６３號三樓之八,,,
4991,花蓮縣花蓮市中正路１５３巷１４號,,,
4992,花蓮縣花蓮市國聯四路５２之３號,,,
4993,花蓮縣花蓮市中美三街８８之１號,,,
4994,花蓮縣花蓮市華廈街１８號,,,
4995,花蓮縣花蓮市民權路１８９之１號,,,
4996,花蓮縣吉安鄉海岸路２４２之１號,,,
4997,花蓮縣吉安鄉慶北三街５３１號,,,
4998,花蓮縣花蓮市德安二街３１號,,,
4999,花蓮縣花蓮市光復街９５之９號,,,
5000,花蓮縣吉安鄉全民街６７號三樓,,,
5001,花蓮縣花蓮市東興二街３３號六樓之三,,,
5002,花蓮縣花蓮市國民七街５１號三樓之九,,,
5003,花蓮縣吉安鄉南海二街１９３巷３號,,,
5004,花蓮縣吉安鄉中正路二段２５０巷２弄２０號,,,
5005,花蓮縣花蓮市國民五街５３之３號,,,
5006,花蓮縣花蓮市民光１６１號,,,
5007,花蓮縣花蓮市國民九街１６號,,,
5008,花蓮縣花蓮市中美三街２３巷１０號二樓,,,
5009,花蓮縣花蓮市國興一街９５號五樓之十五,,,
5010,花蓮縣吉安鄉南海八街２１０巷１７號,,,
5011,花蓮縣花蓮市建林街１３０號,,,
5012,花蓮縣吉安鄉全民街８５號四樓,,,
5014,花蓮縣吉安鄉南海五街８１巷４號,,,
5015,花蓮縣花蓮市國興一街９５號三樓之五,,,
5016,花蓮縣花蓮市中正路２６２號七樓之一,,,
5017,花蓮縣花蓮市化道路１之１號,,,
5020,花蓮縣吉安鄉明義五街３３號,,,
5021,花蓮縣花蓮市中正路１８４巷２７號,,,
5022,花蓮縣吉安鄉荳蘭五街１巷１３號,,,
5023,花蓮縣吉安鄉全民街６５號,,,
5025,花蓮縣花蓮市莊敬路５５號,,,
5026,花蓮縣吉安鄉廣賢一街２３９巷１弄３號,,,
5027,花蓮縣吉安鄉慶豐五街１３５號,,,
5028,花蓮縣花蓮市沙基拉雅街３９巷３０弄４５號,,,
5029,花蓮縣花蓮市中央路三段６１５號,,,
5030,花蓮縣花蓮市國盛五街６８號六樓之十,,,
5031,花蓮縣花蓮市公正街３７號十一樓之九,,,
5032,花蓮縣吉安鄉中正路一段１５８巷１５號,,,
5033,花蓮縣花蓮市中和街２１５號十二樓之一,,,
5034,花蓮縣吉安鄉仁里三街１７巷５號,,,
5036,花蓮縣吉安鄉慶南一街１３３號,,,
5037,花蓮縣花蓮市建華路９１之２０號,,,
5038,花蓮縣吉安鄉全民街１１２號五樓,,,
5039,花蓮縣花蓮市自由街８６號,,,
5042,花蓮縣吉安鄉中山路三段１１６號四樓之一,,,
5043,花蓮縣花蓮市富裕五街１６９巷５號,,,
5044,花蓮縣吉安鄉吉祥六街５６號,,,
5045,花蓮縣花蓮市國聯四路８３號二樓之六,,,
5046,花蓮縣吉安鄉自強路２８０號,,,
5047,花蓮縣吉安鄉全民街１０１號五樓,,,
5048,花蓮縣吉安鄉南埔四街１１４巷１６號三樓之二,,,
5049,花蓮縣吉安鄉慈惠四街２３６巷９號,,,
5050,花蓮縣花蓮市鎮國街６６巷３９號,,,
5051,花蓮縣花蓮市忠孝街５０號,,,
5052,花蓮縣吉安鄉自立路二段７５巷６６號,,,
5053,花蓮縣吉安鄉自立路二段７５巷６２號,,,
5054,花蓮縣花蓮市長安街２７號五樓之九,,,
5055,花蓮縣吉安鄉中央路三段６３巷４５弄３號,,,
5056,花蓮縣吉安鄉慶豐十三街１４０巷１號,,,
5057,花蓮縣花蓮市介林三街２６號,,,
5058,花蓮縣吉安鄉慶豐十街１２０巷１號,,,
5059,花蓮縣吉安鄉中華路二段９３號八樓之一,,,
5060,花蓮縣吉安鄉吉祥一街７號,,,
5061,花蓮縣吉安鄉慈惠二街７２巷６號,,,
5062,花蓮縣花蓮市上海街１４６號,,,
5064,花蓮縣吉安鄉北昌一街１５巷１１１之１號,,,
5065,花蓮縣花蓮市化道路１８之１號,,,
5066,花蓮縣花蓮市國興四街２６號五樓之三,,,
5068,花蓮縣花蓮市林森路７８號,,,
5069,花蓮縣吉安鄉吉昌三街２５９號,,,
5070,花蓮縣花蓮市長安街２６號十五樓之三,,,
5071,花蓮縣花蓮市國盛四街５３號三樓之九,,,
5072,花蓮縣花蓮市國民七街５１號九樓之三,,,
5074,花蓮縣花蓮市明心街２３號五樓之一,,,
5075,花蓮縣花蓮市榮正街７８巷３之２４號四樓,,,
5076,花蓮縣花蓮市林森路２３６之４１號,,,
5077,花蓮縣吉安鄉中山路三段５７３號,,,
5078,花蓮縣花蓮市國民七街５１號八樓之十二,,,
5079,花蓮縣花蓮市中興路１１５之４４號,,,
5080,花蓮縣吉安鄉南華四街１２５巷１６之１號,,,
5081,花蓮縣花蓮市海岸路１１號,,,
5082,花蓮縣吉安鄉福興三街４８巷９號,,,
5083,花蓮縣花蓮市福建街３４８號,,,
5084,花蓮縣吉安鄉太昌路６２１之１號,,,
5087,花蓮縣花蓮市華德街５６巷８號,,,
5088,花蓮縣花蓮市富裕十六街３１號三樓,,,
5089,花蓮縣吉安鄉太昌路６１１號,,,
5090,花蓮縣花蓮市國聯二路７１號七樓之九,,,
5091,花蓮縣吉安鄉文化十三街１８號二樓之二,,,
5092,花蓮縣吉安鄉南山五街１１６號五樓之二,,,
5093,花蓮縣花蓮市中美路５之５號,,,
5094,花蓮縣吉安鄉全民街５７號五樓,,,
5095,花蓮縣花蓮市介仁街８６號,,,
5096,花蓮縣吉安鄉延平街２０５號,,,
5097,花蓮縣花蓮市國聯二路７１號十二樓之六,,,
5098,花蓮縣花蓮市豐村６２之３號,,,
5099,花蓮縣花蓮市豐村１３３之３號,,,
5100,花蓮縣花蓮市中央路三段７２０巷５號七樓之一,,,
5101,花蓮縣吉安鄉中山路三段２１９號,,,
5102,花蓮縣花蓮市國盛四街５５號四樓之五,,,
5103,花蓮縣花蓮市府前路３７號,,,
5104,花蓮縣花蓮市美工六街３８號,,,
5105,花蓮縣花蓮市中美一街３１號四樓之一,,,
5106,花蓮縣花蓮市壽昌街２９巷２６號,,,
5107,花蓮縣花蓮市國民八街５號六樓之八,,,
5108,花蓮縣吉安鄉自立路二段７５巷５８號,,,
5109,花蓮縣花蓮市民權路１５１號,,,
5110,花蓮縣花蓮市建華路１６巷２號,,,
5111,花蓮縣花蓮市商校街１４７號二樓,,,
5113,花蓮縣吉安鄉仁里五街７１號,,,
5114,花蓮縣吉安鄉中山路一段２２２號十五樓之七,,,
5115,花蓮縣花蓮市國富十九街２巷１號,,,
5116,花蓮縣花蓮市林園二街２８號三樓之一,,,
5117,花蓮縣花蓮市府前路４８２之３號四樓之一,,,
5119,花蓮縣花蓮市建昌路１４０巷９號,,,
5120,花蓮縣吉安鄉南海八街２１０巷１７號,,,
5121,花蓮縣花蓮市國盛四街１１６號三樓之九,,,
5122,花蓮縣吉安鄉南埔十三街１０號,,,
5123,花蓮縣吉安鄉勝安二街１５５號五樓,,,
5124,花蓮縣吉安鄉民治路２８２號三樓之七,,,
5125,花蓮縣花蓮市府前路１０４號三樓之五,,,
5126,花蓮縣花蓮市中山路１８之２號,,,
5127,花蓮縣花蓮市國盛八街１２１號四樓之七,,,
5128,花蓮縣吉安鄉昌隆六街６號三樓之一,,,
5129,花蓮縣花蓮市國興四街２６號四樓之三,,,
5130,花蓮縣花蓮市華興街１００號,,,
5131,花蓮縣花蓮市福建街４０６號六樓之三,,,
5132,花蓮縣花蓮市德安二街６８巷５８號八樓,,,
5133,花蓮縣花蓮市國興一街９５號五樓之十二,,,
5135,花蓮縣吉安鄉昌隆二街１０９號三樓,,,
5137,花蓮縣吉安鄉吉興路一段２３之７號,,,
5138,花蓮縣花蓮市德安六街７０號,,,
5139,花蓮縣花蓮市華廈街１８號六樓之一,,,
5141,花蓮縣花蓮市中央路三段７３０號九樓之十一,,,
5142,花蓮縣花蓮市國興四街２６號二樓之一,,,
5143,花蓮縣花蓮市民德一街５７號,,,
5144,花蓮縣吉安鄉南海四街２７０號,,,
5146,花蓮縣花蓮市國盛一街３６號,,,
5148,花蓮縣吉安鄉南海三街１５４號,,,
5149,花蓮縣花蓮市富裕十六街３７號六樓之五,,,
5150,花蓮縣花蓮市國興五街６３之２號七樓,,,
5151,花蓮縣花蓮市民權九街４９號五樓之一,,,
5152,花蓮縣花蓮市國民六街５０號二樓,,,
5153,花蓮縣花蓮市國民２８之２６號,,,
5154,花蓮縣花蓮市民權三街１３號,,,
5155,花蓮縣花蓮市民享二街３２號,,,
5156,花蓮縣花蓮市國興六街１１號二樓之二,,,
5157,花蓮縣花蓮市華興街４９號,,,
5158,花蓮縣花蓮市中興路２０６巷８號,,,
5159,花蓮縣花蓮市府前路３７之３號,,,
5160,花蓮縣花蓮市國盛一街１９８號,,,
5161,花蓮縣花蓮市華泰街１號四樓之一,,,
5162,花蓮縣吉安鄉和平路一段６７號,,,
5163,花蓮縣花蓮市中美三街２３巷７號二樓,,,
5165,花蓮縣花蓮市國富三街４０號,,,
5166,花蓮縣花蓮市國民七街５３號十二樓之三,,,
5167,花蓮縣花蓮市民權一街１２號三樓,,,
5168,花蓮縣吉安鄉建國路二段４１巷１５之２號,,,
5169,花蓮縣花蓮市中美十三街５２號四樓之十二,,,
5170,花蓮縣花蓮市仁愛街２５之１號,,,
5171,花蓮縣花蓮市中山路３３０號,,,
5172,花蓮縣吉安鄉南海四街２１９巷８號,,,
5173,花蓮縣花蓮市國興四街２６號三樓之一,,,
5174,花蓮縣花蓮市國興四街２６號五樓之一,,,
5175,花蓮縣花蓮市國興四街２６號二樓之二,,,
5176,花蓮縣花蓮市德安二街６８巷２２號十樓,,,
5177,花蓮縣花蓮市建昌路１１２巷１３號三樓,,,
5178,花蓮縣花蓮市莊敬路１５８之１號四樓之六,,,
5179,花蓮縣吉安鄉海岸路２３８之１號,,,
5180,花蓮縣吉安鄉慶北一街１５８巷１７號,,,
5181,花蓮縣花蓮市南京街２０３號四樓之十三,,,
5182,花蓮縣吉安鄉宜昌二街４３號,,,
5184,花蓮縣花蓮市中和街１９１巷５號三樓,,,
5185,花蓮縣花蓮市富裕十七街２號,,,
5186,花蓮縣吉安鄉南海二街２１４巷５號,,,
5190,花蓮縣花蓮市民享四街３號,,,
5191,花蓮縣花蓮市建國路二段８２８之３８號,,,
5192,花蓮縣花蓮市明心街２１號四樓之三,,,
5193,花蓮縣花蓮市國盛四街５１號七樓之一,,,
5194,花蓮縣花蓮市介林六街８７號,,,
5195,花蓮縣吉安鄉華工六路６０巷１之１號,,,
5196,花蓮縣吉安鄉吉昌一街２１９號,,,
5197,花蓮縣花蓮市中正路１１９巷１弄９號,,,
5200,花蓮縣花蓮市大同街９６之８號,,,
5201,花蓮縣花蓮市中美路２７５之２７號,,,
5202,花蓮縣吉安鄉華工六路６０巷３號,,,
5203,花蓮縣花蓮市國興四街２６號二樓之三,,,
5204,花蓮縣吉安鄉吉昌二街１９４巷２０號,,,
5205,花蓮縣花蓮市民生路２３號五樓之六,,,
5206,花蓮縣吉安鄉吉興路一段１９８號,,,
5207,花蓮縣吉安鄉吉興一街４１１巷４弄５號,,,
5215,花蓮縣吉安鄉南海四街２４６巷３弄２２號,,,
5216,花蓮縣吉安鄉宜昌五街３５號,,,
5217,花蓮縣吉安鄉海岸路１３號三樓之二,,,
5218,花蓮縣吉安鄉全民街２７號,,,
5219,花蓮縣花蓮市國盛一街１９２號,,,
5220,花蓮縣花蓮市和平路１７８巷１１號,,,
5222,花蓮縣吉安鄉太昌路１６０巷４號,,,
5223,花蓮縣吉安鄉慶豐九街２８３號四樓之一,,,
5224,花蓮縣花蓮市中原路３６９號,,,
5225,花蓮縣花蓮市林森路２３８號,,,
5226,花蓮縣吉安鄉建國路一段７３號,,,
5227,花蓮縣吉安鄉中山路三段９４９號,,,
5228,花蓮縣花蓮市重慶路３９８巷６號,,,
5229,花蓮縣花蓮市國盛二街２８１之３號,,,
5230,花蓮縣花蓮市府前路４０８巷１４號,,,
5231,花蓮縣花蓮市中興路２３１號八樓之五,,,
5232,花蓮縣花蓮市福建街３５２號,,,
5233,花蓮縣花蓮市民德一街１９９巷３之３號,,,
5234,花蓮縣花蓮市國富九街１９號,,,
5235,花蓮縣花蓮市府前路２９６巷２０號,,,
5237,花蓮縣花蓮市福德三街１０號,,,
5238,花蓮縣花蓮市福光街３５３巷３２弄１１號,,,
5239,花蓮縣吉安鄉建國路一段８１號,,,
5240,花蓮縣花蓮市國富十一街２１號,,,
5241,花蓮縣花蓮市民德一街８８號,,,
5242,花蓮縣花蓮市菁華街４巷１弄２號二樓之六,,,
5243,花蓮縣花蓮市林森路２９３巷３號,,,
5244,花蓮縣花蓮市林森路２９３巷３之１號,,,
5245,花蓮縣花蓮市國盛一街２３４號五樓之三,,,
5247,花蓮縣吉安鄉南埔八街２０５巷１６號六樓之二,,,
5249,花蓮縣花蓮市富陽路３８號十一樓之一,,,
5250,花蓮縣吉安鄉南山二街３３號,,,
5251,花蓮縣吉安鄉東里九街２８號二樓,,,
5253,花蓮縣花蓮市中美一街２０號二樓之一,,,
5256,花蓮縣吉安鄉吉昌三街２０２號,,,
5258,花蓮縣花蓮市富裕五街３６號十樓之一,,,
5260,花蓮縣花蓮市建國路７５巷１８號,,,
5262,花蓮縣吉安鄉吉興路三段６７號,,,
5263,花蓮縣花蓮市中山路４２２之７號,,,
5265,花蓮縣吉安鄉南埔八街２０５巷１６號六樓之一,,,
5267,花蓮縣吉安鄉南濱路一段５１０之１號,,,
5268,花蓮縣吉安鄉昌隆三街２５號,,,
5270,花蓮縣吉安鄉全民街１０５號四樓,,,
5271,花蓮縣花蓮市豐村３６之１１號,,,
5274,花蓮縣花蓮市忠孝街４９號,,,
5275,花蓮縣吉安鄉中山路二段７１號,,,
5276,花蓮縣吉安鄉福興路１９３巷２號,,,
5279,花蓮縣花蓮市國聯五路２３號,,,
5280,花蓮縣花蓮市中美十一街５７號,,,
5282,花蓮縣吉安鄉吉豐路三段６１９號,,,
5284,花蓮縣花蓮市信義街２０號,,,
5285,花蓮縣吉安鄉慈惠四街２３６巷１７弄１０號,,,
5286,花蓮縣花蓮市中山路３３３號,,,
5287,花蓮縣吉安鄉自立路二段７５巷６８號,,,
5288,花蓮縣花蓮市福建街２１６巷１０號,,,
5289,花蓮縣花蓮市明心街２１號五樓之一,,,
5290,花蓮縣花蓮市中和街２１７號七樓之三,,,
5292,花蓮縣吉安鄉自立路二段７５巷７０號,,,
5294,花蓮縣花蓮市壽昌街４７巷１２號,,,
5295,花蓮縣花蓮市明義街５３巷８之２號五樓,,,
5296,花蓮縣花蓮市國興四街２６號四樓之二,,,
5297,花蓮縣吉安鄉南埔四街１１４巷１６號五樓之一,,,
5298,花蓮縣吉安鄉吉興路三段６９號,,,
5299,花蓮縣花蓮市明義街５３巷８之２號二樓,,,
5300,花蓮縣花蓮市明義街５３巷８之２號三樓,,,
5301,花蓮縣花蓮市國興四街２６號三樓之三,,,
5303,花蓮縣吉安鄉南埔四街１１４巷１６號四樓之二,,,
5304,花蓮縣吉安鄉自立路二段７５巷５２號,,,
5305,花蓮縣吉安鄉自立路二段７５巷６０號,,,
5306,花蓮縣吉安鄉民治路２８２號三樓之二,,,
5307,花蓮縣花蓮市中原路３６７號,,,
5308,花蓮縣吉安鄉民治路２８２號五樓之三,,,
5309,花蓮縣吉安鄉南埔四街１１４巷１６號五樓之二,,,
5310,花蓮縣吉安鄉南埔四街１１４巷１６號三樓之一,,,
5311,花蓮縣吉安鄉南埔四街１１４巷１６號二樓之一,,,
5312,花蓮縣吉安鄉南埔四街１１４巷１６號二樓之二,,,
5313,花蓮縣花蓮市國興四街２６號五樓之二,,,
5314,花蓮縣吉安鄉南埔四街１１４巷１６號四樓之一,,,
5315,花蓮縣花蓮市重慶路４８６號八樓之六,,,
5316,花蓮縣花蓮市福建街３５０號,,,
5317,花蓮縣花蓮市福建街３４６號,,,
5318,花蓮縣花蓮市重慶路４８６號二樓之一,,,
5319,花蓮縣吉安鄉民治路２８２號七樓之二,,,
5320,花蓮縣花蓮市重慶路４８６號三樓之七,,,
5321,花蓮縣花蓮市重慶路４８６號六樓之七,,,
5322,花蓮縣花蓮市重慶路４８６號九樓之七,,,
5323,花蓮縣花蓮市重慶路４８６號十四樓之一,,,
5324,花蓮縣花蓮市重慶路４８６號十一樓之三,,,
5325,花蓮縣花蓮市重慶路４８６號十四樓之二,,,
5326,花蓮縣花蓮市重慶路４８６號十二樓之七,,,
5327,花蓮縣花蓮市重慶路４８６號三樓之六,,,
5328,花蓮縣花蓮市重慶路４８６號十五樓之一,,,
5329,花蓮縣花蓮市重慶路４８６號十五樓之五,,,
5330,花蓮縣花蓮市重慶路４８６號十五樓之二,,,
5331,花蓮縣花蓮市重慶路４８６號八樓之三,,,
5332,花蓮縣花蓮市重慶路４８６號十一樓之一,,,
5333,花蓮縣花蓮市重慶路４８６號十三樓之二,,,
5334,花蓮縣花蓮市重慶路４８６號五樓之七,,,
5335,花蓮縣花蓮市重慶路４８６號十一樓之七,,,
5336,花蓮縣花蓮市重慶路４８６號十二樓之一,,,
5337,花蓮縣花蓮市重慶路４８６號九樓之一,,,
5338,花蓮縣花蓮市重慶路４８６號七樓之七,,,
5339,花蓮縣花蓮市重慶路４８６號十樓之一,,,
5340,花蓮縣花蓮市重慶路４８６號十二樓之三,,,
5341,花蓮縣花蓮市重慶路４８６號四樓之七,,,
5342,花蓮縣花蓮市重慶路４８６號七樓之一,,,
5343,花蓮縣花蓮市重慶路４８６號十樓之七,,,
5344,花蓮縣花蓮市重慶路４８６號十二樓之五,,,
5345,花蓮縣花蓮市重慶路４８６號十二樓之六,,,
5346,花蓮縣花蓮市重慶路４８６號六樓之一,,,
5347,花蓮縣花蓮市重慶路４８６號十一樓之六,,,
5348,花蓮縣花蓮市重慶路４８６號九樓之五,,,
5349,花蓮縣花蓮市重慶路４８６號十三樓之一,,,
5350,花蓮縣花蓮市重慶路４８６號十三樓之五,,,
5351,花蓮縣花蓮市重慶路４８６號十樓之三,,,
5352,花蓮縣花蓮市重慶路４８６號十二樓之二,,,
5353,花蓮縣花蓮市重慶路４８６號十樓之六,,,
5354,花蓮縣花蓮市重慶路４８６號八樓之一,,,
5355,花蓮縣花蓮市重慶路４８６號九樓之三,,,
5356,花蓮縣花蓮市重慶路４８６號十樓之二,,,
5357,花蓮縣花蓮市重慶路４８６號九樓之二,,,
5358,花蓮縣花蓮市重慶路４８６號十一樓之二,,,
5359,花蓮縣花蓮市重慶路４８６號四樓之三,,,
5360,花蓮縣花蓮市重慶路４８６號四樓之六,,,
5361,花蓮縣花蓮市重慶路４８６號四樓之五,,,
5362,花蓮縣花蓮市重慶路４８６號七樓之三,,,
5363,花蓮縣花蓮市重慶路４８６號五樓之一,,,
5364,花蓮縣花蓮市重慶路４８６號八樓之二,,,
5365,花蓮縣花蓮市重慶路４８６號十三樓之三,,,
5366,花蓮縣花蓮市重慶路４８６號七樓之五,,,
5367,花蓮縣花蓮市重慶路４８６號十五樓之三,,,
5368,花蓮縣花蓮市重慶路４８６號五樓之三,,,
5369,花蓮縣花蓮市重慶路４８６號五樓之五,,,
5370,花蓮縣花蓮市重慶路４８６號七樓之二,,,
5371,花蓮縣花蓮市重慶路４８６號十樓之五,,,
5372,花蓮縣花蓮市重慶路４８６號十四樓之三,,,
5373,花蓮縣花蓮市重慶路４８６號四樓之一,,,
5374,花蓮縣花蓮市重慶路４８６號三樓之一,,,
5375,花蓮縣花蓮市重慶路４８６號三樓之五,,,
5376,花蓮縣花蓮市重慶路４８６號六樓之三,,,
5377,花蓮縣花蓮市重慶路４８６號八樓之五,,,
5378,花蓮縣花蓮市重慶路４８６號十一樓之五,,,
5379,花蓮縣花蓮市重慶路４８６號十四樓之五,,,
5380,花蓮縣花蓮市重慶路４８６號七樓之六,,,
5381,花蓮縣花蓮市重慶路４８６號九樓之六,,,
5382,花蓮縣花蓮市重慶路４８６號五樓之六,,,
5383,花蓮縣花蓮市重慶路４８６號八樓之七,,,
5384,花蓮縣花蓮市重慶路４８６號六樓之六,,,
5385,花蓮縣花蓮市重慶路４８６號五樓之二,,,
5386,花蓮縣花蓮市重慶路４８６號三樓之三,,,
5387,花蓮縣花蓮市重慶路４８６號三樓之二,,,
5388,花蓮縣花蓮市重慶路４８６號四樓之二,,,
5389,花蓮縣花蓮市重慶路４８６號六樓之二,,,
5390,花蓮縣花蓮市重慶路４８６號六樓之五,,,
5391,花蓮縣花蓮市重慶路４８６之７號,,,
5392,花蓮縣花蓮市重慶路４８６之６號,,,
5393,花蓮縣花蓮市重慶路４８６之５號,,,
5394,花蓮縣花蓮市重慶路４８６之３號,,,
5395,花蓮縣花蓮市重慶路４８６之２號,,,
5396,花蓮縣花蓮市重慶路４８６之１號,,,
5397,花蓮縣花蓮市莊敬路２８９號三樓之二,,,
5398,花蓮縣吉安鄉永吉一街５５號五樓之六,,,
5399,花蓮縣花蓮市國聯二路１０８之１號,,,
5400,花蓮縣花蓮市復興街４０之６號,,,
5402,花蓮縣吉安鄉吉祥七街８號,,,
5403,花蓮縣吉安鄉全民街３２號二樓,,,
5406,花蓮縣花蓮市國聯二路８３號八樓之八,,,
5408,花蓮縣吉安鄉民治路２巷１弄３０號,,,
5410,花蓮縣花蓮市中正路１６８巷１３弄８號,,,
5411,花蓮縣花蓮市中央路三段７３０號九樓之二二,,,
5412,花蓮縣花蓮市國民八街６３號六樓之二,,,
5413,花蓮縣花蓮市國盛六街５３號四樓之十六,,,
5414,花蓮縣花蓮市國盛四街１１６號五樓之一,,,
5415,花蓮縣花蓮市德安三街１３號二樓之六,,,
5416,花蓮縣花蓮市國民七街５１號五樓之二,,,
5417,花蓮縣花蓮市中美七街１０９號,,,
5418,花蓮縣吉安鄉吉昌二街２４７巷１０號,,,
5420,花蓮縣花蓮市鎮國街５４巷３６號,,,
5421,花蓮縣花蓮市長春街１１巷１７號五樓之一,,,
5423,花蓮縣花蓮市國盛四街１１６號三樓之十七,,,
5424,花蓮縣花蓮市國盛八街１２１號四樓之一,,,
5425,花蓮縣花蓮市富強路４８號五樓之十,,,
5426,花蓮縣吉安鄉中央路三段１９６號,,,
5427,花蓮縣花蓮市中山路１８之１號六樓之二,,,
5429,花蓮縣花蓮市明心街２３號五樓之五,,,
5430,花蓮縣花蓮市化道路８９巷２６號三樓之二,,,
5431,花蓮縣花蓮市民權路１０９之１號五樓,,,
5432,花蓮縣花蓮市北昌五街５７巷２號,,,
5433,花蓮縣花蓮市介林五街８１號,,,
5434,花蓮縣花蓮市國興一街９５號六樓之十六,,,
5435,花蓮縣花蓮市豐村１０５之３７號,,,
5436,花蓮縣花蓮市林森路２７３巷２２號,,,
5437,花蓮縣花蓮市國富十三街９號四樓之五,,,
5438,花蓮縣吉安鄉仁里一街１號八樓之五,,,
5439,花蓮縣花蓮市和平路２３５號,,,
5441,花蓮縣花蓮市林森路２４３巷３４號,,,
5442,花蓮縣花蓮市南京街１９１號七樓之二十一,,,
5443,花蓮縣吉安鄉明仁一街７３巷１０號,,,
5444,花蓮縣花蓮市國興一街９５號二樓之七,,,
5445,花蓮縣吉安鄉建國路一段１２１巷３９號二樓之二,,,
5447,花蓮縣吉安鄉南海三街３７巷８號,,,
5448,花蓮縣花蓮市仁愛街２７巷２號,,,
5449,花蓮縣吉安鄉吉興一街３７３巷５８弄６號,,,
5450,花蓮縣花蓮市介林五街２５９號,,,
5452,花蓮縣吉安鄉吉祥十二街３５號三樓之五,,,
5453,花蓮縣花蓮市豐村１１６之１６號,,,
5454,花蓮縣花蓮市民德四街２之９號十一樓,,,
5456,花蓮縣吉安鄉慈惠四街２６巷３號,,,
5457,花蓮縣吉安鄉知卡宣大道二段１６１號,,,
5460,花蓮縣吉安鄉慶南二街２００號,,,
5461,花蓮縣吉安鄉吉祥一街３５號十三樓之四,,,
5463,花蓮縣吉安鄉慈惠四街１７０巷１７弄２號,,,
5464,花蓮縣花蓮市德安六街１０５巷１號六樓之二,,,
5465,花蓮縣吉安鄉文化十三街１２號,,,
5467,花蓮縣花蓮市富強路１７號,,,
5468,花蓮縣吉安鄉中原路７０７號三樓,,,
5469,花蓮縣花蓮市國富六街３０號,,,
5470,花蓮縣吉安鄉吉昌一街６７巷１號,,,
5471,花蓮縣花蓮市民德一街２０７之１號,,,
5472,花蓮縣花蓮市民德四街３７巷１弄１１號二樓,,,
5473,花蓮縣花蓮市富裕二街１９１號,,,
5474,花蓮縣吉安鄉建國路一段１５５巷４３號,,,
5475,花蓮縣花蓮市德安一街１７８巷２弄２號,,,
5476,花蓮縣花蓮市中華路３１７巷４弄２０號,,,
5477,花蓮縣花蓮市莊敬路３１６號,,,
5478,花蓮縣吉安鄉民治路２８２號七樓之六,,,
5481,花蓮縣吉安鄉東海十街５８之１號二樓之二,,,
5482,花蓮縣花蓮市中興路６號十樓之一,,,
5483,花蓮縣花蓮市富裕六街２６號四樓之三,,,
5484,花蓮縣吉安鄉廣賢路一段３４９巷７號七樓,,,
5485,花蓮縣花蓮市國福街１１０巷３６號,,,
5486,花蓮縣花蓮市莊敬路１５８之１號七樓之一,,,
5487,花蓮縣花蓮市國民十二街５３號三樓之三,,,
5488,花蓮縣花蓮市中和街１９１巷２號二樓,,,
5489,花蓮縣花蓮市南京街５７巷１弄２號,,,
5490,花蓮縣花蓮市國興四街２６號二樓之三,,,
5491,花蓮縣吉安鄉勝安二街３０巷９弄１號,,,
5492,花蓮縣吉安鄉南山五街６９號,,,
5493,花蓮縣花蓮市北昌五街９６號五樓,,,
5495,花蓮縣吉安鄉中山路一段１１３巷２號,,,
5496,花蓮縣花蓮市建興街１１０巷４弄３６號,,,
5500,花蓮縣花蓮市民德四街１１５號,,,
5503,花蓮縣吉安鄉中山路三段１０７號,,,
5506,花蓮縣花蓮市中山路８２９號,,,
5507,花蓮縣花蓮市富陽路５２號四樓之二,,,
5508,花蓮縣花蓮市華廈街３６號之１,,,
5509,花蓮縣花蓮市建安街３２巷８號,,,
5510,花蓮縣吉安鄉自強路８９號,,,
5511,花蓮縣吉安鄉福興路２６０號,,,
5512,花蓮縣花蓮市建國路二段４７２巷１０號,,,
5513,花蓮縣花蓮市建興街１３７巷１５弄９號,,,
5514,花蓮縣花蓮市國聯二路８３號五樓之六,,,
5515,花蓮縣花蓮市國興三街７９號三樓之三,,,
5516,花蓮縣花蓮市中央路三段６５２號,,,
5519,花蓮縣花蓮市國民八街１０６號六樓之七,,,
5520,花蓮縣吉安鄉東海十四街２７號七樓之二,,,
5521,花蓮縣花蓮市榮正街３６巷３號,,,
5523,花蓮縣吉安鄉南海三街２０８巷９號,,,
5524,花蓮縣花蓮市中山路７２４巷１弄１２號,,,
5525,花蓮縣吉安鄉慶豐六街１７３號,,,
5526,花蓮縣花蓮市民權二街１６之１號,,,
5527,花蓮縣吉安鄉南海四街２１９巷１９號,,,
5529,花蓮縣花蓮市豐村９５之１２號,,,
5531,花蓮縣花蓮市化道路１２２號,,,
5532,花蓮縣花蓮市華興街４６號,,,
5533,花蓮縣吉安鄉建國路一段２３５號,,,
5534,花蓮縣花蓮市中央路四段４５０之１號,,,
5535,花蓮縣花蓮市國聯四路７９號,,,
5536,花蓮縣花蓮市北昌一街９７巷２７號三樓,,,
5537,花蓮縣吉安鄉東里一街３２號三樓之五,,,
5539,花蓮縣花蓮市南京街１９１號五樓之十三,,,
5541,花蓮縣花蓮市國民八街５號二樓之六,,,
5542,花蓮縣吉安鄉中正路一段４號,,,
5543,花蓮縣吉安鄉東里一街１４８號,,,
5544,花蓮縣花蓮市中美十一街１３號三樓之二,,,
5545,花蓮縣花蓮市福光街３５３巷３２弄６號,,,
5546,花蓮縣吉安鄉吉興一街３８９巷９號,,,
5547,花蓮縣花蓮市富陽路４１號,,,
5548,花蓮縣吉安鄉文化五街５４號二樓,,,
5549,花蓮縣花蓮市民德四街９號三樓之三,,,
5550,花蓮縣吉安鄉南埔八街５２號,,,
5551,花蓮縣吉安鄉福興路１６６巷５號,,,
5552,花蓮縣花蓮市國興六街２８巷１之１號四樓之二,,,
5553,花蓮縣花蓮市國興六街２８巷１之１號四樓之一,,,
5554,花蓮縣花蓮市國興六街２８巷１之１號二樓之一,,,
5555,花蓮縣花蓮市國興六街２８巷１之１號三樓之一,,,
5556,花蓮縣花蓮市國興六街２８巷１之１號二樓之二,,,
5557,花蓮縣花蓮市國興六街２８巷１之１號三樓之二,,,
5558,花蓮縣吉安鄉吉興路二段７０巷２號,,,
5559,花蓮縣花蓮市國富十一街２５巷４號,,,
5562,花蓮縣花蓮市國興三街７９號五樓之二,,,
5563,花蓮縣花蓮市東興二街３５號八樓之五,,,
5564,花蓮縣花蓮市林森路２１７巷１０號,,,
5565,花蓮縣花蓮市中興路５號七樓之三,,,
5566,花蓮縣吉安鄉文化十三街４２號,,,
5567,花蓮縣吉安鄉南海二街２１４巷１５號,,,
5568,花蓮縣花蓮市林森路２１７巷３３號,,,
5569,花蓮縣吉安鄉昌隆七街２２號,,,
5570,花蓮縣吉安鄉東海十四街２７號六樓之三,,,
5572,花蓮縣吉安鄉明仁一街１２９巷１號,,,
5573,花蓮縣花蓮市福建二街１４號,,,
5574,花蓮縣吉安鄉仁里四街９號,,,
5575,花蓮縣花蓮市富吉路５８之５號,,,
5576,花蓮縣花蓮市國聯一路１６號,,,
5578,花蓮縣花蓮市國興六街２８巷１之１號五樓之二,,,
5579,花蓮縣花蓮市國興六街２８巷１之１號五樓之一,,,
5580,花蓮縣花蓮市國興六街２８巷１之１號,,,
5582,花蓮縣花蓮市中強街９２號,,,
5583,花蓮縣花蓮市民族路１號七樓之十二,,,
5584,花蓮縣花蓮市富吉路７４號,,,
5585,花蓮縣花蓮市國民七街５１號八樓之二十六,,,
5586,花蓮縣花蓮市海濱街６號,,,
5589,花蓮縣吉安鄉中山路三段２４３號,,,
5590,花蓮縣花蓮市長安街４６巷１８號,,,
5591,花蓮縣吉安鄉東海十四街２７號七樓之三,,,
5593,花蓮縣花蓮市國富二街９５號二樓之一,,,
5594,花蓮縣吉安鄉慶豐九街２８３號二樓之二,,,
5595,花蓮縣花蓮市福建街２２２號,,,
5596,花蓮縣花蓮市中美五街２５巷９弄３號,,,
5597,花蓮縣花蓮市廣東街５５號,,,
5598,花蓮縣吉安鄉中正路一段１５８巷１２弄７號,,,
5599,花蓮縣吉安鄉南海四街２１９巷１１號,,,
5600,花蓮縣花蓮市豐村９５之３號,,,
5601,花蓮縣花蓮市中美十三街５５號四樓之二,,,
5602,花蓮縣花蓮市中美七街３９號五樓之六,,,
5603,花蓮縣吉安鄉吉安路二段３８７巷１１號,,,
5605,花蓮縣吉安鄉北昌一街２９號二樓之一,,,
5606,花蓮縣花蓮市中興路５號八樓之三,,,
5607,花蓮縣花蓮市富陽路３８號九樓之三,,,
5608,花蓮縣吉安鄉宜昌二街６３號,,,
5609,花蓮縣花蓮市國盛四街５１號四樓之二十四,,,
5611,花蓮縣吉安鄉勝安二街５８巷８號,,,
5612,花蓮縣花蓮市國民十二街４３號四樓之一,,,
5613,花蓮縣吉安鄉慈惠二街６５號三樓,,,
5615,花蓮縣花蓮市林森路２７３巷３弄５５號,,,
5617,花蓮縣花蓮市中美七街８４巷２號,,,
5619,花蓮縣吉安鄉永興七街９號四樓之二,,,
5620,花蓮縣花蓮市國富二街１０５號三樓之二,,,
5621,花蓮縣花蓮市長安街２７號八樓之一,,,
5623,花蓮縣吉安鄉慶豐二街６２號,,,
5624,花蓮縣花蓮市忠孝街３１號七樓,,,
5625,花蓮縣花蓮市民德一街７１號五樓之三,,,
5626,花蓮縣花蓮市建昌路１２１號之２,,,
5627,花蓮縣吉安鄉東海六街１４６之１號,,,
5628,花蓮縣花蓮市國民八街１０號,,,
5629,花蓮縣花蓮市國盛七街６７號,,,
5630,花蓮縣花蓮市中原路３７８號,,,
5632,花蓮縣吉安鄉永興七街７號三樓之二,,,
5633,花蓮縣吉安鄉南昌北路２７號四樓之五,,,
5634,花蓮縣花蓮市和平路３３６號六樓之九,,,
5635,花蓮縣花蓮市化道路８９巷２２號三樓之二,,,
5637,花蓮縣花蓮市林森路２９３巷１弄４３號,,,
5638,花蓮縣花蓮市府前路４０８巷１３號,,,
5639,花蓮縣花蓮市民光７５號,,,
5640,花蓮縣花蓮市商校街１６７號,,,
5641,花蓮縣花蓮市國盛一街７６號七樓之五,,,
5642,花蓮縣吉安鄉建國路一段１２１巷４６號,,,
5643,花蓮縣花蓮市府前路５２６巷１號三樓,,,
5644,花蓮縣吉安鄉太昌路３７２巷２０號,,,
5645,花蓮縣花蓮市長春街３２巷２弄２１號,,,
5646,花蓮縣花蓮市介仁街１號,,,
5648,花蓮縣花蓮市華安街３號,,,
5649,花蓮縣花蓮市國盛八街８９號三樓之五,,,
5650,花蓮縣吉安鄉慶豐六街１２９號,,,
5651,花蓮縣吉安鄉東海十四街２７號三樓之一,,,
5652,花蓮縣吉安鄉自立路二段５９號,,,
5653,花蓮縣花蓮市自由街１５０號七樓之一,,,
5654,花蓮縣花蓮市延平街１９３巷２３號,,,
5657,花蓮縣花蓮市國盛五街６８號四樓之二,,,
5658,花蓮縣吉安鄉明仁二街１７５巷２４號,,,
5659,花蓮縣花蓮市豐村７之３號四樓之一,,,
5660,花蓮縣花蓮市富陽路３８號四樓之五,,,
5661,花蓮縣花蓮市美工六街５０之２號,,,
5662,花蓮縣吉安鄉華工六路６２巷５８號,,,
5663,花蓮縣花蓮市國盛一街２１７號二樓之三,,,
5667,花蓮縣花蓮市國盛五街５３號三樓之二,,,
5668,花蓮縣吉安鄉文化二街６６號二樓之二,,,
5670,花蓮縣吉安鄉吉祥六街７５巷９號,,,
5671,花蓮縣吉安鄉南埔八街５３號,,,
5672,花蓮縣吉安鄉仁光３９號,,,
5673,花蓮縣吉安鄉吉安路一段２１巷１０號,,,
5674,花蓮縣吉安鄉東里十五街１２１巷１之５號,,,
5683,花蓮縣花蓮市國盛三街５１巷２之４號五樓,,,
5686,花蓮縣花蓮市民德二街８號,,,
5689,花蓮縣花蓮市富裕五街８８之１號,,,
5690,花蓮縣花蓮市中華路４９６號,,,
5691,花蓮縣吉安鄉干城一街２１１號,,,
5692,花蓮縣吉安鄉慈惠四街２３６巷２７弄１０號,,,
5693,花蓮縣吉安鄉中山路三段１１０號,,,
5694,花蓮縣花蓮市林森路２４３巷３８號,,,
5695,花蓮縣吉安鄉慶豐四街１４８號,,,
5696,花蓮縣吉安鄉海岸路１１號六樓之三,,,
5697,花蓮縣花蓮市自強路５０７巷１５號,,,
5698,花蓮縣吉安鄉華工六路６０巷４３號七樓之二,,,
5699,花蓮縣吉安鄉南海五街２３０巷２８號,,,
5700,花蓮縣花蓮市中和街５６號,,,
5701,花蓮縣吉安鄉福興路２８６號,,,
5702,花蓮縣花蓮市中正路３０７號,,,
5703,花蓮縣花蓮市中興路１０１號八樓之二,,,
5704,花蓮縣吉安鄉海岸路２４８號,,,
5705,花蓮縣吉安鄉南海五街２４６巷１６號,,,
5706,花蓮縣花蓮市國民八街６３號四樓之六,,,
5707,花蓮縣花蓮市國興一街６０號,,,
5708,花蓮縣花蓮市建國路７５巷２８弄６號,,,
5709,花蓮縣吉安鄉東海十四街２７號四樓之一,,,
5710,花蓮縣花蓮市南京街１９１號四樓之十一,,,
5711,花蓮縣花蓮市民光５１號,,,
5712,花蓮縣花蓮市中央路三段７２０巷５號四樓之七,,,
5713,花蓮縣花蓮市北昌一街９７巷３號四樓,,,
5714,花蓮縣花蓮市豐村７之３號二樓之二,,,
5715,花蓮縣花蓮市豐村７之３號五樓之二,,,
5716,花蓮縣花蓮市豐村７之３號四樓之三,,,
5717,花蓮縣花蓮市國盛二街２１３號九樓之七,,,
5718,花蓮縣花蓮市中央路四段４５０號五樓之五,,,
5719,花蓮縣花蓮市建和街３５號,,,
5721,花蓮縣吉安鄉南海六街１１９號,,,
5722,花蓮縣花蓮市中興路４３巷６號五樓之一,,,
5723,花蓮縣吉安鄉東海十四街２７號七樓之一,,,
5724,花蓮縣吉安鄉東海十四街２７號七樓之五,,,
5725,花蓮縣吉安鄉東海十四街２７號六樓之二,,,
5727,花蓮縣花蓮市富裕十六街３７號三樓之五,,,
5728,花蓮縣花蓮市莊敬路１５號,,,
5730,花蓮縣花蓮市中正路１６９巷１之８號,,,
5731,花蓮縣花蓮市豐村７之５號,,,
5732,花蓮縣花蓮市佐倉街３６１號,,,
5733,花蓮縣吉安鄉華工六路６２巷６８號,,,
5734,花蓮縣吉安鄉南海八街１６１巷３０號,,,
5737,花蓮縣花蓮市福光街３４７巷５１號二樓之一,,,
5738,花蓮縣吉安鄉仁里九街６號,,,
5740,花蓮縣花蓮市中美路２９３之７號,,,
5741,花蓮縣吉安鄉東海十四街２７號二樓之五,,,
5744,花蓮縣吉安鄉東海十四街２７號三樓之五,,,
5745,花蓮縣花蓮市中央路四段４５０之２號,,,
5746,花蓮縣吉安鄉仁里一街１號五樓之一,,,
5748,花蓮縣吉安鄉太昌路３４０巷５弄１０號,,,
5750,花蓮縣花蓮市富陽路４１號三樓之二,,,
5751,花蓮縣吉安鄉南海五街２８４號,,,
5752,花蓮縣花蓮市中美路６號,,,
5753,花蓮縣花蓮市國聯二路１１６號,,,
5754,花蓮縣吉安鄉福興一街５１號二樓之一,,,
5756,花蓮縣花蓮市華廈街７５號三樓之五,,,
5757,花蓮縣花蓮市華廈街７５號四樓之二,,,
5759,花蓮縣花蓮市中美路２９３之８號,,,
5761,花蓮縣花蓮市莊敬路１５０號,,,
5763,花蓮縣花蓮市民享三街８號四樓之三,,,
5764,花蓮縣吉安鄉吉祥九街２１號,,,
5765,花蓮縣花蓮市福光街３４７巷５１號,,,
5766,花蓮縣花蓮市永興路９４號,,,
5767,花蓮縣花蓮市福建一街２０號,,,
5769,花蓮縣吉安鄉明仁二街１７６巷３號二樓之一,,,
5770,花蓮縣花蓮市福光街３４７巷５１號三樓之一,,,
5771,花蓮縣花蓮市國盛二街９８之１號,,,
5772,花蓮縣花蓮市林森路２４２號,,,
5773,花蓮縣花蓮市介林五街１９８號,,,
5775,花蓮縣吉安鄉東海十四街２７號四樓之五,,,
5776,花蓮縣吉安鄉明仁二街８８巷１０號,,,
5777,花蓮縣花蓮市林森路２４９巷３弄１８號,,,
5778,花蓮縣吉安鄉東海十四街２７號三樓之三,,,
5780,花蓮縣花蓮市富陽路４１號四樓之二,,,
5781,花蓮縣吉安鄉東海十四街２７號三樓之二,,,
5782,花蓮縣花蓮市富陽路４１號二樓之二,,,
5783,花蓮縣花蓮市富陽路４１號三樓之一,,,
5785,花蓮縣吉安鄉廣賢路一段３４９巷７號三樓之二,,,
5786,花蓮縣吉安鄉東海十四街２７號六樓之一,,,
5787,花蓮縣花蓮市國興一街９５號二樓之七,,,
5788,花蓮縣吉安鄉東海十四街２７號二樓之一,,,
5790,花蓮縣吉安鄉東海十四街２７號五樓之二,,,
5791,花蓮縣吉安鄉南海八街２１０巷３０號,,,
5792,花蓮縣花蓮市南京街１９１號五樓之七,,,
5793,花蓮縣花蓮市華泰街３３號三樓之六,,,
5794,花蓮縣吉安鄉東海十四街２７號六樓之五,,,
5795,花蓮縣吉安鄉東海十四街２７號四樓之二,,,
5796,花蓮縣吉安鄉明仁二街１７６巷３號六樓,,,
5797,花蓮縣吉安鄉東海十四街２７號五樓之五,,,
5798,花蓮縣花蓮市福建街４０６之１號,,,
5799,花蓮縣吉安鄉勝安二街３２號四樓之一,,,
5800,花蓮縣花蓮市莊敬路１５２號,,,
5801,花蓮縣吉安鄉中原路７０７號五樓之二,,,
5802,花蓮縣花蓮市復興街２１號,,,
5803,花蓮縣花蓮市豐村９５之１０號,,,
5804,花蓮縣吉安鄉中原路７０７號四樓之一,,,
5805,花蓮縣吉安鄉中原路７０７號五樓之一,,,
5806,花蓮縣吉安鄉中原路７０７號九樓之二,,,
5807,花蓮縣吉安鄉太昌路４８６號二樓之二,,,
5808,花蓮縣吉安鄉太昌路４８６號三樓之一,,,
5809,花蓮縣吉安鄉太昌路４８６號三樓之二,,,
5810,花蓮縣吉安鄉太昌路４８６號四樓之一,,,
5811,花蓮縣吉安鄉太昌路４８６號四樓之三,,,
5812,花蓮縣吉安鄉太昌路４８６號五樓之二,,,
5813,花蓮縣吉安鄉太昌路４８６號五樓之三,,,
5814,花蓮縣吉安鄉太昌路４８６號六樓之二,,,
5815,花蓮縣吉安鄉太昌路４８６號八樓之一,,,
5816,花蓮縣吉安鄉太昌路４８６號七樓之二,,,
5817,花蓮縣吉安鄉太昌路４８６號三樓之三,,,
5818,花蓮縣吉安鄉太昌路４８６號五樓之一,,,
5819,花蓮縣吉安鄉太昌路４８６號二樓之一,,,
5820,花蓮縣吉安鄉太昌路４８６號四樓之二,,,
5821,花蓮縣吉安鄉太昌路４８６號六樓之一,,,
5822,花蓮縣吉安鄉太昌路４８６號六樓之三,,,
5823,花蓮縣吉安鄉太昌路４８６號七樓之一,,,
5824,花蓮縣吉安鄉太昌路４８６號七樓之三,,,
5825,花蓮縣吉安鄉太昌路４８６號八樓之二,,,
5826,花蓮縣吉安鄉太昌路４８６號八樓之三,,,
5827,花蓮縣吉安鄉太昌路４８６號二樓之三,,,
5828,花蓮縣吉安鄉中原路７０７號七樓之一,,,
5829,花蓮縣吉安鄉中原路７０７號九樓之一,,,
5830,花蓮縣吉安鄉中原路７０７號七樓之二,,,
5831,花蓮縣吉安鄉中原路７０７號六樓之二,,,
5832,花蓮縣吉安鄉中原路７０７號六樓之一,,,
5833,花蓮縣吉安鄉中原路７０７號八樓,,,
5834,花蓮縣花蓮市富裕一街１７１號二樓,,,
5835,花蓮縣花蓮市富裕一街１６９號二樓之三,,,
5836,花蓮縣花蓮市富裕一街１６９號二樓之一,,,
5837,花蓮縣花蓮市富裕一街１６９號四樓之五,,,
5838,花蓮縣花蓮市富裕一街１６９號三樓之三,,,
5839,花蓮縣花蓮市富裕一街１６９號六樓之二,,,
5840,花蓮縣花蓮市富裕一街１６９號二樓之五,,,
5841,花蓮縣花蓮市富裕一街１６９號三樓之五,,,
5842,花蓮縣花蓮市富裕一街１６９號五樓之三,,,
5843,花蓮縣花蓮市富裕一街１６９號四樓之二,,,
5844,花蓮縣花蓮市富裕一街１６９號二樓之二,,,
5845,花蓮縣花蓮市富裕一街１６９號四樓之三,,,
5846,花蓮縣花蓮市富裕一街１６９號五樓之一,,,
5847,花蓮縣花蓮市富裕一街１６９號七樓之一,,,
5848,花蓮縣花蓮市富裕一街１６９號四樓之一,,,
5849,花蓮縣花蓮市富裕一街１６９號五樓之二,,,
5850,花蓮縣花蓮市富裕一街１６９號八樓之二,,,
5851,花蓮縣花蓮市富裕一街１６９號六樓之五,,,
5852,花蓮縣花蓮市富裕一街１６９號五樓之五,,,
5853,花蓮縣花蓮市富裕一街１６９號三樓之一,,,
5854,花蓮縣花蓮市富裕一街１６９號六樓之一,,,
5855,花蓮縣花蓮市富裕一街１６９號十樓,,,
5856,花蓮縣花蓮市富裕一街１６９號六樓之三,,,
5857,花蓮縣花蓮市富裕一街１６９號七樓之三,,,
5858,花蓮縣花蓮市富裕一街１６９號八樓之一,,,
5859,花蓮縣花蓮市中央路三段７２０巷５號八樓之六,,,
5860,花蓮縣花蓮市民權路９巷２弄１３號四樓,,,
5861,花蓮縣花蓮市民權路１１７號,,,
5862,花蓮縣花蓮市南京街１９１號六樓之十六,,,
5863,花蓮縣花蓮市華泰街１號四樓之二,,,
5864,花蓮縣花蓮市延平街１４８巷３弄８號五樓之一,,,
5867,花蓮縣吉安鄉勝安二街３０巷９弄２９號,,,
5869,花蓮縣吉安鄉仁里十三街１７號,,,
5870,花蓮縣花蓮市德安一街９４巷６號,,,
5872,花蓮縣花蓮市國民八街８號三樓之二,,,
5873,花蓮縣吉安鄉中央路二段１７１巷１３之１號,,,
5874,花蓮縣吉安鄉慶豐十一街１８８號之１７,,,
5876,花蓮縣花蓮市睦和街４１巷５號,,,
5881,花蓮縣花蓮市國興三街４７號,,,
5882,花蓮縣吉安鄉仁里五街６５巷１之２號,,,
5883,花蓮縣花蓮市國聯二路８３號八樓之六,,,
5885,花蓮縣花蓮市中央路三段７３０號八樓之十六,,,
5886,花蓮縣花蓮市中央路三段７３０號十樓之十二,,,
5887,花蓮縣吉安鄉太昌路６２１之２號,,,
5888,花蓮縣吉安鄉全民街６７號五樓,,,
5889,花蓮縣花蓮市國盛六街５３號三樓之六,,,
5890,花蓮縣花蓮市建中街２８巷２號二樓之五,,,
5891,花蓮縣吉安鄉宜昌二街３３號,,,
5892,花蓮縣花蓮市國興二街９３號,,,
5893,花蓮縣花蓮市中美路７１之６號,,,
5895,花蓮縣花蓮市富強路４８號三樓之二,,,
5897,花蓮縣花蓮市德安五街２１號,,,
5898,花蓮縣吉安鄉昌隆三街７０號八樓,,,
5900,花蓮縣花蓮市東興一街８０之１號,,,
5901,花蓮縣花蓮市東興一街７９巷２０號十二樓之二,,,
5902,花蓮縣花蓮市福建街４０６號五樓之六,,,
5903,花蓮縣吉安鄉民治路３３６巷２８弄２號,,,
5904,花蓮縣花蓮市商校街９４號三樓,,,
5905,花蓮縣吉安鄉南海五街２３０巷１８號,,,
5906,花蓮縣花蓮市中和街１６３號六樓之二,,,
5907,花蓮縣吉安鄉海岸路６０４號,,,
5908,花蓮縣花蓮市國民五街５３號三樓之一,,,
5909,花蓮縣吉安鄉東海十五街８０巷１９弄４０號,,,
5910,花蓮縣花蓮市自立路４５號,,,
5911,花蓮縣花蓮市富強路４８號七樓之八,,,
5912,花蓮縣吉安鄉南海五街２９９號,,,
5913,花蓮縣花蓮市長安街２６號十一樓之三,,,
5914,花蓮縣花蓮市民德四街１０５號四樓,,,
5916,花蓮縣花蓮市國民八街１０６號五樓之二,,,
5917,花蓮縣花蓮市榮正街２５巷３弄７號,,,
5918,花蓮縣花蓮市中和街３６號,,,
5922,花蓮縣花蓮市國民七街５３號八樓之一,,,
5923,花蓮縣花蓮市中正路２６４號七樓之五,,,
5924,花蓮縣花蓮市國盛一街７６號四樓之三,,,
5925,花蓮縣花蓮市國富二十街９６號三樓之三,,,
5929,花蓮縣花蓮市中山路４５５巷２２號四樓之二,,,
5931,花蓮縣花蓮市國民八街５號十樓之五,,,
5932,花蓮縣花蓮市中央路三段６８６號,,,
5933,花蓮縣花蓮市國民七街５３號四樓之十三,,,
5934,花蓮縣吉安鄉吉安路六段４０３巷１弄７號,,,
5935,花蓮縣花蓮市國民八街５號十樓之七,,,
5937,花蓮縣花蓮市中原路５３３巷３２之１１號,,,
5938,花蓮縣花蓮市中美十三街５２號三樓之十二,,,
5939,花蓮縣花蓮市國盛六街５３號二樓之七,,,
5940,花蓮縣花蓮市國盛四街５１號六樓之十五,,,
5941,花蓮縣吉安鄉慶南一街２２７號,,,
5942,花蓮縣花蓮市公正街３７號九樓之九,,,
5943,花蓮縣花蓮市國盛六街５３號四樓之十三,,,
5945,花蓮縣花蓮市中順街４５巷１６號六樓之三,,,
5946,花蓮縣花蓮市北濱街７３號,,,
5947,花蓮縣花蓮市福建街１２０巷６號,,,
5948,花蓮縣吉安鄉明義七街１４０巷８號,,,
5949,花蓮縣花蓮市中央路三段７３０號十樓之二,,,
5950,花蓮縣吉安鄉中興路１９０巷５號,,,
5952,花蓮縣花蓮市國民七街５３號十二樓之七,,,
5953,花蓮縣花蓮市國民八街５號九樓之二,,,
5954,花蓮縣花蓮市中央路三段７３０號六樓之十七,,,
5955,花蓮縣花蓮市國聯五路１３１號四樓之一,,,
5956,花蓮縣花蓮市中美三街２３巷８號五樓,,,
5957,花蓮縣吉安鄉中山路一段６６號八樓之二,,,
5958,花蓮縣花蓮市中興路１０１號十樓之五,,,
5959,花蓮縣花蓮市民族路１號二樓之三,,,
5960,花蓮縣吉安鄉東里一街３２號三樓之六,,,
5963,花蓮縣花蓮市南京街２０３號八樓之十二,,,
5965,花蓮縣花蓮市民樂三街２之１號十一樓之五,,,
5966,花蓮縣花蓮市中美十三街７８號五樓之九,,,
5967,花蓮縣花蓮市中華路３２５之１６號,,,
5968,花蓮縣花蓮市建興街１１０巷４弄２８號,,,
5969,花蓮縣花蓮市中央路三段７３０號六樓之九,,,
5972,花蓮縣吉安鄉南海四街２４６巷１弄９號,,,
5973,花蓮縣花蓮市德安二街６８巷６０號七樓,,,
5974,花蓮縣花蓮市中和街１６３號四樓之三,,,
5975,花蓮縣花蓮市豐村５４號五樓之二,,,
5976,花蓮縣花蓮市延平街８６號,,,
5977,花蓮縣吉安鄉昌隆三街７１號,,,
5978,花蓮縣花蓮市豐村１０２之２２號,,,
5979,花蓮縣花蓮市中正路１１０巷５弄５之８號,,,
5980,花蓮縣花蓮市富安路１０６號七樓之九,,,
5981,花蓮縣花蓮市華興街３４號,,,
5982,花蓮縣花蓮市國民七街５３號八樓之二,,,
5983,花蓮縣吉安鄉永興七街１０８號,,,
5984,花蓮縣花蓮市南京街１４７號四樓之九,,,
5985,花蓮縣花蓮市國民八街５號三樓之八,,,
5986,花蓮縣花蓮市公正街３７號五樓之十四,,,
5987,花蓮縣花蓮市國民七街５１號十樓之二十五,,,
5988,花蓮縣吉安鄉中山路一段７８號,,,
5989,花蓮縣吉安鄉南埔八街１４８巷２弄１號,,,
5990,花蓮縣吉安鄉南埔八街１４８巷２弄３號,,,
5991,花蓮縣吉安鄉南埔八街１４８巷２弄５號,,,
5993,花蓮縣花蓮市華泰街７號三樓,,,
5995,花蓮縣花蓮市東興二街３３號九樓之三,,,
5996,花蓮縣花蓮市國富十三街２之１號,,,
5998,花蓮縣花蓮市球崙二路９６巷２２號,,,
5999,花蓮縣花蓮市德安二街６８巷５６號三樓,,,
6000,花蓮縣花蓮市民族路１號七樓之九,,,
6002,花蓮縣吉安鄉永興七街１０６號,,,
6004,花蓮縣花蓮市建國路７５巷２８弄２７號,,,
6005,花蓮縣花蓮市民德四街１１７號二樓,,,
6006,花蓮縣花蓮市北昌五街５２號二樓之二,,,
6007,花蓮縣花蓮市國民七街５３號七樓之八,,,
6008,花蓮縣吉安鄉明義七街９９巷１６弄５號,,,
6009,花蓮縣花蓮市東興一街７９巷１８號九樓之三,,,
6010,花蓮縣花蓮市國聯五路５７之４號,,,
6011,花蓮縣花蓮市中美五街１２２巷３號四樓,,,
6012,花蓮縣花蓮市自強路５０７巷２７號五樓,,,
6014,花蓮縣吉安鄉永興五街６９之２號,,,
6015,花蓮縣花蓮市中美路８１號,,,
6016,花蓮縣花蓮市國盛四街５１號七樓之二,,,
6017,花蓮縣花蓮市博愛街１３６號,,,
6018,花蓮縣花蓮市中原路３９４巷６號,,,
6019,花蓮縣吉安鄉稻香路３１巷８號,,,
6020,花蓮縣花蓮市豐村１８之１２號,,,
6021,花蓮縣花蓮市建昌路２２８號五樓之二,,,
6022,花蓮縣花蓮市富裕五街３６號八樓之一,,,
6023,花蓮縣花蓮市中央路四段２８８巷５弄１０號,,,
6024,花蓮縣花蓮市中央路四段２８８巷５弄８號,,,
6025,花蓮縣花蓮市德安二街７２號,,,
6026,花蓮縣花蓮市福建街５８號,,,
6027,花蓮縣吉安鄉舊村四街７號,,,
6028,花蓮縣吉安鄉南海二街２０２巷１４號,,,
6029,花蓮縣花蓮市豐村１３之２號,,,
6030,花蓮縣花蓮市中正路４２巷２號,,,
6032,花蓮縣花蓮市建興街３５號四樓之七,,,
6033,花蓮縣花蓮市華廈街３８號四樓之三,,,
6036,花蓮縣花蓮市長春街１７號,,,
6037,花蓮縣花蓮市富陽路３８號三樓之一,,,
6038,花蓮縣花蓮市國盛一街１８０之４１號五樓,,,
6039,花蓮縣花蓮市富裕三街４８號三樓之三,,,
6040,花蓮縣花蓮市民族路１號四樓之十三,,,
6041,花蓮縣吉安鄉永興七街１１０號,,,
6042,花蓮縣吉安鄉慶豐四街１５２號,,,
6043,花蓮縣花蓮市建國路二段８２８之３號,,,
6044,花蓮縣花蓮市德安二街２１號,,,
6045,花蓮縣吉安鄉吉興路二段７０巷９號,,,
6046,花蓮縣吉安鄉吉興路三段１５８號,,,
6047,花蓮縣花蓮市國富二十街５８號二樓之五,,,
6048,花蓮縣花蓮市國興六街２６號,,,
6049,花蓮縣吉安鄉吉興一街３７９號,,,
6050,花蓮縣吉安鄉東里十四街１０４號,,,
6052,花蓮縣花蓮市榮正街１２１號,,,
6053,花蓮縣花蓮市德安二街６８巷２號九樓,,,
6054,花蓮縣吉安鄉南海四街２６０號,,,
6055,花蓮縣花蓮市民權七街２巷１３號,,,
6056,花蓮縣花蓮市林榮街７４巷３弄２之１號,,,
6057,花蓮縣吉安鄉吉昌二街１９４巷８號,,,
6058,花蓮縣花蓮市順興路１６１巷３號二樓之一,,,
6059,花蓮縣吉安鄉慶南三街４５８巷１５號,,,
6060,花蓮縣花蓮市國民八街６５號五樓之八,,,
6062,花蓮縣花蓮市國富三街９號,,,
6063,花蓮縣花蓮市國富三街１１號,,,
6064,花蓮縣吉安鄉南濱路一段３９巷１號,,,
6065,花蓮縣吉安鄉中華路二段９３號五樓之三,,,
6066,花蓮縣花蓮市富安路１４７號五樓之三,,,
6067,花蓮縣花蓮市延平街１４８巷２弄３３號,,,
6068,花蓮縣花蓮市國聯四路８３號三樓之六,,,
6069,花蓮縣吉安鄉中山路三段１１６號三樓之一,,,
6070,花蓮縣花蓮市莊敬路２６７巷２７號,,,
6072,花蓮縣花蓮市國盛二街１１８號四樓之七,,,
6073,花蓮縣花蓮市國聯二路８３號五樓之一,,,
6074,花蓮縣花蓮市富裕一街１３２號五樓之六,,,
6075,花蓮縣吉安鄉南海八街２１０巷１號,,,
6077,花蓮縣吉安鄉慶豐九街１０６巷１２號,,,
6081,花蓮縣花蓮市莊敬路２２９號五樓之二,,,
6082,花蓮縣吉安鄉明仁二街１７７巷２３號,,,
6083,花蓮縣花蓮市德安一街１０８巷２８號,,,
6085,花蓮縣吉安鄉文化十一街１５號,,,
6087,花蓮縣花蓮市國興二街１３６號四樓之七,,,
6088,花蓮縣花蓮市國興一街９５號二樓之二,,,
6089,花蓮縣花蓮市國盛一街１９０號二樓之三,,,
6090,花蓮縣花蓮市國聯二路８３號六樓之五,,,
6091,花蓮縣花蓮市中美十三街７８號五樓之八,,,
6092,花蓮縣花蓮市國民七街５３號三樓之九,,,
6094,花蓮縣花蓮市德安一街１２２巷１６號,,,
6095,花蓮縣吉安鄉南埔八街１８７巷２號,,,
6096,花蓮縣花蓮市重慶路２５０巷５３號,,,
6097,花蓮縣花蓮市豐村１３６之１６號,,,
6098,花蓮縣吉安鄉仁里四街１３８號,,,
6099,花蓮縣花蓮市國盛一街１９０號五樓之６,,,
6100,花蓮縣吉安鄉東海六街１０７號,,,
6101,花蓮縣花蓮市中華路４１０號,,,
6103,花蓮縣花蓮市府前路４４６號,,,
6104,花蓮縣吉安鄉福昌二街９號,,,
6108,花蓮縣吉安鄉慶北二街３６３號,,,
6109,花蓮縣花蓮市國盛二街２１３號四樓之一,,,
6110,花蓮縣花蓮市中和街６１號,,,
6111,花蓮縣花蓮市國盛一街６６巷４之１１號,,,
6113,花蓮縣花蓮市國民七街５３號四樓之十八,,,
6115,花蓮縣花蓮市國聯四路３６號九樓之六,,,
6116,花蓮縣花蓮市東興二街１２巷１１號,,,
6118,花蓮縣花蓮市建昌路１７巷１號四樓之五,,,
6119,花蓮縣花蓮市國民八街５號十一樓之五,,,
6120,花蓮縣花蓮市化道路２００之２號,,,
6121,花蓮縣花蓮市中和街２１７號八樓之一,,,
6122,花蓮縣花蓮市中美十三街５６號二樓之七,,,
6123,花蓮縣花蓮市進豐街５７巷８號五樓之一,,,
6124,花蓮縣花蓮市進豐街５７巷８號四樓之一,,,
6125,花蓮縣吉安鄉福興一街１５號,,,
6126,花蓮縣花蓮市明心街２３號五樓之一,,,
6127,花蓮縣花蓮市康樂街５號之１,,,
6130,花蓮縣花蓮市國盛一街１６８號四樓之二,,,
6131,花蓮縣花蓮市國盛一街１６８號七樓之二,,,
6132,花蓮縣吉安鄉東海三街１６號三樓,,,
6133,花蓮縣吉安鄉全民街１３３號,,,
6134,花蓮縣花蓮市榮正街８６之１號三樓,,,
6135,花蓮縣吉安鄉慈惠二街１７３號,,,
6136,花蓮縣吉安鄉荳蘭三街６３號三樓,,,
6138,花蓮縣花蓮市富裕七街１９號二樓之三,,,
6139,花蓮縣花蓮市長安街２６號十一樓之七,,,
6140,花蓮縣吉安鄉中山路二段１１８號,,,
6141,花蓮縣花蓮市富安路９７號二樓之一,,,
6142,花蓮縣吉安鄉東里十五街１１９號,,,
6143,花蓮縣吉安鄉南華五街３１號,,,
6144,花蓮縣花蓮市自立路３４巷８號四樓之四,,,
6145,花蓮縣花蓮市中正路１４３巷６號,,,
6147,花蓮縣吉安鄉福興三街１０號,,,
6148,花蓮縣吉安鄉東里四街６號,,,
6150,花蓮縣花蓮市中原路５３３巷３２之８號,,,
6151,花蓮縣花蓮市國民一街２０號三樓之二,,,
6152,花蓮縣花蓮市國盛五街６８號五樓之十,,,
6153,花蓮縣花蓮市富裕五街３６號九樓之一,,,
6155,花蓮縣吉安鄉自強路９１巷２２號,,,
6156,花蓮縣吉安鄉自強路９１巷２２號,,,
6157,花蓮縣花蓮市國富二街２３之３號三樓,,,
6159,花蓮縣花蓮市富裕七街２１號五樓之二,,,
6160,花蓮縣花蓮市球崙街３２號,,,
6164,花蓮縣花蓮市長安街２６號九樓之九,,,
6165,花蓮縣花蓮市國興三街６４號,,,
6167,花蓮縣花蓮市進豐街５７巷８號二樓之一,,,
6168,花蓮縣花蓮市建國路７５巷２８弄５０號,,,
6169,花蓮縣花蓮市進豐街５７巷８號五樓之二,,,
6170,花蓮縣花蓮市成功街４１號六樓之三,,,
6173,花蓮縣花蓮市北昌一街９７巷２號四樓,,,
6174,花蓮縣花蓮市上海街１５２巷２號,,,
6175,花蓮縣吉安鄉東海十街２２號之２,,,
6177,花蓮縣吉安鄉仁里三街７８號,,,
6179,花蓮縣吉安鄉慶北三街２４８巷１５號,,,
6180,花蓮縣吉安鄉昌隆三街７０號二樓,,,
6181,花蓮縣花蓮市林政街３１之１號二樓之五,,,
6182,花蓮縣花蓮市美崙市場２４號,,,
6184,花蓮縣吉安鄉中正路二段１７６之１號三樓之一,,,
6186,花蓮縣吉安鄉中山路三段１１６號二樓之二,,,
6187,花蓮縣花蓮市中華路２７６之７號,,,
6188,花蓮縣吉安鄉建國路一段２１９巷１４號,,,
6189,花蓮縣吉安鄉仁里五街７４巷１６號,,,
6190,花蓮縣花蓮市國盛一街７６號三樓之二,,,
6191,花蓮縣花蓮市中美十一街６０號,,,
6192,花蓮縣花蓮市國聯二路７１號五樓之六,,,
6193,花蓮縣花蓮市仁愛街３巷３號,,,
6194,花蓮縣吉安鄉仁里四街１４７巷１號,,,
6195,花蓮縣吉安鄉吉安路六段７５９號,,,
6196,花蓮縣吉安鄉吉安路六段４０３巷１弄８號,,,
6197,花蓮縣吉安鄉吉安路六段４０３巷３弄１１號,,,
6198,花蓮縣花蓮市林森路２６８號三樓,,,
6199,花蓮縣吉安鄉慈惠四街１１７號,,,
6200,花蓮縣吉安鄉東海三街１８號五樓,,,
6201,花蓮縣吉安鄉中華路二段９３號九樓之四,,,
6202,花蓮縣花蓮市民享九街３０號,,,
6204,花蓮縣花蓮市林森路３１５巷１７號三樓之一,,,
6206,花蓮縣花蓮市民國路３２之３號,,,
6208,花蓮縣吉安鄉南海八街２１０巷１３號,,,
6209,花蓮縣吉安鄉東里八街５０號,,,
6210,花蓮縣花蓮市莊敬路２２９號三樓之一,,,
6211,花蓮縣吉安鄉廣豐路１５號,,,
6212,花蓮縣花蓮市東興二街３３號八樓之三,,,
6214,花蓮縣吉安鄉全民街５９號二樓,,,
6216,花蓮縣花蓮市石壁街３２３號,,,
6218,花蓮縣花蓮市中原路５３３巷３２之１０號,,,
6219,花蓮縣花蓮市中原路５３３巷３２之９號,,,
6220,花蓮縣花蓮市富陽路３８號七樓之一,,,
6221,花蓮縣花蓮市建和街１２號,,,
6222,花蓮縣花蓮市府前路４８４之８號三樓之五,,,
6224,花蓮縣吉安鄉東里一街３８號,,,
6225,花蓮縣吉安鄉吉豐路三段６８９巷３０號,,,
6226,花蓮縣吉安鄉太昌路１３０巷１之２號,,,
6227,花蓮縣花蓮市東興二街１４７號四樓之三,,,
6228,花蓮縣吉安鄉南埔十五街３１巷１４號,,,
6229,花蓮縣花蓮市國民一街１２號四樓之二,,,
6230,花蓮縣吉安鄉全民街５７號五樓,,,
6231,花蓮縣吉安鄉吉安路二段３８７巷３號,,,
6232,花蓮縣花蓮市介林九街１５號,,,
6233,花蓮縣花蓮市德安二街６８巷５０號八樓,,,
6234,花蓮縣吉安鄉華城六街１２８號,,,
6235,花蓮縣花蓮市中興路３２號十樓之三,,,
6236,花蓮縣花蓮市中美路８９巷２號六樓之三,,,
6237,花蓮縣吉安鄉南山一街１２號,,,
6238,花蓮縣花蓮市國興三街４３號,,,
6239,花蓮縣吉安鄉吉祥四街４１號五樓之三,,,
6240,花蓮縣花蓮市國盛二街４號,,,
6241,花蓮縣花蓮市中山路４１２巷１７號四樓之一,,,
6242,花蓮縣吉安鄉中山路三段８７巷１弄２８號,,,
6244,花蓮縣花蓮市中美三街７０號二樓之一,,,
6245,花蓮縣吉安鄉南海四街２２７號,,,
6246,花蓮縣吉安鄉吉安路六段３５１巷１８號三樓,,,
6247,花蓮縣吉安鄉東海三街２０號四樓,,,
6248,花蓮縣花蓮市和平路５６８號,,,
6250,花蓮縣花蓮市德安一街１３２號,,,
6251,花蓮縣花蓮市富裕十四街９巷１號,,,
6252,花蓮縣吉安鄉明義四街６４巷２１號,,,
6255,花蓮縣吉安鄉南昌北路７２號,,,
6256,花蓮縣吉安鄉吉安路一段５５之１３號,,,
6257,花蓮縣花蓮市公正街３７號四樓之五,,,
6258,花蓮縣花蓮市介林六街２８號,,,
6259,花蓮縣花蓮市國聯五路１３１號九樓之七,,,
6260,花蓮縣花蓮市國盛一街１６８號六樓之一,,,
6261,花蓮縣吉安鄉慈惠四街３４巷１號,,,
6263,花蓮縣花蓮市榮正街１１２號,,,
6264,花蓮縣花蓮市華廈街１８號七樓之一,,,
6265,花蓮縣吉安鄉中華路二段１８３號三樓之二,,,
6267,花蓮縣花蓮市國盛二街１２０號,,,
6268,花蓮縣花蓮市豐村２１之１５號,,,
6270,花蓮縣花蓮市國盛四街５１號三樓之八,,,
6271,花蓮縣花蓮市介仁街２６號,,,
6272,花蓮縣花蓮市德安二街６８巷５６號七樓,,,
6273,花蓮縣花蓮市中山路５２５巷２弄１２號,,,
6275,花蓮縣吉安鄉南海二街２０２巷３３號,,,
6276,花蓮縣吉安鄉名人１９號,,,
6277,花蓮縣吉安鄉吉興一街４１１巷２弄１０號,,,
6278,花蓮縣吉安鄉明仁二街８８巷１８號,,,
6279,花蓮縣花蓮市東興一街７９巷２０號六樓之五,,,
6280,花蓮縣花蓮市民權四街１３號,,,
6282,花蓮縣吉安鄉慈惠一街８６號,,,
6283,花蓮縣吉安鄉慶豐四街１１１巷１４號,,,
6284,花蓮縣吉安鄉永興八街７６號,,,
6286,花蓮縣花蓮市化道路８９巷２號六樓,,,
6287,花蓮縣花蓮市國民八街５號十樓之六,,,
6288,花蓮縣花蓮市民族路１號三樓之十一,,,
6289,花蓮縣花蓮市進豐街５７巷８號三樓之一,,,
6290,花蓮縣花蓮市進豐街５７巷８號三樓之二,,,
6291,花蓮縣吉安鄉舊村六街１５１號,,,
6292,花蓮縣花蓮市國民七街５１號十一樓之二十六,,,
6293,花蓮縣花蓮市建國路二段２６８巷３２弄１１號,,,
6295,花蓮縣花蓮市富裕五街３６號三樓之一,,,
6296,花蓮縣花蓮市國民八街８號三樓之一,,,
6297,花蓮縣吉安鄉建國路３６２號,,,
6298,花蓮縣花蓮市國盛一街２３４號五樓之三,,,
6299,花蓮縣花蓮市花崗街６２號五樓之三,,,
6300,花蓮縣吉安鄉中華路二段９３號七樓之六,,,
6301,花蓮縣吉安鄉南海五街２１０巷１９號,,,
6302,花蓮縣花蓮市化道路８９巷２２號七樓之一,,,
6303,花蓮縣吉安鄉明義六街３６巷４號,,,
6304,花蓮縣花蓮市府前路２９６巷１５號五樓之二號,,,
6305,花蓮縣花蓮市國聯三路４２號,,,
6306,花蓮縣吉安鄉中央路三段１８６巷８號,,,
6307,花蓮縣花蓮市北昌四街５２號,,,
6308,花蓮縣花蓮市國富十八街２５巷３號,,,
6309,花蓮縣花蓮市國興四街２巷８號,,,
6310,花蓮縣花蓮市中興路４３巷２號十二樓之五,,,
6311,花蓮縣花蓮市中美十一街１１號三樓之二,,,
6312,花蓮縣花蓮市公正街３７號八樓之十,,,
6313,花蓮縣花蓮市林園二街２２號二樓之五,,,
6314,花蓮縣花蓮市菁華街４巷１弄２號六樓之三,,,
6315,花蓮縣吉安鄉仁里四街１４２號,,,
6316,花蓮縣吉安鄉仁里四街１４８號,,,
6317,花蓮縣吉安鄉仁里四街１４６號,,,
6318,花蓮縣吉安鄉仁里四街１４０號,,,
6319,花蓮縣吉安鄉吉興路二段７０巷９號,,,
6320,花蓮縣花蓮市國興二街１３６號四樓之六,,,
6321,花蓮縣花蓮市國盛四街１１６號,,,
6322,花蓮縣花蓮市國盛一街２０６之２號二樓,,,
6323,花蓮縣花蓮市國盛一街６６巷３之２號二樓,,,
6324,花蓮縣吉安鄉南海十街１４３巷１８號,,,
6325,花蓮縣花蓮市建華路８９巷１號,,,
6326,花蓮縣花蓮市國福街１３６號,,,
6329,花蓮縣花蓮市國盛五街８２號,,,
6330,花蓮縣花蓮市國盛一街７６號八樓之五,,,
6331,花蓮縣吉安鄉東里十五街１２１巷１之１號,,,
6332,花蓮縣花蓮市國盛三街７８巷１１號,,,
6335,花蓮縣花蓮市莊敬路２１５號,,,
6336,花蓮縣吉安鄉文化六街５０號,,,
6337,花蓮縣吉安鄉中華路二段２５６號,,,
6338,花蓮縣花蓮市中美路１１１號五樓之二,,,
6339,花蓮縣吉安鄉中原路一段１７７號,,,
6340,花蓮縣花蓮市軒轅路２號四樓之八,,,
6341,花蓮縣花蓮市介仁街５巷１４號,,,
6342,花蓮縣花蓮市國富二十四街５０號六樓之一,,,
6343,花蓮縣吉安鄉全民街２８號五樓,,,
6344,花蓮縣吉安鄉明仁一街１８５巷３１號,,,
6346,花蓮縣花蓮市榮正街２５巷４弄５號,,,
6347,花蓮縣花蓮市國盛四街７２號,,,
6348,花蓮縣花蓮市中美五街６５巷１０號,,,
6349,花蓮縣花蓮市國盛一街２之９號,,,
6350,花蓮縣花蓮市南京街２９０巷３號三樓,,,
6351,花蓮縣花蓮市建華路８９巷２號,,,
6353,花蓮縣花蓮市福建二街２２號,,,
6357,花蓮縣花蓮市北昌一街９７巷２７號,,,
6358,花蓮縣花蓮市國盛四街９８號七樓之一,,,
6359,花蓮縣花蓮市介林五街１１６號,,,
6360,花蓮縣花蓮市化道路９３號,,,
6361,花蓮縣花蓮市國盛一街７６號六樓之一,,,
6362,花蓮縣花蓮市中興路４３巷３號十二樓之一,,,
6364,花蓮縣吉安鄉永興八街７２號,,,
6365,花蓮縣吉安鄉中山路三段２４１號,,,
6366,花蓮縣花蓮市民國路３８號三樓之三,,,
6367,花蓮縣花蓮市福建街８５號,,,
6368,花蓮縣花蓮市華廈街３８號二樓之一,,,
6369,花蓮縣花蓮市國興三街４７號,,,
6370,花蓮縣吉安鄉南埔十六街７９巷１１號,,,
6372,花蓮縣吉安鄉吉興一街３４４巷１號四樓之一,,,
6373,花蓮縣花蓮市建興街３３巷１３號,,,
6374,花蓮縣吉安鄉舊村六街９１號,,,
6376,花蓮縣吉安鄉南海二街１９３巷５號,,,
6377,花蓮縣花蓮市北昌一街９７巷１３號四樓,,,
6378,花蓮縣吉安鄉吉豐路三段６１９號,,,
6379,花蓮縣花蓮市長安街２７號十樓之三,,,
6381,花蓮縣花蓮市國興一街９５號四樓之十四,,,
6384,花蓮縣花蓮市介林六街１９號,,,
6387,花蓮縣花蓮市東興一街７９巷２０號十一樓之一,,,
6390,花蓮縣花蓮市豐村３５之９號,,,
6391,花蓮縣吉安鄉慈惠三街７３號,,,
6394,花蓮縣吉安鄉華工六路７２巷８０號六樓,,,
6395,花蓮縣吉安鄉華工六路７２巷８０號三樓,,,
6397,花蓮縣吉安鄉華工六路７２巷８０號四樓,,,
6399,花蓮縣花蓮市中興路２號四樓之一,,,
6400,花蓮縣花蓮市介林七街５號,,,
6404,花蓮縣花蓮市中興路２號二樓之二,,,
6405,花蓮縣吉安鄉和平路一段１５１巷１弄３號,,,
6406,花蓮縣花蓮市府前路４８２之３號四樓一號,,,
6407,花蓮縣花蓮市林森路２８３號四樓之一,,,
6408,花蓮縣花蓮市國聯二路８３號六樓之一,,,
6409,花蓮縣花蓮市國富十街１５６號,,,
6411,花蓮縣花蓮市中正路３３６巷１弄１１號,,,
6412,花蓮縣吉安鄉明義七街９９巷５１號,,,
6414,花蓮縣花蓮市國盛一街５０號四樓之二,,,
6416,花蓮縣花蓮市延平街１４８巷３弄８號五樓之三,,,
6418,花蓮縣花蓮市國興三街７９號三樓之三,,,
6419,花蓮縣花蓮市介林五街２０７號,,,
6420,花蓮縣吉安鄉太昌路９４巷２１弄１１號,,,
6422,花蓮縣花蓮市國興三街７９號四樓之五,,,
6423,花蓮縣花蓮市大同街１０２之１號,,,
6424,花蓮縣花蓮市北昌五街５２號,,,
6425,花蓮縣吉安鄉吉興路三段３０號,,,
6426,花蓮縣吉安鄉中山路三段９７號,,,
6427,花蓮縣吉安鄉中華路二段２１２號,,,
6428,花蓮縣吉安鄉中山路三段４３０號,,,
6429,花蓮縣花蓮市國興三街７９號四樓之一,,,
6430,花蓮縣吉安鄉永興八街７０號,,,
6432,花蓮縣花蓮市國興三街７９號二樓之五,,,
6433,花蓮縣吉安鄉華工六路７２巷８０號五樓,,,
6434,花蓮縣吉安鄉華工六路７２巷８０號二樓,,,
6435,花蓮縣花蓮市國興三街７９號四樓之三,,,
6436,花蓮縣花蓮市國聯五路３號四樓之十二,,,
6438,花蓮縣吉安鄉中正路一段１６４之１號,,,
6439,花蓮縣吉安鄉吉興路三段２８號,,,
6440,花蓮縣花蓮市國富十街１９１號七樓之一,,,
6442,花蓮縣吉安鄉仁里五街１１７巷３８弄２號,,,
6443,花蓮縣吉安鄉吉興路二段１５８號,,,
6444,花蓮縣花蓮市福建街１２０巷３４號,,,
6445,花蓮縣吉安鄉海濱８３號,,,
6446,花蓮縣吉安鄉福興三街３５之１號,,,
6447,花蓮縣吉安鄉稻香五街６號,,,
6448,花蓮縣花蓮市府前路２９８之２號,,,
6454,花蓮縣吉安鄉明仁三街２２８巷３弄２６號,,,
6456,花蓮縣花蓮市豐村１０５之９號,,,
6457,花蓮縣花蓮市國興三街７９號三樓之二,,,
6458,花蓮縣花蓮市福建街１３５巷６之１號,,,
6459,花蓮縣花蓮市莊敬路５８號,,,
6461,花蓮縣吉安鄉南海二街２４８巷７號,,,
6468,花蓮縣花蓮市中興路２號三樓之二,,,
6469,花蓮縣吉安鄉慶北二街３６９號,,,
6470,花蓮縣花蓮市中興路２號四樓之二,,,
6471,花蓮縣吉安鄉舊村四街９號,,,
6472,花蓮縣花蓮市中興路２號五樓之二,,,
6473,花蓮縣吉安鄉南埔十二街３４號,,,
6474,花蓮縣花蓮市中興路２號五樓之一,,,
6477,花蓮縣花蓮市進豐街５７巷８號二樓之二,,,
6478,花蓮縣吉安鄉吉興路三段３２號,,,
6479,花蓮縣吉安鄉吉興路三段３６號,,,
6480,花蓮縣花蓮市進豐街５７巷８號四樓之二,,,
6481,花蓮縣花蓮市國興三街７９號六樓之一,,,
6482,花蓮縣花蓮市國興三街７９號三樓之五,,,
6484,花蓮縣吉安鄉吉興路三段３８號,,,
6485,花蓮縣吉安鄉吉昌三街２０２號,,,
6487,花蓮縣吉安鄉吉昌三街２０２之１號,,,
6488,花蓮縣吉安鄉吉昌三街２０２之２號,,,
6489,花蓮縣花蓮市建華路９１之１１號,,,
6490,花蓮縣花蓮市國興三街７９號二樓之一,,,
6493,花蓮縣吉安鄉自強路５１巷１０號,,,
6495,花蓮縣花蓮市國民七街５３號十樓之六,,,
6496,花蓮縣吉安鄉南海五街３０６巷２０號,,,
6498,花蓮縣吉安鄉仁里八街３９巷１９號,,,
6516,花蓮縣花蓮市林森路２９３巷２之２號,,,
6517,花蓮縣吉安鄉中興路２１４巷２３號,,,
6518,花蓮縣花蓮市中正路２０９號,,,
6529,花蓮縣吉安鄉慶南二街１６０之２號,,,
6530,花蓮縣吉安鄉慶南二街１６０之１號,,,
6531,花蓮縣吉安鄉南埔八街５２號之１一樓之二,,,
6533,花蓮縣花蓮市國盛一街６６巷３之２號二樓,,,
6534,花蓮縣花蓮市國富九街４３號六樓之五,,,
6536,花蓮縣吉安鄉吉安路二段２８４號,,,
6537,花蓮縣吉安鄉明仁一街１２９巷４號,,,
6539,花蓮縣花蓮市林森路２９９之３號,,,
6543,花蓮縣花蓮市富陽路１３號,,,
6544,花蓮縣花蓮市國興六街２８巷１之１號四樓之一,,,
6545,花蓮縣花蓮市豐村６號二樓之六,,,
6546,花蓮縣吉安鄉慶豐五街１３１號,,,
6551,花蓮縣吉安鄉廣賢路一段３４９巷７號六樓,,,
6552,花蓮縣花蓮市東興一街７９巷２０號,,,
6553,花蓮縣花蓮市介林三街３０號,,,
6554,花蓮縣吉安鄉南海五街２１４號,,,
6556,花蓮縣花蓮市華興街２之３號,,,
6557,花蓮縣吉安鄉明義四街８８號,,,
6558,花蓮縣吉安鄉廣豐一街９１號,,,
6559,花蓮縣花蓮市明禮路７１之６號,,,
6560,花蓮縣吉安鄉中央路三段２００號,,,
6561,花蓮縣吉安鄉文化五街４７號六樓,,,
6562,花蓮縣花蓮市東興二街１８巷３號,,,
6563,花蓮縣花蓮市富裕三街４８號二樓之三,,,
6564,花蓮縣吉安鄉南濱路一段５１２號六樓之六,,,
6565,花蓮縣花蓮市富安路１４７號三樓之五號,,,
6566,花蓮縣花蓮市建華路２２０巷６之１號,,,
6567,花蓮縣花蓮市中山路一段１５３號,,,
6568,花蓮縣吉安鄉福興二街１９巷１號,,,
6569,花蓮縣吉安鄉昌隆五街１７巷１０號,,,
6570,花蓮縣花蓮市中美路２７５之３１號,,,
6571,花蓮縣花蓮市榮正街１２５巷１１號,,,
6572,花蓮縣花蓮市建和街２５巷３０弄２３號,,,
6573,花蓮縣花蓮市林森路２７３巷３２號,,,
6574,花蓮縣花蓮市國福街１１０巷３３號,,,
6578,花蓮縣吉安鄉南海二街２６２巷９號,,,
6579,花蓮縣花蓮市東興二街２８巷８０號,,,
6580,花蓮縣吉安鄉中山路一段６６號四樓之三,,,
6581,花蓮縣吉安鄉吉祥五街１５號,,,
6582,花蓮縣花蓮市民樂一街２０號,,,
6583,花蓮縣花蓮市國興五街６３號六樓之一,,,
6584,花蓮縣花蓮市大同街１０之１號,,,
6585,花蓮縣花蓮市重慶路２０５巷３號,,,
6586,花蓮縣花蓮市國興六街１１號三樓之二,,,
6589,花蓮縣吉安鄉華城六街３４１號,,,
6592,花蓮縣花蓮市富裕十六街４３號二樓,,,
6593,花蓮縣花蓮市福建街１２０巷３５號,,,
6594,花蓮縣花蓮市富祥街１４６號六樓,,,
6595,花蓮縣花蓮市光復街９６號,,,
6596,花蓮縣花蓮市介林五街２２３號,,,
6598,花蓮縣花蓮市莊敬路２９５號,,,
6599,花蓮縣吉安鄉南埔十六街５１巷１７號,,,
6601,花蓮縣花蓮市德安二街６８巷４２號八樓,,,
6602,花蓮縣吉安鄉海岸路６４５巷４２弄１０號,,,
6603,花蓮縣吉安鄉慈惠四街１１８號,,,
6604,花蓮縣吉安鄉仁里四街１６１號,,,
6605,花蓮縣吉安鄉中正路二段１８６巷１９號三樓之三,,,
6606,花蓮縣吉安鄉廣賢一街２１７號,,,
6607,花蓮縣花蓮市國福街１１０巷３６號,,,
6608,花蓮縣花蓮市中山路１６巷２０之６號,,,
6609,花蓮縣花蓮市富裕十六街３７號二樓之二,,,
6610,花蓮縣吉安鄉慶豐十一街２９８號三樓之三,,,
6612,花蓮縣花蓮市介智街３５巷１０號,,,
6613,花蓮縣吉安鄉永興八街７０號,,,
6614,花蓮縣花蓮市中興路３２號七樓之六,,,
6615,花蓮縣花蓮市中興路１之１３號,,,
6616,花蓮縣吉安鄉吉昌一街２５６巷３８號,,,
6617,花蓮縣吉安鄉慶豐十一街２６６號,,,
6618,花蓮縣吉安鄉東海五街４９號,,,
6619,花蓮縣花蓮市中央路三段７３０號六樓之二十二,,,
6621,花蓮縣花蓮市國盛六街５３號三樓之六,,,
6623,花蓮縣吉安鄉東里一街４５號,,,
6624,花蓮縣吉安鄉太昌路４５６號,,,
6625,花蓮縣吉安鄉福興四街４９號,,,
6626,花蓮縣吉安鄉仁里四街１６５號二樓之一,,,
6627,花蓮縣吉安鄉仁里四街１６５號二樓之二,,,
6628,花蓮縣吉安鄉仁里四街１６５號三樓之一,,,
6629,花蓮縣吉安鄉南埔十三街１９６號,,,
6632,花蓮縣吉安鄉仁里四街１６５號四樓之一,,,
6633,花蓮縣吉安鄉仁里四街１６５號四樓之二,,,
6634,花蓮縣吉安鄉仁里四街１６５號五樓之一,,,
6635,花蓮縣吉安鄉仁里四街１６５號五樓之二,,,
6636,花蓮縣花蓮市國興六街２８巷１之１號五樓之一,,,
6637,花蓮縣花蓮市中美七街３９號五樓之五,,,
6638,花蓮縣花蓮市富裕一街１６９號七樓之三,,,
6641,花蓮縣花蓮市國民七街５１號十一樓之十一,,,
6642,花蓮縣花蓮市國興二街９２號,,,
6643,花蓮縣花蓮市中正路２６６號九樓之三,,,
6644,花蓮縣吉安鄉南濱路一段５１２號五樓之六,,,
6645,花蓮縣花蓮市富裕十七街２５號四樓之五,,,
6646,花蓮縣花蓮市自立路３４巷８號六樓之三,,,
6648,花蓮縣花蓮市中美十三街７８號三樓之三,,,
6650,花蓮縣吉安鄉廣賢路一段３４９巷７號三樓之一,,,
6651,花蓮縣吉安鄉廣賢路一段３４９巷７號二樓之ㄧ,,,
6652,花蓮縣吉安鄉廣賢路一段３４９巷７號二樓之二,,,
6653,花蓮縣花蓮市花崗街４２巷１之５號二樓之三,,,
6654,花蓮縣吉安鄉南海一街１０９巷３６號,,,
6655,花蓮縣花蓮市富裕一街１６９號二樓之五,,,
6656,花蓮縣吉安鄉宜昌五街１７號,,,
6658,花蓮縣吉安鄉中原路一段２２９巷１２號,,,
6659,花蓮縣花蓮市建華路２２０巷６號,,,
6660,花蓮縣花蓮市建興街１１０巷４弄２８號,,,
6661,花蓮縣花蓮市延平街１４８巷１號,,,
6662,花蓮縣花蓮市德安三街１３號五樓之三,,,
6663,花蓮縣花蓮市福光街３５３巷１１號,,,
6664,花蓮縣花蓮市富裕一街１６９號八樓之五,,,
6665,花蓮縣吉安鄉吉昌二街３００巷１０號,,,
6666,花蓮縣花蓮市國民七街５３號八樓之十一,,,
6667,花蓮縣吉安鄉中原路７０７號四樓之二,,,
6669,花蓮縣花蓮市介林五街２４５號,,,
6670,花蓮縣吉安鄉中正路二段２５０巷１８號,,,
6671,花蓮縣花蓮市福光街３４７巷５１號三樓之二,,,
6672,花蓮縣吉安鄉荳蘭五街６巷１１號,,,
6673,花蓮縣花蓮市國民七街５１號十樓之十五,,,
6674,花蓮縣花蓮市中美十三街６８號三樓之八,,,
6675,花蓮縣吉安鄉南海二街１９３巷９號,,,
6677,花蓮縣花蓮市中央路三段７３０號九樓之二十六,,,
6678,花蓮縣花蓮市建昌路１５１巷１６號,,,
6679,花蓮縣花蓮市沙基拉雅街６０號,,,
6680,花蓮縣吉安鄉南山五街２０巷５號,,,
6682,花蓮縣花蓮市富裕七街１６號三樓之七,,,
6683,花蓮縣花蓮市福光街３５３巷６號,,,
6684,花蓮縣花蓮市富安路１０６號三樓之七,,,
6685,花蓮縣花蓮市自強路５０７巷３５號五樓,,,
6686,花蓮縣花蓮市中美十三街７８號三樓之一,,,
6687,花蓮縣吉安鄉仁里九街２３之４號二樓,,,
6688,花蓮縣吉安鄉華工六路９０巷１３號,,,
6689,花蓮縣花蓮市水源街９１巷２５號,,,
6690,花蓮縣吉安鄉中山路一段６６號五樓之一,,,
6691,花蓮縣吉安鄉仁光３１號,,,
6692,花蓮縣花蓮市榮正街１４８號,,,
6693,花蓮縣花蓮市富裕一街１２５號,,,
6694,花蓮縣花蓮市東興二街３３號三樓之二,,,
6696,花蓮縣花蓮市建興街１３７巷３６號,,,
6697,花蓮縣吉安鄉福興二街１３號四樓之五,,,
6698,花蓮縣花蓮市國興一街３００號,,,
6700,花蓮縣花蓮市國富十一街３２號二樓之二,,,
6701,花蓮縣吉安鄉中華路５６６巷９號,,,
6702,花蓮縣吉安鄉慶北三街５０５號,,,
6703,花蓮縣吉安鄉南山五街１０７號,,,
6704,花蓮縣吉安鄉東里十五街１１１巷１２弄３號,,,
6705,花蓮縣吉安鄉東里十一街６號,,,
6706,花蓮縣吉安鄉中原路７６２號,,,
6707,花蓮縣花蓮市國聯五路９４號,,,
6708,花蓮縣吉安鄉慶豐十五街１３２號,,,
6711,花蓮縣花蓮市北昌一街９７巷１１號,,,
6712,花蓮縣花蓮市中山路１５８號,,,
6713,花蓮縣花蓮市國民十一街３號三樓之二,,,
6714,花蓮縣吉安鄉明仁二街２０２巷１９號,,,
6715,花蓮縣吉安鄉南海八街１５９之６號,,,
6716,花蓮縣花蓮市建國路９５巷１５號,,,
6717,花蓮縣花蓮市中原路５３３巷３２之１２號二樓之二,,,
6719,花蓮縣花蓮市中山路４１１之１號,,,
6720,花蓮縣花蓮市中華路３２５之２１號,,,
6723,花蓮縣吉安鄉南海二街２６２巷４號,,,
6724,花蓮縣花蓮市富裕一街１６９號六樓之三,,,
6727,花蓮縣花蓮市德安一街５７號,,,
6728,花蓮縣吉安鄉中華路二段３２８號,,,
6729,花蓮縣吉安鄉南埔十一街２２號,,,
6730,花蓮縣吉安鄉吉豐路三段６４３巷２６號,,,
6731,花蓮縣花蓮市華廈街９３號四樓之三,,,
6732,花蓮縣花蓮市長安街２７號十一樓之一,,,
6733,花蓮縣花蓮市中華路４９６號,,,
6735,花蓮縣花蓮市德安六街１０５巷１０號七樓,,,
6736,花蓮縣吉安鄉太昌路３５２號,,,
6737,花蓮縣吉安鄉吉昌三街２６７巷１１號,,,
6738,花蓮縣吉安鄉文化五街６２號二樓,,,
6739,花蓮縣花蓮市國聯二路８３號三樓之七,,,
6740,花蓮縣吉安鄉全民街１３９號四樓,,,
6741,花蓮縣吉安鄉昌隆五街１１號,,,
6742,花蓮縣花蓮市豐村２９之５號,,,
6743,花蓮縣花蓮市球崙街３６號,,,
6744,花蓮縣花蓮市建林街４５之１號,,,
6745,花蓮縣吉安鄉海岸路４６之１號,,,
6746,花蓮縣吉安鄉太昌路３４０巷５弄１５號,,,
6747,花蓮縣花蓮市國聯三路５３號六樓之八,,,
6748,花蓮縣花蓮市國民七街５１號四樓之二,,,
6749,花蓮縣吉安鄉明義七街９９巷１６弄１４號,,,
6751,花蓮縣吉安鄉仁里四街１６５號三樓之二,,,
6752,花蓮縣吉安鄉吉祥一街３５號十四樓之一,,,
6753,花蓮縣花蓮市福建街２２４號,,,
6755,花蓮縣吉安鄉東里七街１１號,,,
6756,花蓮縣花蓮市和平路４９３巷１９號四樓之一,,,
6757,花蓮縣花蓮市中興路５號七樓之五,,,
6758,花蓮縣花蓮市德安五街３２號四樓之二,,,
6759,花蓮縣花蓮市林園１１之４０號,,,
6760,花蓮縣花蓮市國富十街２１０號四樓之五,,,
6761,花蓮縣吉安鄉永吉一街３３號,,,
6762,花蓮縣花蓮市國風街２３號,,,
6764,花蓮縣吉安鄉仁里三街１７巷１２號,,,
6766,花蓮縣花蓮市中福路２３３號,,,
6767,花蓮縣花蓮市中正路５２號,,,
6768,花蓮縣吉安鄉南海四街２７６巷２９號,,,
6769,花蓮縣花蓮市中美路２２７號三樓之二,,,
6770,花蓮縣吉安鄉仁里二街６號,,,
6771,花蓮縣花蓮市介林三街４號,,,
6772,花蓮縣花蓮市忠義二街６１號,,,
6773,花蓮縣花蓮市明智街７６號,,,
6774,花蓮縣花蓮市明智街７６號三樓,,,
6775,花蓮縣花蓮市明智街７６號四樓,,,
6776,花蓮縣花蓮市明智街７６號五樓,,,
6777,花蓮縣吉安鄉吉興一街３７３巷５８弄６號,,,
6778,花蓮縣花蓮市中山路５３５巷２５之２號三樓,,,
6781,花蓮縣花蓮市國盛八街８９號五樓之八,,,
6782,花蓮縣花蓮市進豐街１１３巷１弄９號,,,
6783,花蓮縣吉安鄉吉祥六街７５巷９號,,,
6784,花蓮縣花蓮市中和街２９號,,,
6785,花蓮縣花蓮市中美路９３巷２號四樓之一,,,
6787,花蓮縣吉安鄉慶北三街５６５號,,,
6788,花蓮縣花蓮市富裕一街７巷１弄１號,,,
6789,花蓮縣吉安鄉福昌一街２３號,,,
6790,花蓮縣吉安鄉華工六路６０巷４３號八樓之二,,,
6792,花蓮縣吉安鄉慶豐十街１２６巷１４號,,,
6793,花蓮縣花蓮市中山路５３５巷５號,,,
6794,花蓮縣吉安鄉吉興一街３７２巷４２號,,,
6795,花蓮縣吉安鄉吉祥一街３５號十樓之四,,,
6796,花蓮縣吉安鄉海岸路６４５巷４２弄８號,,,
6798,花蓮縣花蓮市富裕十一街１５號,,,
6803,花蓮縣花蓮市新港街１４號,,,
6804,花蓮縣花蓮市富祥街７０號三樓之三,,,
6806,花蓮縣吉安鄉吉安路一段１６０巷３弄１２號,,,
6807,花蓮縣花蓮市國盛七街５１號,,,
6808,花蓮縣吉安鄉稻香路１２號,,,
6809,花蓮縣吉安鄉文化七街３８號之３,,,
6810,花蓮縣吉安鄉荳蘭三街６０號七樓之三,,,
6811,花蓮縣吉安鄉荳蘭三街６０號六樓之三,,,
6812,花蓮縣吉安鄉建國路一段１２１巷３９號四樓之二,,,
6813,花蓮縣吉安鄉太昌路４６３巷６號,,,
6815,花蓮縣花蓮市化道路１８６號,,,
6817,花蓮縣吉安鄉稻香路１２之１號,,,
6818,花蓮縣吉安鄉中原路一段３７號,,,
6819,花蓮縣吉安鄉永興七街７號三樓之五,,,
6820,花蓮縣花蓮市大同街１１２號,,,
6821,花蓮縣花蓮市大同街１１２之２號,,,
6822,花蓮縣吉安鄉廣豐路２００號,,,
6824,花蓮縣花蓮市中山路一段１３８巷７６號,,,
6825,花蓮縣花蓮市國盛四街５１號七樓之十七,,,
6826,花蓮縣吉安鄉中正路一段１５８巷１０號,,,
6827,花蓮縣花蓮市中興路５號三樓之一,,,
6828,花蓮縣花蓮市國富二十四街５０號二樓之二,,,
6829,花蓮縣花蓮市民德一街６３號四樓之二,,,
6830,花蓮縣花蓮市國富二街９５號四樓之五,,,
6831,花蓮縣花蓮市中正路５６２之３號,,,
6834,花蓮縣吉安鄉東海一街４６號,,,
6836,花蓮縣花蓮市莊敬路３１９號,,,
6837,花蓮縣吉安鄉荳蘭三街６０號五樓之一,,,
6838,花蓮縣吉安鄉南濱路一段３９巷９號,,,
6839,花蓮縣花蓮市南京街９１號,,,
6840,花蓮縣花蓮市建興街１１０巷３弄３號,,,
6841,花蓮縣花蓮市介智街３５巷２０號,,,
6843,花蓮縣花蓮市美工六街４０號,,,
6844,花蓮縣花蓮市富裕七街１９號二樓之二,,,
6845,花蓮縣花蓮市中華路４４２號,,,
6849,花蓮縣吉安鄉勝安三街４１號,,,
6852,花蓮縣吉安鄉光華二街６０巷３７號,,,
6854,花蓮縣吉安鄉明義六街３６巷１８號,,,
6855,花蓮縣吉安鄉荳蘭三街６０號七樓之一,,,
6856,花蓮縣吉安鄉荳蘭三街６０號六樓之一,,,
6867,花蓮縣花蓮市美工六街２６號,,,
6868,花蓮縣吉安鄉荳蘭三街５８號三樓之一,,,
6869,花蓮縣花蓮市東興二街２８巷９０號,,,
6872,花蓮縣吉安鄉荳蘭三街６０號二樓之二,,,
6874,花蓮縣吉安鄉荳蘭三街６０號五樓之二,,,
6875,花蓮縣吉安鄉荳蘭三街６０號十一樓之一,,,
6876,花蓮縣吉安鄉荳蘭三街５８號三樓之二,,,
6878,花蓮縣吉安鄉荳蘭三街５８號五樓之二,,,
6879,花蓮縣吉安鄉勝安四街５號二樓之一,,,
6880,花蓮縣吉安鄉中央路三段２０號三樓之二,,,
6881,花蓮縣吉安鄉中央路三段２０號四樓之二,,,
6882,花蓮縣吉安鄉勝安四街５號四樓之二,,,
6883,花蓮縣吉安鄉中央路三段２０號五樓之一,,,
6884,花蓮縣吉安鄉中央路三段２０號六樓之一,,,
6885,花蓮縣吉安鄉勝安四街５號四樓之一,,,
6886,花蓮縣花蓮市林森路４３９巷３９號七樓之二,,,
6887,花蓮縣花蓮市林森路４３９巷３９號二樓之三,,,
6888,花蓮縣吉安鄉荳蘭三街６０號六樓之二,,,
6889,花蓮縣吉安鄉明義七街９９巷６２號,,,
6890,花蓮縣吉安鄉中央路三段２０號四樓之一,,,
6891,花蓮縣吉安鄉勝安四街５號六樓之一,,,
6892,花蓮縣吉安鄉荳蘭三街５８號六樓之一,,,
6893,花蓮縣吉安鄉勝安四街５號三樓之一,,,
6894,花蓮縣吉安鄉中央路三段２０號三樓之一,,,
6895,花蓮縣吉安鄉荳蘭三街６０號三樓之二,,,
6896,花蓮縣吉安鄉荳蘭三街６０號三樓之一,,,
6897,花蓮縣花蓮市富裕二街９５號六樓之三,,,
6898,花蓮縣吉安鄉中央路三段２０號六樓之二,,,
6899,花蓮縣吉安鄉荳蘭三街５８號六樓之二,,,
6900,花蓮縣吉安鄉勝安四街５號六樓之二,,,
6901,花蓮縣吉安鄉荳蘭三街６０號十樓之一,,,
6902,花蓮縣吉安鄉勝安四街５號五樓之一,,,
6903,花蓮縣花蓮市中華路３１８號四樓之二,,,
6904,花蓮縣吉安鄉荳蘭三街６０號二樓之一,,,
6905,花蓮縣吉安鄉荳蘭三街６０號十樓之二,,,
6906,花蓮縣花蓮市中原路６５８號十三樓,,,
6907,花蓮縣花蓮市富裕二街９５號二樓之三,,,
6908,花蓮縣花蓮市林森路４３９巷３９號六樓之二,,,
6909,花蓮縣花蓮市林森路４３９巷３９號二樓之一,,,
6910,花蓮縣花蓮市林森路４３９巷３９號三樓之五,,,
6911,花蓮縣吉安鄉中央路三段２０號二樓之二,,,
6912,花蓮縣吉安鄉荳蘭三街６０號七樓之二,,,
6913,花蓮縣花蓮市富裕二街９５號,,,
6914,花蓮縣花蓮市富裕二街９５號四樓之一,,,
6915,花蓮縣花蓮市富裕二街９５號六樓之一,,,
6916,花蓮縣花蓮市富裕二街９５號四樓之五,,,
6917,花蓮縣吉安鄉勝安四街５號五樓之二,,,
6918,花蓮縣花蓮市林森路４３９巷３９號二樓之二,,,
6919,花蓮縣吉安鄉勝安四街５號三樓之二,,,
6920,花蓮縣花蓮市林森路４３９巷３９號七樓之一,,,
6921,花蓮縣花蓮市林森路４３９巷３９號三樓之三,,,
6922,花蓮縣花蓮市林森路４３９巷３９號六樓之五,,,
6923,花蓮縣花蓮市林森路４３９巷３９號三樓之一,,,
6924,花蓮縣花蓮市林森路４３９巷３９號四樓之五,,,
6925,花蓮縣花蓮市林森路４３９巷３９號八樓之二,,,
6926,花蓮縣花蓮市林森路４３９巷３９號五樓之三,,,
6927,花蓮縣花蓮市林森路４３９巷３９號三樓之二,,,
6928,花蓮縣花蓮市林森路４３９巷３９號四樓之二,,,
6929,花蓮縣花蓮市林森路４３９巷３９號六樓之三,,,
6930,花蓮縣花蓮市林森路４３９巷３９號五樓之二,,,
6931,花蓮縣花蓮市林森路４３９巷３９號四樓之三,,,
6932,花蓮縣花蓮市林森路４３９巷３９號五樓之一,,,
6933,花蓮縣花蓮市林森路４３９巷３９號四樓之一,,,
6934,花蓮縣花蓮市中華路３１８號三樓之一,,,
6935,花蓮縣吉安鄉荳蘭三街６０號五樓之三,,,
6936,花蓮縣吉安鄉荳蘭三街６０號四樓之一,,,
6937,花蓮縣花蓮市中原路６５８號十一樓之一,,,
6938,花蓮縣吉安鄉荳蘭三街６０號四樓之三,,,
6941,花蓮縣花蓮市榮正街５２號三樓之七,,,
6943,花蓮縣吉安鄉中山路三段１１６號,,,
6944,花蓮縣吉安鄉中山路二段１１６號,,,
6945,花蓮縣花蓮市上海街８１號六樓之一,,,
6947,花蓮縣花蓮市中央路三段７２０巷５號二樓之七,,,
6948,花蓮縣花蓮市國盛一街２１７號三樓之八,,,
6949,花蓮縣花蓮市商校街４６號四樓,,,
6950,花蓮縣花蓮市建華路９１之９號,,,
6951,花蓮縣吉安鄉明義七街１４５巷４６弄５號,,,
6952,花蓮縣花蓮市華興街２３之１號六樓之二,,,
6953,花蓮縣花蓮市重慶路１９５巷１１號,,,
6954,花蓮縣吉安鄉民治路２８２號三樓之二,,,
6955,花蓮縣吉安鄉東海五街１號三樓之二,,,
6956,花蓮縣吉安鄉東海五街１號六樓之二,,,
6957,花蓮縣花蓮市永興路６號三樓之二,,,
6958,花蓮縣花蓮市仁和街１９號,,,
6959,花蓮縣吉安鄉東海五街１號三樓之七,,,
6960,花蓮縣花蓮市中央路三段７２０巷５號八樓之六,,,
6961,花蓮縣花蓮市中美十一街１１號四樓之二,,,
6962,花蓮縣吉安鄉中山路一段２２２號二樓之三,,,
6963,花蓮縣花蓮市明心街２３號三樓之二,,,
6964,花蓮縣花蓮市國民八街６３號三樓之八,,,
6965,花蓮縣花蓮市南京街２０３號三樓之十一,,,
6966,花蓮縣吉安鄉太昌路４９２號二樓,,,
6967,花蓮縣花蓮市大同街８５號,,,
6968,花蓮縣花蓮市國盛三街５１巷６之１號二樓,,,
6970,花蓮縣花蓮市建成街１２２號,,,
6972,花蓮縣花蓮市國興三街７９號七樓之二,,,
6973,花蓮縣花蓮市裕祥路１０３號,,,
6974,花蓮縣花蓮市中興路４３巷３號十樓之一,,,
6975,花蓮縣花蓮市自強路５９４巷７號二樓之六,,,
6977,花蓮縣吉安鄉昌隆二街９６號,,,
6978,花蓮縣花蓮市民光３１５號,,,
6979,花蓮縣花蓮市壽昌街２９巷３２號三樓之三,,,
6980,花蓮縣花蓮市中央路三段７３０號四樓之十一,,,
6981,花蓮縣花蓮市國民七街５３號十二樓之十五,,,
6982,花蓮縣花蓮市北興路３２之６號,,,
6983,花蓮縣花蓮市福建街３２５號五樓,,,
6984,花蓮縣花蓮市府前路１５６號六樓之六,,,
6985,花蓮縣花蓮市中美路１７６號五樓之一,,,
6986,花蓮縣花蓮市介林九街１之３７號,,,
6987,花蓮縣花蓮市國盛四街５１號七樓之十一,,,
6988,花蓮縣花蓮市富裕七街１６號五樓之八,,,
6989,花蓮縣花蓮市民族路１號六樓之三,,,
6990,花蓮縣花蓮市中美三街８８之１號,,,
6992,花蓮縣花蓮市豐村２１之２６號,,,
6993,花蓮縣吉安鄉自立路二段７５巷７６號,,,
6994,花蓮縣花蓮市中美路２９３之８號,,,
6996,花蓮縣吉安鄉慶南一街７９號,,,
6997,花蓮縣花蓮市化道路１３１巷３０號,,,
6998,花蓮縣花蓮市球崙一路２２５號六樓,,,
6999,花蓮縣花蓮市中美五街１４０巷６號四樓,,,
7000,花蓮縣花蓮市國盛二街１１８號二樓之一,,,
7001,花蓮縣吉安鄉北昌一街１５巷１１３之８號,,,
7002,花蓮縣花蓮市榮正街５２號二樓之六,,,
7005,花蓮縣花蓮市中和街２１號,,,
7006,花蓮縣花蓮市中興路１７８之３號,,,
7008,花蓮縣花蓮市榮正街７８巷１７之２號四樓,,,
7009,花蓮縣花蓮市國興三街７９號七樓之一,,,
7010,花蓮縣花蓮市國聯二路７１號五樓之五,,,
7011,花蓮縣花蓮市國民十二街５３號五樓之三,,,
7013,花蓮縣花蓮市莊敬路１５８之１號七樓之三,,,
7014,花蓮縣花蓮市富強路４８號六樓之二,,,
7015,花蓮縣吉安鄉明義一街３０號,,,
7016,花蓮縣花蓮市華泰街３３號三樓之二,,,
7017,花蓮縣花蓮市中華路４１６巷１弄５號,,,
7019,花蓮縣花蓮市國聯二路８３號六樓之二,,,
7020,花蓮縣吉安鄉慈惠四街１７０巷２１號,,,
7021,花蓮縣花蓮市華廈街９３號二樓之二,,,
7022,花蓮縣花蓮市中美路１１１之７號,,,
7023,花蓮縣吉安鄉建國路一段１２１巷５３號,,,
7024,花蓮縣吉安鄉自立路二段７５巷７２號,,,
7025,花蓮縣花蓮市福建街３０號,,,
7026,花蓮縣花蓮市德安一街１６６巷１９之１４號,,,
7027,花蓮縣花蓮市國聯五路１３１號八樓之八,,,
7028,花蓮縣花蓮市長安街２７號八樓之三,,,
7029,花蓮縣花蓮市國興二街１２５號三樓之一,,,
7030,花蓮縣花蓮市國盛一街１８０之４１號五樓,,,
7031,花蓮縣吉安鄉太昌路１０９巷３弄６號,,,
7032,花蓮縣花蓮市長安街２６號十三樓之五,,,
7035,花蓮縣吉安鄉南海一街１２３巷１７號,,,
7037,花蓮縣吉安鄉慈惠三街１４３巷９號,,,
7038,花蓮縣花蓮市德安二街６８巷４６號四樓,,,
7039,花蓮縣花蓮市長安街２６號十三樓之二,,,
7040,花蓮縣花蓮市國民八街５號六樓之五,,,
7043,花蓮縣吉安鄉建國路一段１２１巷５５號,,,
7045,花蓮縣吉安鄉文化二街６６號六樓之三,,,
7046,花蓮縣吉安鄉中原路一段２５１號,,,
7047,花蓮縣花蓮市明禮路５號九樓之九,,,
7048,花蓮縣吉安鄉昌隆二街１６９號,,,
7049,花蓮縣吉安鄉福興五街２０２巷７號,,,
7050,花蓮縣花蓮市國興三街７９號三樓之一,,,
7051,花蓮縣吉安鄉東海五街１號三樓之三,,,
7052,花蓮縣花蓮市長安街２７號二樓之三,,,
7054,花蓮縣花蓮市壽昌街２９巷２４號三樓之一,,,
7056,花蓮縣花蓮市府前路１５６號五樓之三,,,
7057,花蓮縣吉安鄉慶豐九街２８３號五樓之一,,,
7058,花蓮縣吉安鄉南海五街２４９巷１號,,,
7059,花蓮縣花蓮市德安六街６９號五樓,,,
7060,花蓮縣吉安鄉南埔四街１１４巷１６號五樓之二,,,
7061,花蓮縣花蓮市中美七街１０４號,,,
7062,花蓮縣花蓮市林森路２８５號十二樓之一,,,
7063,花蓮縣吉安鄉建國路３５０巷１８弄３３號,,,
7064,花蓮縣花蓮市德安二街６８巷２６號二樓,,,
7065,花蓮縣花蓮市國民七街５１號九樓之二十五,,,
7066,花蓮縣花蓮市中美一街７２之９號,,,
7067,花蓮縣花蓮市中山路一段３１８巷７６弄３號,,,
7068,花蓮縣花蓮市民享三街８號二樓之一,,,
7069,花蓮縣花蓮市海岸路４７之２號,,,
7070,花蓮縣吉安鄉南海六街３０９巷２３號,,,
7072,花蓮縣吉安鄉南海二街２０９號,,,
7073,花蓮縣花蓮市重慶路４８６號四樓之五,,,
7074,花蓮縣花蓮市中原路３８０號五樓之三,,,
7075,花蓮縣花蓮市國民七街５３號三樓之十三,,,
7076,花蓮縣吉安鄉南海三街１６６之１號,,,
7077,花蓮縣花蓮市公正街３７號五樓之十四,,,
7078,花蓮縣花蓮市長安街２６號十三樓之六,,,
7079,花蓮縣花蓮市延平街５５號,,,
7080,花蓮縣花蓮市國盛五街６８號三樓之五,,,
7081,花蓮縣花蓮市中興路４３巷１號四樓之三,,,
7082,花蓮縣吉安鄉明義五街５號,,,
7083,花蓮縣吉安鄉勝安二街１５３之３號五樓,,,
7086,花蓮縣花蓮市福建街６６巷１７號,,,
7087,花蓮縣吉安鄉吉昌二街１９９號,,,
7088,花蓮縣吉安鄉福興四街４５之２號,,,
7089,花蓮縣花蓮市國興二街１３６號四樓之六,,,
7090,花蓮縣花蓮市國民七街５３號十二樓之八,,,
7091,花蓮縣花蓮市中華路４２２之５號,,,
7092,花蓮縣吉安鄉明義三街７巷５號,,,
7093,花蓮縣花蓮市自強路５２０號,,,
7094,花蓮縣花蓮市中央路三段７３０號六樓之十二,,,
7095,花蓮縣花蓮市中華路４９８巷４１號,,,
7096,花蓮縣吉安鄉自強路９３號,,,
7097,花蓮縣吉安鄉仁里五街２２４號,,,
7098,花蓮縣吉安鄉建國路一段１２７巷８號,,,
7099,花蓮縣花蓮市仁和街３０巷１７號,,,
7100,花蓮縣花蓮市莊敬路１５８之１號三樓之一,,,
7101,花蓮縣花蓮市建林街１０６號,,,
7102,花蓮縣花蓮市國盛八街１０９號六樓之三,,,
7103,花蓮縣花蓮市府前路１５６號七樓之七,,,
7104,花蓮縣花蓮市民德二街２２之３號,,,
7105,花蓮縣花蓮市明心街２３號五樓之五,,,
7106,花蓮縣花蓮市建國路２７６巷８號,,,
7107,花蓮縣花蓮市建昌路１７巷１號四樓之一,,,
7108,花蓮縣花蓮市富強路４８號五樓之八,,,
7109,花蓮縣花蓮市榮正街５２號四樓之六,,,
7110,花蓮縣花蓮市國聯二路８３號十一樓之一,,,
7111,花蓮縣花蓮市國聯二路８３號十一樓之八,,,
7114,花蓮縣花蓮市華廈街９３號五樓之一,,,
7115,花蓮縣花蓮市國興二街１２５號六樓之六,,,
7116,花蓮縣花蓮市德安二街１１０號,,,
7117,花蓮縣吉安鄉慈惠二街７２巷８號五樓之一,,,
7118,花蓮縣花蓮市中美十二街８２巷８號,,,
7120,花蓮縣吉安鄉南埔七街３號,,,
7121,花蓮縣花蓮市中山路５３５巷２５之１號三樓,,,
7122,花蓮縣花蓮市華廈街９３號二樓之一,,,
7123,花蓮縣花蓮市中華路４９０之２號,,,
7125,花蓮縣花蓮市華廈街９３號三樓之三,,,
7126,花蓮縣花蓮市華廈街９３號五樓之二,,,
7127,花蓮縣花蓮市華廈街９３號四樓之二,,,
7128,花蓮縣花蓮市北濱街２號五樓之六,,,
7129,花蓮縣花蓮市華廈街９３號四樓之三,,,
7130,花蓮縣花蓮市國興二街７５號,,,
7133,花蓮縣吉安鄉昌隆二街１２３巷９號,,,
7134,花蓮縣吉安鄉東里三街２９號四樓,,,
7137,花蓮縣吉安鄉民治路２８２號七樓之五,,,
7138,花蓮縣花蓮市國聯二路７１號八樓之五,,,
7140,花蓮縣花蓮市華廈街９３號二樓之三,,,
7141,花蓮縣花蓮市華廈街９３號三樓之二,,,
7142,花蓮縣花蓮市博愛街１０９之１號,,,
7143,花蓮縣花蓮市華廈街９３號四樓之一,,,
7144,花蓮縣花蓮市大同街３８號,,,
7145,花蓮縣花蓮市林森路２４３巷５３號,,,
7146,花蓮縣吉安鄉北昌一街１５巷１１３號,,,
7147,花蓮縣花蓮市南京街２０３號九樓之十一,,,
7148,花蓮縣花蓮市北昌五街５２號七樓之一,,,
7149,花蓮縣花蓮市榮正街７８巷３之２６號,,,
7150,花蓮縣花蓮市國盛五街６８號五樓之三,,,
7151,花蓮縣吉安鄉吉昌一街１８６號,,,
7152,花蓮縣吉安鄉東里九街１號二樓,,,
7153,花蓮縣花蓮市公正街３７號九樓之十三,,,
7154,花蓮縣花蓮市國民七街５１號七樓之五,,,
7155,花蓮縣花蓮市國民八街６７號五樓之一,,,
7156,花蓮縣吉安鄉慶南二街３４３號,,,
7157,花蓮縣花蓮市北昌五街５２號四樓之五,,,
7158,花蓮縣花蓮市富陽路３８號七樓之三,,,
7160,花蓮縣吉安鄉南埔八街１４９號,,,
7161,花蓮縣吉安鄉南昌北路６８號,,,
7162,花蓮縣花蓮市中和街１９１巷３號五樓,,,
7163,花蓮縣花蓮市國盛一街１９０號四樓６號,,,
7164,花蓮縣花蓮市國盛四街５１號二樓之二,,,
7165,花蓮縣花蓮市球崙一路２８７號,,,
7166,花蓮縣花蓮市富裕三街４８號五樓之二,,,
7169,花蓮縣吉安鄉荳蘭三街７２之１號,,,
7170,花蓮縣花蓮市自立路３４巷８號六樓之一,,,
7171,花蓮縣花蓮市國聯四路８３號四樓之六,,,
7172,花蓮縣花蓮市建國路７５巷１６弄６號,,,
7173,花蓮縣吉安鄉廣賢一街２０６巷３６號三樓之三,,,
7176,花蓮縣花蓮市公正街３７號四樓之三,,,
7177,花蓮縣花蓮市福建街４０６號七樓之五,,,
7178,花蓮縣吉安鄉福德街４２號,,,
7179,花蓮縣花蓮市華廈街９３號五樓之三,,,
7180,花蓮縣吉安鄉南山二街３３號,,,
7181,花蓮縣花蓮市民孝街３８號,,,
7182,花蓮縣花蓮市國盛三街３８號四樓之一,,,
7183,花蓮縣吉安鄉南海五街３０６巷５號,,,
7184,花蓮縣吉安鄉永興七街１０２號,,,
7185,花蓮縣花蓮市國富二街１０５號四樓之三,,,
7186,花蓮縣花蓮市中和街１９１巷３號,,,
7187,花蓮縣吉安鄉南海三街５３巷１號,,,
7188,花蓮縣花蓮市榮正街１２５巷１之１２號,,,
7189,花蓮縣花蓮市豐村１２９之８號,,,
7190,花蓮縣花蓮市豐村１２９之９號,,,
7191,花蓮縣吉安鄉南山五街１７號,,,
7192,花蓮縣花蓮市民光１６０號,,,
7193,花蓮縣花蓮市南京街７１號三樓之一,,,
7194,花蓮縣吉安鄉南海二街１９３巷３號,,,
7196,花蓮縣花蓮市建林街１７７巷１６弄１號五樓,,,
7197,花蓮縣花蓮市建林街１７７巷１６弄１號四樓,,,
7198,花蓮縣花蓮市東興三街６號,,,
7199,花蓮縣吉安鄉慶北一街１６７號二樓之二,,,
7200,花蓮縣花蓮市國聯五路１２７號三樓之六,,,
7201,花蓮縣花蓮市榮正街２５巷３弄６號,,,
7202,花蓮縣花蓮市民權路９巷２弄１４號四樓之一,,,
7203,花蓮縣花蓮市莊敬路１５８之１號七樓之一,,,
7204,花蓮縣吉安鄉太昌路１２２巷２之１號,,,
7205,花蓮縣花蓮市林森路２４４巷３號,,,
7206,花蓮縣花蓮市國興一街９５號四樓之二,,,
7208,花蓮縣吉安鄉慈惠二街７２巷８號二樓之一,,,
7209,花蓮縣花蓮市南京街２０３號五樓之六,,,
7210,花蓮縣吉安鄉東海十四街２９號,,,
7211,花蓮縣花蓮市國聯五路１５６號,,,
7213,花蓮縣花蓮市國盛一街１９４之９號五樓,,,
7214,花蓮縣花蓮市富強路４８之１號,,,
7215,花蓮縣吉安鄉東里九街１８號三樓之二,,,
7216,花蓮縣花蓮市國盛二街６３號二樓之五,,,
7217,花蓮縣花蓮市中美一街２０號七樓之一,,,
7218,花蓮縣花蓮市北昌五街１巷４號,,,
7219,花蓮縣吉安鄉慈惠四街１７０巷３４號,,,
7220,花蓮縣花蓮市福建街１２０巷３４號,,,
7222,花蓮縣花蓮市中山路７２４巷７號,,,
7223,花蓮縣吉安鄉慶北一街１６７號三樓之二,,,
7225,花蓮縣花蓮市國盛二街６號,,,
7226,花蓮縣花蓮市莊敬路７７號四樓,,,
7227,花蓮縣花蓮市林森路２８７號十樓之三,,,
7231,花蓮縣花蓮市莊敬路８５號,,,
7233,花蓮縣花蓮市東興一街８０號七樓之一,,,
7234,花蓮縣花蓮市莊敬路８１號,,,
7235,花蓮縣花蓮市中美路９３巷２號六樓之一,,,
7236,花蓮縣吉安鄉南埔十街２１巷７號,,,
7237,花蓮縣花蓮市長春街４９號,,,
7238,花蓮縣花蓮市中和街２１３號四樓之二,,,
7239,花蓮縣花蓮市中和街２１４巷１８弄９號,,,
7240,花蓮縣吉安鄉東海十四街２６之２號,,,
7241,花蓮縣吉安鄉仁里十三街５３號,,,
7242,花蓮縣花蓮市國盛四街１１６號四樓之二十,,,
7243,花蓮縣花蓮市南京街２０３號二樓之二,,,
7244,花蓮縣花蓮市德安六街７３巷１０號,,,
7245,花蓮縣花蓮市國民八街８號十一樓之一,,,
7246,花蓮縣花蓮市中美七街６８號,,,
7247,花蓮縣花蓮市國民七街５３號十二樓之七,,,
7248,花蓮縣花蓮市國盛四街１１６號五樓之七,,,
7249,花蓮縣花蓮市國興五街６３號六樓之五,,,
7250,花蓮縣花蓮市府前路１５６號五樓之六,,,
7251,花蓮縣花蓮市中華路３２５之２０號,,,
7252,花蓮縣吉安鄉太昌路４１０之３號,,,
7253,花蓮縣花蓮市公正街３１巷２號,,,
7255,花蓮縣吉安鄉自立路二段７５巷８２號,,,
7256,花蓮縣花蓮市南京街３０６巷１３號,,,
7257,花蓮縣花蓮市林森路３１５巷４７號,,,
7258,花蓮縣花蓮市華廈街２０之１號,,,
7259,花蓮縣花蓮市國盛四街１０６號二樓,,,
7262,花蓮縣吉安鄉文化二街６６號二樓之一,,,
7263,花蓮縣吉安鄉文化二街６６號三樓之二,,,
7264,花蓮縣花蓮市府前路５０８號十樓之七,,,
7265,花蓮縣吉安鄉文化二街６６號五樓之一,,,
7266,花蓮縣吉安鄉文化二街６６號四樓之三,,,
7267,花蓮縣吉安鄉文化二街６６號三樓之三,,,
7268,花蓮縣花蓮市中興路３２號四樓之五,,,
7270,花蓮縣吉安鄉文化二街６６號四樓之一,,,
7271,花蓮縣吉安鄉文化二街６６號四樓之二,,,
7272,花蓮縣花蓮市國盛一街２０２之９號五樓,,,
7273,花蓮縣花蓮市東興二街３３號九樓之五,,,
7274,花蓮縣花蓮市和平路２８７號,,,
7275,花蓮縣吉安鄉仁里五街１１７巷３６弄７號,,,
7277,花蓮縣花蓮市豐村１２９之１１號,,,
7278,花蓮縣吉安鄉太昌路６１７號,,,
7279,花蓮縣花蓮市民樂三街２之１號八樓之五,,,
7280,花蓮縣吉安鄉東海十五街１１５號,,,
7281,花蓮縣花蓮市中美五街１４０巷３號四樓,,,
7283,花蓮縣吉安鄉自立路二段７５巷７８號,,,
7284,花蓮縣吉安鄉文化二街６６號六樓之二,,,
7285,花蓮縣花蓮市國風街７７巷１弄７號,,,
7286,花蓮縣吉安鄉北昌一街１５巷１１３之６號,,,
7287,花蓮縣花蓮市國興五街１０２號,,,
7288,花蓮縣花蓮市民德一街２０３之２號,,,
7289,花蓮縣花蓮市國富十三街４３號,,,
7290,花蓮縣花蓮市國富十街６４號,,,
7292,花蓮縣花蓮市國聯二路７１號七樓之三,,,
7296,花蓮縣花蓮市中央路四段２８８巷５弄８號,,,
7297,花蓮縣吉安鄉中山路三段１１６號二樓之一,,,
7298,花蓮縣吉安鄉永興四街６５８號,,,
7300,花蓮縣吉安鄉吉興一街３４４巷１號五樓之四,,,
7301,花蓮縣吉安鄉文化二街６６號五樓之二,,,
7302,花蓮縣吉安鄉文化二街６６號二樓之二,,,
7303,花蓮縣吉安鄉文化二街６６號三樓之一,,,
7305,花蓮縣花蓮市榮正街９８號,,,
7306,花蓮縣吉安鄉永興三街８號一樓之一,,,
7307,花蓮縣吉安鄉文化二街６６號六樓之一,,,
7309,花蓮縣吉安鄉中華路二段９３號十四樓之四,,,
7310,花蓮縣花蓮市忠義一街５８號,,,
7312,花蓮縣吉安鄉南海十街１５９巷５號,,,
7313,花蓮縣吉安鄉中正路二段１８６巷１９號七樓之六,,,
7314,花蓮縣花蓮市國民六街３２號,,,
7315,花蓮縣吉安鄉文化八街１７７號,,,
7316,花蓮縣吉安鄉文化八街１７３號,,,
7317,花蓮縣吉安鄉文化八街１８１號,,,
7318,花蓮縣花蓮市國民六街４３巷６號四樓,,,
7319,花蓮縣花蓮市國民八街６３號四樓之六,,,
7320,花蓮縣吉安鄉南華四街１２５巷１６號三樓之二,,,
7321,花蓮縣吉安鄉華工六路６０巷１號,,,
7322,花蓮縣花蓮市國聯二路８３號九樓之六,,,
7323,花蓮縣花蓮市建德街２３號,,,
7324,花蓮縣吉安鄉勝安二街３０巷９弄２１號,,,
7325,花蓮縣吉安鄉明仁一街１８３巷３號,,,
7326,花蓮縣花蓮市府前路１５６號五樓之二,,,
7327,花蓮縣花蓮市府前路１５６號七樓之一,,,
7328,花蓮縣花蓮市明心街２３號七樓之三,,,
7330,花蓮縣花蓮市國盛五街２１之２號,,,
7331,花蓮縣花蓮市中美七街３９號五樓之三,,,
7332,花蓮縣吉安鄉南海八街２１０巷１３號,,,
7333,花蓮縣花蓮市自強路５９４巷７號四樓之八,,,
7334,花蓮縣花蓮市府前路２９６巷１８號三樓,,,
7335,花蓮縣吉安鄉民治路３４５巷５號,,,
7336,花蓮縣吉安鄉東里十一街５５巷１號,,,
7337,花蓮縣吉安鄉山下三街１７號,,,
7338,花蓮縣吉安鄉仁里一街１號四樓之一,,,
7339,花蓮縣花蓮市長安街２７號十二樓之三,,,
7340,花蓮縣花蓮市中興路６號八樓之一,,,
7341,花蓮縣吉安鄉慶豐十二街１５１巷６號,,,
7342,花蓮縣花蓮市國聯五路１３１號二樓之八,,,
7343,花蓮縣吉安鄉吉祥四街４１號五樓之七,,,
7344,花蓮縣花蓮市福光街３５１號,,,
7345,花蓮縣花蓮市重慶路４８６號九樓之六,,,
7346,花蓮縣花蓮市國盛二街２１３號六樓之二,,,
7347,花蓮縣吉安鄉和平路一段６７號,,,
7348,花蓮縣吉安鄉文化八街１８５號,,,
7349,花蓮縣花蓮市北昌五街５２號五樓之五,,,
7350,花蓮縣花蓮市府前路１１０之４號,,,
7351,花蓮縣花蓮市中美路２９９之１５號六樓,,,
7352,花蓮縣花蓮市國盛六街５５號,,,
7353,花蓮縣花蓮市復興街６號,,,
7354,花蓮縣花蓮市中興路１９號五樓之二,,,
7355,花蓮縣花蓮市中和街２１１號二樓之二,,,
7356,花蓮縣花蓮市府前路１５６號三樓之一,,,
7357,花蓮縣花蓮市基泰商場６號,,,
7358,花蓮縣吉安鄉明義五街３６號,,,
7359,花蓮縣花蓮市中央路四段４５０號三樓之三,,,
7360,花蓮縣花蓮市國民七街５１號七樓之十三,,,
7361,花蓮縣吉安鄉文化十一街２４巷６號,,,
7364,花蓮縣花蓮市中原路３６８巷４２號,,,
7365,花蓮縣花蓮市福光街３５３巷７號,,,
7366,花蓮縣花蓮市府前路１５６號二樓之五,,,
7367,花蓮縣花蓮市中山路一段３巷２７６弄７６號,,,
7368,花蓮縣花蓮市建昌路７號三樓之四,,,
7369,花蓮縣吉安鄉吉豐路五段９３號,,,
7370,花蓮縣花蓮市莊敬路１３號四樓,,,
7371,花蓮縣花蓮市民享二街５７號,,,
7372,花蓮縣吉安鄉自立二街６巷１７號,,,
7373,花蓮縣花蓮市重慶路４８６號五樓之一,,,
7374,花蓮縣花蓮市國富二街１０５號四樓之三,,,
7375,花蓮縣吉安鄉中央路三段２８２號,,,
7376,花蓮縣花蓮市國富十街７６號四樓之一,,,
7377,花蓮縣花蓮市國民八街６５號五樓之二,,,
7378,花蓮縣吉安鄉慶豐十一街１５９號,,,
7379,花蓮縣花蓮市自強路５２７巷１１號,,,
7380,花蓮縣花蓮市府前路１５６號六樓之五,,,
7381,花蓮縣花蓮市府前路１５６號五樓之一,,,
7382,花蓮縣花蓮市德安六街１０５巷７號八樓之一,,,
7383,花蓮縣吉安鄉文化八街１７９號,,,
7384,花蓮縣吉安鄉文化八街１７５號,,,
7385,花蓮縣吉安鄉文化八街１８７號,,,
7386,花蓮縣花蓮市國富二十三街１９號三樓之一,,,
7388,花蓮縣吉安鄉舊村六街１５６巷１２號,,,
7389,花蓮縣花蓮市福建街５３５號三樓之一,,,
7390,花蓮縣吉安鄉吉豐路一段６７之２３號,,,
7392,花蓮縣花蓮市仁愛街２５之５號,,,
7393,花蓮縣花蓮市長春街１１巷１３號,,,
7394,花蓮縣吉安鄉吉興三街９９巷２１弄７號,,,
7395,花蓮縣吉安鄉慶南一街２２１號,,,
7396,花蓮縣花蓮市民享一街４１號,,,
7397,花蓮縣花蓮市國民七街５３號七樓之九,,,
7401,花蓮縣花蓮市福建街２６巷１３號,,,
7406,花蓮縣花蓮市中和街１１９號,,,
7407,花蓮縣吉安鄉民治路２８２號五樓之三,,,
7409,花蓮縣花蓮市中美路２９５之５５號,,,
7410,花蓮縣花蓮市府前路１５６號三樓之二,,,
7411,花蓮縣吉安鄉中山路三段１１６號二樓之三,,,
7413,花蓮縣花蓮市府前路１５６號二樓之二,,,
7414,花蓮縣花蓮市中華路４９８巷１弄５號,,,
7415,花蓮縣花蓮市富裕十六街４１號七樓,,,
7416,花蓮縣花蓮市富強路４８號七樓之三,,,
7418,花蓮縣花蓮市府前路１５６號三樓之三,,,
7419,花蓮縣花蓮市府前路１５６號三樓之五,,,
7420,花蓮縣花蓮市府前路１５６號四樓之二,,,
7421,花蓮縣花蓮市國富二街１０５號四樓之二,,,
7422,花蓮縣花蓮市富裕十二街２０號,,,
7423,花蓮縣花蓮市府前路１５６號七樓之二,,,
7424,花蓮縣吉安鄉仁里四街１４號,,,
7425,花蓮縣吉安鄉吉祥一街１３巷１９號,,,
7426,花蓮縣吉安鄉吉興一街３８９巷９號,,,
7427,花蓮縣花蓮市仁和街３０巷４８號,,,
7428,花蓮縣花蓮市國富二街１０５號六樓之二,,,
7429,花蓮縣吉安鄉文化八街１８３號,,,
7430,花蓮縣花蓮市國盛四街５１號三樓之二十二,,,
7431,花蓮縣吉安鄉南海五街２１０巷１９號,,,
7432,花蓮縣花蓮市國盛一街１４１之２７號,,,
7434,花蓮縣花蓮市富強路３０６號,,,
7435,花蓮縣花蓮市華興街９７巷３號,,,
7436,花蓮縣吉安鄉太昌路１０８號,,,
7437,花蓮縣花蓮市中美九街８０號,,,
7439,花蓮縣吉安鄉華工六路６２巷５８號,,,
7440,花蓮縣吉安鄉慈惠二街１４６號,,,
7441,花蓮縣花蓮市府前路１５６號二樓之六,,,
7442,花蓮縣花蓮市長安街２７號十樓之七,,,
7443,花蓮縣花蓮市國富二街１０５號七樓之二,,,
7444,花蓮縣吉安鄉南海二街２０４號,,,
7446,花蓮縣花蓮市府前路１５６號三樓之六,,,
7447,花蓮縣花蓮市府前路１５６號四樓之三,,,
7448,花蓮縣花蓮市府前路１５６號三樓之七,,,
7449,花蓮縣花蓮市府前路１５６號四樓之五,,,
7450,花蓮縣花蓮市府前路１５６號四樓之六,,,
7452,花蓮縣花蓮市國盛一街２２０號,,,
7453,花蓮縣花蓮市富裕三街５２號五樓之三,,,
7454,花蓮縣花蓮市中正路１１０巷５弄５之２號,,,
7455,花蓮縣花蓮市國民七街５３號八樓之六,,,
7458,花蓮縣花蓮市府前路１５６號六樓之三,,,
7459,花蓮縣花蓮市府前路１５６號二樓之三,,,
7460,花蓮縣花蓮市府前路１５６號七樓之三,,,
7461,花蓮縣花蓮市府前路１５６號七樓之五,,,
7462,花蓮縣花蓮市中正路２６４號十三樓之三,,,
7463,花蓮縣吉安鄉文化五街７３號,,,
7464,花蓮縣吉安鄉南海一街２０１之８號,,,
7465,花蓮縣吉安鄉仁里五街１２１之１號,,,
7466,花蓮縣吉安鄉中興路２１４巷８號,,,
7467,花蓮縣花蓮市中美十一街６０號,,,
7468,花蓮縣吉安鄉建國路二段２２１巷１９號,,,
7471,花蓮縣花蓮市中正路２６０號三樓之三,,,
7473,花蓮縣吉安鄉山下二街１７巷１號,,,
7474,花蓮縣花蓮市建昌路１１２巷１１號,,,
7477,花蓮縣花蓮市國盛五街５３號五樓之二,,,
7478,花蓮縣花蓮市國盛八街５３號二樓之三,,,
7480,花蓮縣花蓮市富吉路７７號,,,
7481,花蓮縣花蓮市中央路三段７２０巷５號四樓之五,,,
7482,花蓮縣花蓮市自強街６號,,,
7483,花蓮縣吉安鄉文化二街６６號二樓之三,,,
7484,花蓮縣花蓮市忠義一街５８號二樓之二,,,
7485,花蓮縣花蓮市忠義一街５８號三樓之一,,,
7486,花蓮縣花蓮市忠義一街５８號四樓之二,,,
7487,花蓮縣花蓮市忠義一街５８號五樓之二,,,
7488,花蓮縣花蓮市忠義一街５８號二樓之一,,,
7489,花蓮縣花蓮市忠義一街５８號四樓之一,,,
7490,花蓮縣花蓮市忠義一街５８號六樓之一,,,
7492,花蓮縣花蓮市明義街５３巷８之２號,,,
7494,花蓮縣花蓮市中美路２９５之６號,,,
7495,花蓮縣吉安鄉文化１８號,,,
7496,花蓮縣吉安鄉福昌一街５６號,,,
7498,花蓮縣花蓮市豐村１２９之７號,,,
7499,花蓮縣吉安鄉慶北二街１１１號,,,
7500,花蓮縣吉安鄉慈惠三街５７號,,,
7501,花蓮縣花蓮市德安一街１７１巷１７號,,,
7502,花蓮縣花蓮市忠義一街５８號五樓之一,,,
7503,花蓮縣花蓮市中興路１１５之４９號五樓,,,
7505,花蓮縣花蓮市忠義一街５８號六樓之二,,,
7506,花蓮縣花蓮市忠義一街５８號七樓之一,,,
7507,花蓮縣花蓮市南京街２０３號二樓之三,,,
7508,花蓮縣吉安鄉慶豐十一街１８０號,,,
7509,花蓮縣吉安鄉太昌路１７０號,,,
7510,花蓮縣吉安鄉廣豐路８３巷８號,,,
7511,花蓮縣吉安鄉吉安路二段１２４巷１０弄５號,,,
7512,花蓮縣吉安鄉吉安路一段７５巷１２號,,,
7513,花蓮縣花蓮市忠義一街５８號三樓之二,,,
7514,花蓮縣吉安鄉南埔八街２１３號,,,
7516,花蓮縣吉安鄉東里九街２８號四樓之二,,,
7519,花蓮縣花蓮市中和街２１４巷１７號三樓之八,,,
7520,花蓮縣吉安鄉明義七街１４５巷４６弄１號,,,
7521,花蓮縣花蓮市忠義一街５８號七樓之二,,,
7522,花蓮縣吉安鄉明義七街１４５巷４６弄５號,,,
7523,花蓮縣花蓮市球崙二路２５２巷２弄１號,,,
7525,花蓮縣花蓮市重慶路４８６號十一樓之六,,,
7526,花蓮縣吉安鄉勝安二街５８巷８號,,,
7527,花蓮縣花蓮市國盛一街１４１之３２號,,,
7530,花蓮縣吉安鄉南昌路１３號,,,
7532,花蓮縣花蓮市德安六街７０號十六樓,,,
7533,花蓮縣吉安鄉吉安路三段１３２號,,,
7535,花蓮縣花蓮市林森路２９３巷９號,,,
7536,花蓮縣花蓮市東興路３５９巷１號三樓之三,,,
7537,花蓮縣花蓮市中興路１０１號十一樓之二,,,
7538,花蓮縣吉安鄉吉興四街１３１號,,,
7539,花蓮縣花蓮市中興路４３巷１號二樓之二,,,
7540,花蓮縣花蓮市復興街１２號,,,
7541,花蓮縣吉安鄉東海五街１號三樓之二,,,
7542,花蓮縣吉安鄉建國路一段１２１巷５１號,,,
7543,花蓮縣吉安鄉永興三街１０號,,,
7544,花蓮縣花蓮市中興路４３巷１號八樓之一,,,
7547,花蓮縣花蓮市自立路２７號,,,
7548,花蓮縣吉安鄉自立路二段７５巷８６號,,,
7549,花蓮縣吉安鄉永興三街８號二樓之二,,,
7551,花蓮縣吉安鄉南海四街２２３號,,,
7552,花蓮縣吉安鄉明義二街１２巷５號,,,
7553,花蓮縣吉安鄉東海五街１號七樓之五,,,
7554,花蓮縣花蓮市中興路４３巷１號二樓之三,,,
7555,花蓮縣吉安鄉東海五街１號六樓之六,,,
7556,花蓮縣吉安鄉民治路９６號,,,
7557,花蓮縣花蓮市中興路４３巷１號三樓之三,,,
7558,花蓮縣花蓮市國富二街１０５號八樓之一,,,
7559,花蓮縣花蓮市鎮國街１２０巷１號,,,
7560,花蓮縣花蓮市中興路４３巷１號三樓之二,,,
7561,花蓮縣花蓮市中興路４３巷１號十樓,,,
7562,花蓮縣吉安鄉東海五街１號三樓之三,,,
7563,花蓮縣吉安鄉東海五街１號四樓之一,,,
7564,花蓮縣吉安鄉東海五街１號二樓之二,,,
7565,花蓮縣花蓮市中興路４３巷１號二樓之一,,,
7566,花蓮縣花蓮市中興路４３巷１號三樓之一,,,
7567,花蓮縣花蓮市明義街５３巷８之２號四樓,,,
7568,花蓮縣吉安鄉福興五街４３０之３號,,,
7570,花蓮縣吉安鄉東海五街１號二樓之五,,,
7571,花蓮縣吉安鄉吉興路三段７１號,,,
7572,花蓮縣吉安鄉吉興路三段７３號,,,
7573,花蓮縣吉安鄉永興三街８號二樓之一,,,
7574,花蓮縣吉安鄉永興三街８號五樓之二,,,
7575,花蓮縣吉安鄉東海五街１號六樓之五,,,
7576,花蓮縣吉安鄉東海五街１號七樓之一,,,
7577,花蓮縣吉安鄉自立路二段７５巷８０號,,,
7578,花蓮縣吉安鄉永興三街８號四樓之一,,,
7579,花蓮縣花蓮市中興路４３巷１號四樓之二,,,
7580,花蓮縣吉安鄉福興五街４３０之１號,,,
7582,花蓮縣吉安鄉自立路二段７５巷８８號,,,
7583,花蓮縣花蓮市國富二街１０５號三樓之二,,,
7584,花蓮縣花蓮市中興路４３巷１號四樓之一,,,
7585,花蓮縣吉安鄉福興五街４３０之２號,,,
7586,花蓮縣花蓮市中興路４３巷１號六樓之一,,,
7587,花蓮縣花蓮市國富二街１０５號五樓之三,,,
7588,花蓮縣吉安鄉東海五街１號七樓之七,,,
7589,花蓮縣吉安鄉東海五街１號七樓之六,,,
7590,花蓮縣花蓮市建華路９１之１７號,,,
7591,花蓮縣吉安鄉東里八街１５號,,,
7592,花蓮縣吉安鄉東海五街１號四樓之五,,,
7593,花蓮縣吉安鄉東海五街１號三樓之七,,,
7594,花蓮縣花蓮市國富二街１０５號六樓之三,,,
7595,花蓮縣吉安鄉福興五街４３０之４號,,,
7596,花蓮縣吉安鄉東海五街１號五樓之三,,,
7597,花蓮縣吉安鄉東海五街１號七樓之三,,,
7598,花蓮縣花蓮市中興路４３巷１號五樓之三,,,
7599,花蓮縣花蓮市中興路４３巷１號五樓之二,,,
7600,花蓮縣花蓮市中興路４３巷１號五樓之一,,,
7601,花蓮縣吉安鄉福興五街４３０號,,,
7602,花蓮縣吉安鄉東海五街１號五樓之七,,,
7603,花蓮縣吉安鄉東海五街１號五樓之六,,,
7604,花蓮縣吉安鄉東海五街１號四樓之七,,,
7605,花蓮縣吉安鄉東海五街１號六樓之二,,,
7606,花蓮縣吉安鄉東海五街１號四樓之三,,,
7607,花蓮縣吉安鄉東海五街１號二樓之三,,,
7608,花蓮縣吉安鄉東海五街１號二樓之七,,,
7609,花蓮縣吉安鄉東海五街１號三樓之六,,,
7610,花蓮縣吉安鄉東海五街１號二樓之六,,,
7611,花蓮縣吉安鄉東海五街１號四樓之二,,,
7612,花蓮縣吉安鄉東海五街１號六樓之三,,,
7613,花蓮縣吉安鄉東海五街１號四樓之六,,,
7614,花蓮縣吉安鄉東海五街１號六樓之七,,,
7615,花蓮縣吉安鄉東海五街１號五樓之二,,,
7616,花蓮縣吉安鄉東海五街１號五樓之五,,,
7617,花蓮縣吉安鄉東海五街１號六樓之一,,,
7618,花蓮縣吉安鄉東海五街１號五樓之一,,,
7619,花蓮縣吉安鄉東海五街１號二樓之一,,,
7620,花蓮縣吉安鄉東海五街１號三樓之一,,,
7621,花蓮縣吉安鄉東海五街１號三樓之五,,,
7622,花蓮縣花蓮市國富二街１０５號五樓之二,,,
7623,花蓮縣花蓮市國富二街１０５號七樓之三,,,
7624,花蓮縣花蓮市國富二街１０３號,,,
7625,花蓮縣花蓮市富國路１３５號,,,
7626,花蓮縣花蓮市國富二街１０５號三樓之一,,,
7627,花蓮縣花蓮市國富二街１０５號五樓之一,,,
7628,花蓮縣花蓮市富國路１３７號,,,
7629,花蓮縣花蓮市國富二街１０５號六樓之一,,,
7630,花蓮縣花蓮市國富二街１０５號四樓之一,,,
7631,花蓮縣花蓮市富國路１３３號,,,
7632,花蓮縣花蓮市國富二街１０５號七樓之一,,,
7633,花蓮縣花蓮市國富二街１０５號八樓之二,,,
7634,花蓮縣花蓮市中興路４３巷１號七樓之三,,,
7635,花蓮縣花蓮市中興路４３巷１號九樓之二,,,
7636,花蓮縣花蓮市中興路４３巷１號七樓之二,,,
